K,canonical_units,transport_zero_augmentation,all_inventory_feasible,total_shortage,shortage_resource_types,relay_copy_count,relay_delta_energy_kWh,CV_transport_workload,CV_joint_workload,max_min_transport_workload_ratio,geo_compactness_km,pareto,selected,theoretical_relay_min,total_A_drone,total_B_drone,total_C_drone,total_A_battery,total_B_battery,total_C_battery,total_relay_drone,total_relay_energy,shortage_A_drone,shortage_B_drone,shortage_C_drone,shortage_A_battery,shortage_B_battery,shortage_C_battery,shortage_relay_drone,shortage_relay_energy,group_1_services,group_2_services,group_3_services
3,"1,2,3,4,5,6,7|8|9",False,False,6,3,6,3.581171736955191,0.8909224023485354,0.7370125028235486,6.154114134099342,,0,0,0,5,2,2,6,2,4,5,8,1,0,0,0,0,0,3,2,S001;S002;S003;S004;S005;S006;S007;S008;S011;S013;S015,S009;S012,S010;S014
3,"1,2,3,4,5,6,8|7|9",False,False,9,4,5,2.9503762391309842,0.854957628846233,0.722114783739863,6.014406895884232,,0,0,0,4,2,3,6,2,5,6,9,0,0,1,0,0,1,4,3,S001;S002;S003;S004;S005;S006;S007;S009;S011;S012;S013,S008;S015,S010;S014
3,"1,2,3,4,5,6|7,8|9",False,False,9,4,8,4.665791495041381,0.6165039017823684,0.4977807586644041,4.999163682044248,,0,0,0,4,2,3,6,2,5,6,9,0,0,1,0,0,1,4,3,S001;S002;S003;S004;S005;S006;S007;S011;S013,S008;S009;S012;S015,S010;S014
3,"1,2,3,4,5,6,9|7|8",False,False,7,5,5,2.8000350139965877,0.850941607734754,0.7993594511047217,5.909090157178638,,0,0,0,5,2,3,6,2,5,5,7,1,0,1,0,0,1,3,1,S001;S002;S003;S004;S005;S006;S007;S010;S011;S013;S014,S008;S015,S009;S012
3,"1,2,3,4,5,6|7,9|8",False,False,9,5,8,4.665791495041381,0.6152189040065597,0.5259739938179093,4.924104504117563,,0,0,0,5,2,3,6,2,5,5,9,1,0,1,0,0,1,3,3,S001;S002;S003;S004;S005;S006;S007;S011;S013,S008;S010;S014;S015,S009;S012
3,"1,2,3,4,5,6|7|8,9",False,False,10,5,6,3.218461571158774,0.6049249234546533,0.5760251888684812,4.328465929554681,,0,0,0,5,2,3,6,2,5,6,9,1,0,1,0,0,1,4,3,S001;S002;S003;S004;S005;S006;S007;S011;S013,S008;S015,S009;S010;S012;S014
3,"1,2,3,4,5,7,8|6|9",False,False,8,5,5,3.097042976383167,0.9218900158793643,0.7864435551631894,6.997261298020654,,0,0,0,4,3,3,6,3,5,5,8,0,1,1,0,0,1,3,2,S001;S002;S003;S004;S005;S008;S009;S011;S012;S013;S015,S006;S007,S010;S014
3,"1,2,3,4,5,7|6,8|9",False,False,10,5,8,4.812458232293563,0.6721770525362453,0.549399425708349,5.257637567838619,,0,0,0,5,2,3,6,2,5,6,9,1,0,1,0,0,1,4,3,S001;S002;S003;S004;S005;S008;S011;S013;S015,S006;S007;S009;S012,S010;S014
3,"1,2,3,4,5,7,9|6|8",False,False,6,5,5,2.9467017512487703,0.9179738872210832,0.8615959743416457,6.980257826414516,,0,0,0,5,3,3,6,3,5,4,6,1,1,1,0,0,1,2,0,S001;S002;S003;S004;S005;S008;S010;S011;S013;S014;S015,S006;S007,S009;S012
3,"1,2,3,4,5,7|6,9|8",False,False,10,6,8,4.812458232293563,0.671262575525082,0.5700517885264618,5.178697573315965,,0,0,0,5,3,3,6,3,5,5,9,1,1,1,0,0,1,3,3,S001;S002;S003;S004;S005;S008;S011;S013;S015,S006;S007;S010;S014,S009;S012
3,"1,2,3,4,5,7|6|8,9",False,False,9,6,6,3.3651283084109567,0.6791693122235238,0.644237320366234,5.864779700565581,,0,0,0,5,3,3,6,3,5,5,8,1,1,1,0,0,1,3,2,S001;S002;S003;S004;S005;S008;S011;S013;S015,S006;S007,S009;S010;S012;S014
3,"1,2,3,4,5,8|6,7|9",False,False,12,5,6,3.650372844844158,0.6415228341588401,0.5550981815346363,5.117930329623509,,0,0,0,4,3,4,6,3,6,6,9,0,1,2,0,0,2,4,3,S001;S002;S003;S004;S005;S009;S011;S012;S013,S006;S007;S008;S015,S010;S014
3,"1,2,3,4,5|6,7,8|9",False,False,11,4,9,5.365788100754555,0.4736301194807796,0.3976165845263868,4.102687115783526,,0,0,0,4,2,4,6,2,6,6,9,0,0,2,0,0,2,4,3,S001;S002;S003;S004;S005;S011;S013,S006;S007;S008;S009;S012;S015,S010;S014
3,"1,2,3,4,5,9|6,7|8",False,False,10,6,6,3.5000316197097616,0.6371257050651571,0.6365693589451152,5.02607360110637,,0,0,0,5,3,4,6,3,6,5,7,1,1,2,0,0,2,3,1,S001;S002;S003;S004;S005;S010;S011;S013;S014,S006;S007;S008;S015,S009;S012
3,"1,2,3,4,5|6,7,9|8",False,False,12,6,9,5.365788100754555,0.4706529340796441,0.4504518134326953,4.041087948045296,,0,0,0,5,3,4,6,3,6,5,9,1,1,2,0,0,2,3,3,S001;S002;S003;S004;S005;S011;S013,S006;S007;S008;S010;S014;S015,S009;S012
3,"1,2,3,4,5|6,7|8,9",False,False,13,6,7,3.918458176871948,0.3582706761825113,0.39646855464113734,2.0358272825868915,,0,0,0,5,3,4,6,3,6,6,9,1,1,2,0,0,2,4,3,S001;S002;S003;S004;S005;S011;S013,S006;S007;S008;S015,S009;S010;S012;S014
3,"1,2,3,4,5,8,9|6|7",False,False,9,5,4,2.315906253424563,0.8823749822171717,0.8495686949254025,6.824417458162794,,0,0,0,4,3,4,6,3,6,5,7,0,1,2,0,0,2,3,1,S001;S002;S003;S004;S005;S009;S010;S011;S012;S013;S014,S006;S007,S008;S015
3,"1,2,3,4,5,8|6,9|7",False,False,13,5,7,4.1816627344693575,0.6317144400391275,0.5537269569268447,4.431298607240491,,0,0,0,4,3,4,6,3,6,6,10,0,1,2,0,0,2,4,4,S001;S002;S003;S004;S005;S009;S011;S012;S013,S006;S007;S010;S014,S008;S015
3,"1,2,3,4,5,8|6|7,9",False,False,11,5,7,4.1816627344693575,0.6498467357384896,0.5773481287500004,5.70893933231386,,0,0,0,4,3,4,6,3,6,5,9,0,1,2,0,0,2,3,3,S001;S002;S003;S004;S005;S009;S011;S012;S013,S006;S007,S008;S010;S014;S015
3,"1,2,3,4,5,9|6,8|7",False,False,11,5,7,4.03132150933496,0.6282271052074077,0.6123554953888957,4.418100453317211,,0,0,0,5,2,4,6,2,6,6,8,1,0,2,0,0,2,4,2,S001;S002;S003;S004;S005;S010;S011;S013;S014,S006;S007;S009;S012,S008;S015
3,"1,2,3,4,5|6,8,9|7",False,False,13,5,8,4.449748066497147,0.44462813585047595,0.46073003128046186,3.5522624442315216,,0,0,0,5,2,4,6,2,6,6,10,1,0,2,0,0,2,4,4,S001;S002;S003;S004;S005;S011;S013,S006;S007;S009;S010;S012;S014,S008;S015
3,"1,2,3,4,5|6,8|7,9",False,False,13,5,10,5.8970779903797546,0.36008074914551247,0.31878941805780314,2.1460713847755484,,0,0,0,5,2,4,6,2,6,6,10,1,0,2,0,0,2,4,4,S001;S002;S003;S004;S005;S011;S013,S006;S007;S009;S012,S008;S010;S014;S015
3,"1,2,3,4,5,9|6|7,8",False,False,9,5,7,4.03132150933496,0.6467311329473826,0.6295051587487758,5.69193586070772,,0,0,0,4,3,4,6,3,6,5,7,0,1,2,0,0,2,3,1,S001;S002;S003;S004;S005;S010;S011;S013;S014,S006;S007,S008;S009;S012;S015
3,"1,2,3,4,5|6,9|7,8",False,False,13,5,10,5.8970779903797546,0.3605722705856585,0.31098143555315816,2.1633207542726374,,0,0,0,4,3,4,6,3,6,6,10,0,1,2,0,0,2,4,4,S001;S002;S003;S004;S005;S011;S013,S006;S007;S010;S014,S008;S009;S012;S015
3,"1,2,3,4,5|6|7,8,9",False,False,11,5,8,4.449748066497147,0.49449336496258217,0.5000451804532009,4.576457734858785,,0,0,0,4,3,4,6,3,6,5,9,0,1,2,0,0,2,3,3,S001;S002;S003;S004;S005;S011;S013,S006;S007,S008;S009;S010;S012;S014;S015
3,"1,2,3,4,6,7,8|5|9",False,False,7,4,4,2.133841813072584,0.941633029140509,0.8365520870368179,7.72813327533101,,0,0,0,4,2,3,6,2,5,5,8,0,0,1,0,0,1,3,2,S001;S002;S003;S004;S006;S007;S008;S009;S012;S013;S015,S005;S011,S010;S014
3,"1,2,3,4,6,7|5,8|9",False,False,9,6,5,3.313086404927401,0.6891371108810112,0.5813995917450342,5.332706265798038,,0,0,0,5,3,3,6,3,5,5,8,1,1,1,0,0,1,3,2,S001;S002;S003;S004;S006;S007;S008;S013;S015,S005;S009;S011;S012,S010;S014
3,"1,2,3,4,6,7,9|5|8",False,False,6,5,3,1.7154152559103972,0.9377444974851147,0.9054620686030537,7.709575851634171,,1,0,1,5,3,3,6,3,5,4,6,1,1,1,0,0,1,2,0,S001;S002;S003;S004;S006;S007;S008;S010;S013;S014;S015,S005;S011,S009;S012
3,"1,2,3,4,6,7|5,9|8",False,False,9,6,6,3.581171736955191,0.688319902504737,0.5817082428368648,5.252639163799968,,0,0,0,5,3,3,6,3,5,5,8,1,1,1,0,0,1,3,2,S001;S002;S003;S004;S006;S007;S008;S013;S015,S005;S010;S011;S014,S009;S012
3,"1,2,3,4,6,7|5|8,9",False,False,9,6,4,2.133841813072584,0.7008642654465045,0.6854147876189932,6.492153863617392,,0,0,0,5,3,3,6,3,5,5,8,1,1,1,0,0,1,3,2,S001;S002;S003;S004;S006;S007;S008;S013;S015,S005;S011,S009;S010;S012;S014
3,"1,2,3,4,6,8|5,7|9",False,False,12,4,6,3.218461571158774,0.6578402299557248,0.5573029805900328,5.1929990275829265,,0,0,0,4,2,4,6,2,6,6,10,0,0,2,0,0,2,4,4,S001;S002;S003;S004;S006;S007;S009;S012;S013,S005;S008;S011;S015,S010;S014
3,"1,2,3,4,6|5,7,8|9",False,False,13,5,7,4.397706163013591,0.4814811719342981,0.387919421703233,4.1777558137429445,,0,0,0,4,3,4,6,3,6,6,10,0,1,2,0,0,2,4,4,S001;S002;S003;S004;S006;S007;S013,S005;S008;S009;S011;S012;S015,S010;S014
3,"1,2,3,4,6,9|5,7|8",False,False,11,6,5,2.8000350139965877,0.6534741848071217,0.6292361036591249,5.100015191590373,,0,0,0,5,3,4,6,3,6,5,8,1,1,2,0,0,2,3,2,S001;S002;S003;S004;S006;S007;S010;S013;S014,S005;S008;S011;S015,S009;S012
3,"1,2,3,4,6|5,7,9|8",False,False,12,6,8,4.665791495041381,0.4786603059081428,0.4393183409357591,4.115029538529297,,0,0,0,5,3,4,6,3,6,5,9,1,1,2,0,0,2,3,3,S001;S002;S003;S004;S006;S007;S013,S005;S008;S010;S011;S014;S015,S009;S012
3,"1,2,3,4,6|5,7|8,9",False,False,14,6,6,3.218461571158774,0.37776752446008727,0.3845692502850962,2.113865573217294,,0,0,0,5,3,4,6,3,6,6,10,1,1,2,0,0,2,4,4,S001;S002;S003;S004;S006;S007;S013,S005;S008;S011;S015,S009;S010;S012;S014
3,"1,2,3,4,6,8,9|5|7",False,False,8,4,3,1.3527050901139803,0.9024031366681562,0.9015720040228403,7.539493187946,,1,0,0,4,2,4,6,2,6,5,7,0,0,2,0,0,2,3,1,S001;S002;S003;S004;S006;S007;S009;S010;S012;S013;S014,S005;S011,S008;S015
3,"1,2,3,4,6,8|5,9|7",False,False,11,4,6,3.218461571158774,0.649084819973061,0.5748059054468546,4.496295939226328,,0,0,0,4,2,4,6,2,6,6,9,0,0,2,0,0,2,4,3,S001;S002;S003;S004;S006;S007;S009;S012;S013,S005;S010;S011;S014,S008;S015
3,"1,2,3,4,6,8|5|7,9",False,False,10,4,6,3.218461571158774,0.6717869236190991,0.6280721229728289,6.322071199929218,,0,0,0,4,2,4,6,2,6,5,9,0,0,2,0,0,2,3,3,S001;S002;S003;S004;S006;S007;S009;S012;S013,S005;S011,S008;S010;S014;S015
3,"1,2,3,4,6,9|5,8|7",False,False,10,6,4,2.531949681968798,0.6455319627949411,0.6458048052691109,4.48309778530305,,0,0,0,5,3,4,6,3,6,5,7,1,1,2,0,0,2,3,1,S001;S002;S003;S004;S006;S007;S010;S013;S014,S005;S009;S011;S012,S008;S015
3,"1,2,3,4,6|5,8,9|7",False,False,13,6,5,2.9503762391309842,0.4541349539533591,0.4617289782120621,3.6172597762173595,,0,0,0,5,3,4,6,3,6,6,9,1,1,2,0,0,2,4,3,S001;S002;S003;S004;S006;S007;S013,S005;S009;S010;S011;S012;S014,S008;S015
3,"1,2,3,4,6|5,8|7,9",False,False,12,6,7,4.397706163013591,0.38072489299712675,0.3561321910849889,2.274659489962702,,0,0,0,5,3,4,6,3,6,5,9,1,1,2,0,0,2,3,3,S001;S002;S003;S004;S006;S007;S013,S005;S009;S011;S012,S008;S010;S014;S015
3,"1,2,3,4,6,9|5|7,8",False,False,9,5,5,2.8000350139965877,0.6686966231951501,0.6703216167714021,6.303513776232381,,0,0,0,4,3,4,6,3,6,5,7,0,1,2,0,0,2,3,1,S001;S002;S003;S004;S006;S007;S010;S013;S014,S005;S011,S008;S009;S012;S015
3,"1,2,3,4,6|5,9|7,8",False,False,12,5,8,4.665791495041381,0.38132471176705673,0.3195303925060066,2.2936959296432797,,0,0,0,4,3,4,6,3,6,6,9,0,1,2,0,0,2,4,3,S001;S002;S003;S004;S006;S007;S013,S005;S010;S011;S014,S008;S009;S012;S015
3,"1,2,3,4,6|5|7,8,9",False,False,11,5,6,3.218461571158774,0.5163998281478014,0.5486908515277019,5.0860917882156,,0,0,0,4,3,4,6,3,6,5,9,0,1,2,0,0,2,3,3,S001;S002;S003;S004;S006;S007;S013,S005;S011,S008;S009;S010;S012;S014;S015
3,"1,2,3,4,7,8|5,6|9",False,False,8,4,6,3.3651283084109567,0.7165942028452741,0.6172581142837934,5.451472913377297,,0,0,0,4,2,3,6,2,6,5,8,0,0,1,0,0,2,3,2,S001;S002;S003;S004;S008;S009;S012;S013;S015,S005;S006;S007;S011,S010;S014
3,"1,2,3,4,7|5,6,8|9",False,False,12,6,7,4.544372900265774,0.5151639322761506,0.4272894705612294,4.436229699537315,,0,0,0,5,3,3,6,3,6,6,9,1,1,1,0,0,2,4,3,S001;S002;S003;S004;S008;S013;S015,S005;S006;S007;S009;S011;S012,S010;S014
3,"1,2,3,4,7,9|5,6|8",False,False,7,5,5,2.9467017512487703,0.7123396501687109,0.6871964676856606,5.354608260788774,,0,0,0,5,3,3,6,3,6,4,6,1,1,1,0,0,2,2,0,S001;S002;S003;S004;S008;S010;S013;S014;S015,S005;S006;S007;S011,S009;S012
3,"1,2,3,4,7|5,6,9|8",False,False,11,6,8,4.812458232293563,0.5128739251055584,0.4650774207547269,4.3696226077277,,0,0,0,5,3,3,6,3,6,5,9,1,1,1,0,0,2,3,3,S001;S002;S003;S004;S008;S013;S015,S005;S006;S007;S010;S011;S014,S009;S012
3,"1,2,3,4,7|5,6|8,9",False,False,10,6,6,3.3651283084109567,0.44706814171201,0.4520071464219996,2.5823795886877163,,0,0,0,5,3,3,6,3,6,5,8,1,1,1,0,0,2,3,2,S001;S002;S003;S004;S008;S013;S015,S005;S006;S007;S011,S009;S010;S012;S014
3,"1,2,3,4,8|5,6,7|9",False,False,13,4,7,3.918458176871948,0.49573927053239286,0.42399365126476063,4.296522461322204,,0,0,0,4,2,4,6,2,7,6,10,0,0,2,0,0,3,4,4,S001;S002;S003;S004;S009;S012;S013,S005;S006;S007;S008;S011;S015,S010;S014
3,"1,2,3,4|5,6,7,8|9",False,False,14,5,8,5.097702768726766,0.45659304053904404,0.3504979662052195,3.888078100457102,,0,0,0,4,3,4,6,3,7,6,10,0,1,2,0,0,3,4,4,S001;S002;S003;S004;S013,S005;S006;S007;S008;S009;S011;S012;S015,S010;S014
3,"1,2,3,4,9|5,6,7|8",False,False,12,6,6,3.5000316197097616,0.4911829710656391,0.4997343817468754,4.216998635518105,,0,0,0,5,3,4,6,3,7,5,8,1,1,2,0,0,3,3,2,S001;S002;S003;S004;S010;S013;S014,S005;S006;S007;S008;S011;S015,S009;S012
3,"1,2,3,4|5,6,7,9|8",False,False,13,6,9,5.365788100754555,0.4522612403664423,0.43196018824274873,3.8146867999922778,,0,0,0,5,3,4,6,3,7,5,9,1,1,2,0,0,3,3,3,S001;S002;S003;S004;S013,S005;S006;S007;S008;S010;S011;S014;S015,S009;S012
3,"1,2,3,4|5,6,7|8,9",False,False,15,6,7,3.918458176871948,0.19374383475953177,0.23329535897920708,1.6282298955022143,,0,0,0,5,3,4,6,3,7,6,10,1,1,2,0,0,3,4,4,S001;S002;S003;S004;S013,S005;S006;S007;S008;S011;S015,S009;S010;S012;S014
3,"1,2,3,4,8,9|5,6|7",False,False,9,4,5,2.583991585452353,0.6735386581666213,0.6808196209182558,4.585930462988858,,0,0,0,4,2,4,6,2,7,5,7,0,0,2,0,0,3,3,1,S001;S002;S003;S004;S009;S010;S012;S013;S014,S005;S006;S007;S011,S008;S015
3,"1,2,3,4,8|5,6,9|7",False,False,13,4,8,4.449748066497147,0.4709844442505581,0.46008218091829683,3.7200924539031677,,0,0,0,4,2,4,6,2,7,6,10,0,0,2,0,0,3,4,4,S001;S002;S003;S004;S009;S012;S013,S005;S006;S007;S010;S011;S014,S008;S015
3,"1,2,3,4,8|5,6|7,9",False,False,11,4,8,4.449748066497147,0.4137834504146692,0.3962839440043774,2.5010544218695365,,0,0,0,4,2,4,6,2,7,5,9,0,0,2,0,0,3,3,3,S001;S002;S003;S004;S009;S012;S013,S005;S006;S007;S011,S008;S010;S014;S015
3,"1,2,3,4,9|5,6,8|7",False,False,13,6,6,3.7632361773071707,0.46870443512722487,0.49535597340220094,3.70689429997989,,0,0,0,5,3,4,6,3,7,6,8,1,1,2,0,0,3,4,2,S001;S002;S003;S004;S010;S013;S014,S005;S006;S007;S009;S011;S012,S008;S015
3,"1,2,3,4|5,6,8,9|7",False,False,15,6,7,4.1816627344693575,0.4127992601137281,0.4192211738689107,3.2322838107551406,,0,0,0,5,3,4,6,3,7,6,10,1,1,2,0,0,3,4,4,S001;S002;S003;S004;S013,S005;S006;S007;S009;S010;S011;S012;S014,S008;S015
3,"1,2,3,4|5,6,8|7,9",False,False,15,6,9,5.628992658351965,0.16887849709422828,0.1645679961049964,1.522670391030565,,0,0,0,5,3,4,6,3,7,6,10,1,1,2,0,0,3,4,4,S001;S002;S003;S004;S013,S005;S006;S007;S009;S011;S012,S008;S010;S014;S015
3,"1,2,3,4,9|5,6|7,8",False,False,10,5,7,4.03132150933496,0.4102472323121757,0.4400579865538741,2.4921811743254616,,0,0,0,4,3,4,6,3,7,5,7,0,1,2,0,0,3,3,1,S001;S002;S003;S004;S010;S013;S014,S005;S006;S007;S011,S008;S009;S012;S015
3,"1,2,3,4|5,6,9|7,8",False,False,14,5,10,5.8970779903797546,0.16657879151204272,0.1854776417747228,1.511975313101326,,0,0,0,4,3,4,6,3,7,6,10,0,1,2,0,0,3,4,4,S001;S002;S003;S004;S013,S005;S006;S007;S010;S011;S014,S008;S009;S012;S015
3,"1,2,3,4|5,6|7,8,9",False,False,12,5,8,4.449748066497147,0.26155796752034266,0.31560524176532284,1.9100698402443947,,0,0,0,4,3,4,6,3,7,5,9,0,1,2,0,0,3,3,3,S001;S002;S003;S004;S013,S005;S006;S007;S011,S008;S009;S010;S012;S014;S015
3,"1,2,3,4,7,8,9|5|6",False,False,7,4,3,1.499371827366163,0.9681994299182458,0.9639390838065407,7.854164979840204,,0,0,0,4,3,4,6,3,6,4,6,0,1,2,0,0,2,2,0,S001;S002;S003;S004;S008;S009;S010;S012;S013;S014;S015,S005;S011,S006;S007
3,"1,2,3,4,7,8|5,9|6",False,False,10,5,6,3.3651283084109567,0.7219087008402992,0.6430534615265644,6.080998788530347,,0,0,0,4,3,4,6,3,6,5,8,0,1,2,0,0,2,3,2,S001;S002;S003;S004;S008;S009;S012;S013;S015,S005;S010;S011;S014,S006;S007
3,"1,2,3,4,7,8|5|6,9",False,False,11,5,6,3.3651283084109567,0.7265680239172783,0.6694382433645731,6.636742991823423,,0,0,0,4,3,4,6,3,6,5,9,0,1,2,0,0,2,3,3,S001;S002;S003;S004;S008;S009;S012;S013;S015,S005;S011,S006;S007;S010;S014
3,"1,2,3,4,7,9|5,8|6",False,False,9,5,4,2.6786164192209805,0.7184694617095795,0.7136598226864347,6.063995316924209,,0,0,0,5,4,4,6,4,6,4,6,1,2,2,0,0,2,2,0,S001;S002;S003;S004;S008;S010;S013;S014;S015,S005;S009;S011;S012,S006;S007
3,"1,2,3,4,7|5,8,9|6",False,False,12,6,5,3.097042976383167,0.5314957785585519,0.5326987108445488,4.948517191075273,,0,0,0,5,4,4,6,4,6,5,8,1,2,2,0,0,2,3,2,S001;S002;S003;S004;S008;S013;S015,S005;S009;S010;S011;S012;S014,S006;S007
3,"1,2,3,4,7|5,8|6,9",False,False,13,6,7,4.544372900265774,0.4449303363168139,0.40451788497079116,2.415390567469827,,0,0,0,5,4,4,6,4,6,5,9,1,2,2,0,0,2,3,3,S001;S002;S003;S004;S008;S013;S015,S005;S009;S011;S012,S006;S007;S010;S014
3,"1,2,3,4,7,9|5|6,8",False,False,10,6,5,2.9467017512487703,0.7232220707955711,0.7176075242355727,6.618185568126587,,0,0,0,5,3,4,6,3,6,5,7,1,1,2,0,0,2,3,1,S001;S002;S003;S004;S008;S010;S013;S014;S015,S005;S011,S006;S007;S009;S012
3,"1,2,3,4,7|5,9|6,8",False,False,13,6,8,4.812458232293563,0.4450459295639546,0.3787942699388566,2.4356047740557236,,0,0,0,5,3,4,6,3,6,6,9,1,1,2,0,0,2,4,3,S001;S002;S003;S004;S008;S013;S015,S005;S010;S011;S014,S006;S007;S009;S012
3,"1,2,3,4,7|5|6,8,9",False,False,12,6,6,3.3651283084109567,0.5441401289486673,0.5717508347309255,5.400763580109806,,0,0,0,5,3,4,6,3,6,5,9,1,1,2,0,0,2,3,3,S001;S002;S003;S004;S008;S013;S015,S005;S011,S006;S007;S009;S010;S012;S014
3,"1,2,3,4,8,9|5,7|6",False,False,12,5,5,2.583991585452353,0.6875622949748678,0.6909286256809104,5.908154948672486,,0,0,0,4,3,5,6,3,7,5,8,0,1,3,0,0,3,3,2,S001;S002;S003;S004;S009;S010;S012;S013;S014,S005;S008;S011;S015,S006;S007
3,"1,2,3,4,8|5,7,9|6",False,False,13,5,8,4.449748066497147,0.5139567864599548,0.49954962253316104,4.79267682282355,,0,0,0,4,3,5,6,3,7,5,9,0,1,3,0,0,3,3,3,S001;S002;S003;S004;S009;S012;S013,S005;S008;S010;S011;S014;S015,S006;S007
3,"1,2,3,4,8|5,7|6,9",False,False,16,5,8,4.449748066497147,0.40873791488833205,0.377934460153803,2.265528895932338,,0,0,0,4,3,5,6,3,7,6,11,0,1,3,0,0,3,4,5,S001;S002;S003;S004;S009;S012;S013,S005;S008;S011;S015,S006;S007;S010;S014
3,"1,2,3,4,9|5,7,8|6",False,False,13,5,6,3.7632361773071707,0.51221411103197,0.5270508737139361,4.775673351217412,,0,0,0,4,4,5,6,4,7,5,8,0,2,3,0,0,3,3,2,S001;S002;S003;S004;S010;S013;S014,S005;S008;S009;S011;S012;S015,S006;S007
3,"1,2,3,4|5,7,8,9|6",False,False,14,5,7,4.1816627344693575,0.4861278878842519,0.4739857170645003,4.452544198501116,,0,0,0,4,4,5,6,4,7,5,9,0,2,3,0,0,3,3,3,S001;S002;S003;S004;S013,S005;S008;S009;S010;S011;S012;S014;S015,S006;S007
3,"1,2,3,4|5,7,8|6,9",False,False,17,5,9,5.628992658351965,0.21900170916484551,0.17637162486408126,1.7301976232439886,,0,0,0,4,4,5,6,4,7,6,11,0,2,3,0,0,3,4,5,S001;S002;S003;S004;S013,S005;S008;S009;S011;S012;S015,S006;S007;S010;S014
3,"1,2,3,4,9|5,7|6,8",False,False,15,6,7,4.03132150933496,0.4047202916087711,0.4296824144924214,2.2394910028376094,,0,0,0,5,3,5,6,3,7,6,9,1,1,3,0,0,3,4,3,S001;S002;S003;S004;S010;S013;S014,S005;S008;S011;S015,S006;S007;S009;S012
3,"1,2,3,4|5,7,9|6,8",False,False,16,6,10,5.8970779903797546,0.21559652779607374,0.22335688702179163,1.7164017873526276,,0,0,0,5,3,5,6,3,7,6,10,1,1,3,0,0,3,4,4,S001;S002;S003;S004;S013,S005;S008;S010;S011;S014;S015,S006;S007;S009;S012
3,"1,2,3,4|5,7|6,8,9",False,False,17,6,8,4.449748066497147,0.20166964818097682,0.27141757477041467,1.6602653545590396,,0,0,0,5,3,5,6,3,7,6,11,1,1,3,0,0,3,4,5,S001;S002;S003;S004;S013,S005;S008;S011;S015,S006;S007;S009;S010;S012;S014
3,"1,2,3,4,8,9|5|6,7",False,False,11,5,4,2.052701695827154,0.6932074573067862,0.7375751013834608,6.448102904438413,,0,0,0,4,3,5,6,3,7,5,7,0,1,3,0,0,3,3,1,S001;S002;S003;S004;S009;S010;S012;S013;S014,S005;S011,S006;S007;S008;S015
3,"1,2,3,4,8|5,9|6,7",False,False,14,5,7,3.918458176871948,0.4100151600023638,0.3951028392764451,2.358901889080594,,0,0,0,4,3,5,6,3,7,6,9,0,1,3,0,0,3,4,3,S001;S002;S003;S004;S009;S012;S013,S005;S010;S011;S014,S006;S007;S008;S015
3,"1,2,3,4,8|5|6,7,9",False,False,13,5,7,3.918458176871948,0.527915872817825,0.5563765425029101,5.2306809164216315,,0,0,0,4,3,5,6,3,7,5,9,0,1,3,0,0,3,3,3,S001;S002;S003;S004;S009;S012;S013,S005;S011,S006;S007;S008;S010;S014;S015
3,"1,2,3,4,9|5,8|6,7",False,False,13,6,5,3.231946287681972,0.4058834654897142,0.4707990166309506,2.3310248141910703,,0,0,0,5,4,5,6,4,7,5,7,1,2,3,0,0,3,3,1,S001;S002;S003;S004;S010;S013;S014,S005;S009;S011;S012,S006;S007;S008;S015
3,"1,2,3,4|5,8,9|6,7",False,False,16,6,6,3.650372844844158,0.18672064450767212,0.2661501264786737,1.5995105934483076,,0,0,0,5,4,5,6,4,7,6,9,1,2,3,0,0,3,4,3,S001;S002;S003;S004;S013,S005;S009;S010;S011;S012;S014,S006;S007;S008;S015
3,"1,2,3,4|5,8|6,7,9",False,False,15,6,8,5.097702768726766,0.2327523511071464,0.2935268896417882,1.7865555844481324,,0,0,0,5,4,5,6,4,7,5,9,1,2,3,0,0,3,3,3,S001;S002;S003;S004;S013,S005;S009;S011;S012,S006;S007;S008;S010;S014;S015
3,"1,2,3,4,9|5|6,7,8",False,False,11,5,6,3.5000316197097616,0.5263171678859481,0.5764063314058803,5.212123492724795,,0,0,0,4,3,5,6,3,7,5,7,0,1,3,0,0,3,3,1,S001;S002;S003;S004;S010;S013;S014,S005;S011,S006;S007;S008;S009;S012;S015
3,"1,2,3,4|5,9|6,7,8",False,False,14,5,9,5.365788100754555,0.2363457070864786,0.21324105672517996,1.801507122368168,,0,0,0,4,3,5,6,3,7,6,9,0,1,3,0,0,3,4,3,S001;S002;S003;S004;S013,S005;S010;S011;S014,S006;S007;S008;S009;S012;S015
3,"1,2,3,4|5|6,7,8,9",False,False,13,5,7,3.918458176871948,0.5076570792179967,0.5398103861162725,4.950853758639777,,0,0,0,4,3,5,6,3,7,5,9,0,1,3,0,0,3,3,3,S001;S002;S003;S004;S013,S005;S011,S006;S007;S008;S009;S010;S012;S014;S015
3,"1,2,3,5,6,7,8|4|9",False,False,8,5,5,3.4918800404678056,0.9751354120536344,0.7929505457889711,9.314864512844865,,0,0,0,4,3,3,6,3,5,5,8,0,1,1,0,0,1,3,2,S001;S002;S003;S005;S006;S007;S008;S009;S011;S012;S013;S015,S004,S010;S014
3,"1,2,3,5,6,7|4,8|9",False,False,8,5,6,3.3550413889585267,0.7183732757386719,0.5691357909393179,5.459063090141228,,0,0,0,5,2,3,6,2,5,5,8,1,0,1,0,0,1,3,2,S001;S002;S003;S005;S006;S007;S008;S011;S013;S015,S004;S009;S012,S010;S014
3,"1,2,3,5,6,7,9|4|8",False,False,6,5,5,3.3415388153334096,0.9712918673539973,0.8672082651533816,9.292933441778233,,0,0,0,5,3,3,6,3,5,4,6,1,1,1,0,0,1,2,0,S001;S002;S003;S005;S006;S007;S008;S010;S011;S013;S014;S015,S004,S009;S012
3,"1,2,3,5,6,7|4,9|8",False,False,9,6,6,3.3550413889585267,0.7177100076872899,0.584377576967212,5.377098822944369,,0,0,0,5,3,3,6,3,5,5,8,1,1,1,0,0,1,3,2,S001;S002;S003;S005;S006;S007;S008;S011;S013;S015,S004;S010;S014,S009;S012
3,"1,2,3,5,6,7|4|8,9",False,False,9,6,5,2.8338384187857577,0.7374916789817025,0.624274114006725,7.854190188757147,,0,0,0,5,3,3,6,3,5,5,8,1,1,1,0,0,1,3,2,S001;S002;S003;S005;S006;S007;S008;S011;S013;S015,S004,S009;S010;S012;S014
3,"1,2,3,5,6,8|4,7|9",False,False,9,4,7,4.576499798553996,0.6860975556317553,0.540239094662159,5.319355851926117,,0,0,0,4,3,3,6,3,4,6,9,0,1,1,0,0,0,4,3,S001;S002;S003;S005;S006;S007;S009;S011;S012;S013,S004;S008;S015,S010;S014
3,"1,2,3,5,6|4,7,8|9",False,False,8,3,8,4.439661147044717,0.49672336572009124,0.3831102391745306,4.304112638086135,,0,0,0,4,2,3,6,2,4,6,9,0,0,1,0,0,0,4,3,S001;S002;S003;S005;S006;S007;S011;S013,S004;S008;S009;S012;S015,S010;S014
3,"1,2,3,5,6,9|4,7|8",False,False,7,5,7,4.4261585734196,0.6817854770063122,0.6202493312984585,5.224474850734772,,0,0,0,5,3,3,6,3,4,5,7,1,1,1,0,0,0,3,1,S001;S002;S003;S005;S006;S007;S010;S011;S013;S014,S004;S008;S015,S009;S012
3,"1,2,3,5,6|4,7,9|8",False,False,9,5,8,4.439661147044717,0.49416478306878914,0.4382999596041441,4.239489197673699,,0,0,0,5,3,3,6,3,4,5,9,1,1,1,0,0,0,3,3,S001;S002;S003;S005;S006;S007;S011;S013,S004;S008;S010;S014;S015,S009;S012
3,"1,2,3,5,6|4,7|8,9",False,False,10,5,7,3.918458176871948,0.41128012102102895,0.34350023690148623,2.3265454905639755,,0,0,0,5,3,3,6,3,4,6,9,1,1,1,0,0,0,4,3,S001;S002;S003;S005;S006;S007;S011;S013,S004;S008;S015,S009;S010;S012;S014
3,"1,2,3,5,6,8,9|4|7",False,False,8,5,4,2.7107433175092024,0.9363693240862415,0.8555217367035487,9.091930595398033,,0,0,0,4,3,4,6,3,5,5,7,0,1,2,0,0,1,3,1,S001;S002;S003;S005;S006;S007;S009;S010;S011;S012;S013;S014,S004,S008;S015
3,"1,2,3,5,6,8|4,9|7",False,False,11,5,6,3.650372844844158,0.6790047212402969,0.5969475726801743,4.605700480450026,,0,0,0,4,3,4,6,3,5,6,9,0,1,2,0,0,1,4,3,S001;S002;S003;S005;S006;S007;S009;S011;S012;S013,S004;S010;S014,S008;S015
3,"1,2,3,5,6,8|4|7,9",False,False,10,5,7,4.576499798553996,0.7087974814640556,0.5845628690552637,7.653187342376945,,0,0,0,4,3,4,6,3,5,5,9,0,1,2,0,0,1,3,3,S001;S002;S003;S005;S006;S007;S009;S011;S012;S013,S004,S008;S010;S014;S015
3,"1,2,3,5,6,9|4,8|7",False,False,8,5,6,3.5000316197097616,0.6753528710537099,0.6627043952847251,4.5925023265267475,,0,0,0,5,2,4,6,2,5,5,7,1,0,2,0,0,1,3,1,S001;S002;S003;S005;S006;S007;S010;S011;S013;S014,S004;S009;S012,S008;S015
3,"1,2,3,5,6|4,8,9|7",False,False,11,5,6,2.9923312231621098,0.4721321422851587,0.45609811100083136,3.726664317441058,,0,0,0,5,2,4,6,2,5,6,9,1,0,2,0,0,1,4,3,S001;S002;S003;S005;S006;S007;S011;S013,S004;S009;S010;S012;S014,S008;S015
3,"1,2,3,5,6|4,8|7,9",False,False,10,5,8,4.439661147044717,0.41591049344931214,0.342017167265764,2.5165918779540477,,0,0,0,5,2,4,6,2,5,5,9,1,0,2,0,0,1,3,3,S001;S002;S003;S005;S006;S007;S011;S013,S004;S009;S012,S008;S010;S014;S015
3,"1,2,3,5,6,9|4|7,8",False,False,8,5,7,4.4261585734196,0.7057465632991031,0.6368778207079886,7.631256271310312,,0,0,0,4,3,4,6,3,5,5,7,0,1,2,0,0,1,3,1,S001;S002;S003;S005;S006;S007;S010;S011;S013;S014,S004,S008;S009;S012;S015
3,"1,2,3,5,6|4,9|7,8",False,False,11,5,8,4.439661147044717,0.41666748309183166,0.32205049181927176,2.53922302424333,,0,0,0,4,3,4,6,3,5,6,9,0,1,2,0,0,1,4,3,S001;S002;S003;S005;S006;S007;S011;S013,S004;S010;S014,S008;S009;S012;S015
3,"1,2,3,5,6|4|7,8,9",False,False,10,5,7,3.918458176871948,0.5533822631869897,0.4853105723039159,6.192513018289225,,0,0,0,4,3,4,6,3,5,5,9,0,1,2,0,0,1,3,3,S001;S002;S003;S005;S006;S007;S011;S013,S004,S008;S009;S010;S012;S014;S015
3,"1,2,3,5,7,8|4,6|9",False,False,12,5,5,3.323173324379831,0.7465626628784772,0.6070112695785924,5.577829737720488,,0,0,0,4,3,4,6,3,6,6,9,0,1,2,0,0,2,4,3,S001;S002;S003;S005;S008;S009;S011;S012;S013;S015,S004;S006;S007,S010;S014
3,"1,2,3,5,7|4,6,8|9",False,False,12,5,6,3.1863346728705517,0.5349545126460535,0.4115266860246409,4.562586523880506,,0,0,0,5,2,4,6,2,6,6,9,1,0,2,0,0,2,4,3,S001;S002;S003;S005;S008;S011;S013;S015,S004;S006;S007;S009;S012,S010;S014
3,"1,2,3,5,7,9|4,6|8",False,False,10,6,5,3.1728320992454346,0.7423632358939619,0.6872889398970409,5.4790679199331755,,0,0,0,5,3,4,6,3,6,5,7,1,1,2,0,0,2,3,1,S001;S002;S003;S005;S008;S010;S011;S013;S014;S015,S004;S006;S007,S009;S012
3,"1,2,3,5,7|4,6,9|8",False,False,12,6,6,3.1863346728705517,0.5329120732199717,0.4544785222773601,4.494082266872101,,0,0,0,5,3,4,6,3,6,5,9,1,1,2,0,0,2,3,3,S001;S002;S003;S005;S008;S011;S013;S015,S004;S006;S007;S010;S014,S009;S012
3,"1,2,3,5,7|4,6|8,9",False,False,13,6,5,2.6651317026977828,0.4818562328135637,0.41596171004384713,2.8667969657486165,,0,0,0,5,3,4,6,3,6,6,9,1,1,2,0,0,2,4,3,S001;S002;S003;S005;S008;S011;S013;S015,S004;S006;S007,S009;S010;S012;S014
3,"1,2,3,5,8|4,6,7|9",False,False,11,5,6,3.8765031928408225,0.513191737875548,0.41511812937159553,4.4228792856653945,,0,0,0,4,3,4,6,3,5,6,9,0,1,2,0,0,1,4,3,S001;S002;S003;S005;S009;S011;S012;S013,S004;S006;S007;S008;S015,S010;S014
3,"1,2,3,5|4,6,7,8|9",False,False,10,4,7,3.739664541331543,0.45057678099723114,0.33096090728241834,3.7617212761139114,,0,0,0,4,2,4,6,2,5,6,9,0,0,2,0,0,1,4,3,S001;S002;S003;S005;S011;S013,S004;S006;S007;S008;S009;S012;S015,S010;S014
3,"1,2,3,5,9|4,6,7|8",False,False,9,6,6,3.726161967706426,0.5086215540972762,0.501904444398051,4.341458294662506,,0,0,0,5,3,4,6,3,5,5,7,1,1,2,0,0,1,3,1,S001;S002;S003;S005;S010;S011;S013;S014,S004;S006;S007;S008;S015,S009;S012
3,"1,2,3,5|4,6,7,9|8",False,False,11,6,7,3.739664541331543,0.4463805794288176,0.4133776038731856,3.6902271408478775,,0,0,0,5,3,4,6,3,5,5,9,1,1,2,0,0,1,3,3,S001;S002;S003;S005;S011;S013,S004;S006;S007;S008;S010;S014;S015,S009;S012
3,"1,2,3,5|4,6,7|8,9",False,False,12,6,6,3.218461571158774,0.20883475931407033,0.194504599920199,1.6909304288549212,,0,0,0,5,3,4,6,3,5,6,9,1,1,2,0,0,1,4,3,S001;S002;S003;S005;S011;S013,S004;S006;S007;S008;S015,S009;S010;S012;S014
3,"1,2,3,5,8,9|4,6|7",False,False,12,5,4,2.542036601421228,0.7040899529507278,0.6709194325149844,4.695335004212557,,0,0,0,4,3,5,6,3,6,6,8,0,1,3,0,0,2,4,2,S001;S002;S003;S005;S009;S010;S011;S012;S013;S014,S004;S006;S007,S008;S015
3,"1,2,3,5,8|4,6,9|7",False,False,14,5,6,3.481666128756183,0.4911159765811194,0.4668030055490956,3.829496995126866,,0,0,0,4,3,5,6,3,6,6,10,0,1,3,0,0,2,4,4,S001;S002;S003;S005;S009;S011;S012;S013,S004;S006;S007;S010;S014,S008;S015
3,"1,2,3,5,8|4,6|7,9",False,False,14,5,7,4.407793082466021,0.4493831222924504,0.3849305577009721,2.779015115582724,,0,0,0,4,3,5,6,3,6,6,10,0,1,3,0,0,2,4,4,S001;S002;S003;S005;S009;S011;S012;S013,S004;S006;S007,S008;S010;S014;S015
3,"1,2,3,5,9|4,6,8|7",False,False,12,5,6,3.3313249036217867,0.48857556297731264,0.5131855456948642,3.8162988412035883,,0,0,0,5,2,5,6,2,6,6,8,1,0,3,0,0,2,4,2,S001;S002;S003;S005;S010;S011;S013;S014,S004;S006;S007;S009;S012,S008;S015
3,"1,2,3,5|4,6,8,9|7",False,False,14,5,6,2.823624507074135,0.4082960694239688,0.402943810097058,3.1228792695314427,,0,0,0,5,2,5,6,2,6,6,10,1,0,3,0,0,2,4,4,S001;S002;S003;S005;S011;S013,S004;S006;S007;S009;S010;S012;S014,S008;S015
3,"1,2,3,5|4,6,8|7,9",False,False,14,5,8,4.270954430956742,0.19021642666828031,0.14470520217009084,1.5813059964212544,,0,0,0,5,2,5,6,2,6,6,10,1,0,3,0,0,2,4,4,S001;S002;S003;S005;S011;S013,S004;S006;S007;S009;S012,S008;S010;S014;S015
3,"1,2,3,5,9|4,6|7,8",False,False,12,5,7,4.257451857331625,0.445935059325645,0.44081982559039684,2.7694373905454017,,0,0,0,4,3,5,6,3,6,6,8,0,1,3,0,0,2,4,2,S001;S002;S003;S005;S010;S011;S013;S014,S004;S006;S007,S008;S009;S012;S015
3,"1,2,3,5|4,6,9|7,8",False,False,14,5,8,4.270954430956742,0.18863721060154817,0.15864764299107192,1.5701990681186346,,0,0,0,4,3,5,6,3,6,6,10,0,1,3,0,0,2,4,4,S001;S002;S003;S005;S011;S013,S004;S006;S007;S010;S014,S008;S009;S012;S015
3,"1,2,3,5|4,6|7,8,9",False,False,14,5,7,3.749751460783973,0.2959864268041963,0.2934192429083296,2.1411102452422175,,0,0,0,4,3,5,6,3,6,6,10,0,1,3,0,0,2,4,4,S001;S002;S003;S005;S011;S013,S004;S006;S007,S008;S009;S010;S012;S014;S015
3,"1,2,3,5,7,8,9|4|6",False,False,8,4,3,2.157413449048211,1.001400250296431,0.9003929996984765,9.463808154666829,,0,0,0,4,4,4,6,4,6,4,6,0,2,2,0,0,2,2,0,S001;S002;S003;S005;S008;S009;S010;S011;S012;S013;S014;S015,S004,S006;S007
3,"1,2,3,5,7,8|4,9|6",False,False,11,5,5,3.097042976383167,0.7508826242993114,0.6420335480171047,6.221947062136913,,0,0,0,4,4,4,6,4,6,5,8,0,2,2,0,0,2,3,2,S001;S002;S003;S005;S008;S009;S011;S012;S013;S015,S004;S010;S014,S006;S007
3,"1,2,3,5,7,8|4|6,9",False,False,12,5,6,4.023169930093005,0.7628456774091165,0.6065807921041358,8.02506490164574,,0,0,0,4,4,4,6,4,6,5,9,0,2,2,0,0,2,3,3,S001;S002;S003;S005;S008;S009;S011;S012;S013;S015,S004,S006;S007;S010;S014
3,"1,2,3,5,7,9|4,8|6",False,False,8,5,5,2.9467017512487703,0.7473450261013266,0.7070486824642771,6.204943590530775,,0,0,0,5,3,4,6,3,6,4,6,1,1,2,0,0,2,2,0,S001;S002;S003;S005;S008;S010;S011;S013;S014;S015,S004;S009;S012,S006;S007
3,"1,2,3,5,7|4,8,9|6",False,False,11,6,5,2.4390013547011185,0.5496309681783359,0.5056838527108012,5.0894654646818385,,0,0,0,5,3,4,6,3,6,5,8,1,1,2,0,0,2,3,2,S001;S002;S003;S005;S008;S011;S013;S015,S004;S009;S010;S012;S014,S006;S007
3,"1,2,3,5,7|4,8|6,9",False,False,12,6,7,3.8863312785837256,0.4784656035360429,0.3618571500059342,2.6677201908837422,,0,0,0,5,3,4,6,3,6,5,9,1,1,2,0,0,2,3,3,S001;S002;S003;S005;S008;S011;S013;S015,S004;S009;S012,S006;S007;S010;S014
3,"1,2,3,5,7,9|4|6,8",False,False,10,6,6,3.8728287049586085,0.7595455460999512,0.6641807350188585,8.003133830579108,,0,0,0,5,3,4,6,3,6,5,7,1,1,2,0,0,2,3,1,S001;S002;S003;S005;S008;S010;S011;S013;S014;S015,S004,S006;S007;S009;S012
3,"1,2,3,5,7|4,9|6,8",False,False,13,6,7,3.8863312785837256,0.4787539767582484,0.35048453245554934,2.691710400193265,,0,0,0,5,3,4,6,3,6,6,9,1,1,2,0,0,2,4,3,S001;S002;S003;S005;S008;S011;S013;S015,S004;S010;S014,S006;S007;S009;S012
3,"1,2,3,5,7|4|6,8,9",False,False,12,6,6,3.3651283084109567,0.5818830310377577,0.49162192346383693,6.564390577558019,,0,0,0,5,3,4,6,3,6,5,9,1,1,2,0,0,2,3,3,S001;S002;S003;S005;S008;S011;S013;S015,S004,S006;S007;S009;S010;S012;S014
3,"1,2,3,5,8,9|4,7|6",False,False,9,5,5,3.242033207134402,0.71546768766579,0.6486628106008064,6.049103222279052,,0,0,0,4,4,4,6,4,5,5,7,0,2,2,0,0,1,3,1,S001;S002;S003;S005;S009;S010;S011;S012;S013;S014,S004;S008;S015,S006;S007
3,"1,2,3,5,8|4,7,9|6",False,False,11,5,7,4.1816627344693575,0.5297017074702735,0.4961250694616766,4.933625096430116,,0,0,0,4,4,4,6,4,5,5,9,0,2,2,0,0,1,3,3,S001;S002;S003;S005;S009;S011;S012;S013,S004;S008;S010;S014;S015,S006;S007
3,"1,2,3,5,8|4,7|6,9",False,False,13,5,8,5.107789688179196,0.44142824405894543,0.3300386912939206,2.3907436265304622,,0,0,0,4,4,4,6,4,5,6,10,0,2,2,0,0,1,4,4,S001;S002;S003;S005;S009;S011;S012;S013,S004;S008;S015,S006;S007;S010;S014
3,"1,2,3,5,9|4,7,8|6",False,False,8,5,7,4.03132150933496,0.5276829479833495,0.5266534791231536,4.916621624823978,,0,0,0,4,3,4,6,3,5,5,7,0,1,2,0,0,1,3,1,S001;S002;S003;S005;S010;S011;S013;S014,S004;S008;S009;S012;S015,S006;S007
3,"1,2,3,5|4,7,8,9|6",False,False,10,5,7,3.5236211127873087,0.47925623559520314,0.47359529982137927,4.311595924894551,,0,0,0,4,3,4,6,3,5,5,9,0,1,2,0,0,1,3,3,S001;S002;S003;S005;S011;S013,S004;S008;S009;S010;S012;S014;S015,S006;S007
3,"1,2,3,5|4,7,8|6,9",False,False,12,5,9,4.970951036669916,0.2295383532924892,0.14041899066847285,1.7968247709721186,,0,0,0,4,3,4,6,3,5,6,10,0,1,2,0,0,1,4,4,S001;S002;S003;S005;S011;S013,S004;S008;S009;S012;S015,S006;S007;S010;S014
3,"1,2,3,5,9|4,7|6,8",False,False,11,6,8,4.957448463044798,0.4375129309829768,0.3971419156331977,2.382504058144798,,0,0,0,5,3,4,6,3,5,6,8,1,1,2,0,0,1,4,2,S001;S002;S003;S005;S010;S011;S013;S014,S004;S008;S015,S006;S007;S009;S012
3,"1,2,3,5|4,7,9|6,8",False,False,13,6,9,4.970951036669916,0.22667406349448865,0.20081983868934714,1.7824976794694805,,0,0,0,5,3,4,6,3,5,6,10,1,1,2,0,0,1,4,4,S001;S002;S003;S005;S011;S013,S004;S008;S010;S014;S015,S006;S007;S009;S012
3,"1,2,3,5|4,7|6,8,9",False,False,13,6,8,4.449748066497147,0.23859967790808562,0.1958693083908805,1.8419639547151399,,0,0,0,5,3,4,6,3,5,6,10,1,1,2,0,0,1,4,4,S001;S002;S003;S005;S011;S013,S004;S008;S015,S006;S007;S009;S010;S012;S014
3,"1,2,3,5,8,9|4|6,7",False,False,11,5,4,2.7107433175092024,0.7299375266260609,0.6732694570835599,7.802130984198907,,0,0,0,4,4,5,6,4,6,5,7,0,2,3,0,0,2,3,1,S001;S002;S003;S005;S009;S010;S011;S012;S013;S014,S004,S006;S007;S008;S015
3,"1,2,3,5,8|4,9|6,7",False,False,14,5,6,3.650372844844158,0.4445951678425552,0.39170444410421923,2.6092897328552005,,0,0,0,4,4,5,6,4,6,6,9,0,2,3,0,0,2,4,3,S001;S002;S003;S005;S009;S011;S012;S013,S004;S010;S014,S006;S007;S008;S015
3,"1,2,3,5,8|4|6,7,9",False,False,13,5,7,4.576499798553996,0.5653383868509327,0.49202126855921885,6.363387731177818,,0,0,0,4,4,5,6,4,6,5,9,0,2,3,0,0,2,3,3,S001;S002;S003;S005;S009;S011;S012;S013,S004,S006;S007;S008;S010;S014;S015
3,"1,2,3,5,9|4,8|6,7",False,False,11,6,6,3.5000316197097616,0.4403947058021626,0.46535818553422237,2.577121481715074,,0,0,0,5,3,5,6,3,6,5,7,1,1,3,0,0,2,3,1,S001;S002;S003;S005;S010;S011;S013;S014,S004;S009;S012,S006;S007;S008;S015
3,"1,2,3,5|4,8,9|6,7",False,False,14,6,6,2.9923312231621098,0.20334927182546733,0.23214321055974524,1.661105192337293,,0,0,0,5,3,5,6,3,6,6,9,1,1,3,0,0,2,4,3,S001;S002;S003;S005;S011;S013,S004;S009;S010;S012;S014,S006;S007;S008;S015
3,"1,2,3,5|4,8|6,7,9",False,False,13,6,8,4.439661147044717,0.2683651900852916,0.2634261990209613,1.9924267746841084,,0,0,0,5,3,5,6,3,6,5,9,1,1,3,0,0,2,3,3,S001;S002;S003;S005;S011;S013,S004;S009;S012,S006;S007;S008;S010;S014;S015
3,"1,2,3,5,9|4|6,7,8",False,False,10,5,7,4.4261585734196,0.5636922235026999,0.5193820242264751,6.341456660111186,,0,0,0,4,3,5,6,3,6,5,7,0,1,3,0,0,2,3,1,S001;S002;S003;S005;S010;S011;S013;S014,S004,S006;S007;S008;S009;S012;S015
3,"1,2,3,5|4,9|6,7,8",False,False,13,5,8,4.439661147044717,0.2718063148826644,0.1931026179142569,2.010344221769417,,0,0,0,4,3,5,6,3,6,6,9,0,1,3,0,0,2,4,3,S001;S002;S003;S005;S011;S013,S004;S010;S014,S006;S007;S008;S009;S012;S015
3,"1,2,3,5|4|6,7,8,9",False,False,12,5,7,3.918458176871948,0.5358124491546059,0.4772544443397039,5.850894358775858,,0,0,0,4,3,5,6,3,6,5,9,0,1,3,0,0,2,3,3,S001;S002;S003;S005;S011;S013,S004,S006;S007;S008;S009;S010;S012;S014;S015
3,"1,2,3,6,7,8|4,5|9",False,False,7,4,6,3.7599653724955955,0.7646997322997523,0.6263798784762588,5.652898435679907,,0,0,0,4,2,3,6,2,5,5,8,0,0,1,0,0,1,3,2,S001;S002;S003;S006;S007;S008;S009;S012;S013;S015,S004;S005;S011,S010;S014
3,"1,2,3,6,7|4,5,8|9",False,False,9,6,5,3.086956056930737,0.5476153842089574,0.4294595106152603,4.637655221839923,,0,0,0,5,3,3,6,3,5,5,8,1,1,1,0,0,1,3,2,S001;S002;S003;S006;S007;S008;S013;S015,S004;S005;S009;S011;S012,S010;S014
3,"1,2,3,6,7,9|4,5|8",False,False,6,5,5,3.3415388153334096,0.7605328196308248,0.6954809953792124,5.553009510417177,,0,0,0,5,3,3,6,3,5,4,6,1,1,1,0,0,1,2,0,S001;S002;S003;S006;S007;S008;S010;S013;S014;S015,S004;S005;S011,S009;S012
3,"1,2,3,6,7|4,5,9|8",False,False,9,6,6,3.3550413889585267,0.5457146062293067,0.4614140885627868,4.568023857356103,,0,0,0,5,3,3,6,3,5,5,8,1,1,1,0,0,1,3,2,S001;S002;S003;S006;S007;S008;S013;S015,S004;S005;S010;S011;S014,S009;S012
3,"1,2,3,6,7|4,5|8,9",False,False,9,6,5,2.8338384187857577,0.5027360180052828,0.42661707767656143,3.0582135686948093,,0,0,0,5,3,3,6,3,5,5,8,1,1,1,0,0,1,3,2,S001;S002;S003;S006;S007;S008;S013;S015,S004;S005;S011,S009;S010;S012;S014
3,"1,2,3,6,8|4,5,7|9",False,False,11,4,8,4.844585130581786,0.524582016475565,0.4215208388910287,4.497947983624813,,0,0,0,4,2,4,6,2,5,6,10,0,0,2,0,0,1,4,4,S001;S002;S003;S006;S007;S009;S012;S013,S004;S005;S008;S011;S015,S010;S014
3,"1,2,3,6|4,5,7,8|9",False,False,12,5,7,4.1715758150169275,0.44848230199920835,0.3371709278248287,3.686652578154493,,0,0,0,4,3,4,6,3,5,6,10,0,1,2,0,0,1,4,4,S001;S002;S003;S006;S007;S013,S004;S005;S008;S009;S011;S012;S015,S010;S014
3,"1,2,3,6,9|4,5,7|8",False,False,10,6,7,4.4261585734196,0.5200130212136248,0.49550350928385384,4.415399885146507,,0,0,0,5,3,4,6,3,5,5,8,1,1,2,0,0,1,3,2,S001;S002;S003;S006;S007;S010;S013;S014,S004;S005;S008;S011;S015,S009;S012
3,"1,2,3,6|4,5,7,9|8",False,False,11,6,8,4.439661147044717,0.4443820839889257,0.42385627413353416,3.616285550363875,,0,0,0,5,3,4,6,3,5,5,9,1,1,2,0,0,1,3,3,S001;S002;S003;S006;S007;S013,S004;S005;S008;S010;S011;S014;S015,S009;S012
3,"1,2,3,6|4,5,7|8,9",False,False,13,6,7,3.918458176871948,0.22041028244396693,0.19610501786882237,1.7281808696175414,,0,0,0,5,3,4,6,3,5,6,10,1,1,2,0,0,1,4,4,S001;S002;S003;S006;S007;S013,S004;S005;S008;S011;S015,S009;S010;S012;S014
3,"1,2,3,6,8,9|4,5|7",False,False,7,4,5,2.9788286495369922,0.7225695706689879,0.689313468407696,4.7603323361983945,,0,0,0,4,2,4,6,2,5,5,7,0,0,2,0,0,1,3,1,S001;S002;S003;S006;S007;S009;S010;S012;S013;S014,S004;S005;S011,S008;S015
3,"1,2,3,6,8|4,5,9|7",False,False,10,4,7,3.918458176871948,0.5040448224152034,0.4835332483115486,3.8944943271127035,,0,0,0,4,2,4,6,2,5,6,9,0,0,2,0,0,1,4,3,S001;S002;S003;S006;S007;S009;S012;S013,S004;S005;S010;S011;S014,S008;S015
3,"1,2,3,6,8|4,5|7,9",False,False,9,4,8,4.844585130581786,0.47070202058392396,0.40638912248143827,2.9660862864547934,,0,0,0,4,2,4,6,2,5,5,9,0,0,2,0,0,1,3,3,S001;S002;S003;S006;S007;S009;S012;S013,S004;S005;S011,S008;S010;S014;S015
3,"1,2,3,6,9|4,5,8|7",False,False,9,6,5,3.231946287681972,0.5013647482582343,0.5309792090075358,3.8812961731894253,,0,0,0,5,3,4,6,3,5,5,7,1,1,2,0,0,1,3,1,S001;S002;S003;S006;S007;S010;S013;S014,S004;S005;S009;S011;S012,S008;S015
3,"1,2,3,6|4,5,8,9|7",False,False,12,6,5,2.72424589113432,0.4072694050677602,0.4015037399481793,3.057881937545605,,0,0,0,5,3,4,6,3,5,6,9,1,1,2,0,0,1,4,3,S001;S002;S003;S006;S007;S013,S004;S005;S009;S010;S011;S012;S014,S008;S015
3,"1,2,3,6|4,5,8|7,9",False,False,11,6,7,4.1715758150169275,0.20516797508813164,0.17041554235290327,1.616141459987402,,0,0,0,5,3,4,6,3,5,5,9,1,1,2,0,0,1,3,3,S001;S002;S003;S006;S007;S013,S004;S005;S009;S011;S012,S008;S010;S014;S015
3,"1,2,3,6,9|4,5|7,8",False,False,8,5,7,4.4261585734196,0.46730119138494863,0.45061257135010563,2.9560344388796613,,0,0,0,4,3,4,6,3,5,5,7,0,1,2,0,0,1,3,1,S001;S002;S003;S006;S007;S010;S013;S014,S004;S005;S011,S008;S009;S012;S015
3,"1,2,3,6|4,5,9|7,8",False,False,11,5,8,4.439661147044717,0.20395705797372934,0.16820934503153295,1.6047898510239278,,0,0,0,4,3,4,6,3,5,6,9,0,1,2,0,0,1,4,3,S001;S002;S003;S006;S007;S013,S004;S005;S010;S011;S014,S008;S009;S012;S015
3,"1,2,3,6|4,5|7,8,9",False,False,10,5,7,3.918458176871948,0.31681440964105784,0.30033722193642937,2.296603450070298,,0,0,0,4,3,4,6,3,5,5,9,0,1,2,0,0,1,3,3,S001;S002;S003;S006;S007;S013,S004;S005;S011,S008;S009;S010;S012;S014;S015
3,"1,2,3,7,8|4,5,6|9",False,False,11,4,6,3.591258656407621,0.5688910923168636,0.4613975826954146,4.756421869419184,,0,0,0,4,2,4,6,2,6,6,9,0,0,2,0,0,2,4,3,S001;S002;S003;S008;S009;S012;S013;S015,S004;S005;S006;S007;S011,S010;S014
3,"1,2,3,7|4,5,6,8|9",False,False,12,5,5,2.918249340842762,0.4498926904297973,0.3248179814390107,3.7411786555792013,,0,0,0,5,2,4,6,2,6,6,9,1,0,2,0,0,2,4,3,S001;S002;S003;S008;S013;S015,S004;S005;S006;S007;S009;S011;S012,S010;S014
3,"1,2,3,7,9|4,5,6|8",False,False,9,5,5,3.1728320992454346,0.5643669982640038,0.5362624283448869,4.6699929543449095,,0,0,0,5,2,4,6,2,6,5,7,1,0,2,0,0,2,3,1,S001;S002;S003;S008;S010;S013;S014;S015,S004;S005;S006;S007;S011,S009;S012
3,"1,2,3,7|4,5,6,9|8",False,False,11,5,6,3.1863346728705517,0.446202544452737,0.403555471411255,3.685007301283835,,0,0,0,5,2,4,6,2,6,5,9,1,0,2,0,0,2,3,3,S001;S002;S003;S008;S013;S015,S004;S005;S006;S007;S010;S011;S014,S009;S012
3,"1,2,3,7|4,5,6|8,9",False,False,12,5,5,2.6651317026977828,0.27099744077907356,0.23055988864122962,1.8564402697828728,,0,0,0,5,2,4,6,2,6,6,9,1,0,2,0,0,2,4,3,S001;S002;S003;S008;S013;S015,S004;S005;S006;S007;S011,S009;S010;S012;S014
3,"1,2,3,8|4,5,6,7|9",False,False,12,4,7,4.144588524868612,0.4474671524976959,0.3433686604674826,3.6014714173640905,,0,0,0,4,2,4,6,2,6,6,10,0,0,2,0,0,2,4,4,S001;S002;S003;S009;S012;S013,S004;S005;S006;S007;S008;S011;S015,S010;S014
3,"1,2,3|4,5,6,7,8|9",False,False,12,4,6,3.471579209303753,0.5383552408057446,0.3756227103756659,4.583129144415215,,0,0,0,4,2,4,6,2,6,6,10,0,0,2,0,0,2,4,4,S001;S002;S003;S013,S004;S005;S006;S007;S008;S009;S011;S012;S015,S010;S014
3,"1,2,3,9|4,5,6,7|8",False,False,10,5,6,3.726161967706426,0.4434891739854491,0.4197377664238077,3.53238332907424,,0,0,0,5,2,4,6,2,6,5,8,1,0,2,0,0,2,3,2,S001;S002;S003;S010;S013;S014,S004;S005;S006;S007;S008;S011;S015,S009;S012
3,"1,2,3|4,5,6,7,9|8",False,False,11,5,7,3.739664541331543,0.5337947939153159,0.4786827342057436,4.499302106436143,,0,0,0,5,2,4,6,2,6,5,9,1,0,2,0,0,2,3,3,S001;S002;S003;S013,S004;S005;S006;S007;S008;S010;S011;S014;S015,S009;S012
3,"1,2,3|4,5,6,7|8,9",False,False,13,5,6,3.218461571158774,0.235469675187047,0.16768226161616995,1.7704492966765724,,0,0,0,5,2,4,6,2,6,6,10,1,0,2,0,0,2,4,4,S001;S002;S003;S013,S004;S005;S006;S007;S008;S011;S015,S009;S010;S012;S014
3,"1,2,3,8,9|4,5,6|7",False,False,11,4,5,2.8101219334490177,0.5229403329139657,0.529086993569993,3.984128850875235,,0,0,0,4,2,5,6,2,6,6,8,0,0,3,0,0,2,4,2,S001;S002;S003;S009;S010;S012;S013;S014,S004;S005;S006;S007;S011,S008;S015
3,"1,2,3,8|4,5,6,9|7",False,False,13,4,7,3.749751460783973,0.4081829621201232,0.4161007154812561,3.118290841789544,,0,0,0,4,2,5,6,2,6,6,10,0,0,3,0,0,2,4,4,S001;S002;S003;S009;S012;S013,S004;S005;S006;S007;S010;S011;S014,S008;S015
3,"1,2,3,8|4,5,6|7,9",False,False,13,4,8,4.675878414493811,0.23133605345532027,0.21121556031681132,1.6712548606068904,,0,0,0,4,2,5,6,2,6,6,10,0,0,3,0,0,2,4,4,S001;S002;S003;S009;S012;S013,S004;S005;S006;S007;S011,S008;S010;S014;S015
3,"1,2,3,9|4,5,6,8|7",False,False,12,5,5,3.063239571593997,0.4078919558769484,0.4243140694021297,3.105092687866266,,0,0,0,5,2,5,6,2,6,6,8,1,0,3,0,0,2,4,2,S001;S002;S003;S010;S013;S014,S004;S005;S006;S007;S009;S011;S012,S008;S015
3,"1,2,3|4,5,6,8,9|7",False,False,14,5,5,2.555539175046345,0.4920060420436999,0.4447633216895818,3.834085422868765,,0,0,0,5,2,5,6,2,6,6,10,1,0,3,0,0,2,4,4,S001;S002;S003;S013,S004;S005;S006;S007;S009;S010;S011;S012;S014,S008;S015
3,"1,2,3|4,5,6,8|7,9",False,False,14,5,7,4.002869098928953,0.19416308863925155,0.06203182267826434,1.5908387541304256,,0,0,0,5,2,5,6,2,6,6,10,1,0,3,0,0,2,4,4,S001;S002;S003;S013,S004;S005;S006;S007;S009;S011;S012,S008;S010;S014;S015
3,"1,2,3,9|4,5,6|7,8",False,False,11,4,7,4.257451857331625,0.22705709760329956,0.26195280147192207,1.652492245223194,,0,0,0,4,2,5,6,2,6,6,8,0,0,3,0,0,2,4,2,S001;S002;S003;S010;S013;S014,S004;S005;S006;S007;S011,S008;S009;S012;S015
3,"1,2,3|4,5,6,9|7,8",False,False,13,4,8,4.270954430956742,0.18967167376738395,0.16661301135920326,1.5726409730868451,,0,0,0,4,2,5,6,2,6,6,10,0,0,3,0,0,2,4,4,S001;S002;S003;S013,S004;S005;S006;S007;S010;S011;S014,S008;S009;S012;S015
3,"1,2,3|4,5,6|7,8,9",False,False,13,4,7,3.749751460783973,0.118962441020449,0.146252900929031,1.3138327543840354,,0,0,0,4,2,5,6,2,6,6,10,0,0,3,0,0,2,4,4,S001;S002;S003;S013,S004;S005;S006;S007;S011,S008;S009;S010;S012;S014;S015
3,"1,2,3,7,8,9|4,5|6",False,False,7,4,4,2.425498781076001,0.7931167311528491,0.7340996680593327,6.421162678495541,,1,0,0,4,3,4,6,3,6,4,6,0,1,2,0,0,2,2,0,S001;S002;S003;S008;S009;S010;S012;S013;S014;S015,S004;S005;S011,S006;S007
3,"1,2,3,7,8|4,5,9|6",False,False,10,5,6,3.3651283084109567,0.5811634035151966,0.5310202849094664,5.305684552646605,,0,0,0,4,3,4,6,3,6,5,8,0,1,2,0,0,2,3,2,S001;S002;S003;S008;S009;S012;S013;S015,S004;S005;S010;S011;S014,S006;S007
3,"1,2,3,7,8|4,5|6,9",False,False,11,5,7,4.291255262120795,0.5310484578337085,0.4269484902051002,3.136531976545575,,0,0,0,4,3,4,6,3,6,5,9,0,1,2,0,0,2,3,3,S001;S002;S003;S008;S009;S012;S013;S015,S004;S005;S011,S006;S007;S010;S014
3,"1,2,3,7,9|4,5,8|6",False,False,8,5,4,2.6786164192209805,0.5785344527059143,0.5780344184364722,5.288681081040465,,1,0,0,5,3,4,6,3,6,4,6,1,1,2,0,0,2,2,0,S001;S002;S003;S008;S010;S013;S014;S015,S004;S005;S009;S011;S012,S006;S007
3,"1,2,3,7|4,5,8,9|6",False,False,11,6,4,2.1709160226733286,0.47535904775223803,0.4532213390040044,4.17320295519153,,0,0,0,5,3,4,6,3,6,5,8,1,1,2,0,0,2,3,2,S001;S002;S003;S008;S013;S015,S004;S005;S009;S010;S011;S012;S014,S006;S007
3,"1,2,3,7|4,5,8|6,9",False,False,12,6,6,3.618245946555936,0.28098773599822685,0.1926268542057442,1.9726996484621342,,0,0,0,5,3,4,6,3,6,5,9,1,1,2,0,0,2,3,3,S001;S002;S003;S008;S013;S015,S004;S005;S009;S011;S012,S006;S007;S010;S014
3,"1,2,3,7,9|4,5|6,8",False,False,9,5,6,3.8728287049586085,0.5273651894421507,0.47722001225423394,3.126480128970442,,0,0,0,5,2,4,6,2,6,5,7,1,0,2,0,0,2,3,1,S001;S002;S003;S008;S010;S013;S014;S015,S004;S005;S011,S006;S007;S009;S012
3,"1,2,3,7|4,5,9|6,8",False,False,12,5,7,3.8863312785837256,0.2794717783012094,0.20615315515367771,1.9569702079360842,,0,0,0,5,2,4,6,2,6,6,9,1,0,2,0,0,2,4,3,S001;S002;S003;S008;S013;S015,S004;S005;S010;S011;S014,S006;S007;S009;S012
3,"1,2,3,7|4,5|6,8,9",False,False,11,5,6,3.3651283084109567,0.3371049055260558,0.296647104560559,2.4670491401610786,,0,0,0,5,2,4,6,2,6,5,9,1,0,2,0,0,2,3,3,S001;S002;S003;S008;S013;S015,S004;S005;S011,S006;S007;S009;S010;S012;S014
3,"1,2,3,8,9|4,5,7|6",False,False,11,5,6,3.5101185391621916,0.5556127495495925,0.5365687480194026,5.132840712788744,,0,0,0,4,3,5,6,3,6,5,8,0,1,3,0,0,2,3,2,S001;S002;S003;S009;S010;S012;S013;S014,S004;S005;S008;S011;S015,S006;S007
3,"1,2,3,8|4,5,7,9|6",False,False,12,5,8,4.449748066497147,0.4744364155870299,0.4772504159760527,4.095376836929784,,0,0,0,4,3,5,6,3,6,5,9,0,1,3,0,0,2,3,3,S001;S002;S003;S009;S012;S013,S004;S005;S008;S010;S011;S014;S015,S006;S007
3,"1,2,3,8|4,5,7|6,9",False,False,15,5,9,5.375875020206985,0.25596417543505895,0.18692774728045808,1.8990329126318195,,0,0,0,4,3,5,6,3,6,6,11,0,1,3,0,0,2,4,5,S001;S002;S003;S009;S012;S013,S004;S005;S008;S011;S015,S006;S007;S010;S014
3,"1,2,3,9|4,5,7,8|6",False,False,11,5,6,3.7632361773071707,0.4745594229905642,0.47223272111173314,4.112380308535922,,0,0,0,4,3,5,6,3,6,5,8,0,1,3,0,0,2,3,2,S001;S002;S003;S010;S013;S014,S004;S005;S008;S009;S011;S012;S015,S006;S007
3,"1,2,3|4,5,7,8,9|6",False,False,12,5,6,3.255535780759519,0.5693315289737114,0.5327260592636412,5.227858434384859,,0,0,0,4,3,5,6,3,6,5,9,0,1,3,0,0,2,3,3,S001;S002;S003;S013,S004;S005;S008;S009;S010;S011;S012;S014;S015,S006;S007
3,"1,2,3|4,5,7,8|6,9",False,False,15,5,8,4.702865704642127,0.2707257968386585,0.1588420226654814,1.9439483955361794,,0,0,0,4,3,5,6,3,6,6,11,0,1,3,0,0,2,4,5,S001;S002;S003;S013,S004;S005;S008;S009;S011;S012;S015,S006;S007;S010;S014
3,"1,2,3,9|4,5,7|6,8",False,False,13,5,8,4.957448463044798,0.251400076849227,0.2522277041899389,1.8759172975315421,,0,0,0,5,2,5,6,2,6,6,9,1,0,3,0,0,2,4,3,S001;S002;S003;S010;S013;S014,S004;S005;S008;S011;S015,S006;S007;S009;S012
3,"1,2,3|4,5,7,9|6,8",False,False,14,5,9,4.970951036669916,0.2661955354499883,0.25914550639958045,1.9204746441034939,,0,0,0,5,2,5,6,2,6,6,10,1,0,3,0,0,2,4,4,S001;S002;S003;S013,S004;S005;S008;S010;S011;S014;S015,S006;S007;S009;S012
3,"1,2,3|4,5,7|6,8,9",False,False,15,5,8,4.449748066497147,0.050611157320146684,0.05301685606150594,1.1258557060560503,,0,0,0,5,2,5,6,2,6,6,11,1,0,3,0,0,2,4,5,S001;S002;S003;S013,S004;S005;S008;S011;S015,S006;S007;S009;S010;S012;S014
3,"1,2,3,8,9|4,5|6,7",False,False,10,5,5,2.9788286495369922,0.49429788026199073,0.49247681786525144,3.034352846730427,,0,0,0,4,3,5,6,3,6,5,7,0,1,3,0,0,2,3,1,S001;S002;S003;S009;S010;S012;S013;S014,S004;S005;S011,S006;S007;S008;S015
3,"1,2,3,8|4,5,9|6,7",False,False,13,5,7,3.918458176871948,0.23849730206733155,0.2675199361948932,1.7555932456816494,,0,0,0,4,3,5,6,3,6,6,9,0,1,3,0,0,2,4,3,S001;S002;S003;S009;S012;S013,S004;S005;S010;S011;S014,S006;S007;S008;S015
3,"1,2,3,8|4,5|6,7,9",False,False,12,5,8,4.844585130581786,0.32400052837410737,0.317688980762406,2.3749218579210627,,0,0,0,4,3,5,6,3,6,5,9,0,1,3,0,0,2,3,3,S001;S002;S003;S009;S012;S013,S004;S005;S011,S006;S007;S008;S010;S014;S015
3,"1,2,3,9|4,5,8|6,7",False,False,11,6,5,3.231946287681972,0.23540377129861897,0.31369313477458033,1.7481627040616523,,0,0,0,5,3,5,6,3,6,5,7,1,1,3,0,0,2,3,1,S001;S002;S003;S010;S013;S014,S004;S005;S009;S011;S012,S006;S007;S008;S015
3,"1,2,3|4,5,8,9|6,7",False,False,14,6,5,2.72424589113432,0.22475066888645115,0.2230177752416353,1.7215831197343128,,0,0,0,5,3,5,6,3,6,6,9,1,1,3,0,0,2,4,3,S001;S002;S003;S013,S004;S005;S009;S010;S011;S012;S014,S006;S007;S008;S015
3,"1,2,3|4,5,8|6,7,9",False,False,13,6,7,4.1715758150169275,0.08564206313204958,0.1475854501222662,1.205286746358726,,0,0,0,5,3,5,6,3,6,5,9,1,1,3,0,0,2,3,3,S001;S002;S003;S013,S004;S005;S009;S011;S012,S006;S007;S008;S010;S014;S015
3,"1,2,3,9|4,5|6,7,8",False,False,9,4,7,4.4261585734196,0.3228675316382869,0.3285790244033205,2.3648700103459306,,0,0,0,4,2,5,6,2,6,5,7,0,0,3,0,0,2,3,1,S001;S002;S003;S010;S013;S014,S004;S005;S011,S006;S007;S008;S009;S012;S015
3,"1,2,3|4,5,9|6,7,8",False,False,12,4,8,4.439661147044717,0.0898203269243487,0.04871341603000368,1.2186450639888928,,0,0,0,4,2,5,6,2,6,6,9,0,0,3,0,0,2,4,3,S001;S002;S003;S013,S004;S005;S010;S011;S014,S006;S007;S008;S009;S012;S015
3,"1,2,3|4,5|6,7,8,9",False,False,11,4,7,3.918458176871948,0.38397493395116256,0.3532250792324179,2.681688372352103,,0,0,0,4,2,5,6,2,6,5,9,0,0,3,0,0,2,3,3,S001;S002;S003;S013,S004;S005;S011,S006;S007;S008;S009;S010;S012;S014;S015
3,"1,2,3,6,7,8,9|4|5",False,False,7,4,3,1.894208891450802,1.0206135889290213,0.9684409070003508,9.571812737369022,,0,0,0,4,3,4,6,3,6,4,6,0,1,2,0,0,2,2,0,S001;S002;S003;S006;S007;S008;S009;S010;S012;S013;S014;S015,S004,S005;S011
3,"1,2,3,6,7,8|4,9|5",False,False,10,5,5,2.8338384187857577,0.7719620658149684,0.7128976524668077,6.881962851622385,,0,0,0,4,3,4,6,3,6,5,8,0,1,2,0,0,2,3,2,S001;S002;S003;S006;S007;S008;S009;S012;S013;S015,S004;S010;S014,S005;S011
3,"1,2,3,6,7,8|4|5,9",False,False,10,5,6,3.7599653724955955,0.7792851352966618,0.6506873731989029,8.133069484347931,,0,0,0,4,3,4,6,3,6,5,8,0,1,2,0,0,2,3,2,S001;S002;S003;S006;S007;S008;S009;S012;S013;S015,S004,S005;S010;S011;S014
3,"1,2,3,6,7,9|4,8|5",False,False,8,5,4,2.4154118616235714,0.7684545714449448,0.7683027272926076,6.863405427925547,,0,0,0,5,3,4,6,3,6,4,6,1,1,2,0,0,2,2,0,S001;S002;S003;S006;S007;S008;S010;S013;S014;S015,S004;S009;S012,S005;S011
3,"1,2,3,6,7|4,8,9|5",False,False,11,6,4,1.9077114650759193,0.5721390744275086,0.5726123928096212,5.645983439908766,,0,0,0,5,3,4,6,3,6,5,8,1,1,2,0,0,2,3,2,S001;S002;S003;S006;S007;S008;S013;S015,S004;S009;S010;S012;S014,S005;S011
3,"1,2,3,6,7|4,8|5,9",False,False,11,6,6,3.3550413889585267,0.4974226895137487,0.39690238019839785,2.71161246124432,,0,0,0,5,3,4,6,3,6,5,8,1,1,2,0,0,2,3,2,S001;S002;S003;S006;S007;S008;S013;S015,S004;S009;S012,S005;S010;S011;S014
3,"1,2,3,6,7,9|4|5,8",False,False,9,5,4,3.0734534833056197,0.775922341900227,0.7211130606332127,8.111138413281298,,0,0,0,5,4,4,6,4,6,4,6,1,2,2,0,0,2,2,0,S001;S002;S003;S006;S007;S008;S010;S013;S014;S015,S004,S005;S009;S011;S012
3,"1,2,3,6,7|4,9|5,8",False,False,12,6,5,3.086956056930737,0.49759671752471135,0.41232046677992945,2.735997383896201,,0,0,0,5,4,4,6,4,6,5,8,1,2,2,0,0,2,3,2,S001;S002;S003;S006;S007;S008;S013;S015,S004;S010;S014,S005;S009;S011;S012
3,"1,2,3,6,7|4|5,8,9",False,False,12,6,4,2.565753086757968,0.5918074550131052,0.5131918701995378,6.672395160260209,,0,0,0,5,4,4,6,4,6,5,8,1,2,2,0,0,2,3,2,S001;S002;S003;S006;S007;S008;S013;S015,S004,S005;S009;S010;S011;S012;S014
3,"1,2,3,6,8,9|4,7|5",False,False,8,5,5,2.9788286495369922,0.7368507171144115,0.7190359168391904,6.693322764237374,,0,0,0,4,3,4,6,3,5,5,7,0,1,2,0,0,1,3,1,S001;S002;S003;S006;S007;S009;S010;S012;S013;S014,S004;S008;S015,S005;S011
3,"1,2,3,6,8|4,7,9|5",False,False,10,5,7,3.918458176871948,0.5521684028310413,0.5655565700334828,5.475900776220591,,0,0,0,4,3,4,6,3,5,5,9,0,1,2,0,0,1,3,3,S001;S002;S003;S006;S007;S009;S012;S013,S004;S008;S010;S014;S015,S005;S011
3,"1,2,3,6,8|4,7|5,9",False,False,11,5,8,4.844585130581786,0.4608861245588697,0.3806533692133266,2.4694897073326714,,0,0,0,4,3,4,6,3,5,6,9,0,1,2,0,0,1,4,3,S001;S002;S003;S006;S007;S009;S012;S013,S004;S008;S015,S005;S010;S011;S014
3,"1,2,3,6,9|4,7,8|5",False,False,8,5,6,3.5000316197097616,0.5501385866615855,0.5895026395023302,5.457343352523755,,0,0,0,4,3,4,6,3,5,5,7,0,1,2,0,0,1,3,1,S001;S002;S003;S006;S007;S010;S013;S014,S004;S008;S009;S012;S015,S005;S011
3,"1,2,3,6|4,7,8,9|5",False,False,10,5,6,2.9923312231621098,0.49713256709691,0.5350091215445631,4.705633898840817,,0,0,0,4,3,4,6,3,5,5,9,0,1,2,0,0,1,3,3,S001;S002;S003;S006;S007;S013,S004;S008;S009;S010;S012;S014;S015,S005;S011
3,"1,2,3,6|4,7,8|5,9",False,False,11,5,8,4.439661147044717,0.2517800319993158,0.19204489356808951,1.9120949406202457,,0,0,0,4,3,4,6,3,5,6,9,0,1,2,0,0,1,4,3,S001;S002;S003;S006;S007;S013,S004;S008;S009;S012;S015,S005;S010;S011;S014
3,"1,2,3,6,9|4,7|5,8",False,False,10,6,6,4.15807324139181,0.4569123979958765,0.4572771160947203,2.4406948131697406,,0,0,0,5,4,4,6,4,5,5,7,1,2,2,0,0,1,3,1,S001;S002;S003;S006;S007;S010;S013;S014,S004;S008;S015,S005;S009;S011;S012
3,"1,2,3,6|4,7,9|5,8",False,False,12,6,7,4.1715758150169275,0.2489650270540041,0.27663928887624417,1.896225583426803,,0,0,0,5,4,4,6,4,5,5,9,1,2,2,0,0,1,3,3,S001;S002;S003;S006;S007;S013,S004;S008;S010;S014;S015,S005;S009;S011;S012
3,"1,2,3,6|4,7|5,8,9",False,False,13,6,6,3.650372844844158,0.24654277296771426,0.20620313951282918,1.8825415964744538,,0,0,0,5,4,4,6,4,5,6,9,1,2,2,0,0,1,4,3,S001;S002;S003;S006;S007;S013,S004;S008;S015,S005;S009;S010;S011;S012;S014
3,"1,2,3,6,8,9|4|5,7",False,False,11,5,5,2.9788286495369922,0.74570040270911,0.6985946294290996,7.910135566901099,,0,0,0,4,3,5,6,3,6,5,8,0,1,3,0,0,2,3,2,S001;S002;S003;S006;S007;S009;S010;S012;S013;S014,S004,S005;S008;S011;S015
3,"1,2,3,6,8|4,9|5,7",False,False,14,5,7,3.918458176871948,0.4627917891043199,0.42324383708477054,2.6535767165581365,,0,0,0,4,3,5,6,3,6,6,10,0,1,3,0,0,2,4,4,S001;S002;S003;S006;S007;S009;S012;S013,S004;S010;S014,S005;S008;S011;S015
3,"1,2,3,6,8|4|5,7,9",False,False,12,5,8,4.844585130581786,0.5739076122604686,0.5046222842381444,6.471392313880009,,0,0,0,4,3,5,6,3,6,5,9,0,1,3,0,0,2,3,3,S001;S002;S003;S006;S007;S009;S012;S013,S004,S005;S008;S010;S011;S014;S015
3,"1,2,3,6,9|4,8|5,7",False,False,12,6,6,3.5000316197097616,0.4586458311655621,0.48292344862832776,2.6210137520756516,,0,0,0,5,3,5,6,3,6,5,8,1,1,3,0,0,2,3,2,S001;S002;S003;S006;S007;S010;S013;S014,S004;S009;S012,S005;S008;S011;S015
3,"1,2,3,6|4,8,9|5,7",False,False,15,6,6,2.9923312231621098,0.22585505721323576,0.25298511904523535,1.7621828662915708,,0,0,0,5,3,5,6,3,6,6,10,1,1,3,0,0,2,4,4,S001;S002;S003;S006;S007;S013,S004;S009;S010;S012;S014,S005;S008;S011;S015
3,"1,2,3,6|4,8|5,7,9",False,False,13,6,8,4.439661147044717,0.2737344237326228,0.26467517932019097,2.036319045044687,,0,0,0,5,3,5,6,3,6,5,9,1,1,3,0,0,2,3,3,S001;S002;S003;S006;S007;S013,S004;S009;S012,S005;S008;S010;S011;S014;S015
3,"1,2,3,6,9|4|5,7,8",False,False,12,5,6,4.15807324139181,0.5721063083971478,0.5338311618221667,6.449461242813376,,0,0,0,4,4,5,6,4,6,5,8,0,2,3,0,0,2,3,2,S001;S002;S003;S006;S007;S010;S013;S014,S004,S005;S008;S009;S011;S012;S015
3,"1,2,3,6|4,9|5,7,8",False,False,15,5,7,4.1715758150169275,0.2769231970246607,0.19977143011328236,2.054631205472354,,0,0,0,4,4,5,6,4,6,6,10,0,2,3,0,0,2,4,4,S001;S002;S003;S006;S007;S013,S004;S010;S014,S005;S008;S009;S011;S012;S015
3,"1,2,3,6|4|5,7,8,9",False,False,13,5,6,3.650372844844158,0.532122019727799,0.4687258773365613,5.742889776073667,,0,0,0,4,4,5,6,4,6,5,9,0,2,3,0,0,2,3,3,S001;S002;S003;S006;S007;S013,S004,S005;S008;S009;S010;S011;S012;S014;S015
3,"1,2,3,7,8,9|4,6|5",False,False,11,5,3,1.725502175362827,0.7960684605246984,0.7885306946939461,7.007994556131579,,0,0,0,4,3,5,6,3,7,5,7,0,1,3,0,0,3,3,1,S001;S002;S003;S008;S009;S010;S012;S013;S014;S015,S004;S006;S007,S005;S011
3,"1,2,3,7,8|4,6,9|5",False,False,13,5,5,2.6651317026977828,0.590923571388957,0.5892206899425648,5.790572568114798,,0,0,0,4,3,5,6,3,7,5,9,0,1,3,0,0,3,3,3,S001;S002;S003;S008;S009;S012;S013;S015,S004;S006;S007;S010;S014,S005;S011
3,"1,2,3,7,8|4,6|5,9",False,False,14,5,6,3.591258656407621,0.5291071613057345,0.4516414585446541,2.988588975069791,,0,0,0,4,3,5,6,3,7,6,9,0,1,3,0,0,3,4,3,S001;S002;S003;S008;S009;S012;S013;S015,S004;S006;S007,S005;S010;S011;S014
3,"1,2,3,7,9|4,6,8|5",False,False,11,5,4,2.2467051455355964,0.5884256570306021,0.6252462858963538,5.77201514441796,,0,0,0,5,2,5,6,2,7,5,7,1,0,3,0,0,3,3,1,S001;S002;S003;S008;S010;S013;S014;S015,S004;S006;S007;S009;S012,S005;S011
3,"1,2,3,7|4,6,8,9|5",False,False,13,5,4,1.7390047489879445,0.4942244289735265,0.5207719743824796,4.55459315640118,,0,0,0,5,2,5,6,2,7,5,9,1,0,3,0,0,3,3,3,S001;S002;S003;S008;S013;S015,S004;S006;S007;S009;S010;S012;S014,S005;S011
3,"1,2,3,7|4,6,8|5,9",False,False,14,5,6,3.1863346728705517,0.28939216927111766,0.2137999201945973,2.0540037850326893,,0,0,0,5,2,5,6,2,7,6,9,1,0,3,0,0,3,4,3,S001;S002;S003;S008;S013;S015,S004;S006;S007;S009;S012,S005;S010;S011;S014
3,"1,2,3,7,9|4,6|5,8",False,False,12,6,4,2.904746767217645,0.525312375036375,0.5249995472819807,2.979011250032468,,0,0,0,5,3,5,6,3,7,5,7,1,1,3,0,0,3,3,1,S001;S002;S003;S008;S010;S013;S014;S015,S004;S006;S007,S005;S009;S011;S012
3,"1,2,3,7|4,6,9|5,8",False,False,14,6,5,2.918249340842762,0.28756293959405055,0.27382105139300356,2.036956660933928,,0,0,0,5,3,5,6,3,7,5,9,1,1,3,0,0,3,3,3,S001;S002;S003;S008;S013;S015,S004;S006;S007;S010;S014,S005;S009;S011;S012
3,"1,2,3,7|4,6|5,8,9",False,False,15,6,4,2.397046370669993,0.3236199076549565,0.2949259056087453,2.350684104729284,,0,0,0,5,3,5,6,3,7,6,9,1,1,3,0,0,3,4,3,S001;S002;S003;S008;S013;S015,S004;S006;S007,S005;S009;S010;S011;S012;S014
3,"1,2,3,8,9|4,6,7|5",False,False,10,5,4,2.2788320438238183,0.5667371890605676,0.6082921017506411,5.601932480729787,,0,0,0,4,3,5,6,3,6,5,7,0,1,3,0,0,2,3,1,S001;S002;S003;S009;S010;S012;S013;S014,S004;S006;S007;S008;S015,S005;S011
3,"1,2,3,8|4,6,7,9|5",False,False,12,5,6,3.218461571158774,0.4942917635035143,0.5322763455293069,4.561044770634784,,0,0,0,4,3,5,6,3,6,5,9,0,1,3,0,0,2,3,3,S001;S002;S003;S009;S012;S013,S004;S006;S007;S008;S010;S014;S015,S005;S011
3,"1,2,3,8|4,6,7|5,9",False,False,13,5,7,4.144588524868612,0.26693492105424294,0.23561318376392432,1.97730090005756,,0,0,0,4,3,5,6,3,6,6,9,0,1,3,0,0,2,4,3,S001;S002;S003;S009;S012;S013,S004;S006;S007;S008;S015,S005;S010;S011;S014
3,"1,2,3,9|4,6,7,8|5",False,False,9,4,5,2.8000350139965877,0.49451385847914686,0.5332432853147007,4.5796021943316205,,0,0,0,4,2,5,6,2,6,5,7,0,0,3,0,0,2,3,1,S001;S002;S003;S010;S013;S014,S004;S006;S007;S008;S009;S012;S015,S005;S011
3,"1,2,3|4,6,7,8,9|5",False,False,11,4,5,2.292334617448936,0.5917977874176874,0.5865647782777517,5.797024182348402,,0,0,0,4,2,5,6,2,6,5,9,0,0,3,0,0,2,3,3,S001;S002;S003;S013,S004;S006;S007;S008;S009;S010;S012;S014;S015,S005;S011
3,"1,2,3|4,6,7,8|5,9",False,False,12,4,7,3.739664541331543,0.29305434022138827,0.18956387111923678,2.0652822146981267,,0,0,0,4,2,5,6,2,6,6,9,0,0,3,0,0,2,4,3,S001;S002;S003;S013,S004;S006;S007;S008;S009;S012;S015,S005;S010;S011;S014
3,"1,2,3,9|4,6,7|5,8",False,False,11,6,5,3.458076635678636,0.2623656158215691,0.32429931510236976,1.9525909076551715,,0,0,0,5,3,5,6,3,6,5,7,1,1,3,0,0,2,3,1,S001;S002;S003;S010;S013;S014,S004;S006;S007;S008;S015,S005;S009;S011;S012
3,"1,2,3|4,6,7,9|5,8",False,False,13,6,6,3.471579209303753,0.28851811355488544,0.3012885780942529,2.039842024815101,,0,0,0,5,3,5,6,3,6,5,9,1,1,3,0,0,2,3,3,S001;S002;S003;S013,S004;S006;S007;S008;S010;S014;S015,S005;S009;S011;S012
3,"1,2,3|4,6,7|5,8,9",False,False,14,6,5,2.9503762391309842,0.03803006627378826,0.025346458617343054,1.0968293819841348,,0,0,0,5,3,5,6,3,6,6,9,1,1,3,0,0,2,4,3,S001;S002;S003;S013,S004;S006;S007;S008;S015,S005;S009;S010;S011;S012;S014
3,"1,2,3,8,9|4,6|5,7",False,False,15,5,5,2.8101219334490177,0.49114821555661525,0.49986474466001385,2.8912293998665763,,0,0,0,4,3,6,6,3,7,6,9,0,1,4,0,0,3,4,3,S001;S002;S003;S009;S010;S012;S013;S014,S004;S006;S007,S005;S008;S011;S015
3,"1,2,3,8|4,6,9|5,7",False,False,17,5,7,3.749751460783973,0.24602044495625944,0.2794069512298428,1.8222765478653873,,0,0,0,4,3,6,6,3,7,6,11,0,1,4,0,0,3,4,5,S001;S002;S003;S009;S012;S013,S004;S006;S007;S010;S014,S005;S008;S011;S015
3,"1,2,3,8|4,6|5,7,9",False,False,16,5,8,4.675878414493811,0.3084211350888927,0.3136935422316033,2.2629022545633917,,0,0,0,4,3,6,6,3,7,6,10,0,1,4,0,0,3,4,4,S001;S002;S003;S009;S012;S013,S004;S006;S007,S005;S008;S010;S011;S014;S015
3,"1,2,3,9|4,6,8|5,7",False,False,15,5,6,3.3313249036217867,0.24323426368656162,0.3148394519717727,1.8145637694268935,,0,0,0,5,2,6,6,2,7,6,9,1,0,4,0,0,3,4,3,S001;S002;S003;S010;S013;S014,S004;S006;S007;S009;S012,S005;S008;S011;S015
3,"1,2,3|4,6,8,9|5,7",False,False,17,5,6,2.823624507074135,0.24700152972110992,0.250286245278247,1.824957947609626,,0,0,0,5,2,6,6,2,7,6,11,1,0,4,0,0,3,4,5,S001;S002;S003;S013,S004;S006;S007;S009;S010;S012;S014,S005;S008;S011;S015
3,"1,2,3|4,6,8|5,7,9",False,False,16,5,8,4.270954430956742,0.06583018636549211,0.12016482071626824,1.1508490690421984,,0,0,0,5,2,6,6,2,7,6,10,1,0,4,0,0,3,4,4,S001;S002;S003;S013,S004;S006;S007;S009;S012,S005;S008;S010;S011;S014;S015
3,"1,2,3,9|4,6|5,7,8",False,False,15,5,6,3.989366525303835,0.3070632213772418,0.3296608547896869,2.2533245295260693,,0,0,0,4,3,6,6,3,7,6,9,0,1,4,0,0,3,4,3,S001;S002;S003;S010;S013;S014,S004;S006;S007,S005;S008;S009;S011;S012;S015
3,"1,2,3|4,6,9|5,7,8",False,False,17,5,7,4.002869098928953,0.06972080819450895,0.01951697863552975,1.156743063168166,,0,0,0,4,3,6,6,3,7,6,11,0,1,4,0,0,3,4,5,S001;S002;S003;S013,S004;S006;S007;S010;S014,S005;S008;S009;S011;S012;S015
3,"1,2,3|4,6|5,7,8,9",False,False,16,5,6,3.481666128756183,0.3615690913353056,0.3314624793423641,2.5080315971694214,,0,0,0,4,3,6,6,3,7,6,10,0,1,4,0,0,3,4,4,S001;S002;S003;S013,S004;S006;S007,S005;S008;S009;S010;S011;S012;S014;S015
3,"1,2,3,7,8,9|4|5,6",False,False,8,4,4,2.425498781076001,0.8024393247792194,0.733687343071028,8.282013126169893,,0,0,0,4,3,4,6,3,7,4,6,0,1,2,0,0,3,2,0,S001;S002;S003;S008;S009;S010;S012;S013;S014;S015,S004,S005;S006;S007;S011
3,"1,2,3,7,8|4,9|5,6",False,False,11,5,6,3.3651283084109567,0.5279946715810265,0.4601698131246618,2.806064092508072,,0,0,0,4,3,4,6,3,7,5,8,0,1,2,0,0,3,3,2,S001;S002;S003;S008;S009;S012;S013;S015,S004;S010;S014,S005;S006;S007;S011
3,"1,2,3,7,8|4|5,6,9",False,False,12,5,7,4.291255262120795,0.6088796550797776,0.513629577076439,6.843269873148804,,0,0,0,4,3,4,6,3,7,5,9,0,1,2,0,0,3,3,3,S001;S002;S003;S008;S009;S012;S013;S015,S004,S005;S006;S007;S010;S011;S014
3,"1,2,3,7,9|4,8|5,6",False,False,8,4,5,2.9467017512487703,0.5240266359556776,0.5186464069294399,2.7721420650053465,,1,0,0,5,2,4,6,2,7,4,6,1,0,2,0,0,3,2,0,S001;S002;S003;S008;S010;S013;S014;S015,S004;S009;S012,S005;S006;S007;S011
3,"1,2,3,7|4,8,9|5,6",False,False,11,5,5,2.4390013547011185,0.3033492663881795,0.2982714422472774,2.1777824982348206,,0,0,0,5,2,4,6,2,7,5,8,1,0,2,0,0,3,3,2,S001;S002;S003;S008;S013;S015,S004;S009;S010;S012;S014,S005;S006;S007;S011
3,"1,2,3,7|4,8|5,6,9",False,False,12,5,7,3.8863312785837256,0.3044719348144614,0.26079300303772984,2.1874473579743814,,0,0,0,5,2,4,6,2,7,5,9,1,0,2,0,0,3,3,3,S001;S002;S003;S008;S013;S015,S004;S009;S012,S005;S006;S007;S010;S011;S014
3,"1,2,3,7,9|4|5,6,8",False,False,11,6,5,3.6047433729308187,0.6065984522294474,0.5501841555599031,6.82133880208217,,0,0,0,5,3,4,6,3,7,5,7,1,1,2,0,0,3,3,1,S001;S002;S003;S008;S010;S013;S014;S015,S004,S005;S006;S007;S009;S011;S012
3,"1,2,3,7|4,9|5,6,8",False,False,14,6,6,3.618245946555936,0.30676516261414977,0.2091619174166984,2.207118581422289,,0,0,0,5,3,4,6,3,7,6,9,1,1,2,0,0,3,4,3,S001;S002;S003;S008;S013;S015,S004;S010;S014,S005;S006;S007;S009;S011;S012
3,"1,2,3,7|4|5,6,8,9",False,False,13,6,5,3.097042976383167,0.5266256788521585,0.46021389983549316,5.382595549061083,,0,0,0,5,3,4,6,3,7,5,9,1,1,2,0,0,3,3,3,S001;S002;S003;S008;S013;S015,S004,S005;S006;S007;S009;S010;S011;S012;S014
3,"1,2,3,8,9|4,7|5,6",False,False,9,5,6,3.5101185391621916,0.4881499098288429,0.46818596891594805,2.678568665497708,,0,0,0,4,3,4,6,3,6,5,7,0,1,2,0,0,2,3,1,S001;S002;S003;S009;S010;S012;S013;S014,S004;S008;S015,S005;S006;S007;S011
3,"1,2,3,8|4,7,9|5,6",False,False,11,5,8,4.449748066497147,0.2843017241487607,0.31757403754594515,2.096457331416641,,0,0,0,4,3,4,6,3,6,5,9,0,1,2,0,0,2,3,3,S001;S002;S003;S009;S012;S013,S004;S008;S010;S014;S015,S005;S006;S007;S011
3,"1,2,3,8|4,7|5,6,9",False,False,13,5,9,5.375875020206985,0.26258277779580075,0.2259639434507767,1.9467397324409408,,0,0,0,4,3,4,6,3,6,6,10,0,1,2,0,0,2,4,4,S001;S002;S003;S009;S012;S013,S004;S008;S015,S005;S006;S007;S010;S011;S014
3,"1,2,3,9|4,7,8|5,6",False,False,8,4,7,4.03132150933496,0.2825217415682018,0.3322981465402834,2.087584083872566,,1,0,0,4,2,4,6,2,6,5,7,0,0,2,0,0,2,3,1,S001;S002;S003;S010;S013;S014,S004;S008;S009;S012;S015,S005;S006;S007;S011
3,"1,2,3|4,7,8,9|5,6",False,False,10,4,7,3.5236211127873087,0.3238873713317277,0.3431368860192138,2.2500027546024257,,0,0,0,4,2,4,6,2,6,5,9,0,0,2,0,0,2,3,3,S001;S002;S003;S013,S004;S008;S009;S010;S012;S014;S015,S005;S006;S007;S011
3,"1,2,3|4,7,8|5,6,9",False,False,12,4,9,4.970951036669916,0.041852056920529936,0.04736874330945867,1.1078854936114613,,0,0,0,4,2,4,6,2,6,6,10,0,0,2,0,0,2,4,4,S001;S002;S003;S013,S004;S008;S009;S012;S015,S005;S006;S007;S010;S011;S014
3,"1,2,3,9|4,7|5,6,8",False,False,12,6,7,4.689363131017009,0.26030698057851426,0.2590308430384005,1.9385001640552761,,0,0,0,5,3,4,6,3,6,6,8,1,1,2,0,0,2,4,2,S001;S002;S003;S010;S013;S014,S004;S008;S015,S005;S006;S007;S009;S011;S012
3,"1,2,3|4,7,9|5,6,8",False,False,14,6,8,4.702865704642127,0.0396300328873406,0.09136579194705519,1.1019914994854938,,0,0,0,5,3,4,6,3,6,6,10,1,1,2,0,0,2,4,4,S001;S002;S003;S013,S004;S008;S010;S014;S015,S005;S006;S007;S009;S011;S012
3,"1,2,3|4,7|5,6,8,9",False,False,14,6,7,4.1816627344693575,0.2845460662675739,0.22401526902981678,2.017905205183336,,0,0,0,5,3,4,6,3,6,6,10,1,1,2,0,0,2,4,4,S001;S002;S003;S013,S004;S008;S015,S005;S006;S007;S009;S010;S011;S012;S014
3,"1,2,3,8,9|4|5,6,7",False,False,12,5,5,2.9788286495369922,0.5869369888350418,0.5489947969038967,6.620335955701972,,0,0,0,4,3,5,6,3,7,5,8,0,1,3,0,0,3,3,2,S001;S002;S003;S009;S010;S012;S013;S014,S004,S005;S006;S007;S008;S011;S015
3,"1,2,3,8|4,9|5,6,7",False,False,15,5,7,3.918458176871948,0.2884412391453146,0.24334731626926293,2.124697914084224,,0,0,0,4,3,5,6,3,7,6,10,0,1,3,0,0,3,4,4,S001;S002;S003;S009;S012;S013,S004;S010;S014,S005;S006;S007;S008;S011;S015
3,"1,2,3,8|4|5,6,7,9",False,False,13,5,8,4.844585130581786,0.5281933603358807,0.47931795266660693,5.572015063185072,,0,0,0,4,3,5,6,3,7,5,9,0,1,3,0,0,3,3,3,S001;S002;S003;S009;S012;S013,S004,S005;S006;S007;S008;S010;S011;S014;S015
3,"1,2,3,9|4,8|5,6,7",False,False,12,5,6,3.5000316197097616,0.28391310550695714,0.3137754733554873,2.096848648805713,,0,0,0,5,2,5,6,2,7,5,8,1,0,3,0,0,3,3,2,S001;S002;S003;S010;S013;S014,S004;S009;S012,S005;S006;S007;S008;S011;S015
3,"1,2,3|4,8,9|5,6,7",False,False,15,5,6,2.9923312231621098,0.04309675181425081,0.03465249298496313,1.110820337780892,,0,0,0,5,2,5,6,2,7,6,10,1,0,3,0,0,3,4,4,S001;S002;S003;S013,S004;S009;S010;S012;S014,S005;S006;S007;S008;S011;S015
3,"1,2,3|4,8|5,6,7,9",False,False,13,5,8,4.439661147044717,0.32614954851948835,0.32168865838952004,2.2644260594098977,,0,0,0,5,2,5,6,2,7,5,9,1,0,3,0,0,3,3,3,S001;S002;S003;S013,S004;S009;S012,S005;S006;S007;S008;S010;S011;S014;S015
3,"1,2,3,9|4|5,6,7,8",False,False,12,5,6,4.15807324139181,0.5285650347040614,0.4716088493761273,5.593946134251706,,0,0,0,4,3,5,6,3,7,5,8,0,1,3,0,0,3,3,2,S001;S002;S003;S010;S013;S014,S004,S005;S006;S007;S008;S009;S011;S012;S015
3,"1,2,3|4,9|5,6,7,8",False,False,15,5,7,4.1715758150169275,0.33069320369391036,0.21930409834007267,2.293782310754519,,0,0,0,4,3,5,6,3,7,6,10,0,1,3,0,0,3,4,4,S001;S002;S003;S013,S004;S010;S014,S005;S006;S007;S008;S009;S011;S012;S015
3,"1,2,3|4|5,6,7,8,9",False,False,13,5,6,3.650372844844158,0.6296201647924446,0.5399525928589497,7.032689387272794,,0,0,0,4,3,5,6,3,7,5,9,0,1,3,0,0,3,3,3,S001;S002;S003;S013,S004,S005;S006;S007;S008;S009;S010;S011;S012;S014;S015
3,"1,2,4,5,6,7,8|3|9",False,False,9,4,5,2.8154729278321793,0.9481728251380168,0.7636542805368571,7.999444447281441,,0,0,0,4,2,3,6,2,5,6,9,0,0,1,0,0,1,4,3,S001;S002;S004;S005;S006;S007;S008;S009;S011;S012;S013;S015,S003,S010;S014
3,"1,2,4,5,6,7|3,8|9",False,False,10,4,8,4.530888183742577,0.694800981021802,0.5280544450100234,5.357469697885832,,0,0,0,4,2,3,6,2,5,6,10,0,0,1,0,0,1,4,4,S001;S002;S004;S005;S006;S007;S008;S011;S013;S015,S003;S009;S012,S010;S014
3,"1,2,4,5,6,7,9|3|8",False,False,7,5,5,2.6651317026977828,0.9442932548495606,0.8399765702616658,7.9803101721304905,,0,0,0,5,2,3,6,2,5,5,7,1,0,1,0,0,1,3,1,S001;S002;S004;S005;S006;S007;S008;S010;S011;S013;S014;S015,S003,S009;S012
3,"1,2,4,5,6,7|3,9|8",False,False,9,5,7,4.11246162658039,0.6940148917643428,0.5666139389901647,5.277030789126997,,0,0,0,5,2,3,6,2,5,5,9,1,0,1,0,0,1,3,3,S001;S002;S004;S005;S006;S007;S008;S011;S013;S015,S003;S010;S014,S009;S012
3,"1,2,4,5,6,7|3|8,9",False,False,10,5,6,3.083558259859969,0.7080320711511047,0.6196860826497387,6.725045019268758,,0,0,0,5,2,3,6,2,5,6,9,1,0,1,0,0,1,4,3,S001;S002;S004;S005;S006;S007;S008;S011;S013;S015,S003,S009;S010;S012;S014
3,"1,2,4,5,6,8|3,7|9",False,False,9,4,6,3.3688027962931706,0.6633024570984232,0.5320934949799508,5.2177624596707215,,0,0,0,4,2,3,6,2,5,6,9,0,0,1,0,0,1,4,3,S001;S002;S004;S005;S006;S007;S009;S011;S012;S013,S003;S008;S015,S010;S014
3,"1,2,4,5,6|3,7,8|9",False,False,10,4,9,5.084218052203568,0.4842726517628091,0.3828695970276244,4.2025192458307385,,0,0,0,4,2,3,6,2,5,6,10,0,0,1,0,0,1,4,4,S001;S002;S004;S005;S006;S007;S011;S013,S003;S008;S009;S012;S015,S010;S014
3,"1,2,4,5,6,9|3,7|8",False,False,7,5,6,3.218461571158774,0.6589468533067186,0.6151494589545925,5.124406816917403,,0,0,0,5,2,3,6,2,5,5,7,1,0,1,0,0,1,3,1,S001;S002;S004;S005;S006;S007;S010;S011;S013;S014,S003;S008;S015,S009;S012
3,"1,2,4,5,6|3,7,9|8",False,False,9,5,8,4.665791495041381,0.48150338206636256,0.4418703496174018,4.139421163856327,,0,0,0,5,2,3,6,2,5,5,9,1,0,1,0,0,1,3,3,S001;S002;S004;S005;S006;S007;S011;S013,S003;S008;S010;S014;S015,S009;S012
3,"1,2,4,5,6|3,7|8,9",False,False,10,5,7,3.6368881283209604,0.3842713031415226,0.3701683159623788,2.1533768463387855,,0,0,0,5,2,3,6,2,5,6,9,1,0,1,0,0,1,4,3,S001;S002;S004;S005;S006;S007;S011;S013,S003;S008;S015,S009;S010;S012;S014
3,"1,2,4,5,6,8,9|3|7",False,False,10,4,4,2.0343362048735756,0.9090354215122095,0.8271862277221218,7.8049405443965085,,0,0,0,4,2,4,6,2,6,6,8,0,0,2,0,0,2,4,2,S001;S002;S004;S005;S006;S007;S009;S010;S011;S012;S013;S014,S003,S008;S015
3,"1,2,4,5,6,8|3,9|7",False,False,12,4,6,3.481666128756183,0.6548835417313449,0.5495062894154014,4.517737059963353,,0,0,0,4,2,4,6,2,6,6,10,0,0,2,0,0,2,4,4,S001;S002;S004;S005;S006;S007;S009;S011;S012;S013,S003;S010;S014,S008;S015
3,"1,2,4,5,6,8|3|7,9",False,False,12,4,7,3.9000926859183696,0.6790326456429429,0.5533371473452902,6.549675391534778,,0,0,0,4,2,4,6,2,6,6,10,0,0,2,0,0,2,4,4,S001;S002;S004;S005;S006;S007;S009;S011;S012;S013,S003,S008;S010;S014;S015
3,"1,2,4,5,6,9|3,8|7",False,False,11,4,7,3.749751460783973,0.6513102120793105,0.5919842411450645,4.504538906040074,,0,0,0,4,2,4,6,2,6,6,9,0,0,2,0,0,2,4,3,S001;S002;S004;S005;S006;S007;S010;S011;S013;S014,S003;S009;S012,S008;S015
3,"1,2,4,5,6|3,8,9|7",False,False,12,4,7,3.749751460783973,0.4574706624330151,0.4522005986741416,3.6387008969543837,,0,0,0,4,2,4,6,2,6,6,10,0,0,2,0,0,2,4,4,S001;S002;S004;S005;S006;S007;S011;S013,S003;S009;S010;S012;S014,S008;S015
3,"1,2,4,5,6|3,8|7,9",False,False,13,4,10,5.615507941828767,0.38758045374408173,0.29326671536096344,2.319414918307251,,0,0,0,4,2,4,6,2,6,6,11,0,0,2,0,0,2,4,5,S001;S002;S004;S005;S006;S007;S011;S013,S003;S009;S012,S008;S010;S014;S015
3,"1,2,4,5,6,9|3|7,8",False,False,10,4,7,3.749751460783973,0.6759503685957475,0.6055183713879433,6.530541116383827,,0,0,0,4,2,4,6,2,6,6,8,0,0,2,0,0,2,4,2,S001;S002;S004;S005;S006;S007;S010;S011;S013;S014,S003,S008;S009;S012;S015
3,"1,2,4,5,6|3,9|7,8",False,False,12,4,9,5.19708138466658,0.38821338971258357,0.303528672549409,2.3390934572940285,,0,0,0,4,2,4,6,2,6,6,10,0,0,2,0,0,2,4,4,S001;S002;S004;S005;S006;S007;S011;S013,S003;S010;S014,S008;S009;S012;S015
3,"1,2,4,5,6|3|7,8,9",False,False,12,4,8,4.168178017946159,0.5236374662408114,0.4785741703303379,5.275275963522095,,0,0,0,4,2,4,6,2,6,6,10,0,0,2,0,0,2,4,4,S001;S002;S004;S005;S006;S007;S011;S013,S003,S008;S009;S010;S012;S014;S015
3,"1,2,4,5,7,8|3,6|9",False,False,11,5,6,3.515469533545353,0.7224088321324493,0.5905618097282334,5.476236345465092,,0,0,0,4,3,3,6,3,6,6,9,0,1,1,0,0,2,4,3,S001;S002;S004;S005;S008;S009;S011;S012;S013;S015,S003;S006;S007,S010;S014
3,"1,2,4,5,7|3,6,8|9",False,False,11,4,9,5.23088478945575,0.5188840402086915,0.4161306048502014,4.460993131625109,,0,0,0,4,2,3,6,2,6,6,10,0,0,1,0,0,2,4,4,S001;S002;S004;S005;S008;S011;S013;S015,S003;S006;S007;S009;S012,S010;S014
3,"1,2,4,5,7,9|3,6|8",False,False,9,6,6,3.3651283084109567,0.7181650995578148,0.670873224102605,5.378999886115804,,0,0,0,5,3,3,6,3,6,5,7,1,1,1,0,0,2,3,1,S001;S002;S004;S005;S008;S010;S011;S013;S014;S015,S003;S006;S007,S009;S012
3,"1,2,4,5,7|3,6,9|8",False,False,11,6,8,4.812458232293563,0.5166433676041543,0.4687343838885706,4.394014233054729,,0,0,0,5,3,3,6,3,6,5,9,1,1,1,0,0,2,3,3,S001;S002;S004;S005;S008;S011;S013;S015,S003;S006;S007;S010;S014,S009;S012
3,"1,2,4,5,7|3,6|8,9",False,False,12,6,7,3.783554865573143,0.45384682764355844,0.4354638845397065,2.6347751431268436,,0,0,0,5,3,3,6,3,6,6,9,1,1,1,0,0,2,4,3,S001;S002;S004;S005;S008;S011;S013;S015,S003;S006;S007,S009;S010;S012;S014
3,"1,2,4,5,8|3,6,7|9",False,False,11,5,6,3.5375095123811455,0.498981092048818,0.38717110812122096,4.321285893409999,,0,0,0,4,3,4,6,3,6,6,8,0,1,2,0,0,2,4,2,S001;S002;S004;S005;S009;S011;S012;S013,S003;S006;S007;S008;S015,S010;S014
3,"1,2,4,5|3,6,7,8|9",False,False,11,4,9,5.2529247682915425,0.45517184822491413,0.356081511118924,3.8633146683693074,,0,0,0,4,2,4,6,2,6,6,9,0,0,2,0,0,2,4,3,S001;S002;S004;S005;S011;S013,S003;S006;S007;S008;S009;S012;S015,S010;S014
3,"1,2,4,5,9|3,6,7|8",False,False,9,5,6,3.387168287246749,0.49442034825439735,0.4756226402452662,4.241390260845134,,0,0,0,5,3,4,6,3,6,5,6,1,1,2,0,0,2,3,0,S001;S002;S004;S005;S010;S011;S013;S014,S003;S006;S007;S008;S015,S009;S012
3,"1,2,4,5|3,6,7,9|8",False,False,11,6,8,4.834498211129356,0.4508640287899433,0.4284931785504527,3.7902951746652485,,0,0,0,5,3,4,6,3,6,5,8,1,1,2,0,0,2,3,2,S001;S002;S004;S005;S011;S013,S003;S006;S007;S008;S010;S014;S015,S009;S012
3,"1,2,4,5|3,6,7|8,9",False,False,12,6,7,3.8055948444089354,0.1962170477261019,0.20423417157547166,1.6405179567732948,,0,0,0,5,3,4,6,3,6,6,8,1,1,2,0,0,2,4,2,S001;S002;S004;S005;S011;S013,S003;S006;S007;S008;S015,S009;S010;S012;S014
3,"1,2,4,5,8,9|3,6|7",False,False,11,5,4,2.2030429209615505,0.6794678984101339,0.635813605134946,4.607371583725882,,0,0,0,4,3,4,6,3,7,6,7,0,1,2,0,0,3,4,1,S001;S002;S004;S005;S009;S010;S011;S012;S013;S014,S003;S006;S007,S008;S015
3,"1,2,4,5,8|3,6,9|7",False,False,13,5,6,3.650372844844158,0.4747589081489395,0.4396219768085676,3.7415335746401928,,0,0,0,4,3,4,6,3,7,6,9,0,1,2,0,0,3,4,3,S001;S002;S004;S005;S009;S011;S012;S013,S003;S006;S007;S010;S014,S008;S015
3,"1,2,4,5,8|3,6|7,9",False,False,13,5,7,4.068799402006345,0.42072880976936644,0.344443856166231,2.552260521897203,,0,0,0,4,3,4,6,3,7,6,9,0,1,2,0,0,3,4,3,S001;S002;S004;S005;S009;S011;S012;S013,S003;S006;S007,S008;S010;S014;S015
3,"1,2,4,5,9|3,6,8|7",False,False,11,4,7,3.918458176871948,0.4724252843640732,0.4671774659396924,3.728335420716914,,0,0,0,4,2,4,6,2,7,6,8,0,0,2,0,0,3,4,2,S001;S002;S004;S005;S010;S011;S013;S014,S003;S006;S007;S009;S012,S008;S015
3,"1,2,4,5|3,6,8,9|7",False,False,12,4,7,3.918458176871948,0.4116459694504012,0.4172050766353411,3.210842690018117,,0,0,0,4,2,4,6,2,7,6,9,0,0,2,0,0,3,4,3,S001;S002;S004;S005;S011;S013,S003;S006;S007;S009;S010;S012;S014,S008;S015
3,"1,2,4,5|3,6,8|7,9",False,False,13,4,10,5.784214657916742,0.1726135428847842,0.12477995446462631,1.5341618070230667,,0,0,0,4,2,4,6,2,7,6,10,0,0,2,0,0,3,4,4,S001;S002;S004;S005;S011;S013,S003;S006;S007;S009;S012,S008;S010;S014;S015
3,"1,2,4,5,9|3,6|7,8",False,False,11,5,7,3.918458176871948,0.4172107896274593,0.4010145264392901,2.5432574950505056,,0,0,0,4,3,4,6,3,7,6,7,0,1,2,0,0,3,4,1,S001;S002;S004;S005;S010;S011;S013;S014,S003;S006;S007,S008;S009;S012;S015
3,"1,2,4,5|3,6,9|7,8",False,False,13,5,9,5.365788100754555,0.1704638329944371,0.16792638575944638,1.5233860145870763,,0,0,0,4,3,4,6,3,7,6,9,0,1,2,0,0,3,4,3,S001;S002;S004;S005;S011;S013,S003;S006;S007;S010;S014,S008;S009;S012;S015
3,"1,2,4,5|3,6|7,8,9",False,False,13,5,8,4.336884734034134,0.26823181828975456,0.2798388402275823,1.952632254126404,,0,0,0,4,3,4,6,3,7,6,9,0,1,2,0,0,3,4,3,S001;S002;S004;S005;S011;S013,S003;S006;S007,S008;S009;S010;S012;S014;S015
3,"1,2,4,5,7,8,9|3|6",False,False,9,5,4,2.181002942125758,0.9746792069511,0.8902071843677428,8.129393806158944,,0,0,0,4,3,4,6,3,6,5,7,0,1,2,0,0,2,3,1,S001;S002;S004;S005;S008;S009;S010;S011;S012;S013;S014;S015,S003,S006;S007
3,"1,2,4,5,7,8|3,9|6",False,False,11,5,6,3.628332866008366,0.7275224848302031,0.6178248427014953,6.108621855345228,,0,0,0,4,3,4,6,3,6,5,9,0,1,2,0,0,2,3,3,S001;S002;S004;S005;S008;S009;S011;S012;S013;S015,S003;S010;S014,S006;S007
3,"1,2,4,5,7,8|3|6,9",False,False,13,5,7,4.046759423170553,0.7336649101297918,0.5964009886553564,6.874128653297214,,0,0,0,4,3,4,6,3,6,6,10,0,1,2,0,0,2,4,4,S001;S002;S004;S005;S008;S009;S011;S012;S013;S015,S003,S006;S007;S010;S014
3,"1,2,4,5,7,9|3,8|6",False,False,10,5,7,3.8964181980361556,0.724063041904236,0.658375027825934,6.091618383739089,,0,0,0,4,3,4,6,3,6,5,8,0,1,2,0,0,2,3,2,S001;S002;S004;S005;S008;S010;S011;S013;S014;S015,S003;S009;S012,S006;S007
3,"1,2,4,5,7|3,8,9|6",False,False,11,5,7,3.8964181980361556,0.5348869572944348,0.5198914176088699,4.976140257890153,,0,0,0,4,3,4,6,3,6,5,9,0,1,2,0,0,2,3,3,S001;S002;S004;S005;S008;S011;S013;S015,S003;S009;S010;S012;S014,S006;S007
3,"1,2,4,5,7|3,8|6,9",False,False,14,5,10,5.76217467908095,0.4514483492330469,0.3458089296848048,2.462069395689853,,0,0,0,4,3,4,6,3,6,6,11,0,1,2,0,0,2,4,5,S001;S002;S004;S005;S008;S011;S013;S015,S003;S009;S012,S006;S007;S010;S014
3,"1,2,4,5,7,9|3|6,8",False,False,11,5,7,3.8964181980361556,0.7303282375010706,0.6541866571060962,6.854994378146264,,0,0,0,5,2,4,6,2,6,6,8,1,0,2,0,0,2,4,2,S001;S002;S004;S005;S008;S010;S011;S013;S014;S015,S003,S006;S007;S009;S012
3,"1,2,4,5,7|3,9|6,8",False,False,13,5,9,5.343748121918763,0.45159984880733217,0.36357638043689655,2.482958253568974,,0,0,0,5,2,4,6,2,6,6,10,1,0,2,0,0,2,4,4,S001;S002;S004;S005;S008;S011;S013;S015,S003;S010;S014,S006;S007;S009;S012
3,"1,2,4,5,7|3|6,8,9",False,False,13,5,8,4.314844755198342,0.5515354361650262,0.5037339716448221,5.599729225284531,,0,0,0,5,2,4,6,2,6,6,10,1,0,2,0,0,2,4,4,S001;S002;S004;S005;S008;S011;S013;S015,S003,S006;S007;S009;S010;S012;S014
3,"1,2,4,5,8,9|3,7|6",False,False,8,4,4,2.2030429209615505,0.692956540139887,0.6490982155760788,5.935778015487366,,1,0,0,4,3,4,6,3,6,5,6,0,1,2,0,0,2,3,0,S001;S002;S004;S005;S009;S010;S011;S012;S013;S014,S003;S008;S015,S006;S007
3,"1,2,4,5,8|3,7,9|6",False,False,10,5,6,3.650372844844158,0.5168614984844143,0.48309828062934024,4.820299889638431,,0,0,0,4,3,4,6,3,6,5,8,0,1,2,0,0,2,3,2,S001;S002;S004;S005;S009;S011;S012;S013,S003;S008;S010;S014;S015,S006;S007
3,"1,2,4,5,8|3,7|6,9",False,False,12,5,7,4.068799402006345,0.4150749651890424,0.32588891048137963,2.278586495761594,,0,0,0,4,3,4,6,3,6,6,9,0,1,2,0,0,2,4,3,S001;S002;S004;S005;S009;S011;S012;S013,S003;S008;S015,S006;S007;S010;S014
3,"1,2,4,5,9|3,7,8|6",False,False,9,5,7,3.918458176871948,0.5150627665298283,0.5044127047438028,4.803296418032292,,0,0,0,4,3,4,6,3,6,5,7,0,1,2,0,0,2,3,1,S001;S002;S004;S005;S010;S011;S013;S014,S003;S008;S009;S012;S015,S006;S007
3,"1,2,4,5|3,7,8,9|6",False,False,10,5,7,3.918458176871948,0.48455552263870416,0.4747816336383189,4.424921131686236,,0,0,0,4,3,4,6,3,6,5,8,0,1,2,0,0,2,3,2,S001;S002;S004;S005;S011;S013,S003;S008;S009;S010;S012;S014;S015,S006;S007
3,"1,2,4,5|3,7,8|6,9",False,False,13,5,10,5.784214657916742,0.2205941820404612,0.15246830941708286,1.743255223073245,,0,0,0,4,3,4,6,3,6,6,10,0,1,2,0,0,2,4,4,S001;S002;S004;S005;S011;S013,S003;S008;S009;S012;S015,S006;S007;S010;S014
3,"1,2,4,5,9|3,7|6,8",False,False,10,5,7,3.918458176871948,0.41107799981049975,0.3924305901353396,2.2524444871011293,,0,0,0,5,2,4,6,2,6,6,7,1,0,2,0,0,2,4,1,S001;S002;S004;S005;S010;S011;S013;S014,S003;S008;S015,S006;S007;S009;S012
3,"1,2,4,5|3,7,9|6,8",False,False,12,5,9,5.365788100754555,0.21729206957873673,0.20943469958100364,1.7293552716161478,,0,0,0,5,2,4,6,2,6,6,9,1,0,2,0,0,2,4,3,S001;S002;S004;S005;S011;S013,S003;S008;S010;S014;S015,S006;S007;S009;S012
3,"1,2,4,5|3,7|6,8,9",False,False,12,5,8,4.336884734034134,0.2088802075200973,0.23312944009555964,1.6940209771214556,,0,0,0,5,2,4,6,2,6,6,9,1,0,2,0,0,2,4,3,S001;S002;S004;S005;S011;S013,S003;S008;S015,S006;S007;S009;S010;S012;S014
3,"1,2,4,5,8,9|3|6,7",False,False,12,5,4,2.2030429209615505,0.7003961147635759,0.6450390181284309,6.679624750412281,,0,0,0,4,3,5,6,3,7,6,7,0,1,3,0,0,3,4,1,S001;S002;S004;S005;S009;S010;S011;S012;S013;S014,S003,S006;S007;S008;S015
3,"1,2,4,5,8|3,9|6,7",False,False,14,5,6,3.650372844844158,0.41674685764587543,0.3437198219309211,2.4051981606985406,,0,0,0,4,3,5,6,3,7,6,9,0,1,3,0,0,3,4,3,S001;S002;S004;S005;S009;S011;S012;S013,S003;S010;S014,S006;S007;S008;S015
3,"1,2,4,5,8|3|6,7,9",False,False,14,5,7,4.068799402006345,0.5352447982849212,0.46991033537413013,5.42435959755055,,0,0,0,4,3,5,6,3,7,6,9,0,1,3,0,0,3,4,3,S001;S002;S004;S005;S009;S011;S012;S013,S003,S006;S007;S008;S010;S014;S015
3,"1,2,4,5,9|3,8|6,7",False,False,13,5,7,3.918458176871948,0.41260032372947303,0.3936792546407013,2.3765505987321505,,0,0,0,4,3,5,6,3,7,6,8,0,1,3,0,0,3,4,2,S001;S002;S004;S005;S010;S011;S013;S014,S003;S009;S012,S006;S007;S008;S015
3,"1,2,4,5|3,8,9|6,7",False,False,14,5,7,3.918458176871948,0.18949831631141523,0.2427444890699697,1.6115819134936704,,0,0,0,4,3,5,6,3,7,6,9,0,1,3,0,0,3,4,3,S001;S002;S004;S005;S011;S013,S003;S009;S010;S012;S014,S006;S007;S008;S015
3,"1,2,4,5|3,8|6,7,9",False,False,15,5,10,5.784214657916742,0.23967683062306558,0.20312836347131197,1.8246399987727784,,0,0,0,4,3,5,6,3,7,6,10,0,1,3,0,0,3,4,4,S001;S002;S004;S005;S011;S013,S003;S009;S012,S006;S007;S008;S010;S014;S015
3,"1,2,4,5,9|3|6,7,8",False,False,11,4,7,3.918458176871948,0.5336362528524785,0.49438147179828185,5.4052253223996,,0,0,0,4,2,5,6,2,7,6,7,0,0,3,0,0,3,4,1,S001;S002;S004;S005;S010;S011;S013;S014,S003,S006;S007;S008;S009;S012;S015
3,"1,2,4,5|3,9|6,7,8",False,False,13,4,9,5.365788100754555,0.2432376525559554,0.16861172282929804,1.8401207344830102,,0,0,0,4,2,5,6,2,7,6,9,0,0,3,0,0,3,4,3,S001;S002;S004;S005;S011;S013,S003;S010;S014,S006;S007;S008;S009;S012;S015
3,"1,2,4,5|3|6,7,8,9",False,False,13,4,8,4.336884734034134,0.5130762963098024,0.46726019953396664,5.104749430605305,,0,0,0,4,2,5,6,2,7,6,9,0,0,3,0,0,3,4,3,S001;S002;S004;S005;S011;S013,S003,S006;S007;S008;S009;S010;S012;S014;S015
3,"1,2,4,6,7,8|3,5|9",False,False,9,4,6,3.083558259859969,0.7402115239274852,0.5938498286889815,5.55130504342451,,0,0,0,4,2,3,6,2,5,6,9,0,0,1,0,0,1,4,3,S001;S002;S004;S006;S007;S008;S009;S012;S013;S015,S003;S005;S011,S010;S014
3,"1,2,4,6,7|3,5,8|9",False,False,11,5,7,4.2628028517147865,0.5306370077955486,0.4085137190458855,4.536061829584527,,0,0,0,4,3,3,6,3,5,6,10,0,1,1,0,0,1,4,4,S001;S002;S004;S006;S007;S008;S013;S015,S003;S005;S009;S011;S012,S010;S014
3,"1,2,4,6,7,9|3,5|8",False,False,8,6,5,2.6651317026977828,0.7360005532528596,0.6648884827630863,5.452941476599807,,0,0,0,5,3,3,6,3,5,5,7,1,1,1,0,0,1,3,1,S001;S002;S004;S006;S007;S008;S010;S013;S014;S015,S003;S005;S011,S009;S012
3,"1,2,4,6,7|3,5,9|8",False,False,10,6,7,4.11246162658039,0.5285435000023468,0.456829376825049,4.467955823538731,,0,0,0,5,3,3,6,3,5,5,9,1,1,1,0,0,1,3,3,S001;S002;S004;S006;S007;S008;S013;S015,S003;S005;S010;S011;S014,S009;S012
3,"1,2,4,6,7|3,5|8,9",False,False,11,6,6,3.083558259859969,0.4745142001011363,0.4253461509248438,2.8034086518264334,,0,0,0,5,3,3,6,3,5,6,9,1,1,1,0,0,1,4,3,S001;S002;S004;S006;S007;S008;S013;S015,S003;S005;S011,S009;S010;S012;S014
3,"1,2,4,6,8|3,5,7|9",False,False,12,4,7,3.6368881283209604,0.5093440593989945,0.40427678060380756,4.396354591369417,,0,0,0,4,2,4,6,2,6,6,10,0,0,2,0,0,2,4,4,S001;S002;S004;S006;S007;S009;S012;S013,S003;S005;S008;S011;S015,S010;S014
3,"1,2,4,6|3,5,7,8|9",False,False,13,5,8,4.816132720175778,0.4515828379003539,0.3470100352415291,3.7882459704098896,,0,0,0,4,3,4,6,3,6,6,10,0,1,2,0,0,2,4,4,S001;S002;S004;S006;S007;S013,S003;S005;S008;S009;S011;S012;S015,S010;S014
3,"1,2,4,6,9|3,5,7|8",False,False,11,6,6,3.218461571158774,0.5047750450887639,0.4814108665550772,4.3153318513291365,,0,0,0,5,3,4,6,3,6,5,8,1,1,2,0,0,2,3,2,S001;S002;S004;S006;S007;S010;S013;S014,S003;S005;S008;S011;S015,S009;S012
3,"1,2,4,6|3,5,7,9|8",False,False,12,6,8,4.665791495041381,0.4473554467901372,0.4250439808376098,3.7163535841812467,,0,0,0,5,3,4,6,3,6,5,9,1,1,2,0,0,2,3,3,S001;S002;S004;S006;S007;S013,S003;S005;S008;S010;S011;S014;S015,S009;S012
3,"1,2,4,6|3,5,7|8,9",False,False,14,6,7,3.6368881283209604,0.20517937070909822,0.2095395806652352,1.6777683975359146,,0,0,0,5,3,4,6,3,6,6,10,1,1,2,0,0,2,4,4,S001;S002;S004;S006;S007;S013,S003;S005;S008;S011;S015,S009;S010;S012;S014
3,"1,2,4,6,8,9|3,5|7",False,False,10,4,5,2.302421536901366,0.6976169837507269,0.6581823633033755,4.67236891571172,,0,0,0,4,2,4,6,2,6,6,8,0,0,2,0,0,2,4,2,S001;S002;S004;S006;S007;S009;S010;S012;S013;S014,S003;S005;S011,S008;S015
3,"1,2,4,6,8|3,5,9|7",False,False,12,4,7,3.749751460783973,0.48671450548970835,0.45152774220128666,3.8065309066260298,,0,0,0,4,2,4,6,2,6,6,10,0,0,2,0,0,2,4,4,S001;S002;S004;S006;S007;S009;S012;S013,S003;S005;S010;S011;S014,S008;S015
3,"1,2,4,6,8|3,5|7,9",False,False,12,4,8,4.168178017946159,0.44187853691641976,0.37030251956108173,2.717065807515845,,0,0,0,4,2,4,6,2,6,6,10,0,0,2,0,0,2,4,4,S001;S002;S004;S006;S007;S009;S012;S013,S003;S005;S011,S008;S010;S014;S015
3,"1,2,4,6,9|3,5,8|7",False,False,12,5,6,3.481666128756183,0.48422607096364695,0.4779564728991609,3.793332752702752,,0,0,0,4,3,4,6,3,6,6,9,0,1,2,0,0,2,4,3,S001;S002;S004;S006;S007;S010;S013;S014,S003;S005;S009;S011;S012,S008;S015
3,"1,2,4,6|3,5,8,9|7",False,False,13,5,6,3.481666128756183,0.4089545214310711,0.4104355649534245,3.1458453580322785,,0,0,0,4,3,4,6,3,6,6,10,0,1,2,0,0,2,4,4,S001;S002;S004;S006;S007;S013,S003;S005;S009;S010;S011;S012;S014,S008;S015
3,"1,2,4,6|3,5,8|7,9",False,False,14,5,9,5.347422609800978,0.185299089721247,0.1385634165156794,1.568997270589214,,0,0,0,4,3,4,6,3,6,6,11,0,1,2,0,0,2,4,5,S001;S002;S004;S006;S007;S013,S003;S005;S009;S011;S012,S008;S010;S014;S015
3,"1,2,4,6,9|3,5|7,8",False,False,11,5,7,3.749751460783973,0.4384129078306942,0.4138875770781252,2.7076450899052653,,0,0,0,4,3,4,6,3,6,6,8,0,1,2,0,0,2,4,2,S001;S002;S004;S006;S007;S010;S013;S014,S003;S005;S011,S008;S009;S012;S015
3,"1,2,4,6|3,5,9|7,8",False,False,13,5,9,5.19708138466658,0.18357862367359737,0.16978205182784492,1.5579767974923688,,0,0,0,4,3,4,6,3,6,6,10,0,1,2,0,0,2,4,4,S001;S002;S004;S006;S007;S013,S003;S005;S010;S011;S014,S008;S009;S012;S015
3,"1,2,4,6|3,5|7,8,9",False,False,13,5,8,4.168178017946159,0.28868741240984985,0.29442850701324425,2.089618097075847,,0,0,0,4,3,4,6,3,6,6,10,0,1,2,0,0,2,4,4,S001;S002;S004;S006;S007;S013,S003;S005;S011,S008;S009;S010;S012;S014;S015
3,"1,2,4,7,8|3,5,6|9",False,False,10,4,7,3.783554865573143,0.5506001917387802,0.4506112708102463,4.654828477163788,,0,0,0,4,2,3,6,2,6,6,9,0,0,1,0,0,2,4,3,S001;S002;S004;S008;S009;S012;S013;S015,S003;S005;S006;S007;S011,S010;S014
3,"1,2,4,7|3,5,6,8|9",False,False,12,5,8,4.962799457427961,0.44774159352423404,0.3524318796553545,3.6395852633238057,,0,0,0,4,3,3,6,3,6,6,10,0,1,1,0,0,2,4,4,S001;S002;S004;S008;S013;S015,S003;S005;S006;S007;S009;S011;S012,S010;S014
3,"1,2,4,7,9|3,5,6|8",False,False,9,6,6,3.3651283084109567,0.5460520396738712,0.5254302749227033,4.569924920527539,,0,0,0,5,3,3,6,3,6,5,7,1,1,1,0,0,2,3,1,S001;S002;S004;S008;S010;S013;S014;S015,S003;S005;S006;S007;S011,S009;S012
3,"1,2,4,7|3,5,6,9|8",False,False,11,6,8,4.812458232293563,0.4438767703635664,0.42331924639316815,3.584939267466464,,0,0,0,5,3,3,6,3,6,5,9,1,1,1,0,0,2,3,3,S001;S002;S004;S008;S013;S015,S003;S005;S006;S007;S010;S011;S014,S009;S012
3,"1,2,4,7|3,5,6|8,9",False,False,12,6,7,3.783554865573143,0.2494712645901139,0.26358562378038314,1.806027797701246,,0,0,0,5,3,3,6,3,6,6,9,1,1,1,0,0,2,4,3,S001;S002;S004;S008;S013;S015,S003;S005;S006;S007;S011,S009;S010;S012;S014
3,"1,2,4,8|3,5,6,7|9",False,False,12,4,7,3.8055948444089354,0.44816069444948275,0.33290817460186395,3.6694793228306297,,0,0,0,4,2,4,6,2,7,6,9,0,0,2,0,0,3,4,3,S001;S002;S004;S009;S012;S013,S003;S005;S006;S007;S008;S011;S015,S010;S014
3,"1,2,4|3,5,6,7,8|9",False,False,13,5,8,4.984839436263753,0.5558715015470835,0.41150292656916604,4.684722536670612,,0,0,0,4,3,4,6,3,7,6,9,0,1,2,0,0,3,4,3,S001;S002;S004;S013,S003;S005;S006;S007;S008;S009;S011;S012;S015,S010;S014
3,"1,2,4,9|3,5,6,7|8",False,False,11,6,6,3.387168287246749,0.4443456177397363,0.40854522454367137,3.6143844871924395,,0,0,0,5,3,4,6,3,7,5,7,1,1,2,0,0,3,3,1,S001;S002;S004;S010;S013;S014,S003;S005;S006;S007;S008;S011;S015,S009;S012
3,"1,2,4|3,5,6,7,9|8",False,False,12,6,8,4.834498211129356,0.5513296816453175,0.4950300352605124,4.599370140253513,,0,0,0,5,3,4,6,3,7,5,8,1,1,2,0,0,3,3,2,S001;S002;S004;S013,S003;S005;S006;S007;S008;S010;S011;S014;S015,S009;S012
3,"1,2,4|3,5,6,7|8,9",False,False,14,6,7,3.8055948444089354,0.2556167563752729,0.17903092373575002,1.8208617687581994,,0,0,0,5,3,4,6,3,7,6,9,1,1,2,0,0,3,4,3,S001;S002;S004;S013,S003;S005;S006;S007;S008;S011;S015,S009;S010;S012;S014
3,"1,2,4,8,9|3,5,6|7",False,False,10,4,5,2.471128252989341,0.504386102106745,0.4990058602579035,3.896165430388561,,0,0,0,4,2,4,6,2,7,6,7,0,0,2,0,0,3,4,1,S001;S002;S004;S009;S010;S012;S013;S014,S003;S005;S006;S007;S011,S008;S015
3,"1,2,4,8|3,5,6,9|7",False,False,12,4,7,3.918458176871948,0.40720907905552045,0.41732081264244547,3.04301268034647,,0,0,0,4,2,4,6,2,7,6,9,0,0,2,0,0,3,4,3,S001;S002;S004;S009;S012;S013,S003;S005;S006;S007;S010;S011;S014,S008;S015
3,"1,2,4,8|3,5,6|7,9",False,False,12,4,8,4.336884734034134,0.20877905901564842,0.16943709719268263,1.6241106712087026,,0,0,0,4,2,4,6,2,7,6,9,0,0,2,0,0,3,4,3,S001;S002;S004;S009;S012;S013,S003;S005;S006;S007;S011,S008;S010;S014;S015
3,"1,2,4,9|3,5,6,8|7",False,False,12,5,6,3.650372844844158,0.40725937843534116,0.41370627375065583,3.056210834269748,,0,0,0,4,3,4,6,3,7,6,8,0,1,2,0,0,3,4,2,S001;S002;S004;S010;S013;S014,S003;S005;S006;S007;S009;S011;S012,S008;S015
3,"1,2,4|3,5,6,8,9|7",False,False,13,5,6,3.650372844844158,0.5097268428793464,0.4631072060581568,3.9220488433554386,,0,0,0,4,3,4,6,3,7,6,9,0,1,2,0,0,3,4,3,S001;S002;S004;S013,S003;S005;S006;S007;S009;S010;S011;S012;S014,S008;S015
3,"1,2,4|3,5,6,8|7,9",False,False,14,5,9,5.5161293258889526,0.21521439610133516,0.11735331751845221,1.637982943528614,,0,0,0,4,3,4,6,3,7,6,10,0,1,2,0,0,3,4,4,S001;S002;S004;S013,S003;S005;S006;S007;S009;S011;S012,S008;S010;S014;S015
3,"1,2,4,9|3,5,6|7,8",False,False,11,5,7,3.918458176871948,0.20436848216977233,0.22249918573370173,1.6056791916916353,,0,0,0,4,3,4,6,3,7,6,7,0,1,2,0,0,3,4,1,S001;S002;S004;S010;S013;S014,S003;S005;S006;S007;S011,S008;S009;S012;S015
3,"1,2,4|3,5,6,9|7,8",False,False,13,5,9,5.365788100754555,0.2108412911454585,0.19560589164136577,1.619454026618404,,0,0,0,4,3,4,6,3,7,6,9,0,1,2,0,0,3,4,3,S001;S002;S004;S013,S003;S005;S006;S007;S010;S011;S014,S008;S009;S012;S015
3,"1,2,4|3,5,6|7,8,9",False,False,13,5,8,4.336884734034134,0.11617741153424122,0.12784637492046666,1.2759193630859182,,0,0,0,4,3,4,6,3,7,6,9,0,1,2,0,0,3,4,3,S001;S002;S004;S013,S003;S005;S006;S007;S011,S008;S009;S010;S012;S014;S015
3,"1,2,4,7,8,9|3,5|6",False,False,9,5,5,2.4490882741535485,0.7689187404987554,0.7259043958765755,6.307837471703856,,0,0,0,4,3,4,6,3,6,5,7,0,1,2,0,0,2,3,1,S001;S002;S004;S008;S009;S010;S012;S013;S014;S015,S003;S005;S011,S006;S007
3,"1,2,4,7,8|3,5,9|6",False,False,11,5,7,3.8964181980361556,0.5641098626427301,0.5191852325515292,5.1923593458549195,,0,0,0,4,3,4,6,3,6,5,9,0,1,2,0,0,2,3,3,S001;S002;S004;S008;S009;S012;S013;S015,S003;S005;S010;S011;S014,S006;S007
3,"1,2,4,7,8|3,5|6,9",False,False,13,5,8,4.314844755198342,0.5033367883118443,0.4180633931037764,2.876809645878275,,0,0,0,4,3,4,6,3,6,6,10,0,1,2,0,0,2,4,4,S001;S002;S004;S008;S009;S012;S013;S015,S003;S005;S011,S006;S007;S010;S014
3,"1,2,4,7,9|3,5,8|6",False,False,11,5,6,3.628332866008366,0.5616489995250553,0.5472771864534604,5.1753558742487815,,0,0,0,4,4,4,6,4,6,5,8,0,2,2,0,0,2,3,2,S001;S002;S004;S008;S010;S013;S014;S015,S003;S005;S009;S011;S012,S006;S007
3,"1,2,4,7|3,5,8,9|6",False,False,12,5,6,3.628332866008366,0.4743214788194805,0.46972368684698157,4.059877748399845,,0,0,0,4,4,4,6,4,6,5,9,0,2,2,0,0,2,3,3,S001;S002;S004;S008;S013;S015,S003;S005;S009;S010;S011;S012;S014,S006;S007
3,"1,2,4,7|3,5,8|6,9",False,False,15,5,9,5.49408934705316,0.26236457673642466,0.2020273943395325,1.9191301005632602,,0,0,0,4,4,4,6,4,6,6,11,0,2,2,0,0,2,4,5,S001;S002;S004;S008;S013;S015,S003;S005;S009;S011;S012,S006;S007;S010;S014
3,"1,2,4,7,9|3,5|6,8",False,False,12,6,7,3.8964181980361556,0.49958855672747704,0.46862575027805886,2.8673889282676948,,0,0,0,5,3,4,6,3,6,6,8,1,1,2,0,0,2,4,2,S001;S002;S004;S008;S010;S013;S014;S015,S003;S005;S011,S006;S007;S009;S012
3,"1,2,4,7|3,5,9|6,8",False,False,14,6,9,5.343748121918763,0.2604732484044166,0.23609062226528504,1.903827800082751,,0,0,0,5,3,4,6,3,6,6,10,1,1,2,0,0,2,4,4,S001;S002;S004;S008;S013;S015,S003;S005;S010;S011;S014,S006;S007;S009;S012
3,"1,2,4,7|3,5|6,8,9",False,False,14,6,8,4.314844755198342,0.3069983354227335,0.3133778601199523,2.249361935438277,,0,0,0,5,3,4,6,3,6,6,10,1,1,2,0,0,2,4,4,S001;S002;S004;S008;S013;S015,S003;S005;S011,S006;S007;S009;S010;S012;S014
3,"1,2,4,8,9|3,5,7|6",False,False,11,5,5,2.471128252989341,0.5403749318551049,0.5287810048321607,5.0195155059970595,,0,0,0,4,3,5,6,3,7,5,7,0,1,3,0,0,3,3,1,S001;S002;S004;S009;S010;S012;S013;S014,S003;S005;S008;S011;S015,S006;S007
3,"1,2,4,8|3,5,7,9|6",False,False,12,5,7,3.918458176871948,0.4760846639414473,0.4749948459453341,4.20870204372147,,0,0,0,4,3,5,6,3,7,5,8,0,1,3,0,0,3,3,2,S001;S002;S004;S009;S012;S013,S003;S005;S008;S010;S011;S014;S015,S006;S007
3,"1,2,4,8|3,5,7|6,9",False,False,15,5,8,4.336884734034134,0.24072967466934986,0.16890422859376603,1.8454633647329455,,0,0,0,4,3,5,6,3,7,6,10,0,1,3,0,0,3,4,4,S001;S002;S004;S009;S012;S013,S003;S005;S008;S011;S015,S006;S007;S010;S014
3,"1,2,4,9|3,5,7,8|6",False,False,12,5,6,3.650372844844158,0.47649951826695475,0.46790500225167714,4.225705515327608,,0,0,0,4,4,5,6,4,7,5,7,0,2,3,0,0,3,3,1,S001;S002;S004;S010;S013;S014,S003;S005;S008;S009;S011;S012;S015,S006;S007
3,"1,2,4|3,5,7,8,9|6",False,False,13,5,6,3.650372844844158,0.5867288045876625,0.5271001344416408,5.341183641176544,,0,0,0,4,4,5,6,4,7,5,8,0,2,3,0,0,3,3,2,S001;S002;S004;S013,S003;S005;S008;S009;S010;S011;S012;S014;S015,S006;S007
3,"1,2,4|3,5,7,8|6,9",False,False,16,5,9,5.5161293258889526,0.290294987346216,0.17543765448838516,1.9975179434350536,,0,0,0,4,4,5,6,4,7,6,10,0,2,3,0,0,3,4,4,S001;S002;S004;S013,S003;S005;S008;S009;S011;S012;S015,S006;S007;S010;S014
3,"1,2,4,9|3,5,7|6,8",False,False,14,6,7,3.918458176871948,0.23616591811102658,0.23469505098877058,1.822774889678209,,0,0,0,5,3,5,6,3,7,6,8,1,1,3,0,0,3,4,2,S001;S002;S004;S010;S013;S014,S003;S005;S008;S011;S015,S006;S007;S009;S012
3,"1,2,4|3,5,7,9|6,8",False,False,15,6,9,5.365788100754555,0.2858313499613953,0.25487287768627376,1.9736170519568272,,0,0,0,5,3,5,6,3,7,6,9,1,1,3,0,0,3,4,3,S001;S002;S004;S013,S003;S005;S008;S010;S011;S014;S015,S006;S007;S009;S012
3,"1,2,4|3,5,7|6,8,9",False,False,16,6,8,4.336884734034134,0.06532540950979082,0.06576765071696526,1.1718904391482439,,0,0,0,5,3,5,6,3,7,6,10,1,1,3,0,0,3,4,4,S001;S002;S004;S013,S003;S005;S008;S011;S015,S006;S007;S009;S010;S012;S014
3,"1,2,4,8,9|3,5|6,7",False,False,12,5,5,2.471128252989341,0.4659196328949649,0.46114547459640276,2.7810460839571074,,0,0,0,4,3,5,6,3,7,6,7,0,1,3,0,0,3,4,1,S001;S002;S004;S009;S010;S012;S013;S014,S003;S005;S011,S006;S007;S008;S015
3,"1,2,4,8|3,5,9|6,7",False,False,14,5,7,3.918458176871948,0.2188580093775374,0.24219742438951541,1.7060699668380266,,0,0,0,4,3,5,6,3,7,6,9,0,1,3,0,0,3,4,3,S001;S002;S004;S009;S012;S013,S003;S005;S010;S011;S014,S006;S007;S008;S015
3,"1,2,4,8|3,5|6,7,9",False,False,14,5,8,4.336884734034134,0.2947212749651654,0.2957787209034298,2.1630190911276888,,0,0,0,4,3,5,6,3,7,6,9,0,1,3,0,0,3,4,3,S001;S002;S004;S009;S012;S013,S003;S005;S011,S006;S007;S008;S010;S014;S015
3,"1,2,4,9|3,5,8|6,7",False,False,14,5,6,3.650372844844158,0.21612785769364776,0.26426932482386634,1.6986394252180295,,0,0,0,4,4,5,6,4,7,6,8,0,2,3,0,0,3,4,2,S001;S002;S004;S010;S013;S014,S003;S005;S009;S011;S012,S006;S007;S008;S015
3,"1,2,4|3,5,8,9|6,7",False,False,15,5,6,3.650372844844158,0.24510474043633085,0.24476495955791708,1.7711063985779356,,0,0,0,4,4,5,6,4,7,6,9,0,2,3,0,0,3,4,3,S001;S002;S004;S013,S003;S005;S009;S010;S011;S012;S014,S006;S007;S008;S015
3,"1,2,4|3,5,8|6,7,9",False,False,16,5,9,5.5161293258889526,0.08811615034746752,0.09415988808395637,1.2281189189157684,,0,0,0,4,4,5,6,4,7,6,10,0,2,3,0,0,3,4,4,S001;S002;S004;S013,S003;S005;S009;S011;S012,S006;S007;S008;S010;S014;S015
3,"1,2,4,9|3,5|6,7,8",False,False,12,5,7,3.918458176871948,0.2937123688130235,0.30130751770916137,2.1535983735171085,,0,0,0,4,3,5,6,3,7,6,7,0,1,3,0,0,3,4,1,S001;S002;S004;S010;S013;S014,S003;S005;S011,S006;S007;S008;S009;S012;S015
3,"1,2,4|3,5,9|6,7,8",False,False,14,5,9,5.365788100754555,0.09142406152744997,0.02812422504805734,1.2342539105736368,,0,0,0,4,3,5,6,3,7,6,9,0,1,3,0,0,3,4,3,S001;S002;S004;S013,S003;S005;S010;S011;S014,S006;S007;S008;S009;S012;S015
3,"1,2,4|3,5|6,7,8,9",False,False,14,5,8,4.336884734034134,0.3722819363805709,0.3399551223594121,2.5133119744081593,,0,0,0,4,3,5,6,3,7,6,9,0,1,3,0,0,3,4,3,S001;S002;S004;S013,S003;S005;S011,S006;S007;S008;S009;S010;S012;S014;S015
3,"1,2,4,6,7,8,9|3|5",False,False,8,4,3,1.2178017788151754,0.9940641565282059,0.9429690889437614,8.223624926778104,,0,0,0,4,2,4,6,2,6,5,7,0,0,2,0,0,2,3,1,S001;S002;S004;S006;S007;S008;S009;S010;S012;S013;S014;S015,S003,S005;S011
3,"1,2,4,6,7,8|3,9|5",False,False,10,4,5,2.6651317026977828,0.7488017332610087,0.6681647928957114,6.75828082205345,,0,0,0,4,2,4,6,2,6,5,9,0,0,2,0,0,2,3,3,S001;S002;S004;S006;S007;S008;S009;S012;S013;S015,S003;S010;S014,S005;S011
3,"1,2,4,6,7,8|3|5,9",False,False,11,4,6,3.083558259859969,0.7502868445646662,0.6184898053679206,6.968359773916374,,0,0,0,4,2,4,6,2,6,6,9,0,0,2,0,0,2,4,3,S001;S002;S004;S006;S007;S008;S009;S012;S013;S015,S003,S005;S010;S011;S014
3,"1,2,4,6,7,9|3,8|5",False,False,10,5,5,2.6651317026977828,0.745372043483214,0.6988643891221297,6.739723398356614,,0,0,0,4,3,4,6,3,6,5,8,0,1,2,0,0,2,3,2,S001;S002;S004;S006;S007;S008;S010;S013;S014;S015,S003;S009;S012,S005;S011
3,"1,2,4,6,7|3,8,9|5",False,False,11,5,5,2.6651317026977828,0.5573753946922088,0.5662330265055363,5.522301410339833,,0,0,0,4,3,4,6,3,6,5,9,0,1,2,0,0,2,3,3,S001;S002;S004;S006;S007;S008;S013;S015,S003;S009;S010;S012;S014,S005;S011
3,"1,2,4,6,7|3,8|5,9",False,False,13,5,8,4.530888183742577,0.4707652966391107,0.3537453084698293,2.5035006058188043,,0,0,0,4,3,4,6,3,6,6,10,0,1,2,0,0,2,4,4,S001;S002;S004;S006;S007;S008;S013;S015,S003;S009;S012,S005;S010;S011;S014
3,"1,2,4,6,7,9|3|5,8",False,False,10,6,4,2.397046370669993,0.7468866933943633,0.6892542594843233,6.949225498765424,,0,0,0,5,3,4,6,3,6,5,7,1,1,2,0,0,2,3,1,S001;S002;S004;S006;S007;S008;S010;S013;S014;S015,S003,S005;S009;S011;S012
3,"1,2,4,6,7|3,9|5,8",False,False,12,6,6,3.8443762945526,0.4708013388795966,0.3968042448398807,2.5247409772099565,,0,0,0,5,3,4,6,3,6,5,9,1,1,2,0,0,2,3,3,S001;S002;S004;S006;S007;S008;S013;S015,S003;S010;S014,S005;S009;S011;S012
3,"1,2,4,6,7|3|5,8,9",False,False,13,6,5,2.8154729278321793,0.5613856905583108,0.5076749852544337,5.693960345903692,,0,0,0,5,3,4,6,3,6,6,9,1,1,2,0,0,2,4,3,S001;S002;S004;S006;S007;S008;S013;S015,S003,S005;S009;S010;S011;S012;S014
3,"1,2,4,6,8,9|3,7|5",False,False,8,4,4,1.7711316472761667,0.7145334757443617,0.7175343622057136,6.56964073466844,,0,0,0,4,2,4,6,2,6,5,7,0,0,2,0,0,2,3,1,S001;S002;S004;S006;S007;S009;S010;S012;S013;S014,S003;S008;S015,S005;S011
3,"1,2,4,6,8|3,7,9|5",False,False,10,4,6,3.218461571158774,0.5392274186482914,0.5505647568324534,5.352218746651658,,0,0,0,4,2,4,6,2,6,5,9,0,0,2,0,0,2,3,3,S001;S002;S004;S006;S007;S009;S012;S013,S003;S008;S010;S014;S015,S005;S011
3,"1,2,4,6,8|3,7|5,9",False,False,11,4,7,3.6368881283209604,0.4349237934432883,0.36877315456094134,2.4137123089676664,,0,0,0,4,2,4,6,2,6,6,9,0,0,2,0,0,2,4,3,S001;S002;S004;S006;S007;S009;S012;S013,S003;S008;S015,S005;S010;S011;S014
3,"1,2,4,6,9|3,7,8|5",False,False,10,5,6,3.218461571158774,0.5374078326796646,0.5644991607935939,5.333661322954822,,0,0,0,4,3,4,6,3,6,5,8,0,1,2,0,0,2,3,2,S001;S002;S004;S006;S007;S010;S013;S014,S003;S008;S009;S012;S015,S005;S011
3,"1,2,4,6|3,7,8,9|5",False,False,11,5,6,3.218461571158774,0.5015602243496108,0.5355666829126815,4.829315928409749,,0,0,0,4,3,4,6,3,6,5,9,0,1,2,0,0,2,3,3,S001;S002;S004;S006;S007;S013,S003;S008;S009;S010;S012;S014;S015,S005;S011
3,"1,2,4,6|3,7,8|5,9",False,False,13,5,9,5.084218052203568,0.24224259792599304,0.19829271019864883,1.8563175422552407,,0,0,0,4,3,4,6,3,6,6,10,0,1,2,0,0,2,4,4,S001;S002;S004;S006;S007;S013,S003;S008;S009;S012;S015,S005;S010;S011;S014
3,"1,2,4,6,9|3,7|5,8",False,False,10,6,5,2.9503762391309842,0.4308721977706544,0.44571366116638655,2.385380337141473,,0,0,0,5,3,4,6,3,6,5,7,1,1,2,0,0,2,3,1,S001;S002;S004;S006;S007;S010;S013;S014,S003;S008;S015,S005;S009;S011;S012
3,"1,2,4,6|3,7,9|5,8",False,False,12,6,7,4.397706163013591,0.2390243739772021,0.28062618374766535,1.8409111073985351,,0,0,0,5,3,4,6,3,6,5,9,1,1,2,0,0,2,3,3,S001;S002;S004;S006;S007;S013,S003;S008;S010;S014;S015,S005;S009;S011;S012
3,"1,2,4,6|3,7|5,8,9",False,False,13,6,6,3.3688027962931706,0.21633036753283597,0.23824109565838553,1.7324862848606128,,0,0,0,5,3,4,6,3,6,6,9,1,1,2,0,0,2,4,3,S001;S002;S004;S006;S007;S013,S003;S008;S015,S005;S009;S010;S011;S012;S014
3,"1,2,4,6,8,9|3|5,7",False,False,13,4,5,2.302421536901366,0.7163304891025893,0.6661618956578506,6.773855871031443,,0,0,0,4,2,5,6,2,7,6,9,0,0,3,0,0,3,4,3,S001;S002;S004;S006;S007;S009;S010;S012;S013;S014,S003,S005;S008;S011;S015
3,"1,2,4,6,8|3,9|5,7",False,False,15,4,7,3.749751460783973,0.4353201975208873,0.36964349544998787,2.446980884339523,,0,0,0,4,2,5,6,2,7,6,11,0,0,3,0,0,3,4,5,S001;S002;S004;S006;S007;S009;S012;S013,S003;S010;S014,S005;S008;S011;S015
3,"1,2,4,6,8|3|5,7,9",False,False,14,4,8,4.168178017946159,0.5436578005260745,0.4781194826146467,5.51859071816971,,0,0,0,4,2,5,6,2,7,6,10,0,0,3,0,0,3,4,4,S001;S002;S004;S006;S007;S009;S012;S013,S003,S005;S008;S010;S011;S014;S015
3,"1,2,4,6,9|3,8|5,7",False,False,15,5,7,3.749751460783973,0.4312329798463091,0.40550674577634027,2.417981808861102,,0,0,0,4,3,5,6,3,7,6,10,0,1,3,0,0,3,4,4,S001;S002;S004;S006;S007;S010;S013;S014,S003;S009;S012,S005;S008;S011;S015
3,"1,2,4,6|3,8,9|5,7",False,False,16,5,7,3.749751460783973,0.21185737329673623,0.25716220582524685,1.7107785277113703,,0,0,0,4,3,5,6,3,7,6,11,0,1,3,0,0,3,4,5,S001;S002;S004;S006;S007;S013,S003;S009;S010;S012;S014,S005;S008;S011;S015
3,"1,2,4,6|3,8|5,7,9",False,False,16,5,10,5.615507941828767,0.24427442936729854,0.20156058005934127,1.8660712089017295,,0,0,0,4,3,5,6,3,7,6,11,0,1,3,0,0,3,4,5,S001;S002;S004;S006;S007;S013,S003;S009;S012,S005;S008;S010;S011;S014;S015
3,"1,2,4,6,9|3|5,7,8",False,False,14,5,6,3.481666128756183,0.5418844063518662,0.5031000141911501,5.499456443018761,,0,0,0,4,3,5,6,3,7,6,9,0,1,3,0,0,3,4,3,S001;S002;S004;S006;S007;S010;S013;S014,S003,S005;S008;S009;S011;S012;S015
3,"1,2,4,6|3,9|5,7,8",False,False,16,5,8,4.928996052638791,0.24756149555147283,0.17242791791905202,1.8819034581239924,,0,0,0,4,3,5,6,3,7,6,11,0,1,3,0,0,3,4,5,S001;S002;S004;S006;S007;S013,S003;S010;S014,S005;S008;S009;S011;S012;S015
3,"1,2,4,6|3|5,7,8,9",False,False,15,5,7,3.9000926859183696,0.5085474444568614,0.4590509206608073,5.010518309986145,,0,0,0,4,3,5,6,3,7,6,10,0,1,3,0,0,3,4,4,S001;S002;S004;S006;S007;S013,S003,S005;S008;S009;S010;S011;S012;S014;S015
3,"1,2,4,7,8,9|3,6|5",False,False,10,5,4,1.9177983845283493,0.7724069651934075,0.7715262723918982,6.884312526562646,,0,0,0,4,3,4,6,3,7,5,7,0,1,2,0,0,3,3,1,S001;S002;S004;S008;S009;S010;S012;S013;S014;S015,S003;S006;S007,S005;S011
3,"1,2,4,7,8|3,6,9|5",False,False,12,5,6,3.3651283084109567,0.5747567733833392,0.5744776231264632,5.666890538545865,,0,0,0,4,3,4,6,3,7,5,9,0,1,2,0,0,3,3,3,S001;S002;S004;S008;S009;S012;S013;S015,S003;S006;S007;S010;S014,S005;S011
3,"1,2,4,7,8|3,6|5,9",False,False,13,5,7,3.783554865573143,0.5019716046023416,0.4341391001157569,2.749259190785232,,0,0,0,4,3,4,6,3,7,6,9,0,1,2,0,0,3,4,3,S001;S002;S004;S008;S009;S012;S013;S015,S003;S006;S007,S005;S010;S011;S014
3,"1,2,4,7,9|3,6,8|5",False,False,11,5,6,3.3651283084109567,0.5724315551515081,0.593485480192038,5.648333114849028,,0,0,0,4,3,4,6,3,7,5,8,0,1,2,0,0,3,3,2,S001;S002;S004;S008;S010;S013;S014;S015,S003;S006;S007;S009;S012,S005;S011
3,"1,2,4,7|3,6,8,9|5",False,False,12,5,6,3.3651283084109567,0.49392112018550827,0.5336844957793482,4.514644136515544,,0,0,0,4,3,4,6,3,7,5,9,0,1,2,0,0,3,3,3,S001;S002;S004;S008;S013;S015,S003;S006;S007;S009;S010;S012;S014,S005;S011
3,"1,2,4,7|3,6,8|5,9",False,False,14,5,9,5.23088478945575,0.27260692720771396,0.230655425098967,1.9982263866676848,,0,0,0,4,3,4,6,3,7,6,10,0,1,2,0,0,3,4,4,S001;S002;S004;S008;S013;S015,S003;S006;S007;S009;S012,S005;S010;S011;S014
3,"1,2,4,7,9|3,6|5,8",False,False,12,6,5,3.097042976383167,0.49810984744889303,0.5081550076163056,2.7402561639385348,,0,0,0,5,4,4,6,4,7,5,7,1,2,2,0,0,3,3,1,S001;S002;S004;S008;S010;S013;S014;S015,S003;S006;S007,S005;S009;S011;S012
3,"1,2,4,7|3,6,9|5,8",False,False,14,6,7,4.544372900265774,0.2704069678780389,0.30105924762934927,1.9816421849056607,,0,0,0,5,4,4,6,4,7,5,9,1,2,2,0,0,3,3,3,S001;S002;S004;S008;S013;S015,S003;S006;S007;S010;S014,S005;S009;S011;S012
3,"1,2,4,7|3,6|5,8,9",False,False,15,6,6,3.515469533545353,0.29329805835483364,0.30960710971119876,2.149630923014433,,0,0,0,5,4,4,6,4,7,6,9,1,2,2,0,0,3,4,3,S001;S002;S004;S008;S013;S015,S003;S006;S007,S005;S009;S010;S011;S012;S014
3,"1,2,4,8,9|3,6,7|5",False,False,10,4,4,1.9398383633641414,0.552427576032496,0.5848203197137279,5.478250451160855,,0,0,0,4,3,5,6,3,7,5,6,0,1,3,0,0,3,3,0,S001;S002;S004;S009;S010;S012;S013;S014,S003;S006;S007;S008;S015,S005;S011
3,"1,2,4,8|3,6,7,9|5",False,False,12,5,6,3.387168287246749,0.49656488806006055,0.5384224067793779,4.684726800203717,,0,0,0,4,3,5,6,3,7,5,8,0,1,3,0,0,3,3,2,S001;S002;S004;S009;S012;S013,S003;S006;S007;S008;S010;S014;S015,S005;S011
3,"1,2,4,8|3,6,7|5,9",False,False,13,5,7,3.8055948444089354,0.25371837737935143,0.20256400096910832,1.9215235016925554,,0,0,0,4,3,5,6,3,7,6,8,0,1,3,0,0,3,4,2,S001;S002;S004;S009;S012;S013,S003;S006;S007;S008;S015,S005;S010;S011;S014
3,"1,2,4,9|3,6,7,8|5",False,False,11,5,6,3.387168287246749,0.4970661394311134,0.534083712139386,4.703284223900553,,0,0,0,4,3,5,6,3,7,5,7,0,1,3,0,0,3,3,1,S001;S002;S004;S010;S013;S014,S003;S006;S007;S008;S009;S012;S015,S005;S011
3,"1,2,4|3,6,7,8,9|5",False,False,12,5,6,3.387168287246749,0.6091162181581677,0.5987209585249316,5.920706211917336,,0,0,0,4,3,5,6,3,7,5,8,0,1,3,0,0,3,3,2,S001;S002;S004;S013,S003;S006;S007;S008;S009;S010;S012;S014;S015,S005;S011
3,"1,2,4|3,6,7,8|5,9",False,False,14,5,9,5.2529247682915425,0.31232229300599235,0.23674285149738547,2.121059613063131,,0,0,0,4,3,5,6,3,7,6,9,0,1,3,0,0,3,4,3,S001;S002;S004;S013,S003;S006;S007;S008;S009;S012;S015,S005;S010;S011;S014
3,"1,2,4,9|3,6,7|5,8",False,False,12,5,5,3.119082955218959,0.24918608384974605,0.2952519533927053,1.897276431626904,,0,0,0,5,4,5,6,4,7,5,6,1,2,3,0,0,3,3,0,S001;S002;S004;S010;S013;S014,S003;S006;S007;S008;S015,S005;S009;S011;S012
3,"1,2,4|3,6,7,9|5,8",False,False,14,6,7,4.566412879101566,0.30784386490237553,0.32540715213671173,2.0951565008433684,,0,0,0,5,4,5,6,4,7,5,8,1,2,3,0,0,3,3,2,S001;S002;S004;S013,S003;S006;S007;S008;S010;S014;S015,S005;S009;S011;S012
3,"1,2,4|3,6,7|5,8,9",False,False,15,6,6,3.5375095123811455,0.06195039632351543,0.027327114711562933,1.1462736662998914,,0,0,0,5,4,5,6,4,7,6,8,1,2,3,0,0,3,4,2,S001;S002;S004;S013,S003;S006;S007;S008;S015,S005;S009;S010;S011;S012;S014
3,"1,2,4,8,9|3,6|5,7",False,False,14,5,5,2.471128252989341,0.46331730521473463,0.4599826166417939,2.6577415427088944,,0,0,0,4,3,5,6,3,8,6,8,0,1,3,0,0,4,4,2,S001;S002;S004;S009;S010;S012;S013;S014,S003;S006;S007,S005;S008;S011;S015
3,"1,2,4,8|3,6,9|5,7",False,False,16,5,7,3.918458176871948,0.22853789684271794,0.25589236448682945,1.7708722092851872,,0,0,0,4,3,5,6,3,8,6,10,0,1,3,0,0,4,4,4,S001;S002;S004;S009;S012;S013,S003;S006;S007;S010;S014,S005;S008;S011;S015
3,"1,2,4,8|3,6|5,7,9",False,False,15,5,8,4.336884734034134,0.27873559134317155,0.2796482396217095,2.067116301784792,,0,0,0,4,3,5,6,3,8,6,9,0,1,3,0,0,4,4,3,S001;S002;S004;S009;S012;S013,S003;S006;S007,S005;S008;S010;S011;S014;S015
3,"1,2,4,9|3,6,8|5,7",False,False,15,5,7,3.918458176871948,0.22615231182168274,0.2717442683154857,1.7631594308466934,,0,0,0,4,3,5,6,3,8,6,9,0,1,3,0,0,4,4,3,S001;S002;S004;S010;S013;S014,S003;S006;S007;S009;S012,S005;S008;S011;S015
3,"1,2,4|3,6,8,9|5,7",False,False,16,5,7,3.918458176871948,0.2669435747223314,0.27691052136760475,1.8763622861898266,,0,0,0,4,3,5,6,3,8,6,10,0,1,3,0,0,4,4,4,S001;S002;S004;S013,S003;S006;S007;S009;S010;S012;S014,S005;S008;S011;S015
3,"1,2,4|3,6,8|5,7,9",False,False,16,5,10,5.784214657916742,0.07381837300410801,0.06661477245379849,1.1979057472983723,,0,0,0,4,3,5,6,3,8,6,10,0,1,3,0,0,4,4,4,S001;S002;S004;S013,S003;S006;S007;S009;S012,S005;S008;S010;S011;S014;S015
3,"1,2,4,9|3,6|5,7,8",False,False,15,5,6,3.650372844844158,0.2774832973561489,0.2893812736998747,2.058113274938095,,0,0,0,4,4,5,6,4,8,6,8,0,2,3,0,0,4,4,2,S001;S002;S004;S010;S013;S014,S003;S006;S007,S005;S008;S009;S011;S012;S015
3,"1,2,4|3,6,9|5,7,8",False,False,17,5,8,5.097702768726766,0.07640225634225895,0.030119368190780434,1.2040407389562409,,0,0,0,4,4,5,6,4,8,6,10,0,2,3,0,0,4,4,4,S001;S002;S004;S013,S003;S006;S007;S010;S014,S005;S008;S009;S011;S012;S015
3,"1,2,4|3,6|5,7,8,9",False,False,16,5,7,4.068799402006345,0.35010704626302647,0.3086180834624349,2.357540617807751,,0,0,0,4,4,5,6,4,8,6,9,0,2,3,0,0,4,4,3,S001;S002;S004;S013,S003;S006;S007,S005;S008;S009;S010;S011;S012;S014;S015
3,"1,2,4,7,8,9|3|5,6",False,False,9,4,5,2.4490882741535485,0.7736978464907803,0.7234333141409359,7.09830913279388,,0,0,0,4,2,4,6,2,7,5,7,0,0,2,0,0,3,3,1,S001;S002;S004;S008;S009;S010;S012;S013;S014;S015,S003,S005;S006;S007;S011
3,"1,2,4,7,8|3,9|5,6",False,False,11,4,7,3.8964181980361556,0.5017419817198063,0.436865986907127,2.7096284147603527,,0,0,0,4,2,4,6,2,7,5,9,0,0,2,0,0,3,3,3,S001;S002;S004;S008;S009;S012;S013;S015,S003;S010;S014,S005;S006;S007;S011
3,"1,2,4,7,8|3|5,6,9",False,False,13,4,8,4.314844755198342,0.5784181011407932,0.5030780305402887,5.843043979932148,,0,0,0,4,2,4,6,2,7,6,10,0,0,2,0,0,3,4,4,S001;S002;S004;S008;S009;S012;S013;S015,S003,S005;S006;S007;S010;S011;S014
3,"1,2,4,7,9|3,8|5,6",False,False,11,5,7,3.8964181980361556,0.49784436157047873,0.4711045124104185,2.7007551672162777,,0,0,0,4,3,4,6,3,7,5,8,0,1,2,0,0,3,3,2,S001;S002;S004;S008;S010;S013;S014;S015,S003;S009;S012,S005;S006;S007;S011
3,"1,2,4,7|3,8,9|5,6",False,False,12,5,7,3.8964181980361556,0.28902080524516016,0.32522846190846677,2.118643833135211,,0,0,0,4,3,4,6,3,7,5,9,0,1,2,0,0,3,3,3,S001;S002;S004;S008;S013;S015,S003;S009;S010;S012;S014,S005;S006;S007;S011
3,"1,2,4,7|3,8|5,6,9",False,False,15,5,10,5.76217467908095,0.2740106382808254,0.22503019038748326,2.0087256862843312,,0,0,0,4,3,4,6,3,7,6,11,0,1,2,0,0,3,4,5,S001;S002;S004;S008;S013;S015,S003;S009;S012,S005;S006;S007;S010;S011;S014
3,"1,2,4,7,9|3|5,6,8",False,False,13,6,6,3.628332866008366,0.5761371127445086,0.53958009526433,5.823909704781198,,0,0,0,5,3,4,6,3,7,6,8,1,1,2,0,0,3,4,2,S001;S002;S004;S008;S010;S013;S014;S015,S003,S005;S006;S007;S009;S011;S012
3,"1,2,4,7|3,9|5,6,8",False,False,15,6,8,5.075662789890973,0.2763047424817824,0.2191201342836058,2.025768254398938,,0,0,0,5,3,4,6,3,7,6,10,1,1,2,0,0,3,4,4,S001;S002;S004;S008;S013;S015,S003;S010;S014,S005;S006;S007;S009;S011;S012
3,"1,2,4,7|3|5,6,8,9",False,False,15,6,7,4.046759423170553,0.5004402798594699,0.45913138123263586,4.686065048223707,,0,0,0,5,3,4,6,3,7,6,10,1,1,2,0,0,3,4,4,S001;S002;S004;S008;S013;S015,S003,S005;S006;S007;S009;S010;S011;S012;S014
3,"1,2,4,8,9|3,7|5,6",False,False,8,3,5,2.471128252989341,0.46269588439707154,0.46279604616541664,2.6194300003980984,,1,0,0,4,2,4,6,2,7,5,6,0,0,2,0,0,3,3,0,S001;S002;S004;S009;S010;S012;S013;S014,S003;S008;S015,S005;S006;S007;S011
3,"1,2,4,8|3,7,9|5,6",False,False,10,4,7,3.918458176871948,0.27366361215159674,0.3035964787626891,2.0373186663170313,,0,0,0,4,2,4,6,2,7,5,8,0,0,2,0,0,3,3,2,S001;S002;S004;S009;S012;S013,S003;S008;S010;S014;S015,S005;S006;S007;S011
3,"1,2,4,8|3,7|5,6,9",False,False,12,4,8,4.336884734034134,0.2321216056552039,0.23268130249967817,1.793342484214889,,0,0,0,4,2,4,6,2,7,6,9,0,0,2,0,0,3,4,3,S001;S002;S004;S009;S012;S013,S003;S008;S015,S005;S006;S007;S010;S011;S014
3,"1,2,4,9|3,7,8|5,6",False,False,10,5,7,3.918458176871948,0.27232569998985073,0.3124669226328226,2.0284454187729564,,0,0,0,4,3,4,6,3,7,5,7,0,1,2,0,0,3,3,1,S001;S002;S004;S010;S013;S014,S003;S008;S009;S012;S015,S005;S006;S007;S011
3,"1,2,4|3,7,8,9|5,6",False,False,11,5,7,3.918458176871948,0.3428016000753638,0.3400738138496261,2.3091414197020357,,0,0,0,4,3,4,6,3,7,5,8,0,1,2,0,0,3,3,2,S001;S002;S004;S013,S003;S008;S009;S010;S012;S014;S015,S005;S006;S007;S011
3,"1,2,4|3,7,8|5,6,9",False,False,14,5,10,5.784214657916742,0.07230438942154246,0.03813737511142091,1.1940741104700408,,0,0,0,4,3,4,6,3,7,6,10,0,1,2,0,0,3,4,4,S001;S002;S004;S013,S003;S008;S009;S012;S015,S005;S006;S007;S010;S011;S014
3,"1,2,4,9|3,7|5,6,8",False,False,12,6,6,3.650372844844158,0.22984706618110143,0.25711326223040293,1.785531839735539,,0,0,0,5,3,4,6,3,7,6,7,1,1,2,0,0,3,4,1,S001;S002;S004;S010;S013;S014,S003;S008;S015,S005;S006;S007;S009;S011;S012
3,"1,2,4|3,7,9|5,6,8",False,False,14,6,8,5.097702768726766,0.0700545822243558,0.08658574071712474,1.1879391188121726,,0,0,0,5,3,4,6,3,7,6,9,1,1,2,0,0,3,4,3,S001;S002;S004;S013,S003;S008;S010;S014;S015,S005;S006;S007;S009;S011;S012
3,"1,2,4|3,7|5,6,8,9",False,False,14,6,7,4.068799402006345,0.2741714630799812,0.24577333201751453,1.9128599233593655,,0,0,0,5,3,4,6,3,7,6,9,1,1,2,0,0,3,4,3,S001;S002;S004;S013,S003;S008;S015,S005;S006;S007;S009;S010;S011;S012;S014
3,"1,2,4,8,9|3|5,6,7",False,False,13,4,5,2.471128252989341,0.5565459066464842,0.5204973422857466,5.648540077047217,,0,0,0,4,2,5,6,2,8,6,8,0,0,3,0,0,4,4,2,S001;S002;S004;S009;S010;S012;S013;S014,S003,S005;S006;S007;S008;S011;S015
3,"1,2,4,8|3,9|5,6,7",False,False,15,4,7,3.918458176871948,0.2582901877186134,0.1860751118539127,1.9480081615285043,,0,0,0,4,2,5,6,2,8,6,10,0,0,3,0,0,4,4,4,S001;S002;S004;S009;S012;S013,S003;S010;S014,S005;S006;S007;S008;S011;S015
3,"1,2,4,8|3|5,6,7,9",False,False,14,4,8,4.336884734034134,0.5033588390899986,0.4675193211180888,4.861434675957688,,0,0,0,4,2,5,6,2,8,6,9,0,0,3,0,0,4,4,3,S001;S002;S004;S009;S012;S013,S003,S005;S006;S007;S008;S010;S011;S014;S015
3,"1,2,4,9|3,8|5,6,7",False,False,15,5,7,3.918458176871948,0.25377268226696004,0.2299860319261915,1.9232068893266288,,0,0,0,4,3,5,6,3,8,6,9,0,1,3,0,0,4,4,3,S001;S002;S004;S010;S013;S014,S003;S009;S012,S005;S006;S007;S008;S011;S015
3,"1,2,4|3,8,9|5,6,7",False,False,16,5,7,3.918458176871948,0.06259718917908985,0.062163530416388904,1.156240294786091,,0,0,0,4,3,5,6,3,8,6,10,0,1,3,0,0,4,4,4,S001;S002;S004;S013,S003;S009;S010;S012;S014,S005;S006;S007;S008;S011;S015
3,"1,2,4|3,8|5,6,7,9",False,False,16,5,10,5.784214657916742,0.31512065694070157,0.2579685908531237,2.1374586258164414,,0,0,0,4,3,5,6,3,8,6,10,0,1,3,0,0,4,4,4,S001;S002;S004;S013,S003;S009;S012,S005;S006;S007;S008;S010;S011;S014;S015
3,"1,2,4,9|3|5,6,7,8",False,False,14,5,6,3.650372844844158,0.5038870071513976,0.4537907187972626,4.880568951108638,,0,0,0,4,3,5,6,3,8,6,8,0,1,3,0,0,4,4,2,S001;S002;S004;S010;S013;S014,S003,S005;S006;S007;S008;S009;S011;S012;S015
3,"1,2,4|3,9|5,6,7,8",False,False,16,5,8,5.097702768726766,0.31960330149022226,0.18299445732809463,2.164077667282549,,0,0,0,4,3,5,6,3,8,6,10,0,1,3,0,0,4,4,4,S001;S002;S004;S013,S003;S010;S014,S005;S006;S007;S008;S009;S011;S012;S015
3,"1,2,4|3|5,6,7,8,9",False,False,15,5,7,4.068799402006345,0.6165032438053043,0.5234109345060052,6.135834103970371,,0,0,0,4,3,5,6,3,8,6,9,0,1,3,0,0,4,4,3,S001;S002;S004;S013,S003,S005;S006;S007;S008;S009;S010;S011;S012;S014;S015
3,"1,2,5,6,7,8|3,4|9",False,False,12,5,7,4.441596487255191,0.7707333017629764,0.5729585985730565,5.677661867767701,,0,0,0,4,3,3,6,3,6,6,10,0,1,1,0,0,2,4,4,S001;S002;S005;S006;S007;S008;S009;S011;S012;S013;S015,S003;S004,S010;S014
3,"1,2,5,6,7|3,4,8|9",False,False,11,4,8,4.304757835745912,0.551929571379378,0.402348306340803,4.662418653927718,,0,0,0,4,2,3,6,2,6,6,10,0,0,1,0,0,2,4,4,S001;S002;S005;S006;S007;S008;S011;S013;S015,S003;S004;S009;S012,S010;S014
3,"1,2,5,6,7,9|3,4|8",False,False,10,6,7,4.291255262120795,0.7665770512033661,0.651931237301188,5.577401135744206,,0,0,0,5,3,3,6,3,6,5,8,1,1,1,0,0,2,3,2,S001;S002;S005;S006;S007;S008;S010;S011;S013;S014;S015,S003;S004,S009;S012
3,"1,2,5,6,7|3,4,9|8",False,False,11,6,7,3.8863312785837256,0.5500745498237651,0.4565671971364306,4.5924154826831325,,0,0,0,5,3,3,6,3,6,5,9,1,1,1,0,0,2,3,3,S001;S002;S005;S006;S007;S008;S011;S013;S015,S003;S004;S010;S014,S009;S012
3,"1,2,5,6,7|3,4|8,9",False,False,13,6,7,3.783554865573143,0.5096541926676668,0.3809204930211803,3.1255834155851265,,0,0,0,5,3,3,6,3,6,6,10,1,1,1,0,0,2,4,4,S001;S002;S005;S006;S007;S008;S011;S013;S015,S003;S004,S009;S010;S012;S014
3,"1,2,5,6,8|3,4,7|9",False,False,11,5,8,4.994926355716183,0.5284958567098167,0.40704081326005365,4.522711415712608,,0,0,0,4,3,3,6,3,5,6,10,0,1,1,0,0,1,4,4,S001;S002;S005;S006;S007;S009;S011;S012;S013,S003;S004;S008;S015,S010;S014
3,"1,2,5,6|3,4,7,8|9",False,False,10,4,9,4.858087704206904,0.4480373362008299,0.3497933386490993,3.661889146066699,,0,0,0,4,2,3,6,2,5,6,10,0,0,1,0,0,1,4,4,S001;S002;S005;S006;S007;S011;S013,S003;S004;S008;S009;S012;S015,S010;S014
3,"1,2,5,6,9|3,4,7|8",False,False,9,6,8,4.844585130581786,0.5239286064059531,0.4905621646125349,4.439791510473538,,0,0,0,5,3,3,6,3,5,5,8,1,1,1,0,0,1,3,2,S001;S002;S005;S006;S007;S010;S011;S013;S014,S003;S004;S008;S015,S009;S012
3,"1,2,5,6|3,4,7,9|8",False,False,10,6,8,4.439661147044717,0.44397122898322783,0.4226341122634241,3.5918939250368456,,0,0,0,5,3,3,6,3,5,5,9,1,1,1,0,0,1,3,3,S001;S002;S005;S006;S007;S011;S013,S003;S004;S008;S010;S014;S015,S009;S012
3,"1,2,5,6|3,4,7|8,9",False,False,12,6,8,4.336884734034134,0.22459301323433684,0.1970347157862565,1.7404689308886216,,0,0,0,5,3,3,6,3,5,6,10,1,1,1,0,0,1,4,4,S001;S002;S005;S006;S007;S011;S013,S003;S004;S008;S015,S009;S010;S012;S014
3,"1,2,5,6,8,9|3,4|7",False,False,12,5,6,3.660459764296588,0.7287152791436363,0.6358925252485593,4.781773456935419,,0,0,0,4,3,4,6,3,6,6,9,0,1,2,0,0,2,4,3,S001;S002;S005;S006;S007;S009;S010;S011;S012;S013;S014,S003;S004,S008;S015
3,"1,2,5,6,8|3,4,9|7",False,False,13,5,7,4.1816627344693575,0.508456222127305,0.46821215655546805,3.915935447849728,,0,0,0,4,3,4,6,3,6,6,10,0,1,2,0,0,2,4,4,S001;S002;S005;S006;S007;S009;S011;S012;S013,S003;S004;S010;S014,S008;S015
3,"1,2,5,6,8|3,4|7,9",False,False,14,5,9,5.526216245341383,0.4777585712368735,0.34611181151755804,3.031926740967438,,0,0,0,4,3,4,6,3,6,6,11,0,1,2,0,0,2,4,5,S001;S002;S005;S006;S007;S009;S011;S012;S013,S003;S004,S008;S010;S014;S015
3,"1,2,5,6,9|3,4,8|7",False,False,11,4,8,4.449748066497147,0.5057324245786683,0.49975826629703074,3.9027372939264504,,0,0,0,4,2,4,6,2,6,6,9,0,0,2,0,0,2,4,3,S001;S002;S005;S006;S007;S010;S011;S013;S014,S003;S004;S009;S012,S008;S015
3,"1,2,5,6|3,4,8,9|7",False,False,12,4,7,3.5236211127873087,0.4072031630454237,0.4122798974807707,3.03689928484076,,0,0,0,4,2,4,6,2,6,6,10,0,0,2,0,0,2,4,4,S001;S002;S005;S006;S007;S011;S013,S003;S004;S009;S010;S012;S014,S008;S015
3,"1,2,5,6|3,4,8|7,9",False,False,13,4,10,5.389377593832103,0.21039548256516175,0.13008988363311702,1.6276328759799037,,0,0,0,4,2,4,6,2,6,6,11,0,0,2,0,0,2,4,5,S001;S002;S005;S006;S007;S011;S013,S003;S004;S009;S012,S008;S010;S014;S015
3,"1,2,5,6,9|3,4|7,8",False,False,12,5,9,5.375875020206985,0.47437256192489835,0.40509554193741915,3.0217080240492713,,0,0,0,4,3,4,6,3,6,6,9,0,1,2,0,0,2,4,3,S001;S002;S005;S006;S007;S010;S011;S013;S014,S003;S004,S008;S009;S012;S015
3,"1,2,5,6|3,4,9|7,8",False,False,13,5,9,4.970951036669916,0.20929591192967206,0.16765036509885775,1.6162005525096779,,0,0,0,4,3,4,6,3,6,6,10,0,1,2,0,0,2,4,4,S001;S002;S005;S006;S007;S011;S013,S003;S004;S010;S014,S008;S009;S012;S015
3,"1,2,5,6|3,4|7,8,9",False,False,14,5,9,4.868174623659334,0.32373442943483544,0.2401228199048682,2.3513299118323276,,0,0,0,4,3,4,6,3,6,6,11,0,1,2,0,0,2,4,5,S001;S002;S005;S006;S007;S011;S013,S003;S004,S008;S009;S010;S012;S014;S015
3,"1,2,5,7,8|3,4,6|9",False,False,14,5,6,3.7415998815420175,0.5735063567339582,0.4412220375414628,4.781185301506978,,0,0,0,4,3,4,6,3,7,6,10,0,1,2,0,0,3,4,4,S001;S002;S005;S008;S009;S011;S012;S013;S015,S003;S004;S006;S007,S010;S014
3,"1,2,5,7|3,4,6,8|9",False,False,13,4,7,3.604761230032738,0.45072763402358473,0.3316257887199568,3.765942087666996,,0,0,0,4,2,4,6,2,7,6,10,0,0,2,0,0,3,4,4,S001;S002;S005;S008;S011;S013;S015,S003;S004;S006;S007;S009;S012,S010;S014
3,"1,2,5,7,9|3,4,6|8",False,False,12,6,6,3.591258656407621,0.5689891377304097,0.527330124050104,4.694384579671939,,0,0,0,5,3,4,6,3,7,5,8,1,1,2,0,0,3,3,2,S001;S002;S005;S008;S010;S011;S013;S014;S015,S003;S004;S006;S007,S009;S012
3,"1,2,5,7|3,4,6,9|8",False,False,13,6,6,3.1863346728705517,0.44708233471872333,0.4038244872552423,3.7093989266108647,,0,0,0,5,3,4,6,3,7,5,9,1,1,2,0,0,3,3,3,S001;S002;S005;S008;S011;S013;S015,S003;S004;S006;S007;S010;S014,S009;S012
3,"1,2,5,7|3,4,6|8,9",False,False,15,6,6,3.083558259859969,0.2764992398585717,0.2234861560775708,1.8687283310539529,,0,0,0,5,3,4,6,3,7,6,10,1,1,2,0,0,3,4,4,S001;S002;S005;S008;S011;S013;S015,S003;S004;S006;S007,S009;S010;S012;S014
3,"1,2,5,8|3,4,6,7|9",False,False,12,5,6,3.76363986037781,0.44761228261063907,0.3301820231880597,3.6262348494518855,,0,0,0,4,3,4,6,3,6,6,9,0,1,2,0,0,2,4,3,S001;S002;S005;S009;S011;S012;S013,S003;S004;S006;S007;S008;S015,S010;S014
3,"1,2,5|3,4,6,7,8|9",False,False,11,4,7,3.6268012088685304,0.5342618919182565,0.4096160470496659,4.558365712327421,,0,0,0,4,2,4,6,2,6,6,9,0,0,2,0,0,2,4,3,S001;S002;S005;S011;S013,S003;S004;S006;S007;S008;S009;S012;S015,S010;S014
3,"1,2,5,9|3,4,6,7|8",False,False,10,6,6,3.613298635243413,0.44359735600056904,0.41115012972179527,3.5567749544012695,,0,0,0,5,3,4,6,3,6,5,7,1,1,2,0,0,2,3,1,S001;S002;S005;S010;S011;S013;S014,S003;S004;S006;S007;S008;S015,S009;S012
3,"1,2,5|3,4,6,7,9|8",False,False,11,6,6,3.208374651706344,0.5296982367681331,0.48657459755024435,4.474910481109114,,0,0,0,5,3,4,6,3,6,5,8,1,1,2,0,0,2,3,2,S001;S002;S005;S011;S013,S003;S004;S006;S007;S008;S010;S014;S015,S009;S012
3,"1,2,5|3,4,6,7|8,9",False,False,13,6,6,3.1055982386957615,0.23090175692051457,0.1897076908185093,1.758161235405492,,0,0,0,5,3,4,6,3,6,6,9,1,1,2,0,0,2,4,3,S001;S002;S005;S011;S013,S003;S004;S006;S007;S008;S015,S009;S010;S012;S014
3,"1,2,5,8,9|3,4,6|7",False,False,13,5,4,2.4291732689582153,0.5276306376798348,0.49013864477196634,4.005569971612259,,0,0,0,4,3,5,6,3,7,6,8,0,1,3,0,0,3,4,2,S001;S002;S005;S009;S010;S011;S012;S013;S014,S003;S004;S006;S007,S008;S015
3,"1,2,5,8|3,4,6,9|7",False,False,14,5,5,2.9503762391309842,0.40876423744157514,0.4032886099470084,3.139731962526569,,0,0,0,4,3,5,6,3,7,6,9,0,1,3,0,0,3,4,3,S001;S002;S005;S009;S011;S012;S013,S003;S004;S006;S007;S010;S014,S008;S015
3,"1,2,5,8|3,4,6|7,9",False,False,15,5,7,4.294929750003009,0.23710241303375626,0.15671697516444202,1.6827462765993924,,0,0,0,4,3,5,6,3,7,6,10,0,1,3,0,0,3,4,4,S001;S002;S005;S009;S011;S012;S013,S003;S004;S006;S007,S008;S010;S014;S015
3,"1,2,5,9|3,4,6,8|7",False,False,12,4,6,3.218461571158774,0.4083905564198753,0.4127700080157987,3.1265338086032903,,0,0,0,4,2,5,6,2,7,6,8,0,0,3,0,0,3,4,2,S001;S002;S005;S010;S011;S013;S014,S003;S004;S006;S007;S009;S012,S008;S015
3,"1,2,5|3,4,6,8,9|7",False,False,13,4,5,2.292334617448936,0.48787735910482144,0.4610039556191317,3.812644302131741,,0,0,0,4,2,5,6,2,7,6,9,0,0,3,0,0,3,4,3,S001;S002;S005;S011;S013,S003;S004;S006;S007;S009;S010;S012;S014,S008;S015
3,"1,2,5|3,4,6,8|7,9",False,False,14,4,8,4.158091098493729,0.1894201428086101,0.11191888675003644,1.5793473381379242,,0,0,0,4,2,5,6,2,7,6,10,0,0,3,0,0,3,4,4,S001;S002;S005;S011;S013,S003;S004;S006;S007;S009;S012,S008;S010;S014;S015
3,"1,2,5,9|3,4,6|7,8",False,False,13,5,7,4.144588524868612,0.23285655249331208,0.22600625603421556,1.6639029467089441,,0,0,0,4,3,5,6,3,7,6,8,0,1,3,0,0,3,4,2,S001;S002;S005;S010;S011;S013;S014,S003;S004;S006;S007,S008;S009;S012;S015
3,"1,2,5|3,4,6,9|7,8",False,False,14,5,7,3.739664541331543,0.1849052879517838,0.17152256751836503,1.561230271601095,,0,0,0,4,3,5,6,3,7,6,9,0,1,3,0,0,3,4,3,S001;S002;S005;S011;S013,S003;S004;S006;S007;S010;S014,S008;S009;S012;S015
3,"1,2,5|3,4,6|7,8,9",False,False,15,5,7,3.6368881283209604,0.12080147949618641,0.13669373040577013,1.327456148157743,,0,0,0,4,3,5,6,3,7,6,10,0,1,3,0,0,3,4,4,S001;S002;S005;S011;S013,S003;S004;S006;S007,S008;S009;S010;S012;S014;S015
3,"1,2,5,7,8,9|3,4|6",False,False,12,5,5,3.107129895835597,0.7990799501355658,0.6803590692773333,6.4487857453104205,,0,0,0,4,4,4,6,4,7,5,8,0,2,2,0,0,3,3,2,S001;S002;S005;S008;S009;S010;S011;S012;S013;S014;S015,S003;S004,S006;S007
3,"1,2,5,7,8|3,4,9|6",False,False,13,5,6,3.628332866008366,0.5854851768193794,0.5158986031992913,5.333307619461485,,0,0,0,4,4,4,6,4,7,5,9,0,2,2,0,0,3,3,3,S001;S002;S005;S008;S009;S011;S012;S013;S015,S003;S004;S010;S014,S006;S007
3,"1,2,5,7,8|3,4|6,9",False,False,16,5,8,4.972886376880391,0.5378482766073767,0.3677437289700166,3.205201976583646,,0,0,0,4,4,4,6,4,7,6,11,0,2,2,0,0,3,4,5,S001;S002;S005;S008;S009;S011;S012;S013;S015,S003;S004,S006;S007;S010;S014
3,"1,2,5,7,9|3,4,8|6",False,False,11,5,7,3.8964181980361556,0.5828174940025076,0.5460537465795642,5.316304147855346,,0,0,0,4,3,4,6,3,7,5,8,0,1,2,0,0,3,3,2,S001;S002;S005;S008;S010;S011;S013;S014;S015,S003;S004;S009;S012,S006;S007
3,"1,2,5,7|3,4,8,9|6",False,False,12,5,6,2.9702912443263174,0.4759072555060706,0.46204068616224436,4.20082602200641,,0,0,0,4,3,4,6,3,7,5,9,0,1,2,0,0,3,3,3,S001;S002;S005;S008;S011;S013;S015,S003;S004;S009;S010;S012;S014,S006;S007
3,"1,2,5,7|3,4,8|6,9",False,False,15,5,9,4.836047725371111,0.28583546444926616,0.16141632938393535,1.9857572482913903,,0,0,0,4,3,4,6,3,7,6,11,0,1,2,0,0,3,4,5,S001;S002;S005;S008;S011;S013;S015,S003;S004;S009;S012,S006;S007;S010;S014
3,"1,2,5,7,9|3,4|6,8",False,False,14,6,8,4.822545151745993,0.5341801296811873,0.43278200205987133,3.1949832596654795,,0,0,0,5,3,4,6,3,7,6,9,1,1,2,0,0,3,4,3,S001;S002;S005;S008;S010;S011;S013;S014;S015,S003;S004,S006;S007;S009;S012
3,"1,2,5,7|3,4,9|6,8",False,False,15,6,8,4.417621168208925,0.2844050210412425,0.2068056501476882,1.9699236921996042,,0,0,0,5,3,4,6,3,7,6,10,1,1,2,0,0,3,4,4,S001;S002;S005;S008;S011;S013;S015,S003;S004;S010;S014,S006;S007;S009;S012
3,"1,2,5,7|3,4|6,8,9",False,False,16,6,8,4.314844755198342,0.3444528586736839,0.23709682854934525,2.524605147448536,,0,0,0,5,3,4,6,3,7,6,11,1,1,2,0,0,3,4,5,S001;S002;S005;S008;S011;S013;S015,S003;S004,S006;S007;S009;S010;S012;S014
3,"1,2,5,8,9|3,4,7|6",False,False,10,5,5,3.129169874671389,0.5595154882743305,0.5075988456204223,5.1604637796036235,,0,0,0,4,4,4,6,4,6,5,7,0,2,2,0,0,2,3,1,S001;S002;S005;S009;S010;S011;S012;S013;S014,S003;S004;S008;S015,S006;S007
3,"1,2,5,8|3,4,7,9|6",False,False,11,5,6,3.650372844844158,0.47433041206278154,0.4725455737537018,4.067753770114904,,0,0,0,4,4,4,6,4,6,5,8,0,2,2,0,0,2,3,2,S001;S002;S005;S009;S011;S012;S013,S003;S004;S008;S010;S014;S015,S006;S007
3,"1,2,5,8|3,4,7|6,9",False,False,14,5,8,4.994926355716183,0.2600834478986338,0.14572164366639895,1.9120905124610759,,0,0,0,4,4,4,6,4,6,6,10,0,2,2,0,0,2,4,4,S001;S002;S005;S009;S011;S012;S013,S003;S004;S008;S015,S006;S007;S010;S014
3,"1,2,5,9|3,4,7,8|6",False,False,9,5,7,3.918458176871948,0.47438191468424973,0.4710370723041138,4.084757241721042,,0,0,0,4,3,4,6,3,6,5,7,0,1,2,0,0,2,3,1,S001;S002;S005;S010;S011;S013;S014,S003;S004;S008;S009;S012;S015,S006;S007
3,"1,2,5|3,4,7,8,9|6",False,False,10,5,6,2.9923312231621098,0.5652586294163728,0.550964986983947,5.200235367569978,,0,0,0,4,3,4,6,3,6,5,8,0,1,2,0,0,2,3,2,S001;S002;S005;S011;S013,S003;S004;S008;S009;S010;S012;S014;S015,S006;S007
3,"1,2,5|3,4,7,8|6,9",False,False,13,5,9,4.858087704206904,0.26626621774489456,0.20293637984256369,1.9308907957069232,,0,0,0,4,3,4,6,3,6,6,10,0,1,2,0,0,2,4,4,S001;S002;S005;S011;S013,S003;S004;S008;S009;S012;S015,S006;S007;S010;S014
3,"1,2,5,9|3,4,7|6,8",False,False,12,6,8,4.844585130581786,0.2555265215850953,0.22778282154571225,1.888870781795062,,0,0,0,5,3,4,6,3,6,6,8,1,1,2,0,0,2,4,2,S001;S002;S005;S010;S011;S013;S014,S003;S004;S008;S015,S006;S007;S009;S012
3,"1,2,5|3,4,7,9|6,8",False,False,13,6,8,4.439661147044717,0.2617235963814913,0.26590213547948427,1.907521159839974,,0,0,0,5,3,4,6,3,6,6,9,1,1,2,0,0,2,4,3,S001;S002;S005;S011;S013,S003;S004;S008;S010;S014;S015,S006;S007;S009;S012
3,"1,2,5|3,4,7|6,8,9",False,False,14,6,8,4.336884734034134,0.0492643932952898,0.07157805962240835,1.1151777510073582,,0,0,0,5,3,4,6,3,6,6,10,1,1,2,0,0,2,4,4,S001;S002;S005;S011;S013,S003;S004;S008;S015,S006;S007;S009;S010;S012;S014
3,"1,2,5,8,9|3,4|6,7",False,False,14,5,5,3.129169874671389,0.5012521623364217,0.41256117656092683,3.1013265850477905,,0,0,0,4,4,5,6,4,7,6,8,0,2,3,0,0,3,4,2,S001;S002;S005;S009;S010;S011;S012;S013;S014,S003;S004,S006;S007;S008;S015
3,"1,2,5,8|3,4,9|6,7",False,False,15,5,6,3.650372844844158,0.24362198612730326,0.2352714512813049,1.7676645657270125,,0,0,0,4,4,5,6,4,7,6,9,0,2,3,0,0,3,4,3,S001;S002;S005;S009;S011;S012;S013,S003;S004;S010;S014,S006;S007;S008;S015
3,"1,2,5,8|3,4|6,7,9",False,False,16,5,8,4.994926355716183,0.33116969186510603,0.23891357980687003,2.4309484728308473,,0,0,0,4,4,5,6,4,7,6,10,0,2,3,0,0,3,4,4,S001;S002;S005;S009;S011;S012;S013,S003;S004,S006;S007;S008;S010;S014;S015
3,"1,2,5,9|3,4,8|6,7",False,False,13,5,7,3.918458176871948,0.24045326412965745,0.2666217683251263,1.760234024107015,,0,0,0,4,3,5,6,3,7,6,8,0,1,3,0,0,3,4,2,S001;S002;S005;S010;S011;S013;S014,S003;S004;S009;S012,S006;S007;S008;S015
3,"1,2,5|3,4,8,9|6,7",False,False,14,5,6,2.9923312231621098,0.22014330121463227,0.2617274883782729,1.70951179968895,,0,0,0,4,3,5,6,3,7,6,9,0,1,3,0,0,3,4,3,S001;S002;S005;S011;S013,S003;S004;S009;S010;S012;S014,S006;S007;S008;S015
3,"1,2,5|3,4,8|6,7,9",False,False,15,5,9,4.858087704206904,0.08666652337780541,0.11447536156811816,1.2171925167555329,,0,0,0,4,3,5,6,3,7,6,10,0,1,3,0,0,3,4,4,S001;S002;S005;S011;S013,S003;S004;S009;S012,S006;S007;S008;S010;S014;S015
3,"1,2,5,9|3,4|6,7,8",False,False,13,5,8,4.844585130581786,0.33000989263720243,0.25387895860396936,2.42072975591268,,0,0,0,4,3,5,6,3,7,6,8,0,1,3,0,0,3,4,2,S001;S002;S005;S010;S011;S013;S014,S003;S004,S006;S007;S008;S009;S012;S015
3,"1,2,5|3,4,9|6,7,8",False,False,14,5,8,4.439661147044717,0.0909843425914008,0.07058902794945299,1.230756429330831,,0,0,0,4,3,5,6,3,7,6,9,0,1,3,0,0,3,4,3,S001;S002;S005;S011;S013,S003;S004;S010;S014,S006;S007;S008;S009;S012;S015
3,"1,2,5|3,4|6,7,8,9",False,False,15,5,8,4.336884734034134,0.38713501877627243,0.3081993059252137,2.7262067132414436,,0,0,0,4,3,5,6,3,7,6,10,0,1,3,0,0,3,4,4,S001;S002;S005;S011;S013,S003;S004,S006;S007;S008;S009;S010;S012;S014;S015
3,"1,2,6,7,8|3,4,5|9",False,False,11,4,8,4.709681819282981,0.5878489869100512,0.4451210376606492,4.856253999466397,,0,0,0,4,2,3,6,2,6,6,10,0,0,1,0,0,2,4,4,S001;S002;S006;S007;S008;S009;S012;S013;S015,S003;S004;S005;S011,S010;S014
3,"1,2,6,7|3,4,5,8|9",False,False,12,5,7,4.036672503718123,0.4539919577660505,0.3377407104595151,3.841010785626414,,0,0,0,4,3,3,6,3,6,6,10,0,1,1,0,0,2,4,4,S001;S002;S006;S007;S008;S013;S015,S003;S004;S005;S009;S011;S012,S010;S014
3,"1,2,6,7,9|3,4,5|8",False,False,10,6,7,4.291255262120795,0.583354655253268,0.518410448625989,4.768326170155942,,0,0,0,5,3,3,6,3,6,5,8,1,1,1,0,0,2,3,2,S001;S002;S006;S007;S008;S010;S013;S014;S015,S003;S004;S005;S011,S009;S012
3,"1,2,6,7|3,4,5,9|8",False,False,11,6,7,3.8863312785837256,0.45048727718743503,0.41251631931229726,3.783340517094867,,0,0,0,5,3,3,6,3,6,5,9,1,1,1,0,0,2,3,3,S001;S002;S006;S007;S008;S013;S015,S003;S004;S005;S010;S011;S014,S009;S012
3,"1,2,6,7|3,4,5|8,9",False,False,13,6,7,3.783554865573143,0.29369529033115627,0.21994892093747329,1.905978771816573,,0,0,0,5,3,3,6,3,6,6,10,1,1,1,0,0,2,4,4,S001;S002;S006;S007;S008;S013;S015,S003;S004;S005;S011,S009;S010;S012;S014
3,"1,2,6,8|3,4,5,7|9",False,False,11,4,9,5.2630116877439725,0.44880319400774865,0.355391334413474,3.7013035474113036,,0,0,0,4,2,4,6,2,5,6,10,0,0,2,0,0,1,4,4,S001;S002;S006;S007;S009;S012;S013,S003;S004;S005;S008;S011;S015,S010;S014
3,"1,2,6|3,4,5,7,8|9",False,False,12,5,8,4.590002372179114,0.5223023339126129,0.4013454220931027,4.483297014368004,,0,0,0,4,3,4,6,3,5,6,10,0,1,2,0,0,1,4,4,S001;S002;S006;S007;S013,S003;S004;S005;S008;S009;S011;S012;S015,S010;S014
3,"1,2,6,9|3,4,5,7|8",False,False,10,6,8,4.844585130581786,0.444683359720031,0.42741737620043935,3.6307165448852716,,0,0,0,5,3,4,6,3,5,5,8,1,1,2,0,0,1,3,2,S001;S002;S006;S007;S010;S013;S014,S003;S004;S005;S008;S011;S015,S009;S012
3,"1,2,6|3,4,5,7,9|8",False,False,11,6,8,4.439661147044717,0.5177326106555471,0.4860707656995707,4.40096889062511,,0,0,0,5,3,4,6,3,5,5,9,1,1,2,0,0,1,3,3,S001;S002;S006;S007;S013,S003;S004;S005;S008;S010;S011;S014;S015,S009;S012
3,"1,2,6|3,4,5,7|8,9",False,False,13,6,8,4.336884734034134,0.21801691787576805,0.2032310950180145,1.7209107946428719,,0,0,0,5,3,4,6,3,5,6,10,1,1,2,0,0,1,4,4,S001;S002;S006;S007;S013,S003;S004;S005;S008;S011;S015,S009;S010;S012;S014
3,"1,2,6,8,9|3,4,5|7",False,False,11,4,7,3.928545096324378,0.542222492756287,0.5119991840574767,4.070567303598097,,0,0,0,4,2,4,6,2,6,6,9,0,0,2,0,0,2,4,3,S001;S002;S006;S007;S009;S010;S012;S013;S014,S003;S004;S005;S011,S008;S015
3,"1,2,6,8|3,4,5,9|7",False,False,12,4,8,4.449748066497147,0.41134110125702916,0.42390144747681535,3.2047292945124064,,0,0,0,4,2,4,6,2,6,6,10,0,0,2,0,0,2,4,4,S001;S002;S006;S007;S009;S012;S013,S003;S004;S005;S010;S011;S014,S008;S015
3,"1,2,6,8|3,4,5|7,9",False,False,13,4,10,5.794301577369172,0.25510737948697765,0.1886423998304047,1.7175817401655398,,0,0,0,4,2,4,6,2,6,6,11,0,0,2,0,0,2,4,5,S001;S002;S006;S007;S009;S012;S013,S003;S004;S005;S011,S008;S010;S014;S015
3,"1,2,6,9|3,4,5,8|7",False,False,12,5,7,4.1816627344693575,0.4107193638631925,0.42907633768284725,3.1915311405891282,,0,0,0,4,3,4,6,3,6,6,9,0,1,2,0,0,2,4,3,S001;S002;S006;S007;S010;S013;S014,S003;S004;S005;S009;S011;S012,S008;S015
3,"1,2,6|3,4,5,8,9|7",False,False,13,5,6,3.255535780759519,0.47585084296036007,0.45385741905717575,3.7476469701459028,,0,0,0,4,3,4,6,3,6,6,10,0,1,2,0,0,2,4,4,S001;S002;S006;S007;S013,S003;S004;S005;S009;S010;S011;S012;S014,S008;S015
3,"1,2,6|3,4,5,8|7,9",False,False,14,5,9,5.121292261804314,0.1761778043646661,0.1023112085075644,1.5445118745717767,,0,0,0,4,3,4,6,3,6,6,11,0,1,2,0,0,2,4,5,S001;S002;S006;S007;S013,S003;S004;S005;S009;S011;S012,S008;S010;S014;S015
3,"1,2,6,9|3,4,5|7,8",False,False,12,5,9,5.375875020206985,0.2509611914119433,0.24491935634466555,1.6984937296142368,,0,0,0,4,3,4,6,3,6,6,9,0,1,2,0,0,2,4,3,S001;S002;S006;S007;S010;S013;S014,S003;S004;S005;S011,S008;S009;S012;S015
3,"1,2,6|3,4,5,9|7,8",False,False,13,5,9,4.970951036669916,0.17161430304057942,0.18209478946711735,1.5266394886958023,,0,0,0,4,3,4,6,3,6,6,10,0,1,2,0,0,2,4,4,S001;S002;S006;S007;S013,S003;S004;S005;S010;S011;S014,S008;S009;S012;S015
3,"1,2,6|3,4,5|7,8,9",False,False,14,5,9,4.868174623659334,0.12885426641818712,0.09800270106365692,1.3705369749207208,,0,0,0,4,3,4,6,3,6,6,11,0,1,2,0,0,2,4,5,S001;S002;S006;S007;S013,S003;S004;S005;S011,S008;S009;S010;S012;S014;S015
3,"1,2,7,8|3,4,5,6|9",False,False,13,4,7,4.009685213569807,0.4613575693038351,0.3524940792944065,3.9597774332056743,,0,0,0,4,2,4,6,2,7,6,10,0,0,2,0,0,3,4,4,S001;S002;S008;S009;S012;S013;S015,S003;S004;S005;S006;S007;S011,S010;S014
3,"1,2,7|3,4,5,6,8|9",False,False,13,4,6,3.3366758980049482,0.4868701085512404,0.35507672012429503,4.2248231285736315,,0,0,0,4,2,4,6,2,7,6,10,0,0,2,0,0,3,4,4,S001;S002;S008;S013;S015,S003;S004;S005;S006;S007;S009;S011;S012,S010;S014
3,"1,2,7,9|3,4,5,6|8",False,False,11,5,6,3.591258656407621,0.45696342720635386,0.4299092009496155,3.8853096140836745,,0,0,0,5,2,4,6,2,7,5,8,1,0,2,0,0,3,3,2,S001;S002;S008;S010;S013;S014;S015,S003;S004;S005;S006;S007;S011,S009;S012
3,"1,2,7|3,4,5,6,9|8",False,False,12,5,6,3.1863346728705517,0.4823318848432541,0.44416213222430345,4.146375821426709,,0,0,0,5,2,4,6,2,7,5,9,1,0,2,0,0,3,3,3,S001;S002;S008;S013;S015,S003;S004;S005;S006;S007;S010;S011;S014,S009;S012
3,"1,2,7|3,4,5,6|8,9",False,False,14,5,6,3.083558259859969,0.18805853789793628,0.1504065280793019,1.592651394477541,,0,0,0,5,2,4,6,2,7,6,10,1,0,2,0,0,3,4,4,S001;S002;S008;S013;S015,S003;S004;S005;S006;S007;S011,S009;S010;S012;S014
3,"1,2,8|3,4,5,6,7|9",False,False,11,4,7,4.0317251924056,0.5048542844336285,0.3751889736378561,4.364530366788743,,0,0,0,4,2,4,6,2,6,6,9,0,0,2,0,0,2,4,3,S001;S002;S009;S012;S013,S003;S004;S005;S006;S007;S008;S011;S015,S010;S014
3,"1,2|3,4,5,6,7,8|9",False,False,11,4,6,3.3587158768407406,0.6999304959148963,0.53975384662922,5.379773580628727,,0,0,0,4,2,4,6,2,6,6,9,0,0,2,0,0,2,4,3,S001;S002;S013,S003;S004;S005;S006;S007;S008;S009;S011;S012;S015,S010;S014
3,"1,2,9|3,4,5,6,7|8",False,False,9,5,6,3.613298635243413,0.5024195225377657,0.43444617019681875,4.298999793636304,,0,0,0,5,2,4,6,2,6,5,7,1,0,2,0,0,2,3,1,S001;S002;S010;S013;S014,S003;S004;S005;S006;S007;S008;S011;S015,S009;S012
3,"1,2|3,4,5,6,7,9|8",False,False,10,5,6,3.208374651706344,0.6956446525213646,0.6225392697724331,5.283985446697379,,0,0,0,5,2,4,6,2,6,5,8,1,0,2,0,0,2,3,2,S001;S002;S013,S003;S004;S005;S006;S007;S008;S010;S011;S014;S015,S009;S012
3,"1,2|3,4,5,6,7|8,9",False,False,12,5,6,3.1055982386957615,0.4275624314767627,0.3551194662410318,2.438852232856244,,0,0,0,5,2,4,6,2,6,6,9,1,0,2,0,0,2,4,3,S001;S002;S013,S003;S004;S005;S006;S007;S008;S011;S015,S009;S010;S012;S014
3,"1,2,8,9|3,4,5,6|7",False,False,12,4,5,2.697258600986005,0.4168669092010705,0.411475636906158,3.294363818274937,,0,0,0,4,2,5,6,2,7,6,8,0,0,3,0,0,3,4,2,S001;S002;S009;S010;S012;S013;S014,S003;S004;S005;S006;S007;S011,S008;S015
3,"1,2,8|3,4,5,6,9|7",False,False,13,4,6,3.218461571158774,0.4584393418431028,0.44639709744678097,3.6448142924600933,,0,0,0,4,2,5,6,2,7,6,9,0,0,3,0,0,3,4,3,S001;S002;S009;S012;S013,S003;S004;S005;S006;S007;S010;S011;S014,S008;S015
3,"1,2,8|3,4,5,6|7,9",False,False,14,4,8,4.563015082030798,0.1595265918892979,0.066612519045545,1.4893984739522883,,0,0,0,4,2,5,6,2,7,6,10,0,0,3,0,0,3,4,4,S001;S002;S009;S012;S013,S003;S004;S005;S006;S007;S011,S008;S010;S014;S015
3,"1,2,9|3,4,5,6,8|7",False,False,12,4,5,2.9503762391309842,0.46055685178908495,0.42088242568159023,3.6580124463833714,,0,0,0,4,2,5,6,2,7,6,8,0,0,3,0,0,3,4,2,S001;S002;S010;S013;S014,S003;S004;S005;S006;S007;S009;S011;S012,S008;S015
3,"1,2|3,4,5,6,8,9|7",False,False,13,4,4,2.024249285421146,0.6565429025234777,0.5856308865767407,4.523850455469062,,0,0,0,4,2,5,6,2,7,6,9,0,0,3,0,0,3,4,3,S001;S002;S013,S003;S004;S005;S006;S007;S009;S010;S011;S012;S014,S008;S015
3,"1,2|3,4,5,6,8|7,9",False,False,14,4,7,3.8900057664659395,0.3937727856817077,0.2847196507117018,2.360785343355417,,0,0,0,4,2,5,6,2,7,6,10,0,0,3,0,0,3,4,4,S001;S002;S013,S003;S004;S005;S006;S007;S009;S011;S012,S008;S010;S014;S015
3,"1,2,9|3,4,5,6|7,8",False,False,12,4,7,4.144588524868612,0.15677698396688147,0.1265122916922113,1.478937094496536,,0,0,0,4,2,5,6,2,7,6,8,0,0,3,0,0,3,4,2,S001;S002;S010;S013;S014,S003;S004;S005;S006;S007;S011,S008;S009;S012;S015
3,"1,2|3,4,5,6,9|7,8",False,False,13,4,7,3.739664541331543,0.3901811276127197,0.34313295647078,2.352267600783975,,0,0,0,4,2,5,6,2,7,6,9,0,0,3,0,0,3,4,3,S001;S002;S013,S003;S004;S005;S006;S007;S010;S011;S014,S008;S009;S012;S015
3,"1,2|3,4,5,6|7,8,9",False,False,14,4,7,3.6368881283209604,0.242481123380994,0.2206603293960515,1.7934784464194338,,0,0,0,4,2,5,6,2,7,6,10,0,0,3,0,0,3,4,4,S001;S002;S013,S003;S004;S005;S006;S007;S011,S008;S009;S010;S012;S014;S015
3,"1,2,7,8,9|3,4,5|6",False,False,11,5,6,3.3752152278633867,0.6184015320775796,0.5585943394201389,5.532523235820112,,0,0,0,4,3,4,6,3,7,5,8,0,1,2,0,0,3,3,2,S001;S002;S008;S009;S010;S012;S013;S014;S015,S003;S004;S005;S011,S006;S007
3,"1,2,7,8|3,4,5,9|6",False,False,12,5,7,3.8964181980361556,0.4841271306303537,0.47234472861301596,4.417045109971176,,0,0,0,4,3,4,6,3,7,5,9,0,1,2,0,0,3,3,3,S001;S002;S008;S009;S012;S013;S015,S003;S004;S005;S010;S011;S014,S006;S007
3,"1,2,7,8|3,4,5|6,9",False,False,15,5,9,5.24097170890818,0.3271386646389032,0.21562305325884415,2.087965389951091,,0,0,0,4,3,4,6,3,7,6,11,0,1,2,0,0,3,4,5,S001;S002;S008;S009;S012;S013;S015,S003;S004;S005;S011,S006;S007;S010;S014
3,"1,2,7,9|3,4,5,8|6",False,False,11,5,6,3.628332866008366,0.48323261114200033,0.4780245695063294,4.400041638365038,,0,0,0,4,3,4,6,3,7,5,8,0,1,2,0,0,3,3,2,S001;S002;S008;S010;S013;S014;S015,S003;S004;S005;S009;S011;S012,S006;S007
3,"1,2,7|3,4,5,8,9|6",False,False,12,5,5,2.7022059122985276,0.5177062286364665,0.5000913536164322,4.82817591135349,,0,0,0,4,3,4,6,3,7,5,9,0,1,2,0,0,3,3,3,S001;S002;S008;S013;S015,S003;S004;S005;S009;S010;S011;S012;S014,S006;S007
3,"1,2,7|3,4,5,8|6,9",False,False,15,5,8,4.567962393343322,0.2222311566311991,0.13272398101985147,1.755015918216908,,0,0,0,4,3,4,6,3,7,6,11,0,1,2,0,0,3,4,5,S001;S002;S008;S013;S015,S003;S004;S005;S009;S011;S012,S006;S007;S010;S014
3,"1,2,7,9|3,4,5|6,8",False,False,13,5,8,4.822545151745993,0.3228204107668943,0.27788884004287734,2.063343310261666,,0,0,0,5,2,4,6,2,7,6,9,1,0,2,0,0,3,4,3,S001;S002;S008;S010;S013;S014;S015,S003;S004;S005;S011,S006;S007;S009;S012
3,"1,2,7|3,4,5,9|6,8",False,False,14,5,8,4.417621168208925,0.21781946842485397,0.21605685962274768,1.7330486313733706,,0,0,0,5,2,4,6,2,7,6,10,1,0,2,0,0,3,4,4,S001;S002;S008;S013;S015,S003;S004;S005;S010;S011;S014,S006;S007;S009;S012
3,"1,2,7|3,4,5|6,8,9",False,False,15,5,8,4.314844755198342,0.10658155372731784,0.06785495922544221,1.272979964907156,,0,0,0,5,2,4,6,2,7,6,11,1,0,2,0,0,3,4,5,S001;S002;S008;S013;S015,S003;S004;S005;S011,S006;S007;S009;S010;S012;S014
3,"1,2,8,9|3,4,5,7|6",False,False,10,5,6,3.397255206699179,0.4770001019009341,0.4662260852070863,4.244201270113315,,0,0,0,4,3,5,6,3,6,5,7,0,1,3,0,0,2,3,1,S001;S002;S009;S010;S012;S013;S014,S003;S004;S005;S008;S011;S015,S006;S007
3,"1,2,8|3,4,5,7,9|6",False,False,11,5,7,3.918458176871948,0.5358687839128226,0.5309890830733103,4.984016279605211,,0,0,0,4,3,5,6,3,6,5,8,0,1,3,0,0,2,3,2,S001;S002;S009;S012;S013,S003;S004;S005;S008;S010;S011;S014;S015,S006;S007
3,"1,2,8|3,4,5,7|6,9",False,False,14,5,9,5.2630116877439725,0.236563235838624,0.15966408059835166,1.8286826540472223,,0,0,0,4,3,5,6,3,6,6,10,0,1,3,0,0,2,4,4,S001;S002;S009;S012;S013,S003;S004;S005;S008;S011;S015,S006;S007;S010;S014
3,"1,2,9|3,4,5,7,8|6",False,False,10,5,6,3.650372844844158,0.5380107374046053,0.5034136898771685,5.001019751211351,,0,0,0,4,3,5,6,3,6,5,7,0,1,3,0,0,2,3,1,S001;S002;S010;S013;S014,S003;S004;S005;S008;S009;S011;S012;S015,S006;S007
3,"1,2|3,4,5,7,8,9|6",False,False,11,5,5,2.72424589113432,0.7291290481682573,0.6739818809290724,6.1164978770602865,,0,0,0,4,3,5,6,3,6,5,8,0,1,3,0,0,2,3,2,S001;S002;S013,S003;S004;S005;S008;S009;S010;S011;S012;S014;S015,S006;S007
3,"1,2|3,4,5,7,8|6,9",False,False,14,5,8,4.590002372179114,0.4573426509525261,0.3583368598519624,2.505217747423771,,0,0,0,4,3,5,6,3,6,6,10,0,1,3,0,0,2,4,4,S001;S002;S013,S003;S004;S005;S008;S009;S011;S012;S015,S006;S007;S010;S014
3,"1,2,9|3,4,5,7|6,8",False,False,12,5,8,4.844585130581786,0.23396204248183888,0.20867581610158048,1.8141015417779123,,0,0,0,5,2,5,6,2,6,6,8,1,0,3,0,0,2,4,2,S001;S002;S010;S013;S014,S003;S004;S005;S008;S011;S015,S006;S007;S009;S012
3,"1,2|3,4,5,7,9|6,8",False,False,13,5,8,4.439661147044717,0.4534734536460514,0.4236302792763232,2.4967000048523285,,0,0,0,5,2,5,6,2,6,6,9,1,0,3,0,0,2,4,3,S001;S002;S013,S003;S004;S005;S008;S010;S011;S014;S015,S006;S007;S009;S012
3,"1,2|3,4,5,7|6,8,9",False,False,14,5,8,4.336884734034134,0.25635651663378617,0.24307264434502912,1.9379108504877869,,0,0,0,5,2,5,6,2,6,6,10,1,0,3,0,0,2,4,4,S001;S002;S013,S003;S004;S005;S008;S011;S015,S006;S007;S009;S010;S012;S014
3,"1,2,8,9|3,4,5|6,7",False,False,13,5,6,3.397255206699179,0.28361123413552863,0.27390196774415276,1.8547220774513713,,0,0,0,4,3,5,6,3,7,6,8,0,1,3,0,0,3,4,2,S001;S002;S009;S010;S012;S013;S014,S003;S004;S005;S011,S006;S007;S008;S015
3,"1,2,8|3,4,5,9|6,7",False,False,14,5,7,3.918458176871948,0.19033594556854302,0.25228745526047297,1.6150237463445938,,0,0,0,4,3,5,6,3,7,6,9,0,1,3,0,0,3,4,3,S001;S002;S009;S012;S013,S003;S004;S005;S010;S011;S014,S006;S007;S008;S015
3,"1,2,8|3,4,5|6,7,9",False,False,15,5,9,5.2630116877439725,0.11270410718305089,0.10669257744314008,1.3191918209492528,,0,0,0,4,3,5,6,3,7,6,10,0,1,3,0,0,3,4,4,S001;S002;S009;S012;S013,S003;S004;S005;S011,S006;S007;S008;S010;S014;S015
3,"1,2,9|3,4,5,8|6,7",False,False,13,5,6,3.650372844844158,0.19221137089168086,0.22720584794204376,1.622454287964591,,0,0,0,4,3,5,6,3,7,6,8,0,1,3,0,0,3,4,2,S001;S002;S010;S013;S014,S003;S004;S005;S009;S011;S012,S006;S007;S008;S015
3,"1,2|3,4,5,8,9|6,7",False,False,14,5,5,2.72424589113432,0.4186705269171083,0.4023889473696332,2.418633115351502,,0,0,0,4,3,5,6,3,7,6,9,0,1,3,0,0,3,4,3,S001;S002;S013,S003;S004;S005;S009;S010;S011;S012;S014,S006;S007;S008;S015
3,"1,2|3,4,5,8|6,7,9",False,False,15,5,8,4.590002372179114,0.24593855783265925,0.23717262636453296,1.85984396098696,,0,0,0,4,3,5,6,3,7,6,10,0,1,3,0,0,3,4,4,S001;S002;S013,S003;S004;S005;S009;S011;S012,S006;S007;S008;S010;S014;S015
3,"1,2,9|3,4,5|6,7,8",False,False,12,4,8,4.844585130581786,0.11428494919985638,0.07263782408220387,1.325781761623562,,0,0,0,4,2,5,6,2,7,6,8,0,0,3,0,0,3,4,2,S001;S002;S010;S013;S014,S003;S004;S005;S011,S006;S007;S008;S009;S012;S015
3,"1,2|3,4,5,9|6,7,8",False,False,13,4,8,4.439661147044717,0.2452084198022276,0.24774788948164672,1.8513262184155184,,0,0,0,4,2,5,6,2,7,6,9,0,0,3,0,0,3,4,3,S001;S002;S013,S003;S004;S005;S010;S011;S014,S006;S007;S008;S009;S012;S015
3,"1,2|3,4,5|6,7,8,9",False,False,14,4,8,4.336884734034134,0.3575965495122412,0.3101758325380628,2.2724112201057927,,0,0,0,4,2,5,6,2,7,6,10,0,0,3,0,0,3,4,4,S001;S002;S013,S003;S004;S005;S011,S006;S007;S008;S009;S010;S012;S014;S015
3,"1,2,6,7,8,9|3,4|5",False,False,11,5,5,2.8439253382381877,0.8197572280452203,0.7502332897708577,7.129532386361605,,0,0,0,4,3,4,6,3,7,5,8,0,1,2,0,0,3,3,2,S001;S002;S006;S007;S008;S009;S010;S012;S013;S014;S015,S003;S004,S005;S011
3,"1,2,6,7,8|3,4,9|5",False,False,12,5,6,3.3651283084109567,0.6078791964435164,0.5874961176897344,5.912110398344826,,0,0,0,4,3,4,6,3,7,5,9,0,1,2,0,0,3,3,3,S001;S002;S006;S007;S008;S009;S012;S013;S015,S003;S004;S010;S014,S005;S011
3,"1,2,6,7,8|3,4|5,9",False,False,14,5,8,4.709681819282981,0.5561079686652498,0.41678657461326296,3.2555263886082653,,0,0,0,4,3,4,6,3,7,6,10,0,1,2,0,0,3,4,4,S001;S002;S006;S007;S008;S009;S012;S013;S015,S003;S004,S005;S010;S011;S014
3,"1,2,6,7,9|3,4,8|5",False,False,11,5,6,3.3651283084109567,0.6052252318455559,0.6086411814351789,5.893552974647989,,0,0,0,4,3,4,6,3,7,5,8,0,1,2,0,0,3,3,2,S001;S002;S006;S007;S008;S010;S013;S014;S015,S003;S004;S009;S012,S005;S011
3,"1,2,6,7|3,4,8,9|5",False,False,12,5,5,2.4390013547011185,0.49634679888192534,0.526593407273237,4.6761309866312075,,0,0,0,4,3,4,6,3,7,5,9,0,1,2,0,0,3,3,3,S001;S002;S006;S007;S008;S013;S015,S003;S004;S009;S010;S012;S014,S005;S011
3,"1,2,6,7|3,4,8|5,9",False,False,14,5,8,4.304757835745912,0.30793736477376676,0.21015923060645364,2.1088142049197622,,0,0,0,4,3,4,6,3,7,6,10,0,1,2,0,0,3,4,4,S001;S002;S006;S007;S008;S013;S015,S003;S004;S009;S012,S005;S010;S011;S014
3,"1,2,6,7,9|3,4|5,8",False,False,13,6,6,4.023169930093005,0.5523748406804684,0.4915989405619052,3.245307671690098,,0,0,0,5,4,4,6,4,7,5,8,1,2,2,0,0,3,3,2,S001;S002;S006;S007;S008;S010;S013;S014;S015,S003;S004,S005;S009;S011;S012
3,"1,2,6,7|3,4,9|5,8",False,False,14,6,6,3.618245946555936,0.30644224355317334,0.2825519235339939,2.0913121838843307,,0,0,0,5,4,4,6,4,7,5,9,1,2,2,0,0,3,3,3,S001;S002;S006;S007;S008;S013;S015,S003;S004;S010;S014,S005;S009;S011;S012
3,"1,2,6,7|3,4|5,8,9",False,False,16,6,6,3.515469533545353,0.3534395046663232,0.24932993700073544,2.5749295594731545,,0,0,0,5,4,4,6,4,7,6,10,1,2,2,0,0,3,4,4,S001;S002;S006;S007;S008;S013;S015,S003;S004,S005;S009;S010;S011;S012;S014
3,"1,2,6,8,9|3,4,7|5",False,False,10,5,6,3.397255206699179,0.5820103593991737,0.5945183091802554,5.723470310959815,,0,0,0,4,3,4,6,3,6,5,8,0,1,2,0,0,2,3,2,S001;S002;S006;S007;S009;S010;S012;S013;S014,S003;S004;S008;S015,S005;S011
3,"1,2,6,8|3,4,7,9|5",False,False,11,5,7,3.918458176871948,0.49388145906341835,0.5375660862441939,4.506048322943034,,0,0,0,4,3,4,6,3,6,5,9,0,1,2,0,0,2,3,3,S001;S002;S006;S007;S009;S012;S013,S003;S004;S008;S010;S014;S015,S005;S011
3,"1,2,6,8|3,4,7|5,9",False,False,13,5,9,5.2630116877439725,0.28253147548489926,0.23206083265932567,2.032111319944633,,0,0,0,4,3,4,6,3,6,6,10,0,1,2,0,0,2,4,4,S001;S002;S006;S007;S009;S012;S013,S003;S004;S008;S015,S005;S010;S011;S014
3,"1,2,6,9|3,4,7,8|5",False,False,10,5,7,3.918458176871948,0.4938267727979176,0.5385932252039637,4.487490899246197,,0,0,0,4,3,4,6,3,6,5,8,0,1,2,0,0,2,3,2,S001;S002;S006;S007;S010;S013;S014,S003;S004;S008;S009;S012;S015,S005;S011
3,"1,2,6|3,4,7,8,9|5",False,False,11,5,6,2.9923312231621098,0.5758429279343958,0.5913712023711085,5.675486352118375,,0,0,0,4,3,4,6,3,6,5,9,0,1,2,0,0,2,3,3,S001;S002;S006;S007;S013,S003;S004;S008;S009;S010;S012;S014;S015,S005;S011
3,"1,2,6|3,4,7,8|5,9",False,False,13,5,9,4.858087704206904,0.27609153772693434,0.2239373710701523,2.0104717948110538,,0,0,0,4,3,4,6,3,6,6,10,0,1,2,0,0,2,4,4,S001;S002;S006;S007;S013,S003;S004;S008;S009;S012;S015,S005;S010;S011;S014
3,"1,2,6,9|3,4,7|5,8",False,False,12,6,7,4.576499798553996,0.2779724581848141,0.32120396303631266,2.006946430605574,,0,0,0,5,4,4,6,4,6,5,8,1,2,2,0,0,2,3,2,S001;S002;S006;S007;S010;S013;S014,S003;S004;S008;S015,S005;S009;S011;S012
3,"1,2,6|3,4,7,9|5,8",False,False,13,6,7,4.1715758150169275,0.27152385557932474,0.3140892415859498,1.9854865018646983,,0,0,0,5,4,4,6,4,6,5,9,1,2,2,0,0,2,3,3,S001;S002;S006;S007;S013,S003;S004;S008;S010;S014;S015,S005;S009;S011;S012
3,"1,2,6|3,4,7|5,8,9",False,False,15,6,7,4.068799402006345,0.030066969624878606,0.028083038035028148,1.0717909213321604,,0,0,0,5,4,4,6,4,6,6,10,1,2,2,0,0,2,4,4,S001;S002;S006;S007;S013,S003;S004;S008;S015,S005;S009;S010;S011;S012;S014
3,"1,2,6,8,9|3,4|5,7",False,False,15,5,7,3.928545096324378,0.518784673714826,0.4663824627426379,3.1516509970724096,,0,0,0,4,3,5,6,3,7,6,10,0,1,3,0,0,3,4,4,S001;S002;S006;S007;S009;S010;S012;S013;S014,S003;S004,S005;S008;S011;S015
3,"1,2,6,8|3,4,9|5,7",False,False,16,5,8,4.449748066497147,0.26549304798608586,0.28616924187008175,1.8727897210177185,,0,0,0,4,3,5,6,3,7,6,11,0,1,3,0,0,3,4,5,S001;S002;S006;S007;S009;S012;S013,S003;S004;S010;S014,S005;S008;S011;S015
3,"1,2,6,8|3,4|5,7,9",False,False,16,5,10,5.794301577369172,0.33772670931424664,0.26403520375445216,2.481272884855466,,0,0,0,4,3,5,6,3,7,6,11,0,1,3,0,0,3,4,5,S001;S002;S006;S007;S009;S012;S013,S003;S004,S005;S008;S010;S011;S014;S015
3,"1,2,6,9|3,4,8|5,7",False,False,15,5,8,4.449748066497147,0.2623924225058444,0.30851605916400887,1.8650769425792244,,0,0,0,4,3,5,6,3,7,6,10,0,1,3,0,0,3,4,4,S001;S002;S006;S007;S010;S013;S014,S003;S004;S009;S012,S005;S008;S011;S015
3,"1,2,6|3,4,8,9|5,7",False,False,16,5,7,3.5236211127873087,0.22966532867941825,0.26515024327987047,1.7744447744572949,,0,0,0,4,3,5,6,3,7,6,11,0,1,3,0,0,3,4,5,S001;S002;S006;S007;S013,S003;S004;S009;S010;S012;S014,S005;S008;S011;S015
3,"1,2,6|3,4,8|5,7,9",False,False,16,5,10,5.389377593832103,0.07102996108695787,0.07719937916316154,1.1872481474980248,,0,0,0,4,3,5,6,3,7,6,11,0,1,3,0,0,3,4,5,S001;S002;S006;S007;S013,S003;S004;S009;S012,S005;S008;S010;S011;S014;S015
3,"1,2,6,9|3,4|5,7,8",False,False,16,5,8,5.107789688179196,0.33628372562423436,0.28560408239820645,2.471054167937299,,0,0,0,4,4,5,6,4,7,6,10,0,2,3,0,0,3,4,4,S001;S002;S006;S007;S010;S013;S014,S003;S004,S005;S008;S009;S011;S012;S015
3,"1,2,6|3,4,9|5,7,8",False,False,17,5,8,4.702865704642127,0.0755608658497045,0.013889433946833923,1.2006288721887974,,0,0,0,4,4,5,6,4,7,6,11,0,2,3,0,0,3,4,5,S001;S002;S006;S007;S013,S003;S004;S010;S014,S005;S008;S009;S011;S012;S015
3,"1,2,6|3,4|5,7,8,9",False,False,17,5,8,4.600089291631544,0.3749078494562931,0.27282066719887543,2.6758823012168245,,0,0,0,4,4,5,6,4,7,6,11,0,2,3,0,0,3,4,5,S001;S002;S006;S007;S013,S003;S004,S005;S008;S009;S010;S011;S012;S014;S015
3,"1,2,7,8,9|3,4,6|5",False,False,13,5,4,2.143928732525014,0.6264884594887427,0.6324126748548174,6.03814210285402,,0,0,0,4,3,5,6,3,8,5,8,0,1,3,0,0,4,3,2,S001;S002;S008;S009;S010;S012;S013;S014;S015,S003;S004;S006;S007,S005;S011
3,"1,2,7,8|3,4,6,9|5",False,False,14,5,5,2.6651317026977828,0.5011939092199638,0.5319304184880439,4.820720114837239,,0,0,0,4,3,5,6,3,8,5,9,0,1,3,0,0,4,3,3,S001;S002;S008;S009;S012;S013;S015,S003;S004;S006;S007;S010;S014,S005;S011
3,"1,2,7,8|3,4,6|5,9",False,False,16,5,7,4.009685213569807,0.3321718228090316,0.2654778622707806,2.174020164357077,,0,0,0,4,3,5,6,3,8,6,10,0,1,3,0,0,4,4,4,S001;S002;S008;S009;S012;S013;S015,S003;S004;S006;S007,S005;S010;S011;S014
3,"1,2,7,9|3,4,6,8|5",False,False,12,4,5,2.6651317026977828,0.5004327005146416,0.539907124789587,4.802162691140403,,0,0,0,4,2,5,6,2,8,5,8,0,0,3,0,0,4,3,2,S001;S002;S008;S010;S013;S014;S015,S003;S004;S006;S007;S009;S012,S005;S011
3,"1,2,7|3,4,6,8,9|5",False,False,13,4,4,1.7390047489879445,0.5400812822829397,0.5566822932431668,5.360814560224171,,0,0,0,4,2,5,6,2,8,5,9,0,0,3,0,0,4,3,3,S001;S002;S008;S013;S015,S003;S004;S006;S007;S009;S010;S012;S014,S005;S011
3,"1,2,7|3,4,6,8|5,9",False,False,15,4,7,3.604761230032738,0.24404281841671105,0.16858658782101876,1.86856295039861,,0,0,0,4,2,5,6,2,8,6,10,0,0,3,0,0,4,4,4,S001;S002;S008;S013;S015,S003;S004;S006;S007;S009;S012,S005;S010;S011;S014
3,"1,2,7,9|3,4,6|5,8",False,False,14,6,5,3.323173324379831,0.3277629575284628,0.3507540961113085,2.1476775081126998,,0,0,0,5,3,5,6,3,8,5,8,1,1,3,0,0,4,3,2,S001;S002;S008;S010;S013;S014;S015,S003;S004;S006;S007,S005;S009;S011;S012
3,"1,2,7|3,4,6,9|5,8",False,False,15,6,5,2.918249340842762,0.2396033818106798,0.2651921916178098,1.8447554243575732,,0,0,0,5,3,5,6,3,8,5,9,1,1,3,0,0,4,3,3,S001;S002;S008;S013;S015,S003;S004;S006;S007;S010;S014,S005;S009;S011;S012
3,"1,2,7|3,4,6|5,8,9",False,False,17,6,5,2.8154729278321793,0.08846606855115653,0.0690411119777639,1.232965700174109,,0,0,0,5,3,5,6,3,8,6,10,1,1,3,0,0,4,4,4,S001;S002;S008;S013;S015,S003;S004;S006;S007,S005;S009;S010;S011;S012;S014
3,"1,2,8,9|3,4,6,7|5",False,False,11,5,4,2.1659687113608057,0.4953696615708455,0.5263176433004781,4.632080027452228,,0,0,0,4,3,5,6,3,7,5,7,0,1,3,0,0,3,3,1,S001;S002;S009;S010;S012;S013;S014,S003;S004;S006;S007;S008;S015,S005;S011
3,"1,2,8|3,4,6,7,9|5",False,False,12,5,5,2.687171681533575,0.5583603486939682,0.576325776131472,5.530897223912343,,0,0,0,4,3,5,6,3,7,5,8,0,1,3,0,0,3,3,2,S001;S002;S009;S012;S013,S003;S004;S006;S007;S008;S010;S014;S015,S005;S011
3,"1,2,8|3,4,6,7|5,9",False,False,14,5,7,4.0317251924056,0.25898889534422714,0.18052526014801337,1.9452658353737393,,0,0,0,4,3,5,6,3,7,6,9,0,1,3,0,0,3,4,3,S001;S002;S009;S012;S013,S003;S004;S006;S007;S008;S015,S005;S010;S011;S014
3,"1,2,9|3,4,6,7,8|5",False,False,10,4,5,2.687171681533575,0.5605081214670674,0.5586851478989527,5.54945464760918,,0,0,0,4,2,5,6,2,7,5,7,0,0,3,0,0,3,3,1,S001;S002;S010;S013;S014,S003;S004;S006;S007;S008;S009;S012;S015,S005;S011
3,"1,2|3,4,6,7,8,9|5",False,False,11,4,4,1.7610447278237367,0.7503944899722895,0.7247881090551817,6.7668766356259615,,0,0,0,4,2,5,6,2,7,5,8,0,0,3,0,0,3,3,2,S001;S002;S013,S003;S004;S006;S007;S008;S009;S010;S012;S014;S015,S005;S011
3,"1,2|3,4,6,7,8|5,9",False,False,13,4,7,3.6268012088685304,0.4765786189266654,0.3773310594643862,2.5471653216757613,,0,0,0,4,2,5,6,2,7,6,9,0,0,3,0,0,3,4,3,S001;S002;S013,S003;S004;S006;S007;S008;S009;S012;S015,S005;S010;S011;S014
3,"1,2,9|3,4,6,7|5,8",False,False,12,6,5,3.345213303215623,0.25641459677055245,0.26277607903351474,1.9291211776363295,,0,0,0,5,3,5,6,3,7,5,7,1,1,3,0,0,3,3,1,S001;S002;S010;S013;S014,S003;S004;S006;S007;S008;S015,S005;S009;S011;S012
3,"1,2|3,4,6,7,9|5,8",False,False,13,6,5,2.9402893196785542,0.47264923813176574,0.4537946714530257,2.5386475791043193,,0,0,0,5,3,5,6,3,7,5,8,1,1,3,0,0,3,3,2,S001;S002;S013,S003;S004;S006;S007;S008;S010;S014;S015,S005;S009;S011;S012
3,"1,2|3,4,6,7|5,8,9",False,False,15,6,5,2.8375129066679716,0.26453723878730206,0.2254112968721534,1.9798584247397775,,0,0,0,5,3,5,6,3,7,6,9,1,1,3,0,0,3,4,3,S001;S002;S013,S003;S004;S006;S007;S008;S015,S005;S009;S010;S011;S012;S014
3,"1,2,8,9|3,4,6|5,7",False,False,16,5,5,2.697258600986005,0.2875899819707302,0.29723893606564417,1.925170624153041,,0,0,0,4,3,6,6,3,8,6,9,0,1,4,0,0,4,4,3,S001;S002;S009;S010;S012;S013;S014,S003;S004;S006;S007,S005;S008;S011;S015
3,"1,2,8|3,4,6,9|5,7",False,False,17,5,6,3.218461571158774,0.21271896673227922,0.24642469351882842,1.7143510928834786,,0,0,0,4,3,6,6,3,8,6,10,0,1,4,0,0,4,4,4,S001;S002;S009;S012;S013,S003;S004;S006;S007;S010;S014,S005;S008;S011;S015
3,"1,2,8|3,4,6|5,7,9",False,False,17,5,8,4.563015082030798,0.09069708015060957,0.12454138959217505,1.2462914155631015,,0,0,0,4,3,6,6,3,8,6,10,0,1,4,0,0,4,4,4,S001;S002;S009;S012;S013,S003;S004;S006;S007,S005;S008;S010;S011;S014;S015
3,"1,2,9|3,4,6,8|5,7",False,False,15,4,6,3.218461571158774,0.21463847040707282,0.23504329159975376,1.7220638713219723,,0,0,0,4,2,6,6,2,8,6,9,0,0,4,0,0,4,4,3,S001;S002;S010;S013;S014,S003;S004;S006;S007;S009;S012,S005;S008;S011;S015
3,"1,2|3,4,6,8,9|5,7",False,False,16,4,5,2.292334617448936,0.4372166431162103,0.40324672567110353,2.4605806896034927,,0,0,0,4,2,6,6,2,8,6,10,0,0,4,0,0,4,4,4,S001;S002;S013,S003;S004;S006;S007;S009;S010;S012;S014,S005;S008;S011;S015
3,"1,2|3,4,6,8|5,7,9",False,False,16,4,8,4.158091098493729,0.25072158877389683,0.22943538819223216,1.9017915352389505,,0,0,0,4,2,6,6,2,8,6,10,0,0,4,0,0,4,4,4,S001;S002;S013,S003;S004;S006;S007;S009;S012,S005;S008;S010;S011;S014;S015
3,"1,2,9|3,4,6|5,7,8",False,False,16,5,6,3.8765031928408225,0.09209733404979654,0.09449937147572536,1.252674211083531,,0,0,0,4,3,6,6,3,8,6,9,0,1,4,0,0,4,4,3,S001;S002;S010;S013;S014,S003;S004;S006;S007,S005;S008;S009;S011;S012;S015
3,"1,2|3,4,6,9|5,7,8",False,False,17,5,6,3.471579209303753,0.2495935886546395,0.2294495052951171,1.8932737926675087,,0,0,0,4,3,6,6,3,8,6,10,0,1,4,0,0,4,4,4,S001;S002;S013,S003;S004;S006;S007;S010;S014,S005;S008;S009;S011;S012;S015
3,"1,2|3,4,6|5,7,8,9",False,False,17,5,6,3.3688027962931706,0.3413901587896126,0.3013836714944742,2.230463645853802,,0,0,0,4,3,6,6,3,8,6,10,0,1,4,0,0,4,4,4,S001;S002;S013,S003;S004;S006;S007,S005;S008;S009;S010;S011;S012;S014;S015
3,"1,2,7,8,9|3,4|5,6",False,False,12,5,6,3.3752152278633867,0.5817775996721085,0.5023363877691569,3.3249262326886178,,0,0,0,4,3,4,6,3,8,5,8,0,1,2,0,0,4,3,2,S001;S002;S008;S009;S010;S012;S013;S014;S015,S003;S004,S005;S006;S007;S011
3,"1,2,7,8|3,4,9|5,6",False,False,13,5,7,3.8964181980361556,0.341433082948565,0.32926211217109974,2.305031324307457,,0,0,0,4,3,4,6,3,8,5,9,0,1,2,0,0,4,3,3,S001;S002;S008;S009;S012;S013;S015,S003;S004;S010;S014,S005;S006;S007;S011
3,"1,2,7,8|3,4|5,6,9",False,False,16,5,9,5.24097170890818,0.37001577748932146,0.26647289989350625,2.654548120471674,,0,0,0,4,3,4,6,3,8,6,11,0,1,2,0,0,4,4,5,S001;S002;S008;S009;S012;S013;S015,S003;S004,S005;S006;S007;S010;S011;S014
3,"1,2,7,9|3,4,8|5,6",False,False,11,4,7,3.8964181980361556,0.3385048870861414,0.35021574415796863,2.296158076763382,,0,0,0,4,2,4,6,2,8,5,8,0,0,2,0,0,4,3,2,S001;S002;S008;S010;S013;S014;S015,S003;S004;S009;S012,S005;S006;S007;S011
3,"1,2,7|3,4,8,9|5,6",False,False,12,4,6,2.9702912443263174,0.27430693063449724,0.3068012094070908,2.0414287617116096,,0,0,0,4,2,4,6,2,8,5,9,0,0,2,0,0,4,3,3,S001;S002;S008;S013;S015,S003;S004;S009;S010;S012;S014,S005;S006;S007;S011
3,"1,2,7|3,4,8|5,6,9",False,False,15,4,9,4.836047725371111,0.0656181238126043,0.04304351485790099,1.1745537401450552,,0,0,0,4,2,4,6,2,8,6,11,0,0,2,0,0,4,4,5,S001;S002;S008;S013;S015,S003;S004;S009;S012,S005;S006;S007;S010;S011;S014
3,"1,2,7,9|3,4|5,6,8",False,False,15,6,7,4.554459819718204,0.367737211478938,0.2995731293715517,2.6443294035535074,,0,0,0,5,3,4,6,3,8,6,9,1,1,2,0,0,4,4,3,S001;S002;S008;S010;S013;S014;S015,S003;S004,S005;S006;S007;S009;S011;S012
3,"1,2,7|3,4,9|5,6,8",False,False,16,6,7,4.149535836181135,0.06793902294355376,0.042180569341738555,1.1817391983882708,,0,0,0,5,3,4,6,3,8,6,10,1,1,2,0,0,4,4,4,S001;S002;S008;S013;S015,S003;S004;S010;S014,S005;S006;S007;S009;S011;S012
3,"1,2,7|3,4|5,6,8,9",False,False,17,6,7,4.046759423170553,0.3409171685006317,0.2478582877433995,2.5026070656006163,,0,0,0,5,3,4,6,3,8,6,11,1,1,2,0,0,4,4,5,S001;S002;S008;S013;S015,S003;S004,S005;S006;S007;S009;S010;S011;S012;S014
3,"1,2,8,9|3,4,7|5,6",False,False,10,5,6,3.397255206699179,0.3135026381135318,0.31691785016207746,2.214832909945202,,0,0,0,4,3,4,6,3,7,5,7,0,1,2,0,0,3,3,1,S001;S002;S009;S010;S012;S013;S014,S003;S004;S008;S015,S005;S006;S007;S011
3,"1,2,8|3,4,7,9|5,6",False,False,11,5,7,3.918458176871948,0.2899360470481202,0.3353904619256858,2.122753928529789,,0,0,0,4,3,4,6,3,7,5,8,0,1,2,0,0,3,3,2,S001;S002;S009;S012;S013,S003;S004;S008;S010;S014;S015,S005;S006;S007;S011
3,"1,2,8|3,4,7|5,6,9",False,False,14,5,9,5.2630116877439725,0.02375332663108593,0.030745170549939856,1.0597666076137284,,0,0,0,4,3,4,6,3,7,6,10,0,1,2,0,0,3,4,4,S001;S002;S009;S012;S013,S003;S004;S008;S015,S005;S006;S007;S010;S011;S014
3,"1,2,9|3,4,7,8|5,6",False,False,9,4,7,3.918458176871948,0.29195452036067693,0.3179507621508096,2.1316271760738643,,0,0,0,4,2,4,6,2,7,5,7,0,0,2,0,0,3,3,1,S001;S002;S010;S013;S014,S003;S004;S008;S009;S012;S015,S005;S006;S007;S011
3,"1,2|3,4,7,8,9|5,6",False,False,10,4,6,2.9923312231621098,0.5035511971926734,0.4932664182627679,2.713738510154931,,0,0,0,4,2,4,6,2,7,5,8,0,0,2,0,0,3,3,2,S001;S002;S013,S003;S004;S008;S009;S010;S012;S014;S015,S005;S006;S007;S011
3,"1,2|3,4,7,8|5,6,9",False,False,13,4,9,4.858087704206904,0.2806981258605585,0.2600047323941679,2.046223939307304,,0,0,0,4,2,4,6,2,7,6,10,0,0,2,0,0,3,4,4,S001;S002;S013,S003;S004;S008;S009;S012;S015,S005;S006;S007;S010;S011;S014
3,"1,2,9|3,4,7|5,6,8",False,False,13,6,7,4.576499798553996,0.021586169349213834,0.05533204877913684,1.054007161798036,,0,0,0,5,3,4,6,3,7,6,8,1,1,2,0,0,3,4,2,S001;S002;S010;S013;S014,S003;S004;S008;S015,S005;S006;S007;S009;S011;S012
3,"1,2|3,4,7,9|5,6,8",False,False,14,6,7,4.1715758150169275,0.2784217115485368,0.29027780366306427,2.0377061967358623,,0,0,0,5,3,4,6,3,7,6,9,1,1,2,0,0,3,4,3,S001;S002;S013,S003;S004;S008;S010;S014;S015,S005;S006;S007;S009;S011;S012
3,"1,2|3,4,7|5,6,8,9",False,False,15,6,7,4.068799402006345,0.2920507457454405,0.2514821792646496,2.0860312417854483,,0,0,0,5,3,4,6,3,7,6,10,1,1,2,0,0,3,4,4,S001;S002;S013,S003;S004;S008;S015,S005;S006;S007;S009;S010;S011;S012;S014
3,"1,2,8,9|3,4|5,6,7",False,False,15,5,6,3.397255206699179,0.34895553648841804,0.26928957856893376,2.550672728935819,,0,0,0,4,3,5,6,3,8,6,9,0,1,3,0,0,4,4,3,S001;S002;S009;S010;S012;S013;S014,S003;S004,S005;S006;S007;S008;S011;S015
3,"1,2,8|3,4,9|5,6,7",False,False,16,5,7,3.918458176871948,0.06095209109253975,0.059999602644968564,1.152963879205353,,0,0,0,4,3,5,6,3,8,6,10,0,1,3,0,0,4,4,4,S001;S002;S009;S012;S013,S003;S004;S010;S014,S005;S006;S007;S008;S011;S015
3,"1,2,8|3,4|5,6,7,9",False,False,16,5,9,5.2630116877439725,0.35760886339537323,0.29151996394435303,2.596263740218305,,0,0,0,4,3,5,6,3,8,6,10,0,1,3,0,0,4,4,4,S001;S002;S009;S012;S013,S003;S004,S005;S006;S007;S008;S010;S011;S014;S015
3,"1,2,9|3,4,8|5,6,7",False,False,14,4,7,3.918458176871948,0.05750588599304153,0.07078664652529104,1.1459533866861364,,0,0,0,4,2,5,6,2,8,6,9,0,0,3,0,0,4,4,3,S001;S002;S010;S013;S014,S003;S004;S009;S012,S005;S006;S007;S008;S011;S015
3,"1,2|3,4,8,9|5,6,7",False,False,15,4,6,2.9923312231621098,0.2603833267470755,0.25939203556871704,1.959639307235035,,0,0,0,4,2,5,6,2,8,6,10,0,0,3,0,0,4,4,4,S001;S002;S013,S003;S004;S009;S010;S012;S014,S005;S006;S007;S008;S011;S015
3,"1,2|3,4,8|5,6,7,9",False,False,15,4,9,4.858087704206904,0.3173243437518681,0.3000704230302435,2.1640981312862753,,0,0,0,4,2,5,6,2,8,6,10,0,0,3,0,0,4,4,4,S001;S002;S013,S003;S004;S009;S012,S005;S006;S007;S008;S010;S011;S014;S015
3,"1,2,9|3,4|5,6,7,8",False,False,15,5,7,4.576499798553996,0.35967847089576044,0.24411142372937203,2.606482457136472,,0,0,0,4,3,5,6,3,8,6,9,0,1,3,0,0,4,4,3,S001;S002;S010;S013;S014,S003;S004,S005;S006;S007;S008;S009;S011;S012;S015
3,"1,2|3,4,9|5,6,7,8",False,False,16,5,7,4.1715758150169275,0.3202927924091393,0.24857952222324511,2.1726158738577173,,0,0,0,4,3,5,6,3,8,6,10,0,1,3,0,0,4,4,4,S001;S002;S013,S003;S004;S010;S014,S005;S006;S007;S008;S009;S011;S012;S015
3,"1,2|3,4|5,6,7,8,9",False,False,16,5,7,4.068799402006345,0.5639415697750251,0.44804315394686484,3.276860569353415,,0,0,0,4,3,5,6,3,8,6,10,0,1,3,0,0,4,4,4,S001;S002;S013,S003;S004,S005;S006;S007;S008;S009;S010;S011;S012;S014;S015
3,"1,2,5,6,7,8,9|3|4",False,False,9,5,4,2.575840006210398,1.0269809903855092,0.8956291204051737,9.607440958206977,,0,0,0,4,3,4,6,3,6,5,7,0,1,2,0,0,2,3,1,S001;S002;S005;S006;S007;S008;S009;S010;S011;S012;S013;S014;S015,S003,S004
3,"1,2,5,6,7,8|3,9|4",False,False,11,5,6,4.023169930093005,0.7847742044796936,0.6254150231406839,8.168697705185892,,0,0,0,4,3,4,6,3,6,5,9,0,1,2,0,0,2,3,3,S001;S002;S005;S006;S007;S008;S009;S011;S012;S013;S015,S003;S010;S014,S004
3,"1,2,5,6,7,8|3|4,9",False,False,12,5,6,3.515469533545353,0.7789332284424806,0.6396439567805113,7.126971092340653,,0,0,0,4,3,4,6,3,6,6,9,0,1,2,0,0,2,4,3,S001;S002;S005;S006;S007;S008;S009;S011;S012;S013;S015,S003,S004;S010;S014
3,"1,2,5,6,7,9|3,8|4",False,False,10,5,7,4.291255262120795,0.7813916036406526,0.6656907020690905,8.146766634119256,,0,0,0,4,3,4,6,3,6,5,8,0,1,2,0,0,2,3,2,S001;S002;S005;S006;S007;S008;S010;S011;S013;S014;S015,S003;S009;S012,S004
3,"1,2,5,6,7|3,8,9|4",False,False,11,5,6,3.3651283084109567,0.5952317150530887,0.5024031603199994,6.70802338109817,,0,0,0,4,3,4,6,3,6,5,9,0,1,2,0,0,2,3,3,S001;S002;S005;S006;S007;S008;S011;S013;S015,S003;S009;S010;S012;S014,S004
3,"1,2,5,6,7|3,8|4,9",False,False,13,5,8,4.304757835745912,0.5038784947578464,0.3561020909453409,2.750606638393912,,0,0,0,4,3,4,6,3,6,6,10,0,1,2,0,0,2,4,4,S001;S002;S005;S006;S007;S008;S011;S013;S015,S003;S009;S012,S004;S010;S014
3,"1,2,5,6,7,9|3|4,8",False,False,9,5,6,3.3651283084109567,0.7754353844892784,0.7044165576374758,7.107836817189701,,0,0,0,5,2,4,6,2,6,5,7,1,0,2,0,0,2,3,1,S001;S002;S005;S006;S007;S008;S010;S011;S013;S014;S015,S003,S004;S009;S012
3,"1,2,5,6,7|3,9|4,8",False,False,11,5,7,3.8863312785837256,0.5037403223906814,0.3832085342599208,2.7260915089139743,,0,0,0,5,2,4,6,2,6,5,9,1,0,2,0,0,2,3,3,S001;S002;S005;S006;S007;S008;S011;S013;S015,S003;S010;S014,S004;S009;S012
3,"1,2,5,6,7|3|4,8,9",False,False,12,5,6,2.857427911863305,0.5795639863190735,0.5018125240968991,5.85257166432797,,0,0,0,5,2,4,6,2,6,6,9,1,0,2,0,0,2,4,3,S001;S002;S005;S006;S007;S008;S011;S013;S015,S003,S004;S009;S010;S012;S014
3,"1,2,5,6,8,9|3,7|4",False,False,8,5,5,3.129169874671389,0.7509756214351304,0.674486176433253,7.9457637877390574,,0,0,0,4,3,4,6,3,5,5,7,0,1,2,0,0,1,3,1,S001;S002;S005;S006;S007;S009;S010;S011;S012;S013;S014,S003;S008;S015,S004
3,"1,2,5,6,8|3,7,9|4",False,False,10,5,7,4.576499798553996,0.5768991367783789,0.5003223365632138,6.507020534717969,,0,0,0,4,3,4,6,3,5,5,9,0,1,2,0,0,1,3,3,S001;S002;S005;S006;S007;S009;S011;S012;S013,S003;S008;S010;S014;S015,S004
3,"1,2,5,6,8|3,7|4,9",False,False,11,5,7,4.068799402006345,0.46887655098076314,0.3959758106154358,2.6681859710558475,,0,0,0,4,3,4,6,3,5,6,9,0,1,2,0,0,1,4,3,S001;S002;S005;S006;S007;S009;S011;S012;S013,S003;S008;S015,S004;S010;S014
3,"1,2,5,6,9|3,7,8|4",False,False,9,5,8,4.844585130581786,0.5750481913463578,0.5241759685669586,6.485089463651336,,0,0,0,4,3,4,6,3,5,5,8,0,1,2,0,0,1,3,2,S001;S002;S005;S006;S007;S010;S011;S013;S014,S003;S008;S009;S012;S015,S004
3,"1,2,5,6|3,7,8,9|4",False,False,10,5,7,3.918458176871948,0.5311082859058702,0.47262644065603,5.707261555235708,,0,0,0,4,3,4,6,3,5,5,9,0,1,2,0,0,1,3,3,S001;S002;S005;S006;S007;S011;S013,S003;S008;S009;S010;S012;S014;S015,S004
3,"1,2,5,6|3,7,8|4,9",False,False,12,5,9,4.858087704206904,0.2789891358478877,0.20345283709280818,2.0692404599700644,,0,0,0,4,3,4,6,3,5,6,10,0,1,2,0,0,1,4,4,S001;S002;S005;S006;S007;S011;S013,S003;S008;S009;S012;S015,S004;S010;S014
3,"1,2,5,6,9|3,7|4,8",False,False,8,5,7,3.918458176871948,0.4647483644636929,0.46919467014052973,2.635492799745306,,0,0,0,5,2,4,6,2,5,5,7,1,0,2,0,0,1,3,1,S001;S002;S005;S006;S007;S010;S011;S013;S014,S003;S008;S015,S004;S009;S012
3,"1,2,5,6|3,7,9|4,8",False,False,10,5,8,4.439661147044717,0.27588575856345676,0.26570017564521936,2.050798092714341,,0,0,0,5,2,4,6,2,5,5,9,1,0,2,0,0,1,3,3,S001;S002;S005;S006;S007;S011;S013,S003;S008;S010;S014;S015,S004;S009;S012
3,"1,2,5,6|3,7|4,8,9",False,False,11,5,7,3.410757780324296,0.23327931177626854,0.23354706325612465,1.7972317015978387,,0,0,0,5,2,4,6,2,5,6,9,1,0,2,0,0,1,4,3,S001;S002;S005;S006;S007;S011;S013,S003;S008;S015,S004;S009;S010;S012;S014
3,"1,2,5,6,8,9|3|4,7",False,False,10,5,6,3.660459764296588,0.7439190509457403,0.6462444905333286,6.932467189455721,,0,0,0,4,3,4,6,3,5,6,8,0,1,2,0,0,1,4,2,S001;S002;S005;S006;S007;S009;S010;S011;S012;S013;S014,S003,S004;S008;S015
3,"1,2,5,6,8|3,9|4,7",False,False,12,5,8,5.107789688179196,0.4673649196020782,0.35243910365779957,2.517310228196503,,0,0,0,4,3,4,6,3,5,6,10,0,1,2,0,0,1,4,4,S001;S002;S005;S006;S007;S009;S011;S012;S013,S003;S010;S014,S004;S008;S015
3,"1,2,5,6,8|3|4,7,9",False,False,12,5,8,4.600089291631544,0.5595803845211684,0.49076426051572275,5.677202036593989,,0,0,0,4,3,4,6,3,5,6,10,0,1,2,0,0,1,4,4,S001;S002;S005;S006;S007;S009;S011;S012;S013,S003,S004;S008;S010;S014;S015
3,"1,2,5,6,9|3,8|4,7",False,False,11,5,9,5.375875020206985,0.4633735160363438,0.40174483872243016,2.4877194795933133,,0,0,0,4,3,4,6,3,5,6,9,0,1,2,0,0,1,4,3,S001;S002;S005;S006;S007;S010;S011;S013;S014,S003;S009;S012,S004;S008;S015
3,"1,2,5,6|3,8,9|4,7",False,False,12,5,8,4.449748066497147,0.24955317677786862,0.20476973264319123,1.8959272246164636,,0,0,0,4,3,4,6,3,5,6,10,0,1,2,0,0,1,4,4,S001;S002;S005;S006;S007;S011;S013,S003;S009;S010;S012;S014,S004;S008;S015
3,"1,2,5,6|3,8|4,7,9",False,False,13,5,10,5.389377593832103,0.2563266416614353,0.19843272073093277,1.9358088796339408,,0,0,0,4,3,4,6,3,5,6,11,0,1,2,0,0,1,4,5,S001;S002;S005;S006;S007;S011;S013,S003;S009;S012,S004;S008;S010;S014;S015
3,"1,2,5,6,9|3|4,7,8",False,False,9,4,8,4.449748066497147,0.5575471191018494,0.5227827608442326,5.658067761443038,,0,0,0,4,2,4,6,2,5,6,8,0,0,2,0,0,1,4,2,S001;S002;S005;S006;S007;S010;S011;S013;S014,S003,S004;S008;S009;S012;S015
3,"1,2,5,6|3,9|4,7,8",False,False,11,4,9,4.970951036669916,0.2591271564582072,0.16825071685475548,1.952232801980973,,0,0,0,4,2,4,6,2,5,6,10,0,0,2,0,0,1,4,4,S001;S002;S005;S006;S007;S011;S013,S003;S010;S014,S004;S008;S009;S012;S015
3,"1,2,5,6|3|4,7,8,9",False,False,11,4,8,3.942047669949495,0.5031111222791799,0.46187310948847793,4.851906991561867,,0,0,0,4,2,4,6,2,5,6,10,0,0,2,0,0,1,4,4,S001;S002;S005;S006;S007;S011;S013,S003,S004;S008;S009;S010;S012;S014;S015
3,"1,2,5,7,8,9|3,6|4",False,False,11,5,4,2.575840006210398,0.8080563415309551,0.7075524107754102,8.317641347007852,,0,0,0,4,4,4,6,4,7,5,7,0,2,2,0,0,3,3,1,S001;S002;S005;S008;S009;S010;S011;S012;S013;S014;S015,S003;S006;S007,S004
3,"1,2,5,7,8|3,6,9|4",False,False,13,5,6,4.023169930093005,0.612640178834286,0.5091053523195191,6.8788980939867646,,0,0,0,4,4,4,6,4,7,5,9,0,2,2,0,0,3,3,3,S001;S002;S005;S008;S009;S011;S012;S013;S015,S003;S006;S007;S010;S014,S004
3,"1,2,5,7,8|3,6|4,9",False,False,14,5,6,3.515469533545353,0.534413922874494,0.43099695366369656,2.8238887206053334,,0,0,0,4,4,4,6,4,7,6,9,0,2,2,0,0,3,4,3,S001;S002;S005;S008;S009;S011;S012;S013;S015,S003;S006;S007,S004;S010;S014
3,"1,2,5,7,9|3,6,8|4",False,False,11,5,7,4.291255262120795,0.6103174290948742,0.5372193802433854,6.856967022920131,,0,0,0,4,3,4,6,3,7,5,8,0,1,2,0,0,3,3,2,S001;S002;S005;S008;S010;S011;S013;S014;S015,S003;S006;S007;S009;S012,S004
3,"1,2,5,7|3,6,8,9|4",False,False,12,5,6,3.3651283084109567,0.5266950359098584,0.46385284173997837,5.4182237698990425,,0,0,0,4,3,4,6,3,7,5,9,0,1,2,0,0,3,3,3,S001;S002;S005;S008;S011;S013;S015,S003;S006;S007;S009;S010;S012;S014,S004
3,"1,2,5,7|3,6,8|4,9",False,False,14,5,8,4.304757835745912,0.31049031162242186,0.2059314974054025,2.2217278359199994,,0,0,0,4,3,4,6,3,7,6,10,0,1,2,0,0,3,4,4,S001;S002;S005;S008;S011;S013;S015,S003;S006;S007;S009;S012,S004;S010;S014
3,"1,2,5,7,9|3,6|4,8",False,False,11,6,6,3.3651283084109567,0.530461918297688,0.5027101570661896,2.8148856937586357,,0,0,0,5,3,4,6,3,7,5,7,1,1,2,0,0,3,3,1,S001;S002;S005;S008;S010;S011;S013;S014;S015,S003;S006;S007,S004;S009;S012
3,"1,2,5,7|3,6,9|4,8",False,False,13,6,7,3.8863312785837256,0.3082798466952962,0.2630878520560785,2.2019264056440355,,0,0,0,5,3,4,6,3,7,5,9,1,1,2,0,0,3,3,3,S001;S002;S005;S008;S011;S013;S015,S003;S006;S007;S010;S014,S004;S009;S012
3,"1,2,5,7|3,6|4,8,9",False,False,14,6,6,2.857427911863305,0.3107738656952559,0.2768527898534168,2.224260452834534,,0,0,0,5,3,4,6,3,7,6,9,1,1,2,0,0,3,4,3,S001;S002;S005;S008;S011;S013;S015,S003;S006;S007,S004;S009;S010;S012;S014
3,"1,2,5,8,9|3,6,7|4",False,False,10,4,4,2.5978799850461898,0.5902530361478328,0.5162777391246317,6.65596417653993,,0,0,0,4,4,5,6,4,6,5,6,0,2,3,0,0,2,3,0,S001;S002;S005;S009;S010;S011;S012;S013;S014,S003;S006;S007;S008;S015,S004
3,"1,2,5,8|3,6,7,9|4",False,False,12,5,6,4.045209908928797,0.527673399876925,0.4759434093259326,5.536386842347112,,0,0,0,4,4,5,6,4,6,5,8,0,2,3,0,0,2,3,2,S001;S002;S005;S009;S011;S012;S013,S003;S006;S007;S008;S010;S014;S015,S004
3,"1,2,5,8|3,6,7|4,9",False,False,13,5,6,3.5375095123811455,0.29133426311809046,0.20033263254280267,2.139307168581935,,0,0,0,4,4,5,6,4,6,6,8,0,2,3,0,0,2,4,2,S001;S002;S005;S009;S011;S012;S013,S003;S006;S007;S008;S015,S004;S010;S014
3,"1,2,5,9|3,6,7,8|4",False,False,10,5,7,4.313295240956586,0.5279811687970012,0.4724182652228372,5.558317913413745,,0,0,0,4,3,5,6,3,6,5,7,0,1,3,0,0,2,3,1,S001;S002;S005;S010;S011;S013;S014,S003;S006;S007;S008;S009;S012;S015,S004
3,"1,2,5|3,6,7,8,9|4",False,False,11,5,6,3.387168287246749,0.6255813646693626,0.5586257335181307,6.997061166434835,,0,0,0,4,3,5,6,3,6,5,8,0,1,3,0,0,2,3,2,S001;S002;S005;S011;S013,S003;S006;S007;S008;S009;S010;S012;S014;S015,S004
3,"1,2,5|3,6,7,8|4,9",False,False,13,5,8,4.326797814581704,0.3263660525694599,0.25867001142556706,2.279173056256808,,0,0,0,4,3,5,6,3,6,6,9,0,1,3,0,0,2,4,3,S001;S002;S005;S011;S013,S003;S006;S007;S008;S009;S012;S015,S004;S010;S014
3,"1,2,5,9|3,6,7|4,8",False,False,10,5,6,3.387168287246749,0.2867926423992951,0.2875364861241725,2.1113276964753673,,0,0,0,5,3,5,6,3,6,5,6,1,1,3,0,0,2,3,0,S001;S002;S005;S010;S011;S013;S014,S003;S006;S007;S008;S015,S004;S009;S012
3,"1,2,5|3,6,7,9|4,8",False,False,12,6,7,3.908371257419518,0.32181402932595454,0.3278203204947657,2.249947011740244,,0,0,0,5,3,5,6,3,6,5,8,1,1,3,0,0,2,3,2,S001;S002;S005;S011;S013,S003;S006;S007;S008;S010;S014;S015,S004;S009;S012
3,"1,2,5|3,6,7|4,8,9",False,False,13,6,6,2.879467890699097,0.03569852770902349,0.029068057721546154,1.0908006811220066,,0,0,0,5,3,5,6,3,6,6,8,1,1,3,0,0,2,4,2,S001;S002;S005;S011;S013,S003;S006;S007;S008;S015,S004;S009;S010;S012;S014
3,"1,2,5,8,9|3,6|4,7",False,False,11,5,5,3.129169874671389,0.4947375404631559,0.4161766602253724,2.7323710725289954,,0,0,0,4,4,4,6,4,6,6,7,0,2,2,0,0,2,4,1,S001;S002;S005;S009;S010;S011;S012;S013;S014,S003;S006;S007,S004;S008;S015
3,"1,2,5,8|3,6,9|4,7",False,False,13,5,7,4.576499798553996,0.2664056829130325,0.19872698841545536,1.9601253605829507,,0,0,0,4,4,4,6,4,6,6,9,0,2,2,0,0,2,4,3,S001;S002;S005;S009;S011;S012;S013,S003;S006;S007;S010;S014,S004;S008;S015
3,"1,2,5,8|3,6|4,7,9",False,False,13,5,7,4.068799402006345,0.29167800129504273,0.27373530572611743,2.1417458316048936,,0,0,0,4,4,4,6,4,6,6,9,0,2,2,0,0,2,4,3,S001;S002;S005;S009;S011;S012;S013,S003;S006;S007,S004;S008;S010;S014;S015
3,"1,2,5,9|3,6,8|4,7",False,False,11,5,8,4.844585130581786,0.2640343244524881,0.22843710415556887,1.9518857921972859,,0,0,0,4,3,4,6,3,6,6,8,0,1,2,0,0,2,4,2,S001;S002;S005;S010;S011;S013;S014,S003;S006;S007;S009;S012,S004;S008;S015
3,"1,2,5|3,6,8,9|4,7",False,False,12,5,7,3.918458176871948,0.2801218259888082,0.24303349643956657,2.004519577041327,,0,0,0,4,3,4,6,3,6,6,9,0,1,2,0,0,2,4,3,S001;S002;S005;S011;S013,S003;S006;S007;S009;S010;S012;S014,S004;S008;S015
3,"1,2,5|3,6,8|4,7,9",False,False,13,5,9,4.858087704206904,0.036036460227356515,0.09484887186952966,1.0915398797688185,,0,0,0,4,3,4,6,3,6,6,10,0,1,2,0,0,2,4,4,S001;S002;S005;S011;S013,S003;S006;S007;S009;S012,S004;S008;S010;S014;S015
3,"1,2,5,9|3,6|4,7,8",False,False,10,5,7,3.918458176871948,0.2898847777533892,0.29251699646801815,2.132742804758196,,0,0,0,4,3,4,6,3,6,6,7,0,1,2,0,0,2,4,1,S001;S002;S005;S010;S011;S013;S014,S003;S006;S007,S004;S008;S009;S012;S015
3,"1,2,5|3,6,9|4,7,8",False,False,12,5,8,4.439661147044717,0.03890524127487475,0.0703269672981335,1.0973779734770008,,0,0,0,4,3,4,6,3,6,6,9,0,1,2,0,0,2,4,3,S001;S002;S005;S011;S013,S003;S006;S007;S010;S014,S004;S008;S009;S012;S015
3,"1,2,5|3,6|4,7,8,9",False,False,12,5,7,3.410757780324296,0.3269424503341008,0.328915676459955,2.28291108798765,,0,0,0,4,3,4,6,3,6,6,9,0,1,2,0,0,2,4,3,S001;S002;S005;S011;S013,S003;S006;S007,S004;S008;S009;S010;S012;S014;S015
3,"1,2,5,7,8,9|3|4,6",False,False,13,5,4,2.407133290122423,0.8029738555915794,0.7138873607236147,7.256920451218158,,0,0,0,4,3,5,6,3,7,6,8,0,1,3,0,0,3,4,2,S001;S002;S005;S008;S009;S010;S011;S012;S013;S014;S015,S003,S004;S006;S007
3,"1,2,5,7,8|3,9|4,6",False,False,15,5,6,3.85446321400503,0.535297842590675,0.425345185918559,3.004148511661424,,0,0,0,4,3,5,6,3,7,6,10,0,1,3,0,0,3,4,4,S001;S002;S005;S008;S009;S011;S012;S013;S015,S003;S010;S014,S004;S006;S007
3,"1,2,5,7,8|3|4,6,9",False,False,15,5,6,3.3467628174573782,0.5983363374828664,0.5117091877457943,6.001655298356426,,0,0,0,4,3,5,6,3,7,6,10,0,1,3,0,0,3,4,4,S001;S002;S005;S008;S009;S011;S012;S013;S015,S003,S004;S006;S007;S010;S014
3,"1,2,5,7,9|3,8|4,6",False,False,14,5,7,4.12254854603282,0.5314834062897484,0.4719099353235458,2.9945707866241014,,0,0,0,4,3,5,6,3,7,6,9,0,1,3,0,0,3,4,3,S001;S002;S005;S008;S010;S011;S013;S014;S015,S003;S009;S012,S004;S006;S007
3,"1,2,5,7|3,8,9|4,6",False,False,15,5,6,3.1964215923229817,0.3268007613843245,0.2955486767804736,2.366243641320917,,0,0,0,4,3,5,6,3,7,6,10,0,1,3,0,0,3,4,4,S001;S002;S005;S008;S011;S013;S015,S003;S009;S010;S012;S014,S004;S006;S007
3,"1,2,5,7|3,8|4,6,9",False,False,16,5,8,4.136051119657938,0.29493668919084276,0.20033337591036326,2.0784633570165423,,0,0,0,4,3,5,6,3,7,6,11,0,1,3,0,0,3,4,5,S001;S002;S005;S008;S011;S013;S015,S003;S009;S012,S004;S006;S007;S010;S014
3,"1,2,5,7,9|3|4,6,8",False,False,13,5,6,3.1964215923229817,0.5958410217584184,0.5578071235217098,5.982521023205476,,0,0,0,5,2,5,6,2,7,6,8,1,0,3,0,0,3,4,2,S001;S002;S005;S008;S010;S011;S013;S014;S015,S003,S004;S006;S007;S009;S012
3,"1,2,5,7|3,9|4,6,8",False,False,15,5,7,3.717624562495751,0.29677764438959725,0.1960092223070112,2.0960975982559185,,0,0,0,5,2,5,6,2,7,6,10,1,0,3,0,0,3,4,4,S001;S002;S005;S008;S011;S013;S015,S003;S010;S014,S004;S006;S007;S009;S012
3,"1,2,5,7|3|4,6,8,9",False,False,15,5,6,2.68872119577533,0.5008125818710186,0.4445063712528281,4.727255870343743,,0,0,0,5,2,5,6,2,7,6,10,1,0,3,0,0,3,4,4,S001;S002;S005;S008;S011;S013;S015,S003,S004;S006;S007;S009;S010;S012;S014
3,"1,2,5,8,9|3,7|4,6",False,False,11,5,4,2.4291732689582153,0.4971177176973453,0.4508156275703254,2.906788936458209,,0,0,0,4,3,5,6,3,6,6,7,0,1,3,0,0,2,4,1,S001;S002;S005;S009;S010;S011;S012;S013;S014,S003;S008;S015,S004;S006;S007
3,"1,2,5,8|3,7,9|4,6",False,False,13,5,6,3.8765031928408225,0.31075782434150545,0.29459152437168235,2.278461791155025,,0,0,0,4,3,5,6,3,6,6,9,0,1,3,0,0,2,4,3,S001;S002;S005;S009;S011;S012;S013,S003;S008;S010;S014;S015,S004;S006;S007
3,"1,2,5,8|3,7|4,6,9",False,False,13,5,6,3.3688027962931706,0.25337561356321064,0.2256368351308397,1.858087900952115,,0,0,0,4,3,5,6,3,6,6,9,0,1,3,0,0,2,4,3,S001;S002;S005;S009;S011;S012;S013,S003;S008;S015,S004;S006;S007;S010;S014
3,"1,2,5,9|3,7,8|4,6",False,False,12,5,7,4.144588524868612,0.30930046621415286,0.31137706827946005,2.2688840661177023,,0,0,0,4,3,5,6,3,6,6,8,0,1,3,0,0,2,4,2,S001;S002;S005;S010;S011;S013;S014,S003;S008;S009;S012;S015,S004;S006;S007
3,"1,2,5|3,7,8,9|4,6",False,False,13,5,6,3.218461571158774,0.3572933493679064,0.34845720558106424,2.492472060577789,,0,0,0,4,3,5,6,3,6,6,9,0,1,3,0,0,2,4,3,S001;S002;S005;S011;S013,S003;S008;S009;S010;S012;S014;S015,S004;S006;S007
3,"1,2,5|3,7,8|4,6,9",False,False,14,5,8,4.158091098493729,0.06335324917402625,0.07693672550555516,1.1448221081688794,,0,0,0,4,3,5,6,3,6,6,10,0,1,3,0,0,2,4,4,S001;S002;S005;S011;S013,S003;S008;S009;S012;S015,S004;S006;S007;S010;S014
3,"1,2,5,9|3,7|4,6,8",False,False,11,5,6,3.218461571158774,0.25060349772517243,0.2733718215408725,1.8502772564727648,,0,0,0,5,2,5,6,2,6,6,7,1,0,3,0,0,2,4,1,S001;S002;S005;S010;S011;S013;S014,S003;S008;S015,S004;S006;S007;S009;S012
3,"1,2,5|3,7,9|4,6,8",False,False,13,5,7,3.739664541331543,0.05933121179983583,0.12612825272298514,1.1322801609666948,,0,0,0,5,2,5,6,2,6,6,9,1,0,3,0,0,2,4,3,S001;S002;S005;S011;S013,S003;S008;S010;S014;S015,S004;S006;S007;S009;S012
3,"1,2,5|3,7|4,6,8,9",False,False,13,5,6,2.710761174611122,0.24984524877091918,0.23268884745085291,1.8481145066221398,,0,0,0,5,2,5,6,2,6,6,9,1,0,3,0,0,2,4,3,S001;S002;S005;S011;S013,S003;S008;S015,S004;S006;S007;S009;S010;S012;S014
3,"1,2,5,8,9|3|4,6,7",False,False,11,5,4,2.4291732689582153,0.5741618053537524,0.5126003942197482,5.807151395471494,,0,0,0,4,3,5,6,3,6,6,7,0,1,3,0,0,2,4,1,S001;S002;S005;S009;S010;S011;S012;S013;S014,S003,S004;S006;S007;S008;S015
3,"1,2,5,8|3,9|4,6,7",False,False,13,5,6,3.8765031928408225,0.27435809183768695,0.17462395281624593,2.018337505385485,,0,0,0,4,3,5,6,3,6,6,9,0,1,3,0,0,2,4,3,S001;S002;S005;S009;S011;S012;S013,S003;S010;S014,S004;S006;S007;S008;S015
3,"1,2,5,8|3|4,6,7,9",False,False,13,5,6,3.3688027962931706,0.5005684482047468,0.4529821019400855,4.70282335753341,,0,0,0,4,3,5,6,3,6,6,9,0,1,3,0,0,2,4,3,S001;S002;S005;S009;S011;S012;S013,S003,S004;S006;S007;S008;S010;S014;S015
3,"1,2,5,9|3,8|4,6,7",False,False,12,5,7,4.144588524868612,0.2697887219692315,0.23393238671298158,1.9929445600588398,,0,0,0,4,3,5,6,3,6,6,8,0,1,3,0,0,2,4,2,S001;S002;S005;S010;S011;S013;S014,S003;S009;S012,S004;S006;S007;S008;S015
3,"1,2,5|3,8,9|4,6,7",False,False,13,5,6,3.218461571158774,0.03072291153070691,0.06831469638133553,1.0769424197693795,,0,0,0,4,3,5,6,3,6,6,9,0,1,3,0,0,2,4,3,S001;S002;S005;S011;S013,S003;S009;S010;S012;S014,S004;S006;S007;S008;S015
3,"1,2,5|3,8|4,6,7,9",False,False,14,5,8,4.158091098493729,0.29149035420321767,0.23824160439069708,2.0677209550842304,,0,0,0,4,3,5,6,3,6,6,10,0,1,3,0,0,2,4,4,S001;S002;S005;S011;S013,S003;S009;S012,S004;S006;S007;S008;S010;S014;S015
3,"1,2,5,9|3|4,6,7,8",False,False,10,4,6,3.218461571158774,0.5007538755990982,0.45134789841676604,4.721957632684361,,0,0,0,4,2,5,6,2,6,6,7,0,0,3,0,0,2,4,1,S001;S002;S005;S010;S011;S013;S014,S003,S004;S006;S007;S008;S009;S012;S015
3,"1,2,5|3,9|4,6,7,8",False,False,12,4,7,3.739664541331543,0.29603835433597375,0.17267893932554934,2.0937483234255687,,0,0,0,4,2,5,6,2,6,6,9,0,0,3,0,0,2,4,3,S001;S002;S005;S011;S013,S003;S010;S014,S004;S006;S007;S008;S009;S012;S015
3,"1,2,5|3|4,6,7,8,9",False,False,12,4,6,2.710761174611122,0.5951544299590998,0.5256636441211009,5.977222785546092,,0,0,0,4,2,5,6,2,6,6,9,0,0,3,0,0,2,4,3,S001;S002;S005;S011;S013,S003,S004;S006;S007;S008;S009;S010;S012;S014;S015
3,"1,2,6,7,8,9|3,5|4",False,False,9,5,5,2.8439253382381877,0.8252585697361884,0.7332832796666212,8.425645929710042,,0,0,0,4,3,4,6,3,6,5,7,0,1,2,0,0,2,3,1,S001;S002;S006;S007;S008;S009;S010;S012;S013;S014;S015,S003;S005;S011,S004
3,"1,2,6,7,8|3,5,9|4",False,False,11,5,7,4.291255262120795,0.6244411921842394,0.5255947747256473,6.986902676688955,,0,0,0,4,3,4,6,3,6,5,9,0,1,2,0,0,2,3,3,S001;S002;S006;S007;S008;S009;S012;S013;S015,S003;S005;S010;S011;S014,S004
3,"1,2,6,7,8|3,5|4,9",False,False,12,5,7,3.783554865573143,0.5540270532804366,0.4624342344289617,3.0012960557060513,,0,0,0,4,3,4,6,3,6,6,9,0,1,2,0,0,2,4,3,S001;S002;S006;S007;S008;S009;S012;S013;S015,S003;S005;S011,S004;S010;S014
3,"1,2,6,7,9|3,5,8|4",False,False,11,5,6,4.023169930093005,0.6219971282397068,0.5545091722242801,6.964971605622322,,0,0,0,4,4,4,6,4,6,5,8,0,2,2,0,0,2,3,2,S001;S002;S006;S007;S008;S010;S013;S014;S015,S003;S005;S009;S011;S012,S004
3,"1,2,6,7|3,5,8,9|4",False,False,12,5,5,3.097042976383167,0.5275441991656175,0.4599324039666359,5.526228352601233,,0,0,0,4,4,4,6,4,6,5,9,0,2,2,0,0,2,3,3,S001;S002;S006;S007;S008;S013;S015,S003;S005;S009;S010;S011;S012;S014,S004
3,"1,2,6,7|3,5,8|4,9",False,False,14,5,7,4.036672503718123,0.32256530480311146,0.21959464047270993,2.266014819622936,,0,0,0,4,4,4,6,4,6,6,10,0,2,2,0,0,2,4,4,S001;S002;S006;S007;S008;S013;S015,S003;S005;S009;S011;S012,S004;S010;S014
3,"1,2,6,7,9|3,5|4,8",False,False,10,6,6,3.3651283084109567,0.5501224466626586,0.5208482546167018,2.9918753380954706,,0,0,0,5,3,4,6,3,6,5,7,1,1,2,0,0,2,3,1,S001;S002;S006;S007;S008;S010;S013;S014;S015,S003;S005;S011,S004;S009;S012
3,"1,2,6,7|3,5,9|4,8",False,False,12,6,7,3.8863312785837256,0.32059862971675696,0.2692611129472167,2.245818676004614,,0,0,0,5,3,4,6,3,6,5,9,1,1,2,0,0,2,3,3,S001;S002;S006;S007;S008;S013;S015,S003;S005;S010;S011;S014,S004;S009;S012
3,"1,2,6,7|3,5|4,8,9",False,False,13,6,6,2.857427911863305,0.333281163774807,0.29779259549960596,2.373848345266053,,0,0,0,5,3,4,6,3,6,6,9,1,1,2,0,0,2,4,3,S001;S002;S006;S007;S008;S013;S015,S003;S005;S011,S004;S009;S010;S012;S014
3,"1,2,6,8,9|3,5,7|4",False,False,11,5,6,3.397255206699179,0.6007544953865076,0.5534191076378793,6.763968759242123,,0,0,0,4,3,5,6,3,6,5,8,0,1,3,0,0,2,3,2,S001;S002;S006;S007;S009;S010;S012;S013;S014,S003;S005;S008;S011;S015,S004
3,"1,2,6,8|3,5,7,9|4",False,False,12,5,8,4.844585130581786,0.5267339859196255,0.4775396457592633,5.4283822596449225,,0,0,0,4,3,5,6,3,6,5,9,0,1,3,0,0,2,3,3,S001;S002;S006;S007;S009;S012;S013,S003;S005;S008;S010;S011;S014;S015,S004
3,"1,2,6,8|3,5,7|4,9",False,False,14,5,8,4.336884734034134,0.3010548934692702,0.25259745636015174,2.1835941522848716,,0,0,0,4,3,5,6,3,6,6,10,0,1,3,0,0,2,4,4,S001;S002;S006;S007;S009;S012;S013,S003;S005;S008;S011;S015,S004;S010;S014
3,"1,2,6,9|3,5,7,8|4",False,False,12,5,7,4.576499798553996,0.5268470737286559,0.4763581862750852,5.4503133307115545,,0,0,0,4,4,5,6,4,6,5,8,0,2,3,0,0,2,3,2,S001;S002;S006;S007;S010;S013;S014,S003;S005;S008;S009;S011;S012;S015,S004
3,"1,2,6|3,5,7,8,9|4",False,False,13,5,6,3.650372844844158,0.6137246338982348,0.5256266013998196,6.889056583732644,,0,0,0,4,4,5,6,4,6,5,9,0,2,3,0,0,2,3,3,S001;S002;S006;S007;S013,S003;S005;S008;S009;S010;S011;S012;S014;S015,S004
3,"1,2,6|3,5,7,8|4,9",False,False,15,5,8,4.590002372179114,0.31395796491225036,0.22249596018786533,2.234886072553872,,0,0,0,4,4,5,6,4,6,6,10,0,2,3,0,0,2,4,4,S001;S002;S006;S007;S013,S003;S005;S008;S009;S011;S012;S015,S004;S010;S014
3,"1,2,6,9|3,5,7|4,8",False,False,12,6,7,3.918458176871948,0.29648868528689487,0.3222345289755826,2.1552199668359453,,0,0,0,5,3,5,6,3,6,5,8,1,1,3,0,0,2,3,2,S001;S002;S006;S007;S010;S013;S014,S003;S005;S008;S011;S015,S004;S009;S012
3,"1,2,6|3,5,7,9|4,8",False,False,13,6,8,4.439661147044717,0.30938963812566206,0.3062216534918542,2.206054741379666,,0,0,0,5,3,5,6,3,6,5,9,1,1,3,0,0,2,3,3,S001;S002;S006;S007;S013,S003;S005;S008;S010;S011;S014;S015,S004;S009;S012
3,"1,2,6|3,5,7|4,8,9",False,False,15,6,7,3.410757780324296,0.013453052413617212,0.034514216691350144,1.032368008235686,,0,0,0,5,3,5,6,3,6,6,10,1,1,3,0,0,2,4,4,S001;S002;S006;S007;S013,S003;S005;S008;S011;S015,S004;S009;S010;S012;S014
3,"1,2,6,8,9|3,5|4,7",False,False,10,5,7,3.928545096324378,0.5148467931176498,0.4703638241215178,2.905532493784883,,0,0,0,4,3,4,6,3,5,6,8,0,1,2,0,0,1,4,2,S001;S002;S006;S007;S009;S010;S012;S013;S014,S003;S005;S011,S004;S008;S015
3,"1,2,6,8|3,5,9|4,7",False,False,12,5,9,5.375875020206985,0.27888372535537964,0.23803317138741753,2.0007030023422643,,0,0,0,4,3,4,6,3,5,6,10,0,1,2,0,0,1,4,4,S001;S002;S006;S007;S009;S012;S013,S003;S005;S010;S011;S014,S004;S008;S015
3,"1,2,6,8|3,5|4,7,9",False,False,12,5,9,4.868174623659334,0.314052737369596,0.3142860643036828,2.287505500955465,,0,0,0,4,3,4,6,3,5,6,10,0,1,2,0,0,1,4,4,S001;S002;S006;S007;S009;S012;S013,S003;S005;S011,S004;S008;S010;S014;S015
3,"1,2,6,9|3,5,8|4,7",False,False,12,5,8,5.107789688179196,0.2762472051911377,0.2678938944215725,1.9924634339565994,,0,0,0,4,4,4,6,4,5,6,9,0,2,2,0,0,1,4,3,S001;S002;S006;S007;S010;S013;S014,S003;S005;S009;S011;S012,S004;S008;S015
3,"1,2,6|3,5,8,9|4,7",False,False,13,5,7,4.1816627344693575,0.2675234367712055,0.20874633255724176,1.9639419352820127,,0,0,0,4,4,4,6,4,5,6,10,0,2,2,0,0,1,4,4,S001;S002;S006;S007;S013,S003;S005;S009;S010;S011;S012;S014,S004;S008;S015
3,"1,2,6|3,5,8|4,7,9",False,False,14,5,9,5.121292261804314,0.03388361436477496,0.07860618955543193,1.0822945909974442,,0,0,0,4,4,4,6,4,5,6,11,0,2,2,0,0,1,4,5,S001;S002;S006;S007;S013,S003;S005;S009;S011;S012,S004;S008;S010;S014;S015
3,"1,2,6,9|3,5|4,7,8",False,False,10,5,8,4.449748066497147,0.31222327673725087,0.33154198327781625,2.2780847833448847,,0,0,0,4,3,4,6,3,5,6,8,0,1,2,0,0,1,4,2,S001;S002;S006;S007;S010;S013;S014,S003;S005;S011,S004;S008;S009;S012;S015
3,"1,2,6|3,5,9|4,7,8",False,False,12,5,9,4.970951036669916,0.03828793415438573,0.019912557385736135,1.094418436527068,,0,0,0,4,3,4,6,3,5,6,10,0,1,2,0,0,1,4,4,S001;S002;S006;S007;S013,S003;S005;S010;S011;S014,S004;S008;S009;S012;S015
3,"1,2,6|3,5|4,7,8,9",False,False,12,5,8,3.942047669949495,0.33703506488754276,0.32886709476078696,2.388825564580383,,0,0,0,4,3,4,6,3,5,6,10,0,1,2,0,0,1,4,4,S001;S002;S006;S007;S013,S003;S005;S011,S004;S008;S009;S010;S012;S014;S015
3,"1,2,7,8,9|3,5,6|4",False,False,10,5,5,2.8439253382381877,0.6416552500939894,0.5741038990156629,7.135846318510916,,0,0,0,4,3,4,6,3,7,5,7,0,1,2,0,0,3,3,1,S001;S002;S008;S009;S010;S012;S013;S014;S015,S003;S005;S006;S007;S011,S004
3,"1,2,7,8|3,5,6,9|4",False,False,12,5,7,4.291255262120795,0.5308379185559512,0.4724353934244873,5.697103065489828,,0,0,0,4,3,4,6,3,7,5,9,0,1,2,0,0,3,3,3,S001;S002;S008;S009;S012;S013;S015,S003;S005;S006;S007;S010;S011;S014,S004
3,"1,2,7,8|3,5,6|4,9",False,False,13,5,7,3.783554865573143,0.3438195732238846,0.2732978834813839,2.3360815282348066,,0,0,0,4,3,4,6,3,7,6,9,0,1,2,0,0,3,4,3,S001;S002;S008;S009;S012;S013;S015,S003;S005;S006;S007;S011,S004;S010;S014
3,"1,2,7,9|3,5,6,8|4",False,False,11,5,6,4.023169930093005,0.5302825757370107,0.47581373907444796,5.675171994423196,,0,0,0,4,3,4,6,3,7,5,8,0,1,2,0,0,3,3,2,S001;S002;S008;S010;S013;S014;S015,S003;S005;S006;S007;S009;S011;S012,S004
3,"1,2,7|3,5,6,8,9|4",False,False,12,5,5,3.097042976383167,0.5777667391736122,0.5068572096564168,6.517179024463849,,0,0,0,4,3,4,6,3,7,5,9,0,1,2,0,0,3,3,3,S001;S002;S008;S013;S015,S003;S005;S006;S007;S009;S010;S011;S012;S014,S004
3,"1,2,7|3,5,6,8|4,9",False,False,14,5,7,4.036672503718123,0.2810048550641972,0.19651705886921564,2.082398696603937,,0,0,0,4,3,4,6,3,7,6,10,0,1,2,0,0,3,4,4,S001;S002;S008;S013;S015,S003;S005;S006;S007;S009;S011;S012,S004;S010;S014
3,"1,2,7,9|3,5,6|4,8",False,False,10,5,6,3.3651283084109567,0.3393069025868883,0.3412326249746195,2.3063482797656403,,0,0,0,5,2,4,6,2,7,5,7,1,0,2,0,0,3,3,1,S001;S002;S008;S010;S013;S014;S015,S003;S005;S006;S007;S011,S004;S009;S012
3,"1,2,7|3,5,6,9|4,8",False,False,12,5,7,3.8863312785837256,0.27653261910205207,0.28218001524408404,2.054926428449971,,0,0,0,5,2,4,6,2,7,5,9,1,0,2,0,0,3,3,3,S001;S002;S008;S013;S015,S003;S005;S006;S007;S010;S011;S014,S004;S009;S012
3,"1,2,7|3,5,6|4,8,9",False,False,13,5,6,2.857427911863305,0.06455208798465091,0.07534309053846533,1.1710083163441796,,0,0,0,5,2,4,6,2,7,6,9,1,0,2,0,0,3,4,3,S001;S002;S008;S013;S015,S003;S005;S006;S007;S011,S004;S009;S010;S012;S014
3,"1,2,8,9|3,5,6,7|4",False,False,11,5,5,2.8659653170739796,0.5270150690387541,0.4605769860308378,5.474169148042995,,0,0,0,4,3,5,6,3,7,5,7,0,1,3,0,0,3,3,1,S001;S002;S009;S010;S012;S013;S014,S003;S005;S006;S007;S008;S011;S015,S004
3,"1,2,8|3,5,6,7,9|4",False,False,12,5,7,4.313295240956586,0.5962213946343935,0.5377193438547591,6.718181870844048,,0,0,0,4,3,5,6,3,7,5,8,0,1,3,0,0,3,3,2,S001;S002;S009;S012;S013,S003;S005;S006;S007;S008;S010;S011;S014;S015,S004
3,"1,2,8|3,5,6,7|4,9",False,False,14,5,7,3.8055948444089354,0.2967644491237264,0.1853010715223811,2.164819363942002,,0,0,0,4,3,5,6,3,7,6,9,0,1,3,0,0,3,4,3,S001;S002;S009;S012;S013,S003;S005;S006;S007;S008;S011;S015,S004;S010;S014
3,"1,2,9|3,5,6,7,8|4",False,False,11,5,6,4.045209908928797,0.5983779640870381,0.509499186079688,6.740112941910682,,0,0,0,4,3,5,6,3,7,5,7,0,1,3,0,0,3,3,1,S001;S002;S010;S013;S014,S003;S005;S006;S007;S008;S009;S011;S012;S015,S004
3,"1,2|3,5,6,7,8,9|4",False,False,12,5,5,3.119082955218959,0.7863450993629981,0.6817358677649034,8.17885619493177,,0,0,0,4,3,5,6,3,7,5,8,0,1,3,0,0,3,3,2,S001;S002;S013,S003;S005;S006;S007;S008;S009;S010;S011;S012;S014;S015,S004
3,"1,2|3,5,6,7,8|4,9",False,False,14,5,7,4.058712482553915,0.5095626778478117,0.40431529171949143,2.763764875027785,,0,0,0,4,3,5,6,3,7,6,9,0,1,3,0,0,3,4,3,S001;S002;S013,S003;S005;S006;S007;S008;S009;S011;S012;S015,S004;S010;S014
3,"1,2,9|3,5,6,7|4,8",False,False,11,5,6,3.387168287246749,0.29422640014249996,0.247195840303839,2.1455251376186397,,0,0,0,5,2,5,6,2,7,5,7,1,0,3,0,0,3,3,1,S001;S002;S010;S013;S014,S003;S005;S006;S007;S008;S011;S015,S004;S009;S012
3,"1,2|3,5,6,7,9|4,8",False,False,12,5,7,3.908371257419518,0.5055471515569749,0.47710583824269914,2.7302198446496044,,0,0,0,5,2,5,6,2,7,5,8,1,0,3,0,0,3,3,2,S001;S002;S013,S003;S005;S006;S007;S008;S010;S011;S014;S015,S004;S009;S012
3,"1,2|3,5,6,7|4,8,9",False,False,14,5,6,2.879467890699097,0.2818524237468903,0.22175877220482154,2.0504652477626983,,0,0,0,5,2,5,6,2,7,6,9,1,0,3,0,0,3,4,3,S001;S002;S013,S003;S005;S006;S007;S008;S011;S015,S004;S009;S010;S012;S014
3,"1,2,8,9|3,5,6|4,7",False,False,10,5,6,3.397255206699179,0.2980294558294885,0.2565047119289244,2.0566615699230866,,0,0,0,4,3,4,6,3,6,6,7,0,1,2,0,0,2,4,1,S001;S002;S009;S010;S012;S013;S014,S003;S005;S006;S007;S011,S004;S008;S015
3,"1,2,8|3,5,6,9|4,7",False,False,12,5,8,4.844585130581786,0.25044522087028853,0.22913706867856318,1.8997437993155257,,0,0,0,4,3,4,6,3,6,6,9,0,1,2,0,0,2,4,3,S001;S002;S009;S012;S013,S003;S005;S006;S007;S010;S011;S014,S004;S008;S015
3,"1,2,8|3,5,6|4,7,9",False,False,12,5,8,4.336884734034134,0.05458597001903711,0.12314936251610244,1.1334137098748853,,0,0,0,4,3,4,6,3,6,6,9,0,1,2,0,0,2,4,3,S001;S002;S009;S012;S013,S003;S005;S006;S007;S011,S004;S008;S010;S014;S015
3,"1,2,9|3,5,6,8|4,7",False,False,11,5,7,4.576499798553996,0.252420847150316,0.19913031422721764,1.9079833677011904,,0,0,0,4,3,4,6,3,6,6,8,0,1,2,0,0,2,4,2,S001;S002;S010;S013;S014,S003;S005;S006;S007;S009;S011;S012,S004;S008;S015
3,"1,2|3,5,6,8,9|4,7",False,False,12,5,6,3.650372844844158,0.46921732187998527,0.3895913666761457,2.5311875126264125,,0,0,0,4,3,4,6,3,6,6,9,0,1,2,0,0,2,4,3,S001;S002;S013,S003;S005;S006;S007;S009;S010;S011;S012;S014,S004;S008;S015
3,"1,2|3,5,6,8|4,7,9",False,False,13,5,8,4.590002372179114,0.2629601398267033,0.2388221619246071,1.972398358261871,,0,0,0,4,3,4,6,3,6,6,10,0,1,2,0,0,2,4,4,S001;S002;S013,S003;S005;S006;S007;S009;S011;S012,S004;S008;S010;S014;S015
3,"1,2,9|3,5,6|4,7,8",False,False,9,4,7,3.918458176871948,0.05533918562715466,0.10135478821587522,1.1394757654818592,,1,0,0,4,2,4,6,2,6,6,7,0,0,2,0,0,2,4,1,S001;S002;S010;S013;S014,S003;S005;S006;S007;S011,S004;S008;S009;S012;S015
3,"1,2|3,5,6,9|4,7,8",False,False,11,4,8,4.439661147044717,0.2612228111427508,0.2595737292109796,1.9638806156904292,,0,0,0,4,2,4,6,2,6,6,9,0,0,2,0,0,2,4,3,S001;S002;S013,S003;S005;S006;S007;S010;S011;S014,S004;S008;S009;S012;S015
3,"1,2|3,5,6|4,7,8,9",False,False,11,4,7,3.410757780324296,0.3158605008673463,0.3121526248455907,2.1598568228308817,,0,0,0,4,2,4,6,2,6,6,9,0,0,2,0,0,2,4,3,S001;S002;S013,S003;S005;S006;S007;S011,S004;S008;S009;S010;S012;S014;S015
3,"1,2,7,8,9|3,5|4,6",False,False,13,5,5,2.6752186221502128,0.5808021120492848,0.5377757085861048,3.116362795945276,,0,0,0,4,3,5,6,3,7,6,8,0,1,3,0,0,3,4,2,S001;S002;S008;S009;S010;S012;S013;S014;S015,S003;S005;S011,S004;S006;S007
3,"1,2,7,8|3,5,9|4,6",False,False,15,5,7,4.12254854603282,0.35609318871533385,0.32406769880712294,2.4880356506420918,,0,0,0,4,3,5,6,3,7,6,10,0,1,3,0,0,3,4,4,S001;S002;S008;S009;S012;S013;S015,S003;S005;S010;S011;S014,S004;S006;S007
3,"1,2,7,8|3,5|4,6,9",False,False,15,5,7,3.614848149485168,0.35272893620267937,0.3228684775183573,2.4472493393178945,,0,0,0,4,3,5,6,3,7,6,10,0,1,3,0,0,3,4,4,S001;S002;S008;S009;S012;S013;S015,S003;S005;S011,S004;S006;S007;S010;S014
3,"1,2,7,9|3,5,8|4,6",False,False,14,5,6,3.85446321400503,0.35353151026064183,0.3491651573011218,2.4784579256047694,,0,0,0,4,3,5,6,3,7,6,9,0,1,3,0,0,3,4,3,S001;S002;S008;S010;S013;S014;S015,S003;S005;S009;S011;S012,S004;S006;S007
3,"1,2,7|3,5,8,9|4,6",False,False,15,5,5,2.928336260295192,0.311453292480768,0.29547831390782076,2.282898201090722,,0,0,0,4,3,5,6,3,7,6,10,0,1,3,0,0,3,4,4,S001;S002;S008;S013;S015,S003;S005;S009;S010;S011;S012;S014,S004;S006;S007
3,"1,2,7|3,5,8|4,6,9",False,False,16,5,7,3.8679657876301476,0.057834395489468664,0.022479528382826856,1.136215646615105,,0,0,0,4,3,5,6,3,7,6,11,0,1,3,0,0,3,4,5,S001;S002;S008;S013;S015,S003;S005;S009;S011;S012,S004;S006;S007;S010;S014
3,"1,2,7,9|3,5|4,6,8",False,False,13,5,6,3.1964215923229817,0.3500907343842104,0.3578877683314302,2.437828621707314,,0,0,0,5,2,5,6,2,7,6,8,1,0,3,0,0,3,4,2,S001;S002;S008;S010;S013;S014;S015,S003;S005;S011,S004;S006;S007;S009;S012
3,"1,2,7|3,5,9|4,6,8",False,False,15,5,7,3.717624562495751,0.05751927912377066,0.07761677121347607,1.129571572686611,,0,0,0,5,2,5,6,2,7,6,10,1,0,3,0,0,3,4,4,S001;S002;S008;S013;S015,S003;S005;S010;S011;S014,S004;S006;S007;S009;S012
3,"1,2,7|3,5|4,6,8,9",False,False,15,5,6,2.68872119577533,0.3036403964179268,0.2808958320463475,2.2290817262179536,,0,0,0,5,2,5,6,2,7,6,10,1,0,3,0,0,3,4,4,S001;S002;S008;S013;S015,S003;S005;S011,S004;S006;S007;S009;S010;S012;S014
3,"1,2,8,9|3,5,7|4,6",False,False,14,5,5,2.697258600986005,0.33206916941101305,0.3208753991265266,2.390676075438877,,0,0,0,4,3,6,6,3,7,6,8,0,1,4,0,0,3,4,2,S001;S002;S009;S010;S012;S013;S014,S003;S005;S008;S011;S015,S004;S006;S007
3,"1,2,8|3,5,7,9|4,6",False,False,15,5,7,4.144588524868612,0.32773286619454073,0.3351866826426701,2.3706800512566146,,0,0,0,4,3,6,6,3,7,6,9,0,1,4,0,0,3,4,3,S001;S002;S009;S012;S013,S003;S005;S008;S010;S011;S014;S015,S004;S006;S007
3,"1,2,8|3,5,7|4,6,9",False,False,16,5,7,3.6368881283209604,0.034501574720527284,0.040660337247237076,1.0823064242459428,,0,0,0,4,3,6,6,3,7,6,10,0,1,4,0,0,3,4,4,S001;S002;S009;S012;S013,S003;S005;S008;S011;S015,S004;S006;S007;S010;S014
3,"1,2,9|3,5,7,8|4,6",False,False,14,5,6,3.8765031928408225,0.3297825395825379,0.3074129381234045,2.3802577762939365,,0,0,0,4,3,6,6,3,7,6,8,0,1,4,0,0,3,4,2,S001;S002;S010;S013;S014,S003;S005;S008;S009;S011;S012;S015,S004;S006;S007
3,"1,2|3,5,7,8,9|4,6",False,False,15,5,5,2.9503762391309842,0.5370686927066899,0.4817772379336146,3.0085849215971208,,0,0,0,4,3,6,6,3,7,6,9,0,1,4,0,0,3,4,3,S001;S002;S013,S003;S005;S008;S009;S010;S011;S012;S014;S015,S004;S006;S007
3,"1,2|3,5,7,8|4,6,9",False,False,16,5,7,3.8900057664659395,0.3015802186468507,0.25769227200909867,2.1168307623302245,,0,0,0,4,3,6,6,3,7,6,10,0,1,4,0,0,3,4,4,S001;S002;S013,S003;S005;S008;S009;S011;S012;S015,S004;S006;S007;S010;S014
3,"1,2,9|3,5,7|4,6,8",False,False,14,5,6,3.218461571158774,0.03031401641237538,0.08896980334437934,1.0701300404180276,,0,0,0,5,2,6,6,2,7,6,8,1,0,4,0,0,3,4,2,S001;S002;S010;S013;S014,S003;S005;S008;S011;S015,S004;S006;S007;S009;S012
3,"1,2|3,5,7,9|4,6,8",False,False,15,5,7,3.739664541331543,0.2988837857470968,0.3077494402209567,2.108313019758783,,0,0,0,5,2,6,6,2,7,6,9,1,0,4,0,0,3,4,3,S001;S002;S013,S003;S005;S008;S010;S011;S014;S015,S004;S006;S007;S009;S012
3,"1,2|3,5,7|4,6,8,9",False,False,16,5,6,2.710761174611122,0.27273929665033936,0.2374863365118007,2.015424418762528,,0,0,0,5,2,6,6,2,7,6,10,1,0,4,0,0,3,4,4,S001;S002;S013,S003;S005;S008;S011;S015,S004;S006;S007;S009;S010;S012;S014
3,"1,2,8,9|3,5|4,6,7",False,False,11,5,5,2.697258600986005,0.32789597899041567,0.31623784510443365,2.3514857773967264,,0,0,0,4,3,5,6,3,6,6,7,0,1,3,0,0,2,4,1,S001;S002;S009;S010;S012;S013;S014,S003;S005;S011,S004;S006;S007;S008;S015
3,"1,2,8|3,5,9|4,6,7",False,False,13,5,7,4.144588524868612,0.028650567843233225,0.06022957225385271,1.0713410791349263,,0,0,0,4,3,5,6,3,6,6,9,0,1,3,0,0,2,4,3,S001;S002;S009;S012;S013,S003;S005;S010;S011;S014,S004;S006;S007;S008;S015
3,"1,2,8|3,5|4,6,7,9",False,False,13,5,7,3.6368881283209604,0.3197968335272744,0.3097351008519353,2.315424570528541,,0,0,0,4,3,5,6,3,6,6,9,0,1,3,0,0,2,4,3,S001;S002;S009;S012;S013,S003;S005;S011,S004;S006;S007;S008;S010;S014;S015
3,"1,2,9|3,5,8|4,6,7",False,False,12,5,6,3.8765031928408225,0.02420301223623578,0.0698164871553441,1.0593508202427073,,1,0,0,4,3,5,6,3,6,6,8,0,1,3,0,0,2,4,2,S001;S002;S010;S013;S014,S003;S005;S009;S011;S012,S004;S006;S007;S008;S015
3,"1,2|3,5,8,9|4,6,7",False,False,13,5,5,2.9503762391309842,0.276474640360305,0.24937216532959433,2.0302461302579555,,0,0,0,4,3,5,6,3,6,6,9,0,1,3,0,0,2,4,3,S001;S002;S013,S003;S005;S009;S010;S011;S012;S014,S004;S006;S007;S008;S015
3,"1,2|3,5,8|4,6,7,9",False,False,14,5,7,3.8900057664659395,0.29430206757342614,0.26945352491105556,2.093491308263355,,0,0,0,4,3,5,6,3,6,6,10,0,1,3,0,0,2,4,4,S001;S002;S013,S003;S005;S009;S011;S012,S004;S006;S007;S008;S010;S014;S015
3,"1,2,9|3,5|4,6,7,8",False,False,10,4,6,3.218461571158774,0.32184057657911413,0.28069795506547485,2.3248452881391213,,0,0,0,4,2,5,6,2,6,6,7,0,0,3,0,0,2,4,1,S001;S002;S010;S013;S014,S003;S005;S011,S004;S006;S007;S008;S009;S012;S015
3,"1,2|3,5,9|4,6,7,8",False,False,12,4,7,3.739664541331543,0.29691769602556733,0.23038247527747258,2.102009050834797,,0,0,0,4,2,5,6,2,6,6,9,0,0,3,0,0,2,4,3,S001;S002;S013,S003;S005;S010;S011;S014,S004;S006;S007;S008;S009;S012;S015
3,"1,2|3,5|4,6,7,8,9",False,False,12,4,6,2.710761174611122,0.5299839218223141,0.46705990149551513,2.9428722809685395,,0,0,0,4,2,5,6,2,6,6,9,0,0,3,0,0,2,4,3,S001;S002;S013,S003;S005;S011,S004;S006;S007;S008;S009;S010;S012;S014;S015
3,"1,2,6,7,8,9|3|4,5",False,False,8,4,5,2.8439253382381877,0.8207005022416821,0.7313077408296272,7.351151571837318,,0,0,0,4,2,4,6,2,6,5,7,0,0,2,0,0,2,3,1,S001;S002;S006;S007;S008;S009;S010;S012;S013;S014;S015,S003,S004;S005;S011
3,"1,2,6,7,8|3,9|4,5",False,False,10,4,7,4.291255262120795,0.5554972194964111,0.4475036315252638,3.2023643767775534,,0,0,0,4,2,4,6,2,6,5,9,0,0,2,0,0,2,3,3,S001;S002;S006;S007;S008;S009;S012;S013;S015,S003;S010;S014,S004;S005;S011
3,"1,2,6,7,8|3|4,5,9",False,False,11,4,7,3.783554865573143,0.6109753123558214,0.5275322770350886,6.095886418975587,,0,0,0,4,2,4,6,2,6,6,9,0,0,2,0,0,2,4,3,S001;S002;S006;S007;S008;S009;S012;S013;S015,S003,S004;S005;S010;S011;S014
3,"1,2,6,7,9|3,8|4,5",False,False,10,5,7,4.291255262120795,0.5517292057711964,0.48157466423633694,3.1923125292024204,,0,0,0,4,3,4,6,3,6,5,8,0,1,2,0,0,2,3,2,S001;S002;S006;S007;S008;S010;S013;S014;S015,S003;S009;S012,S004;S005;S011
3,"1,2,6,7|3,8,9|4,5",False,False,11,5,6,3.3651283084109567,0.349256813750005,0.3045403623596402,2.5328815403930567,,0,0,0,4,3,4,6,3,6,5,9,0,1,2,0,0,2,3,3,S001;S002;S006;S007;S008;S013;S015,S003;S009;S010;S012;S014,S004;S005;S011
3,"1,2,6,7|3,8|4,5,9",False,False,13,5,8,4.304757835745912,0.3089017868354882,0.20941937437096772,2.1198945671454936,,0,0,0,4,3,4,6,3,6,6,10,0,1,2,0,0,2,4,4,S001;S002;S006;S007;S008;S013;S015,S003;S009;S012,S004;S005;S010;S011;S014
3,"1,2,6,7,9|3|4,5,8",False,False,10,6,5,3.097042976383167,0.6083627472759128,0.5755426870739572,6.076752143824636,,0,0,0,5,3,4,6,3,6,5,7,1,1,2,0,0,2,3,1,S001;S002;S006;S007;S008;S010;S013;S014;S015,S003,S004;S005;S009;S011;S012
3,"1,2,6,7|3,9|4,5,8",False,False,12,6,6,3.618245946555936,0.3104943771508407,0.21811701855603502,2.137880321896901,,0,0,0,5,3,4,6,3,6,5,9,1,1,2,0,0,2,3,3,S001;S002;S006;S007;S008;S013;S015,S003;S010;S014,S004;S005;S009;S011;S012
3,"1,2,6,7|3|4,5,8,9",False,False,13,6,5,2.589342579835515,0.5023884046860917,0.4445740104467937,4.821486990962904,,0,0,0,5,3,4,6,3,6,6,9,1,1,2,0,0,2,4,3,S001;S002;S006;S007;S008;S013;S015,S003,S004;S005;S009;S010;S011;S012;S014
3,"1,2,6,8,9|3,7|4,5",False,False,7,4,6,3.397255206699179,0.5177969268643138,0.4962868986199342,3.100185246962405,,0,0,0,4,2,4,6,2,5,5,7,0,0,2,0,0,1,3,1,S001;S002;S006;S007;S009;S010;S012;S013;S014,S003;S008;S015,S004;S005;S011
3,"1,2,6,8|3,7,9|4,5",False,False,9,4,8,4.844585130581786,0.3328800633574292,0.3233008787211567,2.4407542581530413,,0,0,0,4,2,4,6,2,5,5,9,0,0,2,0,0,1,3,3,S001;S002;S006;S007;S009;S012;S013,S003;S008;S010;S014;S015,S004;S005;S011
3,"1,2,6,8|3,7|4,5,9",False,False,10,4,8,4.336884734034134,0.26774800038428614,0.26954491065804437,1.8965532086912724,,0,0,0,4,2,4,6,2,5,6,9,0,0,2,0,0,1,4,3,S001;S002;S006;S007;S009;S012;S013,S003;S008;S015,S004;S005;S010;S011;S014
3,"1,2,6,9|3,7,8|4,5",False,False,9,5,8,4.844585130581786,0.33136477535371955,0.33672555035165125,2.4307024105779087,,0,0,0,4,3,4,6,3,5,5,8,0,1,2,0,0,1,3,2,S001;S002;S006;S007;S010;S013;S014,S003;S008;S009;S012;S015,S004;S005;S011
3,"1,2,6|3,7,8,9|4,5",False,False,10,5,7,3.918458176871948,0.36748530911770566,0.3386295968433984,2.615855972120124,,0,0,0,4,3,4,6,3,5,5,9,0,1,2,0,0,1,3,3,S001;S002;S006;S007;S013,S003;S008;S009;S010;S012;S014;S015,S004;S005;S011
3,"1,2,6|3,7,8|4,5,9",False,False,12,5,9,4.858087704206904,0.06820284499619707,0.04941393253252336,1.1789733929908641,,0,0,0,4,3,4,6,3,5,6,10,0,1,2,0,0,1,4,4,S001;S002;S006;S007;S013,S003;S008;S009;S012;S015,S004;S005;S010;S011;S014
3,"1,2,6,9|3,7|4,5,8",False,False,9,6,6,3.650372844844158,0.2647378944171725,0.31814827172589405,1.8887425642119222,,0,0,0,5,3,4,6,3,5,5,7,1,1,2,0,0,1,3,1,S001;S002;S006;S007;S010;S013;S014,S003;S008;S015,S004;S005;S009;S011;S012
3,"1,2,6|3,7,9|4,5,8",False,False,11,6,7,4.1715758150169275,0.06368132639836095,0.1319713094110736,1.1658539359115412,,0,0,0,5,3,4,6,3,5,5,9,1,1,2,0,0,1,3,3,S001;S002;S006;S007;S013,S003;S008;S010;S014;S015,S004;S005;S009;S011;S012
3,"1,2,6|3,7|4,5,8,9",False,False,12,6,6,3.1426724482965063,0.2370840482645137,0.21218883422635523,1.8096491988829824,,0,0,0,5,3,4,6,3,5,6,9,1,1,2,0,0,1,4,3,S001;S002;S006;S007;S013,S003;S008;S015,S004;S005;S009;S010;S011;S012;S014
3,"1,2,6,8,9|3|4,5,7",False,False,12,4,7,3.928545096324378,0.5855379932625702,0.5331712061267877,5.9013825160906555,,0,0,0,4,2,5,6,2,6,6,9,0,0,3,0,0,2,4,3,S001;S002;S006;S007;S009;S010;S012;S013;S014,S003,S004;S005;S008;S011;S015
3,"1,2,6,8|3,9|4,5,7",False,False,14,4,9,5.375875020206985,0.2858608129030004,0.21357092971720446,2.0601202290264675,,0,0,0,4,2,5,6,2,6,6,11,0,0,3,0,0,2,4,5,S001;S002;S006;S007;S009;S012;S013,S003;S010;S014,S004;S005;S008;S011;S015
3,"1,2,6,8|3|4,5,7,9",False,False,13,4,9,4.868174623659334,0.5002638225024132,0.46722913717359915,4.646117363228923,,0,0,0,4,2,5,6,2,6,6,10,0,0,3,0,0,2,4,4,S001;S002;S006;S007;S009;S012;S013,S003,S004;S005;S008;S010;S011;S014;S015
3,"1,2,6,9|3,8|4,5,7",False,False,14,5,9,5.375875020206985,0.28129543375619764,0.2558872847624944,2.034375770187791,,0,0,0,4,3,5,6,3,6,6,10,0,1,3,0,0,2,4,4,S001;S002;S006;S007;S010;S013;S014,S003;S009;S012,S004;S005;S008;S011;S015
3,"1,2,6|3,8,9|4,5,7",False,False,15,5,8,4.449748066497147,0.02315475789314007,0.030483774189194787,1.0525858326378326,,0,0,0,4,3,5,6,3,6,6,11,0,1,3,0,0,2,4,5,S001;S002;S006;S007;S013,S003;S009;S010;S012;S014,S004;S005;S008;S011;S015
3,"1,2,6|3,8|4,5,7,9",False,False,15,5,10,5.389377593832103,0.27894435123076733,0.24543765719610183,2.026289744955279,,0,0,0,4,3,5,6,3,6,6,11,0,1,3,0,0,2,4,5,S001;S002;S006;S007;S013,S003;S009;S012,S004;S005;S008;S010;S011;S014;S015
3,"1,2,6,9|3|4,5,7,8",False,False,13,5,7,4.1816627344693575,0.5002437547848368,0.46456742889738956,4.6277265120652,,0,0,0,4,3,5,6,3,6,6,9,0,1,3,0,0,2,4,3,S001;S002;S006;S007;S010;S013;S014,S003,S004;S005;S008;S009;S011;S012;S015
3,"1,2,6|3,9|4,5,7,8",False,False,15,5,8,4.702865704642127,0.28351218048178556,0.16937624293482023,2.051965599784586,,0,0,0,4,3,5,6,3,6,6,11,0,1,3,0,0,2,4,5,S001;S002;S006;S007;S013,S003;S010;S014,S004;S005;S008;S009;S011;S012;S015
3,"1,2,6|3|4,5,7,8,9",False,False,14,5,7,3.6739623379217052,0.583266940356983,0.5149165472621547,5.882991664926934,,0,0,0,4,3,5,6,3,6,6,10,0,1,3,0,0,2,4,4,S001;S002;S006;S007;S013,S003,S004;S005;S008;S009;S010;S011;S012;S014;S015
3,"1,2,7,8,9|3,6|4,5",False,False,10,5,5,2.8439253382381877,0.5813920700718446,0.5294356367993637,3.2706309370531854,,0,0,0,4,3,4,6,3,7,5,7,0,1,2,0,0,3,3,1,S001;S002;S008;S009;S010;S012;S013;S014;S015,S003;S006;S007,S004;S005;S011
3,"1,2,7,8|3,6,9|4,5",False,False,12,5,7,4.291255262120795,0.3663835774991817,0.3257095320863942,2.6111999482438217,,0,0,0,4,3,4,6,3,7,5,9,0,1,2,0,0,3,3,3,S001;S002;S008;S009;S012;S013;S015,S003;S006;S007;S010;S014,S004;S005;S011
3,"1,2,7,8|3,6|4,5,9",False,False,13,5,7,3.783554865573143,0.34402678265806375,0.3105581486389957,2.338744500492923,,0,0,0,4,3,4,6,3,7,6,9,0,1,2,0,0,3,4,3,S001;S002;S008;S009;S012;S013;S015,S003;S006;S007,S004;S005;S010;S011;S014
3,"1,2,7,9|3,6,8|4,5",False,False,10,4,7,4.291255262120795,0.3640356724350874,0.3442278948600716,2.6011481006686896,,0,0,0,4,2,4,6,2,7,5,8,0,0,2,0,0,3,3,2,S001;S002;S008;S010;S013;S014;S015,S003;S006;S007;S009;S012,S004;S005;S011
3,"1,2,7|3,6,8,9|4,5",False,False,11,4,6,3.3651283084109567,0.33360083405971364,0.3159372531531106,2.4454102820293437,,0,0,0,4,2,4,6,2,7,5,9,0,0,2,0,0,3,3,3,S001;S002;S008;S013;S015,S003;S006;S007;S009;S010;S012;S014,S004;S005;S011
3,"1,2,7|3,6,8|4,5,9",False,False,13,4,8,4.304757835745912,0.06429104392991578,0.01756914054380589,1.1701101913569192,,0,0,0,4,2,4,6,2,7,6,10,0,0,2,0,0,3,4,4,S001;S002;S008;S013;S015,S003;S006;S007;S009;S012,S004;S005;S010;S011;S014
3,"1,2,7,9|3,6|4,5,8",False,False,11,6,5,3.097042976383167,0.34117059047727005,0.3558922728511628,2.3297414736462256,,0,0,0,5,3,4,6,3,7,5,7,1,1,2,0,0,3,3,1,S001;S002;S008;S010;S013;S014;S015,S003;S006;S007,S004;S005;S009;S011;S012
3,"1,2,7|3,6,9|4,5,8",False,False,13,6,6,3.618245946555936,0.062379788441301126,0.10668414755022186,1.163065033998428,,0,0,0,5,3,4,6,3,7,5,9,1,1,2,0,0,3,3,3,S001;S002;S008;S013;S015,S003;S006;S007;S010;S014,S004;S005;S009;S011;S012
3,"1,2,7|3,6|4,5,8,9",False,False,14,6,5,2.589342579835515,0.28157133876095997,0.25489723250200835,2.0859124190996208,,0,0,0,5,3,4,6,3,7,6,9,1,1,2,0,0,3,4,3,S001;S002;S008;S013;S015,S003;S006;S007,S004;S005;S009;S010;S011;S012;S014
3,"1,2,8,9|3,6,7|4,5",False,False,9,4,5,2.8659653170739796,0.34460157929044277,0.3206205742218872,2.5090208184286737,,0,0,0,4,3,5,6,3,6,5,6,0,1,3,0,0,2,3,0,S001;S002;S009;S010;S012;S013;S014,S003;S006;S007;S008;S015,S004;S005;S011
3,"1,2,8|3,6,7,9|4,5",False,False,11,5,7,4.313295240956586,0.35019718415539236,0.34466350660423395,2.5375375642693587,,0,0,0,4,3,5,6,3,6,5,8,0,1,3,0,0,2,3,2,S001;S002;S009;S012;S013,S003;S006;S007;S008;S010;S014;S015,S004;S005;S011
3,"1,2,8|3,6,7|4,5,9",False,False,12,5,7,3.8055948444089354,0.05405324045987935,0.02980325573000265,1.131777451503139,,0,0,0,4,3,5,6,3,6,6,8,0,1,3,0,0,2,4,2,S001;S002;S009;S012;S013,S003;S006;S007;S008;S015,S004;S005;S010;S011;S014
3,"1,2,9|3,6,7,8|4,5",False,False,9,4,7,4.313295240956586,0.3522621678043736,0.3260088727443353,2.5475894118444913,,0,0,0,4,2,5,6,2,6,5,7,0,0,3,0,0,2,3,1,S001;S002;S010;S013;S014,S003;S006;S007;S008;S009;S012;S015,S004;S005;S011
3,"1,2|3,6,7,8,9|4,5",False,False,10,4,6,3.387168287246749,0.5572466358521434,0.5040963447829504,3.2070204006538554,,0,0,0,4,2,5,6,2,6,5,8,0,0,3,0,0,2,3,2,S001;S002;S013,S003;S006;S007;S008;S009;S010;S012;S014;S015,S004;S005;S011
3,"1,2|3,6,7,8|4,5,9",False,False,12,4,8,4.326797814581704,0.31548980760348005,0.2788331412720877,2.158778336582215,,0,0,0,4,2,5,6,2,6,6,9,0,0,3,0,0,2,4,3,S001;S002;S013,S003;S006;S007;S008;S009;S012;S015,S004;S005;S010;S011;S014
3,"1,2,9|3,6,7|4,5,8",False,False,10,5,5,3.119082955218959,0.05047235372573538,0.10454059922731426,1.124963093078156,,1,0,0,5,3,5,6,3,6,5,6,1,1,3,0,0,2,3,0,S001;S002;S010;S013;S014,S003;S006;S007;S008;S015,S004;S005;S009;S011;S012
3,"1,2|3,6,7,9|4,5,8",False,False,12,6,6,3.640285925391728,0.3125843203236724,0.32712857793219724,2.150260594010773,,0,0,0,5,3,5,6,3,6,5,8,1,1,3,0,0,2,3,2,S001;S002;S013,S003;S006;S007;S008;S010;S014;S015,S004;S005;S009;S011;S012
3,"1,2|3,6,7|4,5,8,9",False,False,13,6,5,2.6113825586713073,0.2631849574097235,0.22010865804820076,1.9734768445105377,,0,0,0,5,3,5,6,3,6,6,8,1,1,3,0,0,2,4,2,S001;S002;S013,S003;S006;S007;S008;S015,S004;S005;S009;S010;S011;S012;S014
3,"1,2,8,9|3,6|4,5,7",False,False,13,5,6,3.397255206699179,0.3168702406742627,0.29593624029685983,2.247226852416585,,0,0,0,4,3,5,6,3,7,6,8,0,1,3,0,0,3,4,2,S001;S002;S009;S010;S012;S013;S014,S003;S006;S007,S004;S005;S008;S011;S015
3,"1,2,8|3,6,9|4,5,7",False,False,15,5,8,4.844585130581786,0.021465145113686954,0.040389303675848746,1.0499427824946272,,0,0,0,4,3,5,6,3,7,6,10,0,1,3,0,0,3,4,4,S001;S002;S009;S012;S013,S003;S006;S007;S010;S014,S004;S005;S008;S011;S015
3,"1,2,8|3,6|4,5,7,9",False,False,14,5,8,4.336884734034134,0.2973416723078409,0.31524228835108603,2.168427040329261,,0,0,0,4,3,5,6,3,7,6,9,0,1,3,0,0,3,4,3,S001;S002;S009;S012;S013,S003;S006;S007,S004;S005;S008;S010;S011;S014;S015
3,"1,2,9|3,6,8|4,5,7",False,False,13,4,8,4.844585130581786,0.018126181748253874,0.039630134989834774,1.0442367255931257,,1,0,0,4,2,5,6,2,7,6,9,0,0,3,0,0,3,4,3,S001;S002;S010;S013;S014,S003;S006;S007;S009;S012,S004;S005;S008;S011;S015
3,"1,2|3,6,8,9|4,5,7",False,False,14,4,7,3.918458176871948,0.28797555530974017,0.2637235487736915,2.0721937045099463,,0,0,0,4,2,5,6,2,7,6,10,0,0,3,0,0,3,4,4,S001;S002;S013,S003;S006;S007;S009;S010;S012;S014,S004;S005;S008;S011;S015
3,"1,2|3,6,8|4,5,7,9",False,False,14,4,9,4.858087704206904,0.28214811466909895,0.28303730658683096,2.0515437340113647,,0,0,0,4,2,5,6,2,7,6,10,0,0,3,0,0,3,4,4,S001;S002;S013,S003;S006;S007;S009;S012,S004;S005;S008;S010;S011;S014;S015
3,"1,2,9|3,6|4,5,7,8",False,False,13,5,6,3.650372844844158,0.2993668933651105,0.272773959735221,2.1774300671759583,,0,0,0,4,3,5,6,3,7,6,8,0,1,3,0,0,3,4,2,S001;S002;S010;S013;S014,S003;S006;S007,S004;S005;S008;S009;S011;S012;S015
3,"1,2|3,6,9|4,5,7,8",False,False,15,5,7,4.1715758150169275,0.28451400554904477,0.23784577130533288,2.0600614765828063,,0,0,0,4,3,5,6,3,7,6,10,0,1,3,0,0,3,4,4,S001;S002;S013,S003;S006;S007;S010;S014,S004;S005;S008;S009;S011;S012;S015
3,"1,2|3,6|4,5,7,8,9",False,False,14,5,6,3.1426724482965063,0.5100717758025156,0.46459225634290685,2.7680553081000605,,0,0,0,4,3,5,6,3,7,6,9,0,1,3,0,0,3,4,3,S001;S002;S013,S003;S006;S007,S004;S005;S008;S009;S010;S011;S012;S014;S015
3,"1,2,7,8,9|3|4,5,6",False,False,12,4,5,2.6752186221502128,0.6293099626615846,0.5742768616301286,6.225835777853092,,0,0,0,4,2,5,6,2,7,6,8,0,0,3,0,0,3,4,2,S001;S002;S008;S009;S010;S012;S013;S014;S015,S003,S004;S005;S006;S007;S011
3,"1,2,7,8|3,9|4,5,6",False,False,14,4,7,4.12254854603282,0.3341482391225627,0.258010426588417,2.203985025301413,,0,0,0,4,2,5,6,2,7,6,10,0,0,3,0,0,3,4,4,S001;S002;S008;S009;S012;S013;S015,S003;S010;S014,S004;S005;S006;S007;S011
3,"1,2,7,8|3|4,5,6,9",False,False,14,4,7,3.614848149485168,0.5069170417966326,0.4577936416022256,4.9705706249913595,,0,0,0,4,2,5,6,2,7,6,10,0,0,3,0,0,3,4,4,S001;S002;S008;S009;S012;S013;S015,S003,S004;S005;S006;S007;S010;S011;S014
3,"1,2,7,9|3,8|4,5,6",False,False,13,4,7,4.12254854603282,0.32971433999316546,0.29814334622587824,2.177030247570393,,0,0,0,4,2,5,6,2,7,6,9,0,0,3,0,0,3,4,3,S001;S002;S008;S010;S013;S014;S015,S003;S009;S012,S004;S005;S006;S007;S011
3,"1,2,7|3,8,9|4,5,6",False,False,14,4,6,3.1964215923229817,0.08296337482352743,0.10951057043125077,1.220312041319722,,1,0,0,4,2,5,6,2,7,6,10,0,0,3,0,0,3,4,4,S001;S002;S008;S013;S015,S003;S009;S010;S012;S014,S004;S005;S006;S007;S011
3,"1,2,7|3,8|4,5,6,9",False,False,15,4,8,4.136051119657938,0.2468179159553673,0.18913394558221083,1.8836352675726775,,0,0,0,4,2,5,6,2,7,6,11,0,0,3,0,0,3,4,5,S001;S002;S008;S013;S015,S003;S009;S012,S004;S005;S006;S007;S010;S011;S014
3,"1,2,7,9|3|4,5,6,8",False,False,13,5,5,2.928336260295192,0.5061979618095547,0.46952086024037915,4.95143634984041,,0,0,0,5,2,5,6,2,7,6,8,1,0,3,0,0,3,4,2,S001;S002;S008;S010;S013;S014;S015,S003,S004;S005;S006;S007;S009;S011;S012
3,"1,2,7|3,9|4,5,6,8",False,False,15,5,6,3.4495392304679613,0.2512649450767651,0.11369096188705523,1.9081008035096405,,0,0,0,5,2,5,6,2,7,6,10,1,0,3,0,0,3,4,4,S001;S002;S008;S013;S015,S003;S010;S014,S004;S005;S006;S007;S009;S011;S012
3,"1,2,7|3|4,5,6,8,9",False,False,15,5,5,2.42063586374754,0.5474646962684145,0.4755074354879262,5.558538403164496,,0,0,0,5,2,5,6,2,7,6,10,1,0,3,0,0,3,4,4,S001;S002;S008;S013;S015,S003,S004;S005;S006;S007;S009;S010;S011;S012;S014
3,"1,2,8,9|3,7|4,5,6",False,False,10,4,5,2.697258600986005,0.28927487845271904,0.2876144337003823,1.9495987635661984,,0,0,0,4,2,5,6,2,6,6,7,0,0,3,0,0,2,4,1,S001;S002;S009;S010;S012;S013;S014,S003;S008;S015,S004;S005;S006;S007;S011
3,"1,2,8|3,7,9|4,5,6",False,False,12,4,7,4.144588524868612,0.08349613481858854,0.14142078410525755,1.2232382152542365,,0,0,0,4,2,5,6,2,6,6,9,0,0,3,0,0,2,4,3,S001;S002;S009;S012;S013,S003;S008;S010;S014;S015,S004;S005;S006;S007;S011
3,"1,2,8|3,7|4,5,6,9",False,False,12,4,7,3.6368881283209604,0.22010822286700585,0.22602083853067365,1.7487929995287061,,0,0,0,4,2,5,6,2,6,6,9,0,0,3,0,0,2,4,3,S001;S002;S009;S012;S013,S003;S008;S015,S004;S005;S006;S007;S010;S011;S014
3,"1,2,9|3,7,8|4,5,6",False,False,11,4,7,4.144588524868612,0.08481525186997223,0.1306904435216552,1.229555505532272,,0,0,0,4,2,5,6,2,6,6,8,0,0,3,0,0,2,4,2,S001;S002;S010;S013;S014,S003;S008;S009;S012;S015,S004;S005;S006;S007;S011
3,"1,2|3,7,8,9|4,5,6",False,False,12,4,6,3.218461571158774,0.33620326461379196,0.3229015562345157,2.2166261085783,,0,0,0,4,2,5,6,2,6,6,9,0,0,3,0,0,2,4,3,S001;S002;S013,S003;S008;S009;S010;S012;S014;S015,S004;S005;S006;S007;S011
3,"1,2|3,7,8|4,5,6,9",False,False,13,4,8,4.158091098493729,0.25146566545017823,0.23496357276294813,1.9071113299430111,,0,0,0,4,2,5,6,2,6,6,10,0,0,3,0,0,2,4,4,S001;S002;S013,S003;S008;S009;S012;S015,S004;S005;S006;S007;S010;S011;S014
3,"1,2,9|3,7|4,5,6,8",False,False,11,5,5,2.9503762391309842,0.22204026687927947,0.19319637918106844,1.756603644008056,,0,0,0,5,2,5,6,2,6,6,7,1,0,3,0,0,2,4,1,S001;S002;S010;S013;S014,S003;S008;S015,S004;S005;S006;S007;S009;S011;S012
3,"1,2|3,7,9|4,5,6,8",False,False,13,5,6,3.471579209303753,0.252719624925189,0.2166862689630031,1.9156290725144527,,0,0,0,5,2,5,6,2,6,6,9,1,0,3,0,0,2,4,3,S001;S002;S013,S003;S008;S010;S014;S015,S004;S005;S006;S007;S009;S011;S012
3,"1,2|3,7|4,5,6,8,9",False,False,13,5,5,2.4426758425833324,0.4434150578713513,0.37539755558068566,2.4744182268789947,,0,0,0,5,2,5,6,2,6,6,9,1,0,3,0,0,2,4,3,S001;S002;S013,S003;S008;S015,S004;S005;S006;S007;S009;S010;S011;S012;S014
3,"1,2,8,9|3|4,5,6,7",False,False,12,4,5,2.697258600986005,0.5015033623974997,0.4488567630246932,4.776066722106428,,0,0,0,4,2,5,6,2,7,6,8,0,0,3,0,0,3,4,2,S001;S002;S009;S010;S012;S013;S014,S003,S004;S005;S006;S007;S008;S011;S015
3,"1,2,8|3,9|4,5,6,7",False,False,14,4,7,4.144588524868612,0.26638966836327266,0.13797494040188973,1.9858608963800743,,0,0,0,4,2,5,6,2,7,6,10,0,0,3,0,0,3,4,4,S001;S002;S009;S012;S013,S003;S010;S014,S004;S005;S006;S007;S008;S011;S015
3,"1,2,8|3|4,5,6,7,9",False,False,13,4,7,3.6368881283209604,0.5657800926834966,0.5072245321967815,5.733908030898476,,0,0,0,4,2,5,6,2,7,6,9,0,0,3,0,0,3,4,3,S001;S002;S009;S012;S013,S003,S004;S005;S006;S007;S008;S010;S011;S014;S015
3,"1,2,9|3,8|4,5,6,7",False,False,13,4,7,4.144588524868612,0.2638232680507266,0.16949499507461863,1.96915406453038,,0,0,0,4,2,5,6,2,7,6,9,0,0,3,0,0,3,4,3,S001;S002;S010;S013;S014,S003;S009;S012,S004;S005;S006;S007;S008;S011;S015
3,"1,2|3,8,9|4,5,6,7",False,False,14,4,6,3.218461571158774,0.26759654078679346,0.21358123784835834,1.99369596201528,,0,0,0,4,2,5,6,2,7,6,10,0,0,3,0,0,3,4,4,S001;S002;S013,S003;S009;S010;S012;S014,S004;S005;S006;S007;S008;S011;S015
3,"1,2|3,8|4,5,6,7,9",False,False,14,4,8,4.158091098493729,0.4790385026556965,0.3994720731928079,2.5524851163798212,,0,0,0,4,2,5,6,2,7,6,10,0,0,3,0,0,3,4,4,S001;S002;S013,S003;S009;S012,S004;S005;S006;S007;S008;S010;S011;S014;S015
3,"1,2,9|3|4,5,6,7,8",False,False,12,4,5,2.9503762391309842,0.5679296828701139,0.4688394529361515,5.7530423060494265,,0,0,0,4,2,5,6,2,7,6,8,0,0,3,0,0,3,4,2,S001;S002;S010;S013;S014,S003,S004;S005;S006;S007;S008;S009;S011;S012;S015
3,"1,2|3,9|4,5,6,7,8",False,False,14,4,6,3.471579209303753,0.4829861665517373,0.3300995022097865,2.5610028589512632,,0,0,0,4,2,5,6,2,7,6,10,0,0,3,0,0,3,4,4,S001;S002;S013,S003;S010;S014,S004;S005;S006;S007;S008;S009;S011;S012;S015
3,"1,2|3|4,5,6,7,8,9",False,False,13,4,5,2.4426758425833324,0.7574252269546428,0.6490862514365259,7.008307458911158,,0,0,0,4,2,5,6,2,7,6,9,0,0,3,0,0,3,4,3,S001;S002;S013,S003,S004;S005;S006;S007;S008;S009;S010;S011;S012;S014;S015
3,"1,3,4,5,6,7,8|2|9",False,False,7,3,4,2.386959451217563,0.9815079229742542,0.7611527812989027,9.68216827870921,,0,0,0,4,2,3,6,2,4,6,8,0,0,1,0,0,0,4,2,S001;S003;S004;S005;S006;S007;S008;S009;S011;S012;S013;S015,S002,S010;S014
3,"1,3,4,5,6,7|2,8|9",False,False,8,4,5,3.0599687667824216,0.723993208175712,0.523286696957771,5.482962251739589,,0,0,0,5,2,3,6,2,4,6,8,1,0,1,0,0,0,4,2,S001;S003;S004;S005;S006;S007;S008;S011;S013;S015,S002;S009;S012,S010;S014
3,"1,3,4,5,6,7,9|2|8",False,False,6,4,4,2.2366182260831664,0.9776726808324461,0.8385691435916351,9.659456260400644,,1,0,0,5,2,3,6,2,4,5,7,1,0,1,0,0,0,3,1,S001;S003;S004;S005;S006;S007;S008;S010;S011;S013;S014;S015,S002,S009;S012
3,"1,3,4,5,6,7|2,9|8",False,False,6,4,5,3.0599687667824216,0.7233577324434124,0.5439155784610795,5.4006391542389425,,0,0,0,5,2,3,6,2,4,5,7,1,0,1,0,0,0,3,1,S001;S003;S004;S005;S006;S007;S008;S011;S013;S015,S002;S010;S014,S009;S012
3,"1,3,4,5,6,7|2|8,9",False,False,8,4,4,2.133841813072584,0.7444335720343936,0.5985759422214865,8.16948055403143,,0,0,0,5,2,3,6,2,4,6,8,1,0,1,0,0,0,4,2,S001;S003;S004;S005;S006;S007;S008;S011;S013;S015,S002,S009;S010;S012;S014
3,"1,3,4,5,6,8|2,7|9",False,False,9,4,6,3.471579209303753,0.6915457356916493,0.49933788023004805,5.343255013524479,,0,0,0,4,2,3,6,2,5,6,9,0,0,1,0,0,1,4,3,S001;S003;S004;S005;S006;S007;S009;S011;S012;S013,S002;S008;S015,S010;S014
3,"1,3,4,5,6|2,7,8|9",False,False,9,4,7,4.144588524868612,0.49987700680323127,0.3568689711536419,4.328011799684496,,0,0,0,4,2,3,6,2,5,6,9,0,0,1,0,0,1,4,3,S001;S003;S004;S005;S006;S007;S011;S013,S002;S008;S009;S012;S015,S010;S014
3,"1,3,4,5,6,9|2,7|8",False,False,8,5,6,3.3212379841693567,0.6872440131452755,0.5836033049000443,5.248015182029347,,0,0,0,5,2,3,6,2,5,5,8,1,0,1,0,0,1,3,2,S001;S003;S004;S005;S006;S007;S010;S011;S013;S014,S002;S008;S015,S009;S012
3,"1,3,4,5,6|2,7,9|8",False,False,8,5,7,4.144588524868612,0.4973675748034059,0.4213724838194972,4.263029528968272,,0,0,0,5,2,3,6,2,5,5,8,1,0,1,0,0,1,3,2,S001;S003;S004;S005;S006;S007;S011;S013,S002;S008;S010;S014;S015,S009;S012
3,"1,3,4,5,6|2,7|8,9",False,False,10,5,6,3.218461571158774,0.4177027917561969,0.30863020892172244,2.370081740830455,,0,0,0,5,2,3,6,2,5,6,9,1,0,1,0,0,1,4,3,S001;S003;S004;S005;S006;S007;S011;S013,S002;S008;S015,S009;S010;S012;S014
3,"1,3,4,5,6,8,9|2|7",False,False,9,4,3,1.6058227282589597,0.9428272978695535,0.8254539425506452,9.451295869456192,,0,0,0,4,2,4,6,2,5,6,8,0,0,2,0,0,1,4,2,S001;S003;S004;S005;S006;S007;S009;S010;S011;S012;S013;S014,S002,S008;S015
3,"1,3,4,5,6,8|2,9|7",False,False,9,4,5,2.9503762391309842,0.6847525017683336,0.5443475565474581,4.626393282947169,,0,0,0,4,2,4,6,2,5,6,8,0,0,2,0,0,1,4,2,S001;S003;S004;S005;S006;S007;S009;S011;S012;S013,S002;S010;S014,S008;S015
3,"1,3,4,5,6,8|2|7,9",False,False,10,4,6,3.471579209303753,0.7158079767609584,0.5505027900265401,7.961320163086982,,0,0,0,4,2,4,6,2,5,6,9,0,0,2,0,0,1,4,3,S001;S003;S004;S005;S006;S007;S009;S011;S012;S013,S002,S008;S010;S014;S015
3,"1,3,4,5,6,9|2,8|7",False,False,10,5,5,2.8000350139965877,0.6810833826541325,0.6079427036520364,4.61319512902389,,0,0,0,5,2,4,6,2,5,6,8,1,0,2,0,0,1,4,2,S001;S003;S004;S005;S006;S007;S010;S011;S013;S014,S002;S009;S012,S008;S015
3,"1,3,4,5,6|2,8,9|7",False,False,10,5,5,2.697258600986005,0.47579891567654825,0.4284391513281761,3.7473571199381994,,0,0,0,5,2,4,6,2,5,6,8,1,0,2,0,0,1,4,2,S001;S003;S004;S005;S006;S007;S011;S013,S002;S009;S010;S012;S014,S008;S015
3,"1,3,4,5,6|2,8|7,9",False,False,11,5,7,4.144588524868612,0.42261803037128737,0.2891453154709442,2.566428121996798,,0,0,0,5,2,4,6,2,5,6,9,1,0,2,0,0,1,4,3,S001;S003;S004;S005;S006;S007;S011;S013,S002;S009;S012,S008;S010;S014;S015
3,"1,3,4,5,6,9|2|7,8",False,False,9,4,6,3.3212379841693567,0.7127640912049288,0.6021984597468146,7.9386081447784145,,0,0,0,4,2,4,6,2,5,6,8,0,0,2,0,0,1,4,2,S001;S003;S004;S005;S006;S007;S010;S011;S013;S014,S002,S008;S009;S012;S015
3,"1,3,4,5,6|2,9|7,8",False,False,9,4,7,4.144588524868612,0.4234017055490846,0.27113416889584563,2.5898374919538254,,0,0,0,4,2,4,6,2,5,6,8,0,0,2,0,0,1,4,2,S001;S003;S004;S005;S006;S007;S011;S013,S002;S010;S014,S008;S009;S012;S015
3,"1,3,4,5,6|2|7,8,9",False,False,10,4,6,3.218461571158774,0.5603907160715611,0.46825163652126345,6.4486324384092,,0,0,0,4,2,4,6,2,5,6,9,0,0,2,0,0,1,4,3,S001;S003;S004;S005;S006;S007;S011;S013,S002,S008;S009;S010;S012;S014;S015
3,"1,3,4,5,7,8|2,6|9",False,False,11,5,6,3.618245946555936,0.752311224718099,0.5558233185525087,5.60172889931885,,0,0,0,4,3,4,6,3,5,6,9,0,1,2,0,0,1,4,3,S001;S003;S004;S005;S008;S009;S011;S012;S013;S015,S002;S006;S007,S010;S014
3,"1,3,4,5,7|2,6,8|9",False,False,11,5,7,4.291255262120795,0.5389155508999971,0.3879023307191348,4.586485685478866,,0,0,0,5,2,4,6,2,5,6,9,1,0,2,0,0,1,4,3,S001;S003;S004;S005;S008;S011;S013;S015,S002;S006;S007;S009;S012,S010;S014
3,"1,3,4,5,7,9|2,6|8",False,False,10,6,6,3.4679047214215393,0.7481221768384236,0.6373034541651817,5.502608251227749,,0,0,0,5,3,4,6,3,5,5,8,1,1,2,0,0,1,3,2,S001;S003;S004;S005;S008;S010;S011;S013;S014;S015,S002;S006;S007,S009;S012
3,"1,3,4,5,7|2,6,9|8",False,False,10,6,7,4.291255262120795,0.536918680944531,0.4408981382322698,4.517622598166674,,0,0,0,5,3,4,6,3,5,5,8,1,1,2,0,0,1,3,2,S001;S003;S004;S005;S008;S011;S013;S015,S002;S006;S007;S010;S014,S009;S012
3,"1,3,4,5,7|2,6|8,9",False,False,12,6,6,3.3651283084109567,0.4884879056008821,0.374352289749158,2.9257479280342285,,0,0,0,5,3,4,6,3,5,6,9,1,1,2,0,0,1,4,3,S001;S003;S004;S005;S008;S011;S013;S015,S002;S006;S007,S009;S010;S012;S014
3,"1,3,4,5,8|2,6,7|9",False,False,11,5,7,4.1715758150169275,0.5167388573985712,0.3865734667033135,4.446778447263756,,0,0,0,4,3,3,6,3,6,6,9,0,1,1,0,0,2,4,3,S001;S003;S004;S005;S009;S011;S012;S013,S002;S006;S007;S008;S015,S010;S014
3,"1,3,4,5|2,6,7,8|9",False,False,10,4,8,4.844585130581786,0.4497888323030154,0.352056203113486,3.737822114515551,,0,0,0,4,2,3,6,2,6,6,9,0,0,1,0,0,2,4,3,S001;S003;S004;S005;S011;S013,S002;S006;S007;S008;S009;S012;S015,S010;S014
3,"1,3,4,5,9|2,6,7|8",False,False,10,6,7,4.02123458988253,0.512168351669691,0.47288460416650296,4.364998625957079,,0,0,0,5,3,3,6,3,6,5,8,1,1,1,0,0,2,3,2,S001;S003;S004;S005;S010;S011;S013;S014,S002;S006;S007;S008;S015,S009;S012
3,"1,3,4,5|2,6,7,9|8",False,False,10,6,8,4.844585130581786,0.4456219603475866,0.4354385743067207,3.666686809553304,,0,0,0,5,3,3,6,3,6,5,8,1,1,1,0,0,2,3,2,S001;S003;S004;S005;S011;S013,S002;S006;S007;S008;S010;S014;S015,S009;S012
3,"1,3,4,5|2,6,7|8,9",False,False,12,6,7,3.918458176871948,0.2123296474919016,0.1850425214777485,1.7027896235338713,,0,0,0,5,3,3,6,3,6,6,9,1,1,1,0,0,2,4,3,S001;S003;S004;S005;S011;S013,S002;S006;S007;S008;S015,S009;S010;S012;S014
3,"1,3,4,5,8,9|2,6|7",False,False,12,5,5,2.8371092235973325,0.7099479576538396,0.6202830101598107,4.716027806709699,,0,0,0,4,3,4,6,3,6,6,9,0,1,2,0,0,2,4,3,S001;S003;S004;S005;S009;S010;S011;S012;S013;S014,S002;S006;S007,S008;S015
3,"1,3,4,5,8|2,6,9|7",False,False,12,5,7,4.1816627344693575,0.49515766971443104,0.4421235094050586,3.8501897976240085,,0,0,0,4,3,4,6,3,6,6,9,0,1,2,0,0,2,4,3,S001;S003;S004;S005;S009;S011;S012;S013,S002;S006;S007;S010;S014,S008;S015
3,"1,3,4,5,8|2,6|7,9",False,False,13,5,8,4.702865704642127,0.4561578878837469,0.32643041636970227,2.836627806274475,,0,0,0,4,3,4,6,3,6,6,10,0,1,2,0,0,2,4,4,S001;S003;S004;S005;S009;S011;S012;S013,S002;S006;S007,S008;S010;S014;S015
3,"1,3,4,5,9|2,6,8|7",False,False,12,5,7,4.03132150933496,0.49257161168516944,0.4745861576734005,3.83699164370073,,0,0,0,5,2,4,6,2,6,6,9,1,0,2,0,0,2,4,3,S001;S003;S004;S005;S010;S011;S013;S014,S002;S006;S007;S009;S012,S008;S015
3,"1,3,4,5|2,6,8,9|7",False,False,12,5,7,3.928545096324378,0.40783472988416397,0.4213167823153218,3.1021864670343002,,0,0,0,5,2,4,6,2,6,6,9,1,0,2,0,0,2,4,3,S001;S003;S004;S005;S011;S013,S002;S006;S007;S009;S010;S012;S014,S008;S015
3,"1,3,4,5|2,6,8|7,9",False,False,13,5,9,5.375875020206985,0.19481886002265383,0.11014116071600939,1.5923963496011013,,0,0,0,5,2,4,6,2,6,6,10,1,0,2,0,0,2,4,4,S001;S003;S004;S005;S011;S013,S002;S006;S007;S009;S012,S008;S010;S014;S015
3,"1,3,4,5,9|2,6|7,8",False,False,12,5,8,4.5525244795077295,0.45272525161612104,0.38499638684362386,2.826904064750521,,0,0,0,4,3,4,6,3,6,6,9,0,1,2,0,0,2,4,3,S001;S003;S004;S005;S010;S011;S013;S014,S002;S006;S007,S008;S009;S012;S015
3,"1,3,4,5|2,6,9|7,8",False,False,12,5,9,5.375875020206985,0.19336196169812145,0.15847175223583482,1.5812115238150735,,0,0,0,4,3,4,6,3,6,6,9,0,1,2,0,0,2,4,3,S001;S003;S004;S005;S011;S013,S002;S006;S007;S010;S014,S008;S009;S012;S015
3,"1,3,4,5|2,6|7,8,9",False,False,13,5,8,4.449748066497147,0.3025911904103938,0.24188985842595526,2.1889978052156116,,0,0,0,4,3,4,6,3,6,6,10,0,1,2,0,0,2,4,4,S001;S003;S004;S005;S011;S013,S002;S006;S007,S008;S009;S010;S012;S014;S015
3,"1,3,4,5,7,8,9|2|6",False,False,8,5,3,1.7524894655111423,1.0077170357166925,0.8895712718618227,9.836415680020657,,0,0,0,4,3,4,6,3,5,5,7,0,1,2,0,0,1,3,1,S001;S003;S004;S005;S008;S009;S010;S011;S012;S013;S014;S015,S002,S006;S007
3,"1,3,4,5,7,8|2,9|6",False,False,8,5,5,3.097042976383167,0.7564513553081939,0.6142583143700736,6.248606054126014,,0,0,0,4,3,4,6,3,5,5,7,0,1,2,0,0,1,3,1,S001;S003;S004;S005;S008;S009;S011;S012;S013;S015,S002;S010;S014,S006;S007
3,"1,3,4,5,7,8|2|6,9",False,False,11,5,6,3.618245946555936,0.7697246765358421,0.5932420480223354,8.346439973651444,,0,0,0,4,3,4,6,3,5,6,9,0,1,2,0,0,1,4,3,S001;S003;S004;S005;S008;S009;S011;S012;S013;S015,S002,S006;S007;S010;S014
3,"1,3,4,5,7,9|2,8|6",False,False,9,6,5,2.9467017512487703,0.7528964218185017,0.6762781485885152,6.231602582519875,,0,0,0,5,3,4,6,3,5,5,7,1,1,2,0,0,1,3,1,S001;S003;S004;S005;S008;S010;S011;S013;S014;S015,S002;S009;S012,S006;S007
3,"1,3,4,5,7|2,8,9|6",False,False,9,6,5,2.8439253382381877,0.5532860108682172,0.49889972139155553,5.1161244566709385,,0,0,0,5,3,4,6,3,5,5,7,1,1,2,0,0,1,3,1,S001;S003;S004;S005;S008;S011;S013;S015,S002;S009;S010;S012;S014,S006;S007
3,"1,3,4,5,7|2,8|6,9",False,False,12,6,7,4.291255262120795,0.4848805575215097,0.3397560593638275,2.719698186868807,,0,0,0,5,3,4,6,3,5,6,9,1,1,2,0,0,1,4,3,S001;S003;S004;S005;S008;S011;S013;S015,S002;S009;S012,S006;S007;S010;S014
3,"1,3,4,5,7,9|2|6,8",False,False,10,5,6,3.4679047214215393,0.7664327987270442,0.6510027162663033,8.323727955342878,,0,0,0,5,2,4,6,2,5,6,8,1,0,2,0,0,1,4,2,S001;S003;S004;S005;S008;S010;S011;S013;S014;S015,S002,S006;S007;S009;S012
3,"1,3,4,5,7|2,9|6,8",False,False,10,5,7,4.291255262120795,0.48519886986598965,0.3332840404920611,2.7445055915579095,,0,0,0,5,2,4,6,2,5,6,8,1,0,2,0,0,1,4,2,S001;S003;S004;S005;S008;S011;S013;S015,S002;S010;S014,S006;S007;S009;S012
3,"1,3,4,5,7|2|6,8,9",False,False,11,5,6,3.3651283084109567,0.5890238089589713,0.4892739334886627,6.8337522489736635,,0,0,0,5,2,4,6,2,5,6,9,1,0,2,0,0,1,4,3,S001;S003;S004;S005;S008;S011;S013;S015,S002,S006;S007;S009;S010;S012;S014
3,"1,3,4,5,8,9|2,7|6",False,False,9,5,5,2.8371092235973325,0.7208481758060625,0.6356351511119094,6.075762214268152,,0,0,0,4,3,3,6,3,6,5,8,0,1,1,0,0,2,3,2,S001;S003;S004;S005;S009;S010;S011;S012;S013;S014,S002;S008;S015,S006;S007
3,"1,3,4,5,8|2,7,9|6",False,False,9,5,7,4.1816627344693575,0.5329303463484867,0.48583690680471,4.9602840884192165,,0,0,0,4,3,3,6,3,6,5,8,0,1,1,0,0,2,3,2,S001;S003;S004;S005;S009;S011;S012;S013,S002;S008;S010;S014;S015,S006;S007
3,"1,3,4,5,8|2,7|6,9",False,False,12,5,8,4.702865704642127,0.4477034313790873,0.3121720759234155,2.4351200715641586,,0,0,0,4,3,3,6,3,6,6,10,0,1,1,0,0,2,4,4,S001;S003;S004;S005;S009;S011;S012;S013,S002;S008;S015,S006;S007;S010;S014
3,"1,3,4,5,9|2,7,8|6",False,False,9,5,7,4.03132150933496,0.5308621715947761,0.5104184341980077,4.943280616813078,,0,0,0,4,3,3,6,3,6,5,8,0,1,1,0,0,2,3,2,S001;S003;S004;S005;S010;S011;S013;S014,S002;S008;S009;S012;S015,S006;S007
3,"1,3,4,5|2,7,8,9|6",False,False,9,5,7,3.928545096324378,0.47828303930612814,0.48069759551210656,4.28493693290545,,0,0,0,4,3,3,6,3,6,5,8,0,1,1,0,0,2,3,2,S001;S003;S004;S005;S011;S013,S002;S008;S009;S010;S012;S014;S015,S006;S007
3,"1,3,4,5|2,7,8|6,9",False,False,12,5,9,5.375875020206985,0.2321736303215773,0.13988808178205547,1.8094266464835487,,0,0,0,4,3,3,6,3,6,6,10,0,1,1,0,0,2,4,4,S001;S003;S004;S005;S011;S013,S002;S008;S009;S012;S015,S006;S007;S010;S014
3,"1,3,4,5,9|2,7|6,8",False,False,11,5,8,4.5525244795077295,0.4438065804275825,0.38011387213167697,2.4267726676138386,,0,0,0,5,2,3,6,2,6,6,9,1,0,1,0,0,2,4,3,S001;S003;S004;S005;S010;S011;S013;S014,S002;S008;S015,S006;S007;S009;S012
3,"1,3,4,5|2,7,9|6,8",False,False,11,5,9,5.375875020206985,0.22941364782355944,0.20688240227816693,1.7949990731607164,,0,0,0,5,2,3,6,2,6,6,9,1,0,1,0,0,2,4,3,S001;S003;S004;S005;S011;S013,S002;S008;S010;S014;S015,S006;S007;S009;S012
3,"1,3,4,5|2,7|6,8,9",False,False,12,5,8,4.449748066497147,0.24561740512003877,0.193674994581609,1.8791582315803625,,0,0,0,5,2,3,6,2,6,6,10,1,0,1,0,0,2,4,4,S001;S003;S004;S005;S011;S013,S002;S008;S015,S006;S007;S009;S010;S012;S014
3,"1,3,4,5,8,9|2|6,7",False,False,11,5,4,2.3058193339721336,0.7368978317253083,0.6593455877361474,8.115567564398425,,0,0,0,4,3,4,6,3,6,6,8,0,1,2,0,0,2,4,2,S001;S003;S004;S005;S009;S010;S011;S012;S013;S014,S002,S006;S007;S008;S015
3,"1,3,4,5,8|2,9|6,7",False,False,11,5,6,3.650372844844158,0.45119536742583977,0.35945473180704673,2.6609062253424125,,0,0,0,4,3,4,6,3,6,6,8,0,1,2,0,0,2,4,2,S001;S003;S004;S005;S009;S011;S012;S013,S002;S010;S014,S006;S007;S008;S015
3,"1,3,4,5,8|2|6,7,9",False,False,12,5,7,4.1715758150169275,0.5724233578552276,0.4822739111966494,6.625591858029213,,0,0,0,4,3,4,6,3,6,6,9,0,1,2,0,0,2,4,3,S001;S003;S004;S005;S009;S011;S012;S013,S002,S006;S007;S008;S010;S014;S015
3,"1,3,4,5,9|2,8|6,7",False,False,12,6,6,3.5000316197097616,0.4469836570747194,0.4302605630828867,2.6278155358789697,,0,0,0,5,3,4,6,3,6,6,8,1,1,2,0,0,2,4,2,S001;S003;S004;S005;S010;S011;S013;S014,S002;S009;S012,S006;S007;S008;S015
3,"1,3,4,5|2,8,9|6,7",False,False,12,6,6,3.397255206699179,0.20712458530643835,0.2307594339457373,1.672755210293078,,0,0,0,5,3,4,6,3,6,6,8,1,1,2,0,0,2,4,2,S001;S003;S004;S005;S011;S013,S002;S009;S010;S012;S014,S006;S007;S008;S015
3,"1,3,4,5|2,8|6,7,9",False,False,13,6,8,4.844585130581786,0.27516932130850147,0.23687000978284173,2.034834684444164,,0,0,0,5,3,4,6,3,6,6,9,1,1,2,0,0,2,4,3,S001;S003;S004;S005;S011;S013,S002;S009;S012,S006;S007;S008;S010;S014;S015
3,"1,3,4,5,9|2|6,7,8",False,False,10,4,7,4.02123458988253,0.5707689375275435,0.5076825426497383,6.6028798397206465,,0,0,0,4,2,4,6,2,6,6,8,0,0,2,0,0,2,4,2,S001;S003;S004;S005;S010;S011;S013;S014,S002,S006;S007;S008;S009;S012;S015
3,"1,3,4,5|2,9|6,7,8",False,False,10,4,8,4.844585130581786,0.278585183942177,0.1681919190191292,2.0533951878618413,,0,0,0,4,2,4,6,2,6,6,8,0,0,2,0,0,2,4,2,S001;S003;S004;S005;S011;S013,S002;S010;S014,S006;S007;S008;S009;S012;S015
3,"1,3,4,5|2|6,7,8,9",False,False,11,4,7,3.918458176871948,0.5412713046379882,0.4754930539645487,6.059239851726993,,0,0,0,4,2,4,6,2,6,6,9,0,0,2,0,0,2,4,3,S001;S003;S004;S005;S011;S013,S002,S006;S007;S008;S009;S010;S012;S014;S015
3,"1,3,4,6,7,8|2,5|9",False,False,8,4,5,2.6550447832453528,0.7705223143560368,0.5869566569459252,5.676797597278267,,0,0,0,4,2,3,6,2,5,6,8,0,0,1,0,0,1,4,2,S001;S003;S004;S006;S007;S008;S009;S012;S013;S015,S002;S005;S011,S010;S014
3,"1,3,4,6,7|2,5,8|9",False,False,10,6,4,2.7918834347546317,0.5517778869549071,0.38943808053169277,4.661554383438285,,0,0,0,5,3,3,6,3,5,6,8,1,1,1,0,0,1,4,2,S001;S003;S004;S006;S007;S008;S013;S015,S002;S005;S009;S011;S012,S010;S014
3,"1,3,4,6,7,9|2,5|8",False,False,8,6,4,2.2366182260831664,0.7663656922871401,0.6590325855275029,5.576549841711752,,0,0,0,5,3,3,6,3,5,5,7,1,1,1,0,0,1,3,1,S001;S003;S004;S006;S007;S008;S010;S013;S014;S015,S002;S005;S011,S009;S012
3,"1,3,4,6,7|2,5,9|8",False,False,8,6,5,3.0599687667824216,0.5499212768426417,0.43316076689189686,4.591564188650677,,0,0,0,5,3,3,6,3,5,5,7,1,1,1,0,0,1,3,1,S001;S003;S004;S006;S007;S008;S013;S015,S002;S005;S010;S011;S014,S009;S012
3,"1,3,4,6,7|2,5|8,9",False,False,10,6,4,2.133841813072584,0.5094125005587244,0.3933995767199238,3.123194486099251,,0,0,0,5,3,3,6,3,5,6,8,1,1,1,0,0,1,4,2,S001;S003;S004;S006;S007;S008;S013;S015,S002;S005;S011,S009;S010;S012;S014
3,"1,3,4,6,8|2,5,7|9",False,False,11,4,7,3.739664541331543,0.5283579904194249,0.3826238525205337,4.521847145223174,,0,0,0,4,2,4,6,2,6,6,9,0,0,2,0,0,2,4,3,S001;S003;S004;S006;S007;S009;S012;S013,S002;S005;S008;S011;S015,S010;S014
3,"1,3,4,6|2,5,7,8|9",False,False,12,5,6,3.8765031928408225,0.448050801144044,0.3372983918183994,3.6627534165561326,,0,0,0,4,3,4,6,3,6,6,9,0,1,2,0,0,2,4,3,S001;S003;S004;S006;S007;S013,S002;S005;S008;S009;S011;S012;S015,S010;S014
3,"1,3,4,6,9|2,5,7|8",False,False,11,6,6,3.3212379841693567,0.5237906685881956,0.46038603064101724,4.438940216441082,,0,0,0,5,3,4,6,3,6,5,8,1,1,2,0,0,2,3,2,S001;S003;S004;S006;S007;S010;S013;S014,S002;S005;S008;S011;S015,S009;S012
3,"1,3,4,6|2,5,7,9|8",False,False,11,6,7,4.144588524868612,0.4439834833997623,0.43227539699595224,3.592745219069301,,0,0,0,5,3,4,6,3,6,5,8,1,1,2,0,0,2,3,2,S001;S003;S004;S006;S007;S013,S002;S005;S008;S010;S011;S014;S015,S009;S012
3,"1,3,4,6|2,5,7|8,9",False,False,13,6,6,3.218461571158774,0.22444420736995208,0.16395608902334458,1.740040064296491,,0,0,0,5,3,4,6,3,6,6,9,1,1,2,0,0,2,4,3,S001;S003;S004;S006;S007;S013,S002;S005;S008;S011;S015,S009;S010;S012;S014
3,"1,3,4,6,8,9|2,5|7",False,False,10,4,4,1.8739080602867495,0.728500385927209,0.6520733146715642,4.7810251386955365,,0,0,0,4,2,4,6,2,6,6,8,0,0,2,0,0,2,4,2,S001;S003;S004;S006;S007;S009;S010;S012;S013;S014,S002;S005;S011,S008;S015
3,"1,3,4,6,8|2,5,9|7",False,False,10,4,6,3.218461571158774,0.5083010776459169,0.44347302131963295,3.915187129609846,,0,0,0,4,2,4,6,2,6,6,8,0,0,2,0,0,2,4,2,S001;S003;S004;S006;S007;S009;S012;S013,S002;S005;S010;S011;S014,S008;S015
3,"1,3,4,6,8|2,5|7,9",False,False,11,4,7,3.739664541331543,0.4775121018023164,0.3632060337394953,3.0295920436153003,,0,0,0,4,2,4,6,2,6,6,9,0,0,2,0,0,2,4,3,S001;S003;S004;S006;S007;S009;S012;S013,S002;S005;S011,S008;S010;S014;S015
3,"1,3,4,6,9|2,5,8|7",False,False,12,6,4,2.531949681968798,0.5055787869404702,0.4810055431716469,3.901988975686568,,0,0,0,5,3,4,6,3,6,6,8,1,1,2,0,0,2,4,2,S001;S003;S004;S006;S007;S010;S013;S014,S002;S005;S009;S011;S012,S008;S015
3,"1,3,4,6|2,5,8,9|7",False,False,12,6,4,2.4291732689582153,0.40720319498439767,0.3978775694905227,3.0371891350484628,,0,0,0,5,3,4,6,3,6,6,8,1,1,2,0,0,2,4,2,S001;S003;S004;S006;S007;S013,S002;S005;S009;S010;S011;S012;S014,S008;S015
3,"1,3,4,6|2,5,8|7,9",False,False,13,6,6,3.8765031928408225,0.21021080932356578,0.11492316241418124,1.6272318131672485,,0,0,0,5,3,4,6,3,6,6,9,1,1,2,0,0,2,4,3,S001;S003;S004;S006;S007;S013,S002;S005;S009;S011;S012,S008;S010;S014;S015
3,"1,3,4,6,9|2,5|7,8",False,False,11,5,6,3.3212379841693567,0.4741255813532249,0.40577191037582305,3.0193792438709477,,0,0,0,4,3,4,6,3,6,6,8,0,1,2,0,0,2,4,2,S001;S003;S004;S006;S007;S010;S013;S014,S002;S005;S011,S008;S009;S012;S015
3,"1,3,4,6|2,5,9|7,8",False,False,11,5,7,4.144588524868612,0.2091074355783155,0.1342637990745411,1.6158023067203662,,0,0,0,4,3,4,6,3,6,6,8,0,1,2,0,0,2,4,2,S001;S003;S004;S006;S007;S013,S002;S005;S010;S011;S014,S008;S009;S012;S015
3,"1,3,4,6|2,5|7,8,9",False,False,12,5,6,3.218461571158774,0.32349253612178225,0.28462413928692537,2.349389315791285,,0,0,0,4,3,4,6,3,6,6,9,0,1,2,0,0,2,4,3,S001;S003;S004;S006;S007;S013,S002;S005;S011,S008;S009;S010;S012;S014;S015
3,"1,3,4,7,8|2,5,6|9",False,False,11,4,7,3.8863312785837256,0.573344285286917,0.42437755770225705,4.780321031017545,,0,0,0,4,2,4,6,2,6,6,9,0,0,2,0,0,2,4,3,S001;S003;S004;S008;S009;S012;S013;S015,S002;S005;S006;S007;S011,S010;S014
3,"1,3,4,7|2,5,6,8|9",False,False,13,6,6,4.023169930093005,0.450696459520907,0.33452154290434805,3.7650778171775627,,0,0,0,5,3,4,6,3,6,6,9,1,1,2,0,0,2,4,3,S001;S003;S004;S008;S013;S015,S002;S005;S006;S007;S009;S011;S012,S010;S014
3,"1,3,4,7,9|2,5,6|8",False,False,11,6,6,3.4679047214215393,0.5688268203250246,0.500136239561193,4.693533285639484,,0,0,0,5,3,4,6,3,6,5,8,1,1,2,0,0,2,3,2,S001;S003;S004;S008;S010;S013;S014;S015,S002;S005;S006;S007;S011,S009;S012
3,"1,3,4,7|2,5,6,9|8",False,False,11,6,7,4.291255262120795,0.44704958132264444,0.41988346877047805,3.708547632578409,,0,0,0,5,3,4,6,3,6,5,8,1,1,2,0,0,2,3,2,S001;S003;S004;S008;S013;S015,S002;S005;S006;S007;S010;S011;S014,S009;S012
3,"1,3,4,7|2,5,6|8,9",False,False,13,6,6,3.3651283084109567,0.27630570578059527,0.2081610439905597,1.8682994644618227,,0,0,0,5,3,4,6,3,6,6,9,1,1,2,0,0,2,4,3,S001;S003;S004;S008;S013;S015,S002;S005;S006;S007;S011,S009;S010;S012;S014
3,"1,3,4,8|2,5,6,7|9",False,False,11,4,8,4.439661147044717,0.4476051438570609,0.3420442005419627,3.625370578962452,,0,0,0,4,2,3,6,2,7,6,9,0,0,1,0,0,3,4,3,S001;S003;S004;S009;S012;S013,S002;S005;S006;S007;S008;S011;S015,S010;S014
3,"1,3,4|2,5,6,7,8|9",False,False,12,5,7,4.576499798553996,0.5344035448186536,0.4151981566436253,4.559229982816855,,0,0,0,4,3,3,6,3,7,6,9,0,1,1,0,0,3,4,3,S001;S003;S004;S013,S002;S005;S006;S007;S008;S009;S011;S012;S015,S010;S014
3,"1,3,4,9|2,5,6,7|8",False,False,11,6,7,4.02123458988253,0.4435914876584808,0.41516319895184123,3.5559236603688147,,0,0,0,5,3,3,6,3,7,5,8,1,1,1,0,0,3,3,2,S001;S003;S004;S010;S013;S014,S002;S005;S006;S007;S008;S011;S015,S009;S012
3,"1,3,4|2,5,6,7,9|8",False,False,11,6,8,4.844585130581786,0.5298399920588875,0.5136155679371979,4.475761775141569,,0,0,0,5,3,3,6,3,7,5,8,1,1,1,0,0,3,3,2,S001;S003;S004;S013,S002;S005;S006;S007;S008;S010;S011;S014;S015,S009;S012
3,"1,3,4|2,5,6,7|8,9",False,False,13,6,7,3.918458176871948,0.23105868466692855,0.20064792233780734,1.7585901019976224,,0,0,0,5,3,3,6,3,7,6,9,1,1,1,0,0,3,4,3,S001;S003;S004;S013,S002;S005;S006;S007;S008;S011;S015,S009;S010;S012;S014
3,"1,3,4,8,9|2,5,6|7",False,False,12,4,6,3.1051945556251224,0.5274658831051706,0.493391098540356,4.004821653372377,,0,0,0,4,2,4,6,2,7,6,9,0,0,2,0,0,3,4,3,S001;S003;S004;S009;S010;S012;S013;S014,S002;S005;S006;S007;S011,S008;S015
3,"1,3,4,8|2,5,6,9|7",False,False,12,4,8,4.449748066497147,0.40874169264953303,0.42444715805551847,3.1389836442866863,,0,0,0,4,2,4,6,2,7,6,9,0,0,2,0,0,3,4,3,S001;S003;S004;S009;S012;S013,S002;S005;S006;S007;S010;S011;S014,S008;S015
3,"1,3,4,8|2,5,6|7,9",False,False,13,4,9,4.970951036669916,0.23689960537447194,0.16088990534042155,1.6823452137867372,,0,0,0,4,2,4,6,2,7,6,10,0,0,2,0,0,3,4,4,S001;S003;S004;S009;S012;S013,S002;S005;S006;S007;S011,S008;S010;S014;S015
3,"1,3,4,9|2,5,6,8|7",False,False,14,6,6,3.7632361773071707,0.40837089133494575,0.41645057210535774,3.1257854903634086,,0,0,0,5,3,4,6,3,7,6,9,1,1,2,0,0,3,4,3,S001;S003;S004;S010;S013;S014,S002;S005;S006;S007;S009;S011;S012,S008;S015
3,"1,3,4|2,5,6,8,9|7",False,False,14,6,6,3.660459764296588,0.48802014028232676,0.48056532140682856,3.813392620371622,,0,0,0,5,3,4,6,3,7,6,9,1,1,2,0,0,3,4,3,S001;S003;S004;S013,S002;S005;S006;S007;S009;S010;S011;S012;S014,S008;S015
3,"1,3,4|2,5,6,8|7,9",False,False,15,6,8,5.107789688179196,0.18958277758556866,0.12060298338053362,1.5797484009505793,,0,0,0,5,3,4,6,3,7,6,10,1,1,2,0,0,3,4,4,S001;S003;S004;S013,S002;S005;S006;S007;S009;S011;S012,S008;S010;S014;S015
3,"1,3,4,9|2,5,6|7,8",False,False,13,5,8,4.5525244795077295,0.23265258908552092,0.21759862060669946,1.6635047009196329,,0,0,0,4,3,4,6,3,7,6,9,0,1,2,0,0,3,4,3,S001;S003;S004;S010;S013;S014,S002;S005;S006;S007;S011,S008;S009;S012;S015
3,"1,3,4|2,5,6,9|7,8",False,False,13,5,9,5.375875020206985,0.18506869038003715,0.21785874811004566,1.5616285173904065,,0,0,0,4,3,4,6,3,7,6,9,0,1,2,0,0,3,4,3,S001;S003;S004;S013,S002;S005;S006;S007;S010;S011;S014,S008;S009;S012;S015
3,"1,3,4|2,5,6|7,8,9",False,False,14,5,8,4.449748066497147,0.12073007643605353,0.10952639295626103,1.326975920558546,,0,0,0,4,3,4,6,3,7,6,10,0,1,2,0,0,3,4,4,S001;S003;S004;S013,S002;S005;S006;S007;S011,S008;S009;S010;S012;S014;S015
3,"1,3,4,7,8,9|2,5|6",False,False,9,5,4,2.020574797538932,0.7988714147693057,0.7211514828359699,6.447821670484641,,0,0,0,4,3,4,6,3,6,5,7,0,1,2,0,0,2,3,1,S001;S003;S004;S008;S009;S010;S012;S013;S014;S015,S002;S005;S011,S006;S007
3,"1,3,4,7,8|2,5,9|6",False,False,9,5,6,3.3651283084109567,0.5853332934144425,0.5127645164840715,5.332343544635705,,0,0,0,4,3,4,6,3,6,5,7,0,1,2,0,0,2,3,1,S001;S003;S004;S008;S009;S012;S013;S015,S002;S005;S010;S011;S014,S006;S007
3,"1,3,4,7,8|2,5|6,9",False,False,12,5,7,3.8863312785837256,0.5376106769912973,0.4104895314819276,3.202766943769142,,0,0,0,4,3,4,6,3,6,6,9,0,1,2,0,0,2,4,3,S001;S003;S004;S008;S009;S012;S013;S015,S002;S005;S011,S006;S007;S010;S014
3,"1,3,4,7,9|2,5,8|6",False,False,11,6,4,2.6786164192209805,0.582666947953538,0.5534438654532747,5.315340073029566,,0,0,0,5,4,4,6,4,6,5,7,1,2,2,0,0,2,3,1,S001;S003;S004;S008;S010;S013;S014;S015,S002;S005;S009;S011;S012,S006;S007
3,"1,3,4,7|2,5,8,9|6",False,False,11,6,4,2.575840006210398,0.47588618202546373,0.45651175371273794,4.19986194718063,,0,0,0,5,4,4,6,4,6,5,7,1,2,2,0,0,2,3,1,S001;S003;S004;S008;S013;S015,S002;S005;S009;S010;S011;S012;S014,S006;S007
3,"1,3,4,7|2,5,8|6,9",False,False,14,6,6,4.023169930093005,0.28566440869964516,0.17717574573265807,1.9853015239735639,,0,0,0,5,4,4,6,4,6,6,9,1,2,2,0,0,2,4,3,S001;S003;S004;S008;S013;S015,S002;S005;S009;S011;S012,S006;S007;S010;S014
3,"1,3,4,7,9|2,5|6,8",False,False,12,6,6,3.4679047214215393,0.533942006889045,0.46073203644615446,3.192554144024789,,0,0,0,5,3,4,6,3,6,6,8,1,1,2,0,0,2,4,2,S001;S003;S004;S008;S010;S013;S014;S015,S002;S005;S011,S006;S007;S009;S012
3,"1,3,4,7|2,5,9|6,8",False,False,12,6,7,4.291255262120795,0.2842310209060314,0.20274110931970318,1.9694716016273197,,0,0,0,5,3,4,6,3,6,6,8,1,1,2,0,0,2,4,2,S001;S003;S004;S008;S013;S015,S002;S005;S010;S011;S014,S006;S007;S009;S012
3,"1,3,4,7|2,5|6,8,9",False,False,13,6,6,3.3651283084109567,0.3441963514647212,0.29436976758339134,2.5225642159451267,,0,0,0,5,3,4,6,3,6,6,9,1,1,2,0,0,2,4,3,S001;S003;S004;S008;S013;S015,S002;S005;S011,S006;S007;S009;S010;S012;S014
3,"1,3,4,8,9|2,5,7|6",False,False,11,5,6,3.1051945556251224,0.5593780772002082,0.5248225425280802,5.159499704777845,,0,0,0,4,3,4,6,3,7,5,8,0,1,2,0,0,3,3,2,S001;S003;S004;S009;S010;S012;S013;S014,S002;S005;S008;S011;S015,S006;S007
3,"1,3,4,8|2,5,7,9|6",False,False,11,5,8,4.449748066497147,0.4743321546325022,0.4811712098465173,4.068717844940683,,0,0,0,4,3,4,6,3,7,5,8,0,1,2,0,0,3,3,2,S001;S003;S004;S009;S012;S013,S002;S005;S008;S010;S011;S014;S015,S006;S007
3,"1,3,4,8|2,5,7|6,9",False,False,14,5,9,4.970951036669916,0.2599372082693108,0.1683562432490229,1.9116347881432492,,0,0,0,4,3,4,6,3,7,6,10,0,1,2,0,0,3,4,4,S001;S003;S004;S009;S012;S013,S002;S005;S008;S011;S015,S006;S007;S010;S014
3,"1,3,4,9|2,5,7,8|6",False,False,12,5,6,3.7632361773071707,0.4743861537904628,0.46925935432111854,4.085721316546822,,0,0,0,4,4,4,6,4,7,5,8,0,2,2,0,0,3,3,2,S001;S003;S004;S010;S013;S014,S002;S005;S008;S009;S011;S012;S015,S006;S007
3,"1,3,4|2,5,7,8,9|6",False,False,12,5,6,3.660459764296588,0.5653996299394036,0.5445648348601176,5.201199442395757,,0,0,0,4,4,4,6,4,7,5,8,0,2,2,0,0,3,3,2,S001;S003;S004;S013,S002;S005;S008;S009;S010;S011;S012;S014;S015,S006;S007
3,"1,3,4|2,5,7,8|6,9",False,False,15,5,8,5.107789688179196,0.2664196339976611,0.1778159689443991,1.93134652002475,,0,0,0,4,4,4,6,4,7,6,10,0,2,2,0,0,3,4,4,S001;S003;S004;S013,S002;S005;S008;S009;S011;S012;S015,S006;S007;S010;S014
3,"1,3,4,9|2,5,7|6,8",False,False,14,6,8,4.5525244795077295,0.2553799914134913,0.2352941021584681,1.888418691222778,,0,0,0,5,3,4,6,3,7,6,9,1,1,2,0,0,3,4,3,S001;S003;S004;S010;S013;S014,S002;S005;S008;S011;S015,S006;S007;S009;S012
3,"1,3,4|2,5,7,9|6,8",False,False,14,6,9,5.375875020206985,0.26187741246843504,0.2759791996306178,1.9079732504122584,,0,0,0,5,3,4,6,3,7,6,9,1,1,2,0,0,3,4,3,S001;S003;S004;S013,S002;S005;S008;S010;S011;S014;S015,S006;S007;S009;S012
3,"1,3,4|2,5,7|6,8,9",False,False,15,6,8,4.449748066497147,0.04929318377211884,0.05319006209952721,1.11554701085021,,0,0,0,5,3,4,6,3,7,6,10,1,1,2,0,0,3,4,4,S001;S003;S004;S013,S002;S005;S008;S011;S015,S006;S007;S009;S010;S012;S014
3,"1,3,4,8,9|2,5|6,7",False,False,12,5,5,2.5739046659999234,0.5010092228462817,0.47548119837782504,3.0989517015408397,,0,0,0,4,3,4,6,3,7,6,8,0,1,2,0,0,3,4,2,S001;S003;S004;S009;S010;S012;S013;S014,S002;S005;S011,S006;S007;S008;S015
3,"1,3,4,8|2,5,9|6,7",False,False,12,5,7,3.918458176871948,0.2434411319642449,0.24941961827757259,1.7672432636374342,,0,0,0,4,3,4,6,3,7,6,8,0,1,2,0,0,3,4,2,S001;S003;S004;S009;S012;S013,S002;S005;S010;S011;S014,S006;S007;S008;S015
3,"1,3,4,8|2,5|6,7,9",False,False,13,5,8,4.439661147044717,0.3309192902790468,0.30750383956049343,2.4289617734611766,,0,0,0,4,3,4,6,3,7,6,9,0,1,2,0,0,3,4,3,S001;S003;S004;S009;S012;S013,S002;S005;S011,S006;S007;S008;S010;S014;S015
3,"1,3,4,9|2,5,8|6,7",False,False,14,6,5,3.231946287681972,0.24027495428358273,0.28513017487270215,1.7598127220174373,,0,0,0,5,4,4,6,4,7,6,8,1,2,2,0,0,3,4,2,S001;S003;S004;S010;S013;S014,S002;S005;S009;S011;S012,S006;S007;S008;S015
3,"1,3,4|2,5,8,9|6,7",False,False,14,6,5,3.129169874671389,0.22030151150723332,0.23899455156317762,1.7099331017785282,,0,0,0,5,4,4,6,4,7,6,8,1,2,2,0,0,3,4,2,S001;S003;S004;S013,S002;S005;S009;S010;S011;S012;S014,S006;S007;S008;S015
3,"1,3,4|2,5,8|6,7,9",False,False,15,6,7,4.576499798553996,0.08662025420436494,0.1287683506191871,1.2167730326146007,,0,0,0,5,4,4,6,4,7,6,9,1,2,2,0,0,3,4,3,S001;S003;S004;S013,S002;S005;S009;S011;S012,S006;S007;S008;S010;S014;S015
3,"1,3,4,9|2,5|6,7,8",False,False,12,5,7,4.02123458988253,0.3297604062287522,0.3148949197305026,2.418748973716824,,0,0,0,4,3,4,6,3,7,6,8,0,1,2,0,0,3,4,2,S001;S003;S004;S010;S013;S014,S002;S005;S011,S006;S007;S008;S009;S012;S015
3,"1,3,4|2,5,9|6,7,8",False,False,12,5,8,4.844585130581786,0.09093375804313573,0.044918374660507514,1.2303296766877825,,0,0,0,4,3,4,6,3,7,6,8,0,1,2,0,0,3,4,2,S001;S003;S004;S013,S002;S005;S010;S011;S014,S006;S007;S008;S009;S012;S015
3,"1,3,4|2,5|6,7,8,9",False,False,13,5,7,3.918458176871948,0.38702276390323703,0.35214169263883205,2.7246280963657665,,0,0,0,4,3,4,6,3,7,6,9,0,1,2,0,0,3,4,3,S001;S003;S004;S013,S002;S005;S011,S006;S007;S008;S009;S010;S012;S014;S015
3,"1,3,4,6,7,8,9|2|5",False,False,7,4,2,0.789288302200559,1.0268907216645664,0.9432169242644453,9.948266216288962,,1,0,0,4,2,4,6,2,5,5,7,0,0,2,0,0,1,3,1,S001;S003;S004;S006;S007;S008;S009;S010;S012;S013;S014;S015,S002,S005;S011
3,"1,3,4,6,7,8|2,9|5",False,False,7,4,4,2.133841813072584,0.7774835445748095,0.6654714692615925,6.911058216447395,,1,0,0,4,2,4,6,2,5,5,7,0,0,2,0,0,1,3,1,S001;S003;S004;S006;S007;S008;S009;S012;S013;S015,S002;S010;S014,S005;S011
3,"1,3,4,6,7,8|2|5,9",False,False,9,4,5,2.6550447832453528,0.7861228693881656,0.6148703111540323,8.458290509919745,,0,0,0,4,2,4,6,2,5,6,8,0,0,2,0,0,1,4,2,S001;S003;S004;S006;S007;S008;S009;S012;S013;S015,S002,S005;S010;S011;S014
3,"1,3,4,6,7,9|2,8|5",False,False,9,6,3,1.7154152559103972,0.7739587559280264,0.7176368051492852,6.892500792750559,,0,0,0,5,3,4,6,3,5,5,7,1,1,2,0,0,1,3,1,S001;S003;S004;S006;S007;S008;S010;S013;S014;S015,S002;S009;S012,S005;S011
3,"1,3,4,6,7|2,8,9|5",False,False,9,6,3,1.6126388428998144,0.5757913013261751,0.5479425126691171,5.6750788047337775,,0,0,0,5,3,4,6,3,5,5,7,1,1,2,0,0,1,3,1,S001;S003;S004;S006;S007;S008;S013;S015,S002;S009;S010;S012;S014,S005;S011
3,"1,3,4,6,7|2,8|5,9",False,False,11,6,5,3.0599687667824216,0.5037563368263125,0.34393846119353716,2.764212487300885,,0,0,0,5,3,4,6,3,5,6,8,1,1,2,0,0,1,4,2,S001;S003;S004;S006;S007;S008;S013;S015,S002;S009;S012,S005;S010;S011;S014
3,"1,3,4,6,7,9|2|5,8",False,False,9,6,3,1.9685328940553766,0.7827685306516503,0.6857446618146238,8.43557849161118,,0,0,0,5,3,4,6,3,5,5,7,1,1,2,0,0,1,3,1,S001;S003;S004;S006;S007;S008;S010;S013;S014;S015,S002,S005;S009;S011;S012
3,"1,3,4,6,7|2,9|5,8",False,False,9,6,4,2.7918834347546317,0.5039606729726808,0.365498531865241,2.7894259239058092,,0,0,0,5,3,4,6,3,5,5,7,1,1,2,0,0,1,3,1,S001;S003;S004;S006;S007;S008;S013;S015,S002;S010;S014,S005;S009;S011;S012
3,"1,3,4,6,7|2|5,8,9",False,False,11,6,3,1.8657564810447937,0.5989645591136831,0.48895622426983265,6.945602785241966,,0,0,0,5,3,4,6,3,5,6,8,1,1,2,0,0,1,4,2,S001;S003;S004;S006;S007;S008;S013;S015,S002,S005;S009;S010;S011;S012;S014
3,"1,3,4,6,8,9|2,7|5",False,False,9,4,4,1.8739080602867495,0.7421848511896696,0.686776045386663,6.722418129062384,,0,0,0,4,2,4,6,2,6,5,8,0,0,2,0,0,2,3,2,S001;S003;S004;S006;S007;S009;S010;S012;S013;S014,S002;S008;S015,S005;S011
3,"1,3,4,6,8|2,7,9|5",False,False,9,4,6,3.218461571158774,0.555411643559524,0.5421702227147498,5.504996141045603,,0,0,0,4,2,4,6,2,6,5,8,0,0,2,0,0,2,3,2,S001;S003;S004;S006;S007;S009;S012;S013,S002;S008;S010;S014;S015,S005;S011
3,"1,3,4,6,8|2,7|5,9",False,False,11,4,7,3.739664541331543,0.46707256521963786,0.33184423021739945,2.482610964802944,,0,0,0,4,2,4,6,2,6,6,9,0,0,2,0,0,2,4,3,S001;S003;S004;S006;S007;S009;S012;S013,S002;S008;S015,S005;S010;S011;S014
3,"1,3,4,6,9|2,7,8|5",False,False,10,5,5,2.8000350139965877,0.5533345368999154,0.5577441551106289,5.486438717348767,,0,0,0,4,3,4,6,3,6,5,8,0,1,2,0,0,2,3,2,S001;S003;S004;S006;S007;S010;S013;S014,S002;S008;S009;S012;S015,S005;S011
3,"1,3,4,6|2,7,8,9|5",False,False,10,5,5,2.697258600986005,0.4963569372474809,0.5434358860666351,4.676538534015805,,0,0,0,4,3,4,6,3,6,5,8,0,1,2,0,0,2,3,2,S001;S003;S004;S006;S007;S013,S002;S008;S009;S010;S012;S014;S015,S005;S011
3,"1,3,4,6|2,7,8|5,9",False,False,12,5,7,4.144588524868612,0.25450189989931893,0.16960082179856728,1.9252161980905176,,0,0,0,4,3,4,6,3,6,6,9,0,1,2,0,0,2,4,3,S001;S003;S004;S006;S007;S013,S002;S008;S009;S012;S015,S005;S010;S011;S014
3,"1,3,4,6,9|2,7|5,8",False,False,11,6,5,3.053152652141567,0.46311656097592246,0.4111662998135181,2.467881370310653,,0,0,0,5,3,4,6,3,6,5,8,1,1,2,0,0,2,3,2,S001;S003;S004;S006;S007;S010;S013;S014,S002;S008;S015,S005;S009;S011;S012
3,"1,3,4,6|2,7,9|5,8",False,False,11,6,6,3.8765031928408225,0.25178238420692434,0.2694659443113072,1.9092379415337644,,0,0,0,5,3,4,6,3,6,5,8,1,1,2,0,0,2,3,2,S001;S003;S004;S006;S007;S013,S002;S008;S010;S014;S015,S005;S009;S011;S012
3,"1,3,4,6|2,7|5,8,9",False,False,13,6,5,2.9503762391309842,0.25365869954918274,0.17177226331141301,1.9202669342771765,,0,0,0,5,3,4,6,3,6,6,9,1,1,2,0,0,2,4,3,S001;S003;S004;S006;S007;S013,S002;S008;S015,S005;S009;S010;S011;S012;S014
3,"1,3,4,6,8,9|2|5,7",False,False,12,4,4,1.8739080602867495,0.7526220869595389,0.6624429140309055,8.227418100666728,,0,0,0,4,2,5,6,2,6,6,9,0,0,3,0,0,2,4,3,S001;S003;S004;S006;S007;S009;S010;S012;S013;S014,S002,S005;S008;S011;S015
3,"1,3,4,6,8|2,9|5,7",False,False,12,4,6,3.218461571158774,0.46930792656237935,0.36106411551598905,2.705826557690312,,0,0,0,4,2,5,6,2,6,6,9,0,0,3,0,0,2,4,3,S001;S003;S004;S006;S007;S009;S012;S013,S002;S010;S014,S005;S008;S011;S015
3,"1,3,4,6,8|2|5,7,9",False,False,12,4,7,3.739664541331543,0.581026892609856,0.4787770118044157,6.737442394297514,,0,0,0,4,2,5,6,2,6,6,9,0,0,3,0,0,2,4,3,S001;S003;S004;S006;S007;S009;S012;S013,S002,S005;S008;S010;S011;S014;S015
3,"1,3,4,6,9|2,8|5,7",False,False,14,6,5,2.8000350139965877,0.46514963699134504,0.4181700211376195,2.672329836311048,,0,0,0,5,3,5,6,3,6,6,9,1,1,3,0,0,2,4,3,S001;S003;S004;S006;S007;S010;S013;S014,S002;S009;S012,S005;S008;S011;S015
3,"1,3,4,6|2,8,9|5,7",False,False,14,6,5,2.697258600986005,0.22961155874546876,0.2268456449667317,1.7742753908870352,,0,0,0,5,3,5,6,3,6,6,9,1,1,3,0,0,2,4,3,S001;S003;S004;S006;S007;S013,S002;S009;S010;S012;S014,S005;S008;S011;S015
3,"1,3,4,6|2,8|5,7,9",False,False,14,6,7,4.144588524868612,0.2806957577705999,0.22317752613108272,2.079348984876242,,0,0,0,5,3,5,6,3,6,6,9,1,1,3,0,0,2,4,3,S001;S003;S004;S006;S007;S013,S002;S009;S012,S005;S008;S010;S011;S014;S015
3,"1,3,4,6,9|2|5,7,8",False,False,13,5,5,3.053152652141567,0.5792194565715394,0.5013375403679489,6.71473037598895,,0,0,0,4,3,5,6,3,6,6,9,0,1,3,0,0,2,4,3,S001;S003;S004;S006;S007;S010;S013;S014,S002,S005;S008;S009;S011;S012;S015
3,"1,3,4,6|2,9|5,7,8",False,False,13,5,6,3.8765031928408225,0.28386402115568493,0.14656449031820498,2.0983155202097405,,0,0,0,4,3,5,6,3,6,6,9,0,1,3,0,0,2,4,3,S001;S003;S004;S006;S007;S013,S002;S010;S014,S005;S008;S009;S011;S012;S015
3,"1,3,4,6|2|5,7,8,9",False,False,13,5,5,2.9503762391309842,0.5377683348700986,0.46583258538037725,5.94738931545869,,0,0,0,4,3,5,6,3,6,6,9,0,1,3,0,0,2,4,3,S001;S003;S004;S006;S007;S013,S002,S005;S008;S009;S010;S011;S012;S014;S015
3,"1,3,4,7,8,9|2,6|5",False,False,11,5,4,2.020574797538932,0.801701371078272,0.738342327486795,7.03708992095659,,0,0,0,4,3,5,6,3,6,5,8,0,1,3,0,0,2,3,2,S001;S003;S004;S008;S009;S010;S012;S013;S014;S015,S002;S006;S007,S005;S011
3,"1,3,4,7,8|2,6,9|5",False,False,11,5,6,3.3651283084109567,0.5948895161816157,0.5616984104691881,5.819667932939809,,0,0,0,4,3,5,6,3,6,5,8,0,1,3,0,0,2,3,2,S001;S003;S004;S008;S009;S012;S013;S015,S002;S006;S007;S010;S014,S005;S011
3,"1,3,4,7,8|2,6|5,9",False,False,13,5,7,3.8863312785837256,0.5355425940466174,0.3958745301328068,3.049396708272464,,0,0,0,4,3,5,6,3,6,6,9,0,1,3,0,0,2,4,3,S001;S003;S004;S008;S009;S012;S013;S015,S002;S006;S007,S005;S010;S011;S014
3,"1,3,4,7,9|2,6,8|5",False,False,12,6,5,2.9467017512487703,0.59235303626076,0.5863885664340464,5.801110509242972,,0,0,0,5,3,5,6,3,6,5,8,1,1,3,0,0,2,3,2,S001;S003;S004;S008;S010;S013;S014;S015,S002;S006;S007;S009;S012,S005;S011
3,"1,3,4,7|2,6,8,9|5",False,False,12,6,5,2.8439253382381877,0.4945684245913329,0.5320069831272124,4.583688521226191,,0,0,0,5,3,5,6,3,6,5,8,1,1,3,0,0,2,3,2,S001;S003;S004;S008;S013;S015,S002;S006;S007;S009;S010;S012;S014,S005;S011
3,"1,3,4,7|2,6,8|5,9",False,False,14,6,7,4.291255262120795,0.29366065568516025,0.19486223966798216,2.067125042502962,,0,0,0,5,3,5,6,3,6,6,9,1,1,3,0,0,2,4,3,S001;S003;S004;S008;S013;S015,S002;S006;S007;S009;S012,S005;S010;S011;S014
3,"1,3,4,7,9|2,6|5,8",False,False,13,6,5,3.1998193893937494,0.5317629373107802,0.4715279591264713,3.03967296674851,,0,0,0,5,4,5,6,4,6,5,8,1,2,3,0,0,2,3,2,S001;S003;S004;S008;S010;S013;S014;S015,S002;S006;S007,S005;S009;S011;S012
3,"1,3,4,7|2,6,9|5,8",False,False,13,6,6,4.023169930093005,0.2919142837411392,0.27549721806164296,2.0499690190408897,,0,0,0,5,4,5,6,4,6,5,8,1,2,3,0,0,2,3,2,S001;S003;S004;S008;S013;S015,S002;S006;S007;S010;S014,S005;S009;S011;S012
3,"1,3,4,7|2,6|5,8,9",False,False,15,6,5,3.097042976383167,0.33075665089032424,0.24472379300097574,2.4017667072136004,,0,0,0,5,4,5,6,4,6,6,9,1,2,3,0,0,2,4,3,S001;S003;S004;S008;S013;S015,S002;S006;S007,S005;S009;S010;S011;S012;S014
3,"1,3,4,8,9|2,6,7|5",False,False,11,5,5,2.5739046659999234,0.5702876938003342,0.5804753754768681,5.6310278455548,,0,0,0,4,3,4,6,3,7,5,8,0,1,2,0,0,3,3,2,S001;S003;S004;S009;S010;S012;S013;S014,S002;S006;S007;S008;S015,S005;S011
3,"1,3,4,8|2,6,7,9|5",False,False,11,5,7,3.918458176871948,0.49402847528896904,0.5433117869548633,4.531949405809774,,0,0,0,4,3,4,6,3,7,5,8,0,1,2,0,0,3,3,2,S001;S003;S004;S009;S012;S013,S002;S006;S007;S008;S010;S014;S015,S005;S011
3,"1,3,4,8|2,6,7|5,9",False,False,13,5,8,4.439661147044717,0.27044898162243974,0.2056331908041955,1.9904221575278322,,0,0,0,4,3,4,6,3,7,6,9,0,1,2,0,0,3,4,3,S001;S003;S004;S009;S012;S013,S002;S006;S007;S008;S015,S005;S010;S011;S014
3,"1,3,4,9|2,6,7,8|5",False,False,11,5,6,3.5000316197097616,0.4941844186461077,0.5343791769692682,4.5505068295066105,,0,0,0,4,3,4,6,3,7,5,8,0,1,2,0,0,3,3,2,S001;S003;S004;S010;S013;S014,S002;S006;S007;S008;S009;S012;S015,S005;S011
3,"1,3,4|2,6,7,8,9|5",False,False,11,5,6,3.397255206699179,0.5878789665315705,0.6159754783803539,5.767928817523392,,0,0,0,4,3,4,6,3,7,5,8,0,1,2,0,0,3,3,2,S001;S003;S004;S013,S002;S006;S007;S008;S009;S010;S012;S014;S015,S005;S011
3,"1,3,4|2,6,7,8|5,9",False,False,13,5,8,4.844585130581786,0.2888018647339394,0.2387498324935466,2.0521609572278545,,0,0,0,4,3,4,6,3,7,6,9,0,1,2,0,0,3,4,3,S001;S003;S004;S013,S002;S006;S007;S008;S009;S012;S015,S005;S010;S011;S014
3,"1,3,4,9|2,6,7|5,8",False,False,13,6,6,3.7531492578547407,0.26587847634901773,0.29795551460753683,1.9656032657621334,,0,0,0,5,4,4,6,4,7,5,8,1,2,2,0,0,3,3,2,S001;S003;S004;S010;S013;S014,S002;S006;S007;S008;S015,S005;S009;S011;S012
3,"1,3,4|2,6,7,9|5,8",False,False,13,6,7,4.576499798553996,0.2842553858110924,0.34437306678649443,2.0268296667081396,,0,0,0,5,4,4,6,4,7,5,8,1,2,2,0,0,3,3,2,S001;S003;S004;S013,S002;S006;S007;S008;S010;S014;S015,S005;S009;S011;S012
3,"1,3,4|2,6,7|5,8,9",False,False,15,6,6,3.650372844844158,0.033960581673203406,0.021326366593032386,1.0867864610921731,,0,0,0,5,4,4,6,4,7,6,9,1,2,2,0,0,3,4,3,S001;S003;S004;S013,S002;S006;S007;S008;S015,S005;S009;S010;S011;S012;S014
3,"1,3,4,8,9|2,6|5,7",False,False,15,5,6,3.1051945556251224,0.49774001550575725,0.44557874766700406,2.950552844988757,,0,0,0,4,3,5,6,3,7,6,10,0,1,3,0,0,3,4,4,S001;S003;S004;S009;S010;S012;S013;S014,S002;S006;S007,S005;S008;S011;S015
3,"1,3,4,8|2,6,9|5,7",False,False,15,5,8,4.449748066497147,0.25049428620389547,0.26363269198402567,1.834369072460852,,0,0,0,4,3,5,6,3,7,6,10,0,1,3,0,0,3,4,4,S001;S003;S004;S009;S012;S013,S002;S006;S007;S010;S014,S005;S008;S011;S015
3,"1,3,4,8|2,6|5,7,9",False,False,15,5,9,4.970951036669916,0.3154259616887846,0.25442665178267,2.3126465854538467,,0,0,0,4,3,5,6,3,7,6,10,0,1,3,0,0,3,4,4,S001;S003;S004;S009;S012;S013,S002;S006;S007,S005;S008;S010;S011;S014;S015
3,"1,3,4,9|2,6,8|5,7",False,False,16,6,7,4.03132150933496,0.24762619326556595,0.2797229918930959,1.8266562940223585,,0,0,0,5,3,5,6,3,7,6,10,1,1,3,0,0,3,4,4,S001;S003;S004;S010;S013;S014,S002;S006;S007;S009;S012,S005;S008;S011;S015
3,"1,3,4|2,6,8,9|5,7",False,False,16,6,7,3.928545096324378,0.24262801762722935,0.29494013705921024,1.8128654230141614,,0,0,0,5,3,5,6,3,7,6,10,1,1,3,0,0,3,4,4,S001;S003;S004;S013,S002;S006;S007;S009;S010;S012;S014,S005;S008;S011;S015
3,"1,3,4|2,6,8|5,7,9",False,False,16,6,9,5.375875020206985,0.06588494018754672,0.08109413170312092,1.152344641669537,,0,0,0,5,3,5,6,3,7,6,10,1,1,3,0,0,3,4,4,S001;S003;S004;S013,S002;S006;S007;S009;S012,S005;S008;S010;S011;S014;S015
3,"1,3,4,9|2,6|5,7,8",False,False,16,5,7,4.28443914747994,0.31404619230012454,0.26795131100760766,2.302922843929893,,0,0,0,4,4,5,6,4,7,6,10,0,2,3,0,0,3,4,4,S001;S003;S004;S010;S013;S014,S002;S006;S007,S005;S008;S009;S011;S012;S015
3,"1,3,4|2,6,9|5,7,8",False,False,16,5,8,5.107789688179196,0.07000681941091538,0.062568919826102,1.1651224443332895,,0,0,0,4,4,5,6,4,7,6,10,0,2,3,0,0,3,4,4,S001;S003;S004;S013,S002;S006;S007;S010;S014,S005;S008;S009;S011;S012;S015
3,"1,3,4|2,6|5,7,8,9",False,False,16,5,7,4.1816627344693575,0.3645830277607914,0.285414611515927,2.5462676042330186,,0,0,0,4,4,5,6,4,7,6,10,0,2,3,0,0,3,4,4,S001;S003;S004;S013,S002;S006;S007,S005;S008;S009;S010;S011;S012;S014;S015
3,"1,3,4,7,8,9|2|5,6",False,False,8,4,4,2.020574797538932,0.809218848886095,0.7203441953781397,8.612537911231192,,0,0,0,4,2,4,6,2,6,5,7,0,0,2,0,0,2,3,1,S001;S003;S004;S008;S009;S010;S012;S013;S014;S015,S002,S005;S006;S007;S011
3,"1,3,4,7,8|2,9|5,6",False,False,8,4,6,3.3651283084109567,0.5342353632543082,0.42963051981361444,2.860494657294396,,0,0,0,4,2,4,6,2,6,5,7,0,0,2,0,0,2,3,1,S001;S003;S004;S008;S009;S012;S013;S015,S002;S010;S014,S005;S006;S007;S011
3,"1,3,4,7,8|2|5,6,9",False,False,11,4,7,3.8863312785837256,0.6160455317239352,0.5020697427792202,7.122562204861977,,0,0,0,4,2,4,6,2,6,6,9,0,0,2,0,0,2,4,3,S001;S003;S004;S008;S009;S012;S013;S015,S002,S005;S006;S007;S010;S011;S014
3,"1,3,4,7,9|2,8|5,6",False,False,10,6,5,2.9467017512487703,0.530252262418803,0.4846270117697116,2.8255999011830566,,0,0,0,5,3,4,6,3,6,5,7,1,1,2,0,0,2,3,1,S001;S003;S004;S008;S010;S013;S014;S015,S002;S009;S012,S005;S006;S007;S011
3,"1,3,4,7|2,8,9|5,6",False,False,10,6,5,2.8439253382381877,0.3070620437640915,0.29651057636291417,2.1916944710762616,,0,0,0,5,3,4,6,3,6,5,7,1,1,2,0,0,2,3,1,S001;S003;S004;S008;S013;S015,S002;S009;S010;S012;S014,S005;S006;S007;S011
3,"1,3,4,7|2,8|5,6,9",False,False,13,6,7,4.291255262120795,0.3116377593383802,0.23414206677591912,2.232619049748251,,0,0,0,5,3,4,6,3,6,6,9,1,1,2,0,0,2,4,3,S001;S003;S004;S008;S013;S015,S002;S009;S012,S005;S006;S007;S010;S011;S014
3,"1,3,4,7,9|2|5,6,8",False,False,12,6,5,3.1998193893937494,0.613764281521809,0.5368276131153424,7.099850186553413,,0,0,0,5,3,4,6,3,6,6,8,1,1,2,0,0,2,4,2,S001;S003;S004;S008;S010;S013;S014;S015,S002,S005;S006;S007;S009;S011;S012
3,"1,3,4,7|2,9|5,6,8",False,False,12,6,6,4.023169930093005,0.3139308056110553,0.18698135646794267,2.252983619813825,,0,0,0,5,3,4,6,3,6,6,8,1,1,2,0,0,2,4,2,S001;S003;S004;S008;S013;S015,S002;S010;S014,S005;S006;S007;S009;S011;S012
3,"1,3,4,7|2|5,6,8,9",False,False,13,6,5,3.097042976383167,0.5328516716665788,0.45817309839766784,5.609874480184198,,0,0,0,5,3,4,6,3,6,6,9,1,1,2,0,0,2,4,3,S001;S003;S004;S008;S013;S015,S002,S005;S006;S007;S009;S010;S011;S012;S014
3,"1,3,4,8,9|2,7|5,6",False,False,9,4,6,3.1051945556251224,0.49422012058952763,0.45173605676915296,2.6924806383391493,,0,0,0,4,2,3,6,2,7,5,8,0,0,1,0,0,3,3,2,S001;S003;S004;S009;S010;S012;S013;S014,S002;S008;S015,S005;S006;S007;S011
3,"1,3,4,8|2,7,9|5,6",False,False,9,4,8,4.449748066497147,0.2872167094315319,0.31177690006786846,2.110369304258082,,0,0,0,4,2,3,6,2,7,5,8,0,0,1,0,0,3,3,2,S001;S003;S004;S009;S012;S013,S002;S008;S010;S014;S015,S005;S006;S007;S011
3,"1,3,4,8|2,7|5,6,9",False,False,12,4,9,4.970951036669916,0.2697485786267061,0.21098707215933696,1.9853052650108798,,0,0,0,4,2,3,6,2,7,6,10,0,0,1,0,0,3,4,4,S001;S003;S004;S009;S012;S013,S002;S008;S015,S005;S006;S007;S010;S011;S014
3,"1,3,4,9|2,7,8|5,6",False,False,10,5,7,4.03132150933496,0.28534014571591065,0.31822393240458896,2.1014960567140073,,0,0,0,4,3,3,6,3,7,5,8,0,1,1,0,0,3,3,2,S001;S003;S004;S010;S013;S014,S002;S008;S009;S012;S015,S005;S006;S007;S011
3,"1,3,4|2,7,8,9|5,6",False,False,10,5,7,3.928545096324378,0.31969715090961165,0.35803473084484155,2.2360907817609847,,0,0,0,4,3,3,6,3,7,5,8,0,1,1,0,0,3,3,2,S001;S003;S004;S013,S002;S008;S009;S010;S012;S014;S015,S005;S006;S007;S011
3,"1,3,4|2,7,8|5,6,9",False,False,13,5,9,5.375875020206985,0.03469072373814343,0.054761354553058604,1.0885850193450273,,0,0,0,4,3,3,6,3,7,6,10,0,1,1,0,0,3,4,4,S001;S003;S004;S013,S002;S008;S009;S012;S015,S005;S006;S007;S010;S011;S014
3,"1,3,4,9|2,7|5,6,8",False,False,13,6,7,4.28443914747994,0.26747252728446075,0.24057739847007348,1.9769578610605605,,0,0,0,5,3,3,6,3,7,6,9,1,1,1,0,0,3,4,3,S001;S003;S004;S010;S013;S014,S002;S008;S015,S005;S006;S007;S009;S011;S012
3,"1,3,4|2,7,9|5,6,8",False,False,13,6,8,5.107789688179196,0.03248296343907748,0.11223094058610646,1.0827449925158126,,0,0,0,5,3,3,6,3,7,6,9,1,1,1,0,0,3,4,3,S001;S003;S004;S013,S002;S008;S010;S014;S015,S005;S006;S007;S009;S011;S012
3,"1,3,4|2,7|5,6,8,9",False,False,14,6,7,4.1816627344693575,0.2874016003590336,0.223055544210371,2.044314591820643,,0,0,0,5,3,3,6,3,7,6,10,1,1,1,0,0,3,4,4,S001;S003;S004;S013,S002;S008;S015,S005;S006;S007;S009;S010;S011;S012;S014
3,"1,3,4,8,9|2|5,6,7",False,False,12,4,5,2.5739046659999234,0.5940873362964066,0.5351098086442241,6.891689795608962,,0,0,0,4,2,4,6,2,7,6,9,0,0,2,0,0,3,4,3,S001;S003;S004;S009;S010;S012;S013;S014,S002,S005;S006;S007;S008;S011;S015
3,"1,3,4,8|2,9|5,6,7",False,False,12,4,7,3.918458176871948,0.2955433257879415,0.2052045331864753,2.1693842535983276,,0,0,0,4,2,4,6,2,7,6,9,0,0,2,0,0,3,4,3,S001;S003;S004;S009;S012;S013,S002;S010;S014,S005;S006;S007;S008;S011;S015
3,"1,3,4,8|2|5,6,7,9",False,False,12,4,8,4.439661147044717,0.5341201620744837,0.47623655073864324,5.770429895838678,,0,0,0,4,2,4,6,2,7,6,9,0,0,2,0,0,3,4,3,S001;S003;S004;S009;S012;S013,S002,S005;S006;S007;S008;S010;S011;S014;S015
3,"1,3,4,9|2,8|5,6,7",False,False,14,6,6,3.5000316197097616,0.29101315594392935,0.2739854234522389,2.140736398758414,,0,0,0,5,3,4,6,3,7,6,9,1,1,2,0,0,3,4,3,S001;S003;S004;S010;S013;S014,S002;S009;S012,S005;S006;S007;S008;S011;S015
3,"1,3,4|2,8,9|5,6,7",False,False,14,6,6,3.397255206699179,0.04052295847886075,0.05161219420672205,1.1006493112194637,,0,0,0,5,3,4,6,3,7,6,9,1,1,2,0,0,3,4,3,S001;S003;S004;S013,S002;S009;S010;S012;S014,S005;S006;S007;S008;S011;S015
3,"1,3,4|2,8|5,6,7,9",False,False,14,6,8,4.844585130581786,0.32910016833763067,0.2993833241413295,2.2965169285326383,,0,0,0,5,3,4,6,3,7,6,9,1,1,2,0,0,3,4,3,S001;S003;S004;S013,S002;S009;S012,S005;S006;S007;S008;S010;S011;S014;S015
3,"1,3,4,9|2|5,6,7,8",False,False,13,5,6,3.7531492578547407,0.5344570757143485,0.46476080361179817,5.7931419141472436,,0,0,0,4,3,4,6,3,7,6,9,0,1,2,0,0,3,4,3,S001;S003;S004;S010;S013;S014,S002,S005;S006;S007;S008;S009;S011;S012;S015
3,"1,3,4|2,9|5,6,7,8",False,False,13,5,7,4.576499798553996,0.3336527229498789,0.19842583363797844,2.3265857170127084,,0,0,0,4,3,4,6,3,7,6,9,0,1,2,0,0,3,4,3,S001;S003;S004;S013,S002;S010;S014,S005;S006;S007;S008;S009;S011;S012;S015
3,"1,3,4|2|5,6,7,8,9",False,False,13,5,6,3.650372844844158,0.6328793796050256,0.538790437896487,7.283117620516458,,0,0,0,4,3,4,6,3,7,6,9,0,1,2,0,0,3,4,3,S001;S003;S004;S013,S002,S005;S006;S007;S008;S009;S010;S011;S012;S014;S015
3,"1,3,5,6,7,8|2,4|9",False,False,9,5,6,4.013083010640575,0.8016685865664598,0.5657452034092677,5.803154421621458,,0,0,0,4,3,3,6,3,5,6,8,0,1,1,0,0,1,4,2,S001;S003;S005;S006;S007;S008;S009;S011;S012;S013;S015,S002;S004,S010;S014
3,"1,3,5,6,7|2,4,8|9",False,False,9,5,5,2.8338384187857577,0.5747700563953432,0.38244272508208094,4.787911207781476,,0,0,0,5,2,3,6,2,5,6,8,1,0,1,0,0,1,4,2,S001;S003;S005;S006;S007;S008;S011;S013;S015,S002;S004;S009;S012,S010;S014
3,"1,3,5,6,7,9|2,4|8",False,False,8,6,6,3.8627417855061785,0.7975657332366738,0.6460467184247456,5.701009500856153,,0,0,0,5,3,3,6,3,5,5,7,1,1,1,0,0,1,3,1,S001;S003;S005;S006;S007;S008;S010;S011;S013;S014;S015,S002;S004,S009;S012
3,"1,3,5,6,7|2,4,9|8",False,False,8,6,5,2.8338384187857577,0.5731390347627714,0.4324799810718521,4.716023847795078,,0,0,0,5,3,3,6,3,5,5,7,1,1,1,0,0,1,3,1,S001;S003;S005;S006;S007;S008;S011;S013;S015,S002;S004;S010;S014,S009;S012
3,"1,3,5,6,7|2,4|8,9",False,False,10,6,5,2.8338384187857577,0.5449182775490977,0.34677710524850514,3.504538832079402,,0,0,0,5,3,3,6,3,5,6,8,1,1,1,0,0,1,4,2,S001;S003;S005;S006;S007;S008;S011;S013;S015,S002;S004,S009;S010;S012;S014
3,"1,3,5,6,8|2,4,7|9",False,False,8,3,8,5.097702768726766,0.5494450192966741,0.38917335582933044,4.648203969566365,,0,0,0,4,3,2,6,3,4,6,9,0,1,0,0,0,0,4,3,S001;S003;S005;S006;S007;S009;S011;S012;S013,S002;S004;S008;S015,S010;S014
3,"1,3,5,6|2,4,7,8|9",True,False,6,2,7,3.918458176871948,0.44767295989940104,0.3418531075151491,3.6329607557263817,,1,1,0,4,2,2,6,2,4,6,8,0,0,0,0,0,0,4,2,S001;S003;S005;S006;S007;S011;S013,S002;S004;S008;S009;S012;S015,S010;S014
3,"1,3,5,6,9|2,4,7|8",False,False,7,4,8,4.947361543592368,0.544895555534877,0.4724127503952037,4.563399875585482,,0,0,0,5,3,2,6,3,4,5,8,1,1,0,0,0,0,3,2,S001;S003;S005;S006;S007;S010;S011;S013;S014,S002;S004;S008;S015,S009;S012
3,"1,3,5,6|2,4,7,9|8",False,False,6,4,7,3.918458176871948,0.4437973111673101,0.4296375231380506,3.5784142225244073,,1,0,0,5,3,2,6,3,4,5,7,1,1,0,0,0,0,3,1,S001;S003;S005;S006;S007;S011;S013,S002;S004;S008;S010;S014;S015,S009;S012
3,"1,3,5,6|2,4,7|8,9",False,False,8,4,7,3.918458176871948,0.24813265227796266,0.16722298283536913,1.8027405976491984,,1,0,0,5,3,2,6,3,4,6,8,1,1,0,0,0,0,4,2,S001;S003;S005;S006;S007;S011;S013,S002;S004;S008;S015,S009;S010;S012;S014
3,"1,3,5,6,8,9|2,4|7",False,False,9,5,5,3.231946287681972,0.7602108114276536,0.6294936598584023,4.890429679919235,,0,0,0,4,3,3,6,3,5,6,8,0,1,1,0,0,1,4,2,S001;S003;S005;S006;S007;S009;S010;S011;S012;S013;S014,S002;S004,S008;S015
3,"1,3,5,6,8|2,4,9|7",False,False,9,5,6,3.650372844844158,0.5318438389013765,0.4606529283562303,4.024591670833544,,0,0,0,4,3,3,6,3,5,6,8,0,1,1,0,0,1,4,2,S001;S003;S005;S006;S007;S009;S011;S012;S013,S002;S004;S010;S014,S008;S015
3,"1,3,5,6,8|2,4|7,9",False,False,10,5,8,5.097702768726766,0.513678481003479,0.3377470628750805,3.40227932470765,,0,0,0,4,3,3,6,3,5,6,9,0,1,1,0,0,1,4,3,S001;S003;S005;S006;S007;S009;S011;S012;S013,S002;S004,S008;S010;S014;S015
3,"1,3,5,6,9|2,4,8|7",False,False,9,5,6,3.5000316197097616,0.5289153720104925,0.5042307215278532,4.011393516910266,,0,0,0,5,2,3,6,2,5,6,8,1,0,1,0,0,1,4,2,S001;S003;S005;S006;S007;S010;S011;S013;S014,S002;S004;S009;S012,S008;S015
3,"1,3,5,6|2,4,8,9|7",False,False,8,5,5,2.471128252989341,0.4089452541309848,0.4012071685040718,3.1455555078245756,,0,0,0,5,2,3,6,2,5,6,7,1,0,1,0,0,1,4,1,S001;S003;S005;S006;S007;S011;S013,S002;S004;S009;S010;S012;S014,S008;S015
3,"1,3,5,6|2,4,8|7,9",False,False,9,5,7,3.918458176871948,0.23868442400845075,0.10344979090029484,1.685867418557938,,0,0,0,5,2,3,6,2,5,6,8,1,0,1,0,0,1,4,2,S001;S003;S005;S006;S007;S011;S013,S002;S004;S009;S012,S008;S010;S014;S015
3,"1,3,5,6,9|2,4|7,8",False,False,9,5,8,4.947361543592368,0.5103623028042263,0.39642695059327393,3.3911219676662134,,0,0,0,4,3,3,6,3,5,6,8,0,1,1,0,0,1,4,2,S001;S003;S005;S006;S007;S010;S011;S013;S014,S002;S004,S008;S009;S012;S015
3,"1,3,5,6|2,4,9|7,8",False,False,8,5,7,3.918458176871948,0.23807719498136096,0.13118993697275405,1.6740260617376752,,0,0,0,4,3,3,6,3,5,6,7,0,1,1,0,0,1,4,1,S001;S003;S005;S006;S007;S011;S013,S002;S004;S010;S014,S008;S009;S012;S015
3,"1,3,5,6|2,4|7,8,9",False,False,9,5,7,3.918458176871948,0.3591129949188405,0.22859146693615737,2.6591662817746906,,0,0,0,4,3,3,6,3,5,6,8,0,1,1,0,0,1,4,2,S001;S003;S005;S006;S007;S011;S013,S002;S004,S008;S009;S010;S012;S014;S015
3,"1,3,5,7,8|2,4,6|9",False,False,12,5,6,3.8443762945526,0.5977656756774473,0.4154800114963136,4.906677855360735,,0,0,0,4,3,4,6,3,6,6,9,0,1,2,0,0,2,4,3,S001;S003;S005;S008;S009;S011;S012;S013;S015,S002;S004;S006;S007,S010;S014
3,"1,3,5,7|2,4,6,8|9",False,False,12,5,5,2.6651317026977828,0.4567946229992551,0.31310038997153994,3.8914346415207532,,0,0,0,5,2,4,6,2,6,6,9,1,0,2,0,0,2,4,3,S001;S003;S005;S008;S011;S013;S015,S002;S004;S006;S007;S009;S012,S010;S014
3,"1,3,5,7,9|2,4,6|8",False,False,11,6,6,3.6940350694182036,0.5932882299690018,0.502302961231233,4.817992944783885,,0,0,0,5,3,4,6,3,6,5,8,1,1,2,0,0,2,3,2,S001;S003;S005;S008;S010;S011;S013;S014;S015,S002;S004;S006;S007,S009;S012
3,"1,3,5,7|2,4,6,9|8",False,False,11,6,5,2.6651317026977828,0.4533878233757265,0.39958664686699036,3.83300729172281,,0,0,0,5,3,4,6,3,6,5,8,1,1,2,0,0,2,3,2,S001;S003;S005;S008;S011;S013;S015,S002;S004;S006;S007;S010;S014,S009;S012
3,"1,3,5,7|2,4,6|8,9",False,False,13,6,5,2.6651317026977828,0.3056336439408513,0.16858279646564364,1.93099999781453,,0,0,0,5,3,4,6,3,6,6,9,1,1,2,0,0,2,4,3,S001;S003;S005;S008;S011;S013;S015,S002;S004;S006;S007,S009;S010;S012;S014
3,"1,3,5,8|2,4,6,7|9",False,False,10,5,7,4.397706163013591,0.4502335791311406,0.339945628156347,3.7517274033056425,,0,0,0,4,3,3,6,3,5,6,9,0,1,1,0,0,1,4,3,S001;S003;S005;S009;S011;S012;S013,S002;S004;S006;S007;S008;S015,S010;S014
3,"1,3,5|2,4,6,7,8|9",False,False,8,4,6,3.218461571158774,0.5146658674461335,0.41491668008703575,4.432873158473664,,0,0,0,4,2,3,6,2,5,6,8,0,0,1,0,0,1,4,2,S001;S003;S005;S011;S013,S002;S004;S006;S007;S008;S009;S012;S015,S010;S014
3,"1,3,5,9|2,4,6,7|8",False,False,9,6,7,4.247364937879195,0.44604950133894855,0.41757464997789967,3.680383319513215,,0,0,0,5,3,3,6,3,5,5,8,1,1,1,0,0,1,3,2,S001;S003;S005;S010;S011;S013;S014,S002;S004;S006;S007;S008;S015,S009;S012
3,"1,3,5|2,4,6,7,9|8",False,False,8,6,6,3.218461571158774,0.5100954663909264,0.5078983323584088,4.351302115997169,,0,0,0,5,3,3,6,3,5,5,7,1,1,1,0,0,1,3,1,S001;S003;S005;S011;S013,S002;S004;S006;S007;S008;S010;S014;S015,S009;S012
3,"1,3,5|2,4,6,7|8,9",False,False,10,6,6,3.218461571158774,0.21027357048532933,0.21948062387596315,1.6958895686449154,,0,0,0,5,3,3,6,3,5,6,8,1,1,1,0,0,1,4,2,S001;S003;S005;S011;S013,S002;S004;S006;S007;S008;S015,S009;S010;S012;S014
3,"1,3,5,8,9|2,4,6|7",False,False,12,5,5,3.063239571593997,0.5523225245591417,0.48514703332582665,4.114226194596075,,0,0,0,4,3,4,6,3,6,6,9,0,1,2,0,0,2,4,3,S001;S003;S005;S009;S010;S011;S012;S013;S014,S002;S004;S006;S007,S008;S015
3,"1,3,5,8|2,4,6,9|7",False,False,12,5,6,3.481666128756183,0.4137510151424712,0.4104727130312508,3.2483881855103847,,0,0,0,4,3,4,6,3,6,6,9,0,1,2,0,0,2,4,3,S001;S003;S005;S009;S011;S012;S013,S002;S004;S006;S007;S010;S014,S008;S015
3,"1,3,5,8|2,4,6|7,9",False,False,13,5,8,4.928996052638791,0.2675844638334291,0.14867281361531465,1.7409808191774268,,0,0,0,4,3,4,6,3,6,6,10,0,1,2,0,0,2,4,4,S001;S003;S005;S009;S011;S012;S013,S002;S004;S006;S007,S008;S010;S014;S015
3,"1,3,5,9|2,4,6,8|7",False,False,12,5,6,3.3313249036217867,0.41296560827091366,0.4167449316692067,3.2351900315871065,,0,0,0,5,2,4,6,2,6,6,9,1,0,2,0,0,2,4,3,S001;S003;S005;S010;S011;S013;S014,S002;S004;S006;S007;S009;S012,S008;S015
3,"1,3,5|2,4,6,8,9|7",False,False,11,5,5,2.302421536901366,0.46820688159402757,0.4816695909256593,3.703988079147925,,0,0,0,5,2,4,6,2,6,6,8,1,0,2,0,0,2,4,2,S001;S003;S005;S011;S013,S002;S004;S006;S007;S009;S010;S012;S014,S008;S015
3,"1,3,5|2,4,6,8|7,9",False,False,12,5,7,3.749751460783973,0.1683910545275606,0.1208939106081346,1.5211127955598898,,0,0,0,5,2,4,6,2,6,6,9,1,0,2,0,0,2,4,3,S001;S003;S005;S011;S013,S002;S004;S006;S007;S009;S012,S008;S010;S014;S015
3,"1,3,5,9|2,4,6|7,8",False,False,12,5,8,4.778654827504395,0.26350348805729906,0.2213186383795594,1.7217284559369417,,0,0,0,4,3,4,6,3,6,6,9,0,1,2,0,0,2,4,3,S001;S003;S005;S010;S011;S013;S014,S002;S004;S006;S007,S008;S009;S012;S015
3,"1,3,5|2,4,6,9|7,8",False,False,11,5,7,3.749751460783973,0.16382154649222133,0.19917055451788804,1.503404762373098,,0,0,0,4,3,4,6,3,6,6,8,0,1,2,0,0,2,4,2,S001;S003;S005;S011;S013,S002;S004;S006;S007;S010;S014,S008;S009;S012;S015
3,"1,3,5|2,4,6|7,8,9",False,False,12,5,7,3.749751460783973,0.1360982047251148,0.13186362926451028,1.4010794176961707,,0,0,0,4,3,4,6,3,6,6,9,0,1,2,0,0,2,4,3,S001;S003;S005;S011;S013,S002;S004;S006;S007,S008;S009;S010;S012;S014;S015
3,"1,3,5,7,8,9|2,4|6",False,False,10,5,4,2.6786164192209805,0.8296622433433083,0.67463686105196,6.588769944091207,,0,0,0,4,4,4,6,4,6,5,7,0,2,2,0,0,2,3,1,S001;S003;S005;S008;S009;S010;S011;S012;S013;S014;S015,S002;S004,S006;S007
3,"1,3,5,7,8|2,4,9|6",False,False,10,5,5,3.097042976383167,0.6083084604041692,0.509311906633361,5.47329181824227,,0,0,0,4,4,4,6,4,6,5,7,0,2,2,0,0,2,3,1,S001;S003;S005;S008;S009;S011;S012;S013;S015,S002;S004;S010;S014,S006;S007
3,"1,3,5,7,8|2,4|6,9",False,False,13,5,7,4.544372900265774,0.572546286052016,0.35867274640015157,3.591470755069316,,0,0,0,4,4,4,6,4,6,6,9,0,2,2,0,0,2,4,3,S001;S003;S005;S008;S009;S011;S012;S013;S015,S002;S004,S006;S007;S010;S014
3,"1,3,5,7,9|2,4,8|6",False,False,10,6,5,2.9467017512487703,0.6054573216675402,0.5516344762400475,5.456288346636132,,0,0,0,5,3,4,6,3,6,5,7,1,1,2,0,0,2,3,1,S001;S003;S005;S008;S010;S011;S013;S014;S015,S002;S004;S009;S012,S006;S007
3,"1,3,5,7|2,4,8,9|6",False,False,10,6,4,1.9177983845283493,0.48044320402318846,0.45250276532215694,4.340810220787196,,0,0,0,5,3,4,6,3,6,5,7,1,1,2,0,0,2,3,1,S001;S003;S005;S008;S011;S013;S015,S002;S004;S009;S010;S012;S014,S006;S007
3,"1,3,5,7|2,4,8|6,9",False,False,13,6,6,3.3651283084109567,0.31196483693524696,0.13029408578460538,2.051928671701694,,0,0,0,5,3,4,6,3,6,6,9,1,1,2,0,0,2,4,3,S001;S003;S005;S008;S011;S013;S015,S002;S004;S009;S012,S006;S007;S010;S014
3,"1,3,5,7,9|2,4|6,8",False,False,12,6,7,4.3940316751313775,0.568950714147843,0.42388380940719383,3.5803133980278803,,0,0,0,5,3,4,6,3,6,6,8,1,1,2,0,0,2,4,2,S001;S003;S005;S008;S010;S011;S013;S014;S015,S002;S004,S006;S007;S009;S012
3,"1,3,5,7|2,4,9|6,8",False,False,12,6,6,3.3651283084109567,0.3109314065511531,0.17270962151246888,2.035567493744173,,0,0,0,5,3,4,6,3,6,6,8,1,1,2,0,0,2,4,2,S001;S003;S005;S008;S011;S013;S015,S002;S004;S010;S014,S006;S007;S009;S012
3,"1,3,5,7|2,4|6,8,9",False,False,13,6,6,3.3651283084109567,0.381735622824544,0.2182473041761907,2.848357712136357,,0,0,0,5,3,4,6,3,6,6,9,1,1,2,0,0,2,4,3,S001;S003;S005;S008;S011;S013;S015,S002;S004,S006;S007;S009;S010;S012;S014
3,"1,3,5,8,9|2,4,7|6",False,False,9,5,6,3.7632361773071707,0.5803511965776657,0.506386985439997,5.300447978384409,,0,0,0,4,4,3,6,4,5,5,8,0,2,1,0,0,1,3,2,S001;S003;S005;S009;S010;S011;S012;S013;S014,S002;S004;S008;S015,S006;S007
3,"1,3,5,8|2,4,7,9|6",False,False,9,5,7,4.1816627344693575,0.47557847823591876,0.47892000140133834,4.184969852535474,,0,0,0,4,4,3,6,4,5,5,8,0,2,1,0,0,1,3,2,S001;S003;S005;S009;S011;S012;S013,S002;S004;S008;S010;S014;S015,S006;S007
3,"1,3,5,8|2,4,7|6,9",False,False,12,5,9,5.628992658351965,0.2830391127083786,0.1518375035484313,1.9782619358713796,,0,0,0,4,4,3,6,4,5,6,10,0,2,1,0,0,1,4,4,S001;S003;S005;S009;S011;S012;S013,S002;S004;S008;S015,S006;S007;S010;S014
3,"1,3,5,9|2,4,7,8|6",False,False,8,5,7,4.03132150933496,0.4752681311159379,0.47223594286174325,4.167966380929335,,0,0,0,4,3,3,6,3,5,5,8,0,1,1,0,0,1,3,2,S001;S003;S005;S010;S011;S013;S014,S002;S004;S008;S009;S012;S015,S006;S007
3,"1,3,5|2,4,7,8,9|6",False,False,7,5,6,3.0024181426145398,0.5457055369041957,0.5717954528885646,5.060251168789193,,0,0,0,4,3,3,6,3,5,5,7,0,1,1,0,0,1,3,1,S001;S003;S005;S011;S013,S002;S004;S008;S009;S010;S012;S014;S015,S006;S007
3,"1,3,5|2,4,7,8|6,9",False,False,10,5,8,4.449748066497147,0.24588026331682744,0.20978066835450215,1.8647193722966195,,0,0,0,4,3,3,6,3,5,6,9,0,1,1,0,0,1,4,3,S001;S003;S005;S011;S013,S002;S004;S008;S009;S012;S015,S006;S007;S010;S014
3,"1,3,5,9|2,4,7|6,8",False,False,11,6,9,5.4786514332175695,0.27854903669907355,0.2320447656727276,1.954514583339631,,0,0,0,5,3,3,6,3,5,6,9,1,1,1,0,0,1,4,3,S001;S003;S005;S010;S011;S013;S014,S002;S004;S008;S015,S006;S007;S009;S012
3,"1,3,5|2,4,7,9|6,8",False,False,10,6,8,4.449748066497147,0.2413102213308501,0.29150247630623116,1.8418773582954053,,0,0,0,5,3,3,6,3,5,6,8,1,1,1,0,0,1,4,2,S001;S003;S005;S011;S013,S002;S004;S008;S010;S014;S015,S006;S007;S009;S012
3,"1,3,5|2,4,7|6,8,9",False,False,11,6,8,4.449748066497147,0.05865622525355546,0.0982755974128083,1.154915763982515,,0,0,0,5,3,3,6,3,5,6,9,1,1,1,0,0,1,4,3,S001;S003;S005;S011;S013,S002;S004;S008;S015,S006;S007;S009;S010;S012;S014
3,"1,3,5,8,9|2,4|6,7",False,False,12,5,5,3.231946287681972,0.5366880199729331,0.42625050068244597,3.4780538906561285,,0,0,0,4,4,4,6,4,6,6,8,0,2,2,0,0,2,4,2,S001;S003;S005;S009;S010;S011;S012;S013;S014,S002;S004,S006;S007;S008;S015
3,"1,3,5,8|2,4,9|6,7",False,False,12,5,6,3.650372844844158,0.27123346412900345,0.2425613937390589,1.8288378625264199,,0,0,0,4,4,4,6,4,6,6,8,0,2,2,0,0,2,4,2,S001;S003;S005;S009;S011;S012;S013,S002;S004;S010;S014,S006;S007;S008;S015
3,"1,3,5,8|2,4|6,7,9",False,False,13,5,8,5.097702768726766,0.3676567353486096,0.2503825439836077,2.746098204764605,,0,0,0,4,4,4,6,4,6,6,9,0,2,2,0,0,2,4,3,S001;S003;S005;S009;S011;S012;S013,S002;S004,S006;S007;S008;S010;S014;S015
3,"1,3,5,9|2,4,8|6,7",False,False,12,6,6,3.5000316197097616,0.26774939494014127,0.285884353171702,1.8214073209064228,,0,0,0,5,3,4,6,3,6,6,8,1,1,2,0,0,2,4,2,S001;S003;S005;S010;S011;S013;S014,S002;S004;S009;S012,S006;S007;S008;S015
3,"1,3,5|2,4,8,9|6,7",False,False,11,6,5,2.471128252989341,0.1994258226337795,0.2594183183286255,1.6483385028895423,,0,0,0,5,3,4,6,3,6,6,7,1,1,2,0,0,2,4,1,S001;S003;S005;S011;S013,S002;S004;S009;S010;S012;S014,S006;S007;S008;S015
3,"1,3,5|2,4,8|6,7,9",False,False,12,6,7,3.918458176871948,0.10050304590528505,0.14481047724910193,1.281333626177898,,0,0,0,5,3,4,6,3,6,6,8,1,1,2,0,0,2,4,2,S001;S003;S005;S011;S013,S002;S004;S009;S012,S006;S007;S008;S010;S014;S015
3,"1,3,5,9|2,4|6,7,8",False,False,11,5,8,4.947361543592368,0.3663777594727673,0.2674961947247826,2.73494084772317,,0,0,0,4,3,4,6,3,6,6,8,0,1,2,0,0,2,4,2,S001;S003;S005;S010;S011;S013;S014,S002;S004,S006;S007;S008;S009;S012;S015
3,"1,3,5|2,4,9|6,7,8",False,False,10,5,7,3.918458176871948,0.10507094459428272,0.08825956579836368,1.2960301071590483,,0,0,0,4,3,4,6,3,6,6,7,0,1,2,0,0,2,4,1,S001;S003;S005;S011;S013,S002;S004;S010;S014,S006;S007;S008;S009;S012;S015
3,"1,3,5|2,4|6,7,8,9",False,False,11,5,7,3.918458176871948,0.40486722003937414,0.32323435958891705,2.976622399072238,,0,0,0,4,3,4,6,3,6,6,8,0,1,2,0,0,2,4,2,S001;S003;S005;S011;S013,S002;S004,S006;S007;S008;S009;S010;S012;S014;S015
3,"1,3,6,7,8|2,4,5|9",False,False,8,4,7,4.281168342668365,0.6129229738610615,0.4352497931654201,4.981746553320154,,0,0,0,4,2,3,6,2,5,6,8,0,0,1,0,0,1,4,2,S001;S003;S006;S007;S008;S009;S012;S013;S015,S002;S004;S005;S011,S010;S014
3,"1,3,6,7|2,4,5,8|9",False,False,9,6,4,2.565753086757968,0.4618533359373309,0.31160975780772165,3.966503339480171,,0,0,0,5,3,3,6,3,5,6,7,1,1,1,0,0,1,4,1,S001;S003;S006;S007;S008;S013;S015,S002;S004;S005;S009;S011;S012,S010;S014
3,"1,3,6,7,9|2,4,5|8",False,False,8,6,6,3.8627417855061785,0.6084725280913442,0.5098628108953721,4.891934535267887,,0,0,0,5,3,3,6,3,5,5,7,1,1,1,0,0,1,3,1,S001;S003;S006;S007;S008;S010;S013;S014;S015,S002;S004;S005;S011,S009;S012
3,"1,3,6,7|2,4,5,9|8",False,False,7,5,5,2.8338384187857577,0.4585963038961826,0.40030005405839386,3.9069488822068115,,1,0,0,5,3,3,6,3,5,5,6,1,1,1,0,0,1,3,0,S001;S003;S006;S007;S008;S013;S015,S002;S004;S005;S010;S011;S014,S009;S012
3,"1,3,6,7|2,4,5|8,9",False,False,9,6,5,2.8338384187857577,0.32389951667230665,0.17900571723681663,1.9682504385771498,,0,0,0,5,3,3,6,3,5,6,7,1,1,1,0,0,1,4,1,S001;S003;S006;S007;S008;S013;S015,S002;S004;S005;S011,S009;S010;S012;S014
3,"1,3,6,8|2,4,5,7|9",False,False,9,4,9,5.365788100754555,0.4532898695719373,0.3547594693234612,3.82679610126506,,0,0,0,4,2,3,6,2,5,6,9,0,0,1,0,0,1,4,3,S001;S003;S006;S007;S009;S012;S013,S002;S004;S005;S008;S011;S015,S010;S014
3,"1,3,6|2,4,5,7,8|9",False,False,9,5,6,3.650372844844158,0.5039233995759925,0.4174154740547305,4.357804460514246,,0,0,0,4,3,3,6,3,5,6,8,0,1,1,0,0,1,4,2,S001;S003;S006;S007;S013,S002;S004;S005;S008;S009;S011;S012;S015,S010;S014
3,"1,3,6,9|2,4,5,7|8",False,False,9,6,8,4.947361543592368,0.4490197239293394,0.4247616620566016,3.7543249099972167,,0,0,0,5,3,3,6,3,5,5,8,1,1,1,0,0,1,3,2,S001;S003;S006;S007;S010;S013;S014,S002;S004;S005;S008;S011;S015,S009;S012
3,"1,3,6|2,4,5,7,9|8",False,False,8,6,7,3.918458176871948,0.49935768503666034,0.5193587287113245,4.277360525513166,,0,0,0,5,3,3,6,3,5,5,7,1,1,1,0,0,1,3,1,S001;S003;S006;S007;S013,S002;S004;S005;S008;S010;S011;S014;S015,S009;S012
3,"1,3,6|2,4,5,7|8,9",False,False,10,6,7,3.918458176871948,0.2003112783828569,0.23918138629906627,1.6586391278822954,,0,0,0,5,3,3,6,3,5,6,8,1,1,1,0,0,1,4,2,S001;S003;S006;S007;S013,S002;S004;S005;S008;S011;S015,S009;S010;S012;S014
3,"1,3,6,8,9|2,4,5|7",False,False,8,4,6,3.5000316197097616,0.5677721300305723,0.5032429302905146,4.1792235265819135,,0,0,0,4,2,3,6,2,5,6,8,0,0,1,0,0,1,4,2,S001;S003;S006;S007;S009;S010;S012;S013;S014,S002;S004;S005;S011,S008;S015
3,"1,3,6,8|2,4,5,9|7",False,False,8,4,7,3.918458176871948,0.4183265243505785,0.4168786432640994,3.3133855174962217,,0,0,0,4,2,3,6,2,5,6,8,0,0,1,0,0,1,4,2,S001;S003;S006;S007;S009;S012;S013,S002;S004;S005;S010;S011;S014,S008;S015
3,"1,3,6,8|2,4,5|7,9",False,False,9,4,9,5.365788100754555,0.286631374345104,0.17543572336476396,1.775816282743574,,0,0,0,4,2,3,6,2,5,6,9,0,0,1,0,0,1,4,3,S001;S003;S006;S007;S009;S012;S013,S002;S004;S005;S011,S008;S010;S014;S015
3,"1,3,6,9|2,4,5,8|7",False,False,10,6,5,3.231946287681972,0.41730327289091873,0.421554368377557,3.300187363572944,,0,0,0,5,3,3,6,3,5,6,8,1,1,1,0,0,1,4,2,S001;S003;S006;S007;S010;S013;S014,S002;S004;S005;S009;S011;S012,S008;S015
3,"1,3,6|2,4,5,8,9|7",False,False,9,6,4,2.2030429209615505,0.45751641485595995,0.46427274902170745,3.6389907471620866,,0,0,0,5,3,3,6,3,5,6,7,1,1,1,0,0,1,4,1,S001;S003;S006;S007;S013,S002;S004;S005;S009;S010;S011;S012;S014,S008;S015
3,"1,3,6|2,4,5,8|7,9",False,False,10,6,6,3.650372844844158,0.15877044487460773,0.09341476289093989,1.4862773319937423,,0,0,0,5,3,3,6,3,5,6,8,1,1,1,0,0,1,4,2,S001;S003;S006;S007;S013,S002;S004;S005;S009;S011;S012,S008;S010;S014;S015
3,"1,3,6,9|2,4,5|7,8",False,False,9,5,8,4.947361543592368,0.28264343694105326,0.23171971739218475,1.7563192388422342,,0,0,0,4,3,3,6,3,5,6,8,0,1,1,0,0,1,4,2,S001;S003;S006;S007;S010;S013;S014,S002;S004;S005;S011,S008;S009;S012;S015
3,"1,3,6|2,4,5,9|7,8",False,False,8,5,7,3.918458176871948,0.15424941251859411,0.19122556673191723,1.468813979467805,,0,0,0,4,3,3,6,3,5,6,7,0,1,1,0,0,1,4,1,S001;S003;S006;S007;S013,S002;S004;S005;S010;S011;S014,S008;S009;S012;S015
3,"1,3,6|2,4,5|7,8,9",False,False,9,5,7,3.918458176871948,0.14908730504894602,0.12533793650843705,1.4491579917656048,,0,0,0,4,3,3,6,3,5,6,8,0,1,1,0,0,1,4,2,S001;S003;S006;S007;S013,S002;S004;S005;S011,S008;S009;S010;S012;S014;S015
3,"1,3,7,8|2,4,5,6|9",False,False,11,4,7,4.11246162658039,0.47194333218333295,0.3432796436866201,4.085269987059432,,0,0,0,4,2,4,6,2,6,6,9,0,0,2,0,0,2,4,3,S001;S003;S008;S009;S012;S013;S015,S002;S004;S005;S006;S007;S011,S010;S014
3,"1,3,7|2,4,5,6,8|9",False,False,11,5,4,2.397046370669993,0.4733010356672985,0.3641210081136105,4.099330574719875,,0,0,0,5,2,4,6,2,6,6,8,1,0,2,0,0,2,4,2,S001;S003;S008;S013;S015,S002;S004;S005;S006;S007;S009;S011;S012,S010;S014
3,"1,3,7,9|2,4,5,6|8",False,False,10,5,6,3.6940350694182036,0.46746475696381656,0.4197202422448355,4.008917979195619,,0,0,0,5,2,4,6,2,6,5,8,1,0,2,0,0,2,3,2,S001;S003;S008;S010;S013;S014;S015,S002;S004;S005;S006;S007;S011,S009;S012
3,"1,3,7|2,4,5,6,9|8",False,False,9,5,5,2.6651317026977828,0.4688148800313277,0.4724950455074123,4.022767456314764,,0,0,0,5,2,4,6,2,6,5,7,1,0,2,0,0,2,3,1,S001;S003;S008;S013;S015,S002;S004;S005;S006;S007;S010;S011;S014,S009;S012
3,"1,3,7|2,4,5,6|8,9",False,False,11,5,5,2.6651317026977828,0.1838247768311232,0.17242544345359906,1.530379727716964,,0,0,0,5,2,4,6,2,6,6,8,1,0,2,0,0,2,4,2,S001;S003;S008;S013;S015,S002;S004;S005;S006;S007;S011,S009;S010;S012;S014
3,"1,3,8|2,4,5,6,7|9",False,False,10,4,8,4.665791495041381,0.4885660743224288,0.3873951605263561,4.239037812934986,,0,0,0,4,2,3,6,2,6,6,9,0,0,1,0,0,2,4,3,S001;S003;S009;S012;S013,S002;S004;S005;S006;S007;S008;S011;S015,S010;S014
3,"1,3|2,4,5,6,7,8|9",False,False,9,4,5,2.9503762391309842,0.6714263364690027,0.5527523464210659,5.254281026774969,,0,0,0,4,2,3,6,2,6,6,8,0,0,1,0,0,2,4,2,S001;S003;S013,S002;S004;S005;S006;S007;S008;S009;S011;S012;S015,S010;S014
3,"1,3,9|2,4,5,6,7|8",False,False,9,5,7,4.247364937879195,0.48587278196623984,0.4448534414937097,4.1753914285243585,,0,0,0,5,2,3,6,2,6,5,8,1,0,1,0,0,2,3,2,S001;S003;S010;S013;S014,S002;S004;S005;S006;S007;S008;S011;S015,S009;S012
3,"1,3|2,4,5,6,7,9|8",False,False,8,5,6,3.218461571158774,0.6670862654959893,0.6505089181082679,5.160377081585434,,0,0,0,5,2,3,6,2,6,5,7,1,0,1,0,0,2,3,1,S001;S003;S013,S002;S004;S005;S006;S007;S008;S010;S011;S014;S015,S009;S012
3,"1,3|2,4,5,6,7|8,9",False,False,10,5,6,3.218461571158774,0.39392185283441367,0.392425214458083,2.2135085511149106,,0,0,0,5,2,3,6,2,6,6,8,1,0,1,0,0,2,4,2,S001;S003;S013,S002;S004;S005;S006;S007;S008;S011;S015,S009;S010;S012;S014
3,"1,3,8,9|2,4,5,6|7",False,False,11,4,6,3.3313249036217867,0.42650854802490856,0.4164139976371019,3.403020041258753,,0,0,0,4,2,4,6,2,6,6,9,0,0,2,0,0,2,4,3,S001;S003;S009;S010;S012;S013;S014,S002;S004;S005;S006;S007;S011,S008;S015
3,"1,3,8|2,4,5,6,9|7",False,False,11,4,7,3.749751460783973,0.4424180953626083,0.45439744723342373,3.5361580694762775,,0,0,0,4,2,4,6,2,6,6,9,0,0,2,0,0,2,4,3,S001;S003;S009;S012;S013,S002;S004;S005;S006;S007;S010;S011;S014,S008;S015
3,"1,3,8|2,4,5,6|7,9",False,False,12,4,9,5.19708138466658,0.14932536547055894,0.08639283846170659,1.4311639313742537,,0,0,0,4,2,4,6,2,6,6,10,0,0,2,0,0,2,4,4,S001;S003;S009;S012;S013,S002;S004;S005;S006;S007;S011,S008;S010;S014;S015
3,"1,3,9|2,4,5,6,8|7",False,False,12,5,5,3.063239571593997,0.4442249441510587,0.418096215530875,3.549356223399556,,0,0,0,5,2,4,6,2,6,6,9,1,0,2,0,0,2,4,3,S001;S003;S010;S013;S014,S002;S004;S005;S006;S007;S009;S011;S012,S008;S015
3,"1,3|2,4,5,6,8,9|7",False,False,11,5,4,2.0343362048735756,0.6274610661494221,0.6145799544463325,4.415194232485246,,0,0,0,5,2,4,6,2,6,6,8,1,0,2,0,0,2,4,2,S001;S003;S013,S002;S004;S005;S006;S007;S009;S010;S011;S012;S014,S008;S015
3,"1,3|2,4,5,6,8|7,9",False,False,12,5,6,3.481666128756183,0.35916292086086715,0.3011008216225055,2.1405572871516187,,0,0,0,5,2,4,6,2,6,6,9,1,0,2,0,0,2,4,3,S001;S003;S013,S002;S004;S005;S006;S007;S009;S011;S012,S008;S010;S014;S015
3,"1,3,9|2,4,5,6|7,8",False,False,11,4,8,4.778654827504395,0.14579566905622376,0.1426170916365301,1.4211115852685385,,0,0,0,4,2,4,6,2,6,6,9,0,0,2,0,0,2,4,3,S001;S003;S010;S013;S014,S002;S004;S005;S006;S007;S011,S008;S009;S012;S015
3,"1,3|2,4,5,6,9|7,8",False,False,10,4,7,3.749751460783973,0.3554634807715302,0.37661834575608016,2.1325977015875743,,0,0,0,4,2,4,6,2,6,6,8,0,0,2,0,0,2,4,2,S001;S003;S013,S002;S004;S005;S006;S007;S010;S011;S014,S008;S009;S012;S015
3,"1,3|2,4,5,6|7,8,9",False,False,11,4,7,3.749751460783973,0.210219550260075,0.25082624250068636,1.6553876369624871,,0,0,0,4,2,4,6,2,6,6,9,0,0,2,0,0,2,4,3,S001;S003;S013,S002;S004;S005;S006;S007;S011,S008;S009;S010;S012;S014;S015
3,"1,3,7,8,9|2,4,5|6",False,False,9,5,5,2.9467017512487703,0.6431924800797953,0.5506760805549684,5.672507434600899,,0,0,0,4,3,4,6,3,6,5,7,0,1,2,0,0,2,3,1,S001;S003;S008;S009;S010;S012;S013;S014;S015,S002;S004;S005;S011,S006;S007
3,"1,3,7,8|2,4,5,9|6",False,False,9,5,6,3.3651283084109567,0.493042401392576,0.4662834797156838,4.557029308751962,,0,0,0,4,3,4,6,3,6,5,7,0,1,2,0,0,2,3,1,S001;S003;S008;S009;S012;S013;S015,S002;S004;S005;S010;S011;S014,S006;S007
3,"1,3,7,8|2,4,5|6,9",False,False,12,5,8,4.812458232293563,0.35638971247591306,0.20194154424035576,2.1541368133613945,,0,0,0,4,3,4,6,3,6,6,9,0,1,2,0,0,2,4,3,S001;S003;S008;S009;S012;S013;S015,S002;S004;S005;S011,S006;S007;S010;S014
3,"1,3,7,9|2,4,5,8|6",False,False,10,6,4,2.6786164192209805,0.4918145318624609,0.47220196084982147,4.540025837145823,,0,0,0,5,3,4,6,3,6,5,7,1,1,2,0,0,2,3,1,S001;S003;S008;S010;S013;S014;S015,S002;S004;S005;S009;S011;S012,S006;S007
3,"1,3,7|2,4,5,8,9|6",False,False,9,5,3,1.6497130525005594,0.5038086301883362,0.5106960261575001,4.688191712572705,,0,0,0,5,3,4,6,3,6,5,6,1,1,2,0,0,2,3,0,S001;S003;S008;S013;S015,S002;S004;S005;S009;S010;S011;S012;S014,S006;S007
3,"1,3,7|2,4,5,8|6,9",False,False,12,6,5,3.097042976383167,0.21557428872492124,0.11353888937708428,1.6888444948066046,,0,0,0,5,3,4,6,3,6,6,8,1,1,2,0,0,2,4,2,S001;S003;S008;S013;S015,S002;S004;S005;S009;S011;S012,S006;S007;S010;S014
3,"1,3,7,9|2,4,5|6,8",False,False,11,5,7,4.3940316751313775,0.35218597647456695,0.26484930845948296,2.128987111806234,,0,0,0,5,2,4,6,2,6,6,8,1,0,2,0,0,2,4,2,S001;S003;S008;S010;S013;S014;S015,S002;S004;S005;S011,S006;S007;S009;S012
3,"1,3,7|2,4,5,9|6,8",False,False,10,5,6,3.3651283084109567,0.21143056696183363,0.2204599269227099,1.667404829828802,,0,0,0,5,2,4,6,2,6,6,7,1,0,2,0,0,2,4,1,S001;S003;S008;S013;S015,S002;S004;S005;S010;S011;S014,S006;S007;S009;S012
3,"1,3,7|2,4,5|6,8,9",False,False,11,5,6,3.3651283084109567,0.1410651683237444,0.08866748403424972,1.4033697313849165,,0,0,0,5,2,4,6,2,6,6,8,1,0,2,0,0,2,4,2,S001;S003;S008;S013;S015,S002;S004;S005;S011,S006;S007;S009;S010;S012;S014
3,"1,3,8,9|2,4,5,7|6",False,False,10,5,7,4.03132150933496,0.48243597212301126,0.47219998230506616,4.384185468894102,,0,0,0,4,3,4,6,3,6,5,8,0,1,2,0,0,2,3,2,S001;S003;S009;S010;S012;S013;S014,S002;S004;S005;S008;S011;S015,S006;S007
3,"1,3,8|2,4,5,7,9|6",False,False,10,5,8,4.449748066497147,0.5194288622711094,0.5368625244484968,4.844032080824427,,0,0,0,4,3,4,6,3,6,5,8,0,1,2,0,0,2,3,2,S001;S003;S009;S012;S013,S002;S004;S005;S008;S010;S011;S014;S015,S006;S007
3,"1,3,8|2,4,5,7|6,9",False,False,13,5,10,5.8970779903797546,0.22337265776467136,0.17674113046097056,1.7625112306369188,,0,0,0,4,3,4,6,3,6,6,10,0,1,2,0,0,2,4,4,S001;S003;S009;S012;S013,S002;S004;S005;S008;S011;S015,S006;S007;S010;S014
3,"1,3,9|2,4,5,7,8|6",False,False,10,5,6,3.7632361773071707,0.5213085355833877,0.4989727089480081,4.8610355524305655,,0,0,0,4,3,4,6,3,6,5,8,0,1,2,0,0,2,3,2,S001;S003;S010;S013;S014,S002;S004;S005;S008;S009;S011;S012;S015,S006;S007
3,"1,3|2,4,5,7,8,9|6",False,False,9,5,5,2.7343328105867495,0.7009791894168302,0.7014575448589535,5.9765136782795,,0,0,0,4,3,4,6,3,6,5,7,0,1,2,0,0,2,3,1,S001;S003;S013,S002;S004;S005;S008;S009;S010;S011;S012;S014;S015,S006;S007
3,"1,3|2,4,5,7,8|6,9",False,False,12,5,7,4.1816627344693575,0.42448456484467423,0.3728728148859684,2.2978425033252683,,0,0,0,4,3,4,6,3,6,6,9,0,1,2,0,0,2,4,3,S001;S003;S013,S002;S004;S005;S008;S009;S011;S012;S015,S006;S007;S010;S014
3,"1,3,9|2,4,5,7|6,8",False,False,12,5,9,5.4786514332175695,0.22022588442184782,0.22428703330166422,1.7484577402333437,,0,0,0,5,2,4,6,2,6,6,9,1,0,2,0,0,2,4,3,S001;S003;S010;S013;S014,S002;S004;S005;S008;S011;S015,S006;S007;S009;S012
3,"1,3|2,4,5,7,9|6,8",False,False,11,5,8,4.449748066497147,0.42051753282362353,0.45469677662578534,2.2715469557183257,,0,0,0,5,2,4,6,2,6,6,8,1,0,2,0,0,2,4,2,S001;S003;S013,S002;S004;S005;S008;S010;S011;S014;S015,S006;S007;S009;S012
3,"1,3|2,4,5,7|6,8,9",False,False,12,5,8,4.449748066497147,0.2195396915579486,0.27933480827382734,1.7453932304076554,,0,0,0,5,2,4,6,2,6,6,9,1,0,2,0,0,2,4,3,S001;S003;S013,S002;S004;S005;S008;S011;S015,S006;S007;S009;S010;S012;S014
3,"1,3,8,9|2,4,5|6,7",False,False,11,5,6,3.5000316197097616,0.3141354371889844,0.2847987549518577,1.9158953742507792,,0,0,0,4,3,4,6,3,6,6,8,0,1,2,0,0,2,4,2,S001;S003;S009;S010;S012;S013;S014,S002;S004;S005;S011,S006;S007;S008;S015
3,"1,3,8|2,4,5,9|6,7",False,False,11,5,7,3.918458176871948,0.1786312748339062,0.24457103851119832,1.5538504495451861,,0,0,0,4,3,4,6,3,6,6,8,0,1,2,0,0,2,4,2,S001;S003;S009;S012;S013,S002;S004;S005;S010;S011;S014,S006;S007;S008;S015
3,"1,3,8|2,4,5|6,7,9",False,False,12,5,9,5.365788100754555,0.1402346827557453,0.1104777027811771,1.3948674169195723,,0,0,0,4,3,4,6,3,6,6,9,0,1,2,0,0,2,4,3,S001;S003;S009;S012;S013,S002;S004;S005;S011,S006;S007;S008;S010;S014;S015
3,"1,3,9|2,4,5,8|6,7",False,False,12,6,5,3.231946287681972,0.1796736419032349,0.2136150538542142,1.5612809911651835,,0,0,0,5,3,4,6,3,6,6,8,1,1,2,0,0,2,4,2,S001;S003;S010;S013;S014,S002;S004;S005;S009;S011;S012,S006;S007;S008;S015
3,"1,3|2,4,5,8,9|6,7",False,False,11,6,4,2.2030429209615505,0.38478310254874765,0.41039529068773806,2.1946143670680662,,0,0,0,5,3,4,6,3,6,6,7,1,1,2,0,0,2,4,1,S001;S003;S013,S002;S004;S005;S009;S010;S011;S012;S014,S006;S007;S008;S015
3,"1,3|2,4,5,8|6,7,9",False,False,12,6,6,3.650372844844158,0.21104736535943797,0.25042743903363024,1.6724419664443637,,0,0,0,5,3,4,6,3,6,6,8,1,1,2,0,0,2,4,2,S001;S003;S013,S002;S004;S005;S009;S011;S012,S006;S007;S008;S010;S014;S015
3,"1,3,9|2,4,5|6,7,8",False,False,10,4,8,4.947361543592368,0.14089933728016032,0.084535991781127,1.401835390325754,,0,0,0,4,2,4,6,2,6,6,8,0,0,2,0,0,2,4,2,S001;S003;S010;S013;S014,S002;S004;S005;S011,S006;S007;S008;S009;S012;S015
3,"1,3|2,4,5,9|6,7,8",False,False,9,4,7,3.918458176871948,0.21060475345432872,0.26356446162211306,1.6644823808803197,,0,0,0,4,2,4,6,2,6,6,7,0,0,2,0,0,2,4,1,S001;S003;S013,S002;S004;S005;S010;S011;S014,S006;S007;S008;S009;S012;S015
3,"1,3|2,4,5|6,7,8,9",False,False,10,4,7,3.918458176871948,0.3512615486458412,0.33204826073514804,2.1235029576697424,,0,0,0,4,2,4,6,2,6,6,8,0,0,2,0,0,2,4,2,S001;S003;S013,S002;S004;S005;S011,S006;S007;S008;S009;S010;S012;S014;S015
3,"1,3,6,7,8,9|2,4|5",False,False,9,5,4,2.4154118616235714,0.8500938322261871,0.7458567777413817,7.2823097807555515,,0,0,0,4,3,4,6,3,6,5,7,0,1,2,0,0,2,3,1,S001;S003;S006;S007;S008;S009;S010;S012;S013;S014;S015,S002;S004,S005;S011
3,"1,3,6,7,8|2,4,9|5",False,False,9,5,5,2.8338384187857577,0.6305635158560273,0.5825746078941663,6.06488779273877,,0,0,0,4,3,4,6,3,6,5,7,0,1,2,0,0,2,3,1,S001;S003;S006;S007;S008;S009;S012;S013;S015,S002;S004;S010;S014,S005;S011
3,"1,3,6,7,8|2,4|5,9",False,False,11,5,7,4.281168342668365,0.5904502461437802,0.4076748154531207,3.646417715373186,,0,0,0,4,3,4,6,3,6,6,8,0,1,2,0,0,2,4,2,S001;S003;S006;S007;S008;S009;S012;S013;S015,S002;S004,S005;S010;S011;S014
3,"1,3,6,7,9|2,4,8|5",False,False,10,6,4,2.4154118616235714,0.6277315171662193,0.6162427723108678,6.046330369041932,,0,0,0,5,3,4,6,3,6,5,7,1,1,2,0,0,2,3,1,S001;S003;S006;S007;S008;S010;S013;S014;S015,S002;S004;S009;S012,S005;S011
3,"1,3,6,7|2,4,8,9|5",False,False,9,5,3,1.38650849490315,0.5015426607427423,0.5189295552323681,4.828908381025151,,1,0,0,5,3,4,6,3,6,5,6,1,1,2,0,0,2,3,0,S001;S003;S006;S007;S008;S013;S015,S002;S004;S009;S010;S012;S014,S005;S011
3,"1,3,6,7|2,4,8|5,9",False,False,11,6,5,2.8338384187857577,0.3336053157651234,0.1783780629205806,2.177712860755039,,0,0,0,5,3,4,6,3,6,6,7,1,1,2,0,0,2,4,1,S001;S003;S006;S007;S008;S013;S015,S002;S004;S009;S012,S005;S010;S011;S014
3,"1,3,6,7,9|2,4|5,8",False,False,11,6,5,3.5946564534783887,0.5867890661351245,0.48286385140452215,3.6352603583317498,,0,0,0,5,4,4,6,4,6,5,7,1,2,2,0,0,2,3,1,S001;S003;S006;S007;S008;S010;S013;S014;S015,S002;S004,S005;S009;S011;S012
3,"1,3,6,7|2,4,9|5,8",False,False,10,5,4,2.565753086757968,0.3324844531044114,0.25222762910472524,2.15963901801956,,0,0,0,5,4,4,6,4,6,5,6,1,2,2,0,0,2,3,0,S001;S003;S006;S007;S008;S013;S015,S002;S004;S010;S014,S005;S009;S011;S012
3,"1,3,6,7|2,4|5,8,9",False,False,12,6,4,2.565753086757968,0.39094850898727546,0.21863221615221032,2.903304672440226,,0,0,0,5,4,4,6,4,6,6,7,1,2,2,0,0,2,4,1,S001;S003;S006;S007;S008;S013;S015,S002;S004,S005;S009;S010;S011;S012;S014
3,"1,3,6,8,9|2,4,7|5",False,False,8,5,6,3.5000316197097616,0.6027710407228014,0.5775613010206174,5.87624770535376,,0,0,0,4,3,3,6,3,5,5,8,0,1,1,0,0,1,3,2,S001;S003;S006;S007;S009;S010;S012;S013;S014,S002;S004;S008;S015,S005;S011
3,"1,3,6,8|2,4,7,9|5",False,False,8,5,7,3.918458176871948,0.4959348587223763,0.5395386062966031,4.658825717336977,,0,0,0,4,3,3,6,3,5,5,8,0,1,1,0,0,1,3,2,S001;S003;S006;S007;S009;S012;S013,S002;S004;S008;S010;S014;S015,S005;S011
3,"1,3,6,8|2,4,7|5,9",False,False,10,5,9,5.365788100754555,0.3051863585211623,0.21441445841831958,2.1010099757799097,,0,0,0,4,3,3,6,3,5,6,9,0,1,1,0,0,1,4,3,S001;S003;S006;S007;S009;S012;S013,S002;S004;S008;S015,S005;S010;S011;S014
3,"1,3,6,9|2,4,7,8|5",False,False,8,5,6,3.5000316197097616,0.4955334664205598,0.5346942976487473,4.6402682936401405,,0,0,0,4,3,3,6,3,5,5,8,0,1,1,0,0,1,3,2,S001;S003;S006;S007;S010;S013;S014,S002;S004;S008;S009;S012;S015,S005;S011
3,"1,3,6|2,4,7,8,9|5",False,False,7,5,5,2.471128252989341,0.55742195136728,0.6238671396682087,5.522708957724432,,0,0,0,4,3,3,6,3,5,5,7,0,1,1,0,0,1,3,1,S001;S003;S006;S007;S013,S002;S004;S008;S009;S010;S012;S014;S015,S005;S011
3,"1,3,6|2,4,7,8|5,9",False,False,9,5,7,3.918458176871948,0.25813345718219544,0.23757313409147052,1.9415731389757769,,0,0,0,4,3,3,6,3,5,6,8,0,1,1,0,0,1,4,2,S001;S003;S006;S007;S013,S002;S004;S008;S009;S012;S015,S005;S010;S011;S014
3,"1,3,6,9|2,4,7|5,8",False,False,10,6,7,4.679276211564579,0.30068486735740485,0.30512161945663563,2.075273264740803,,0,0,0,5,4,3,6,4,5,5,8,1,2,1,0,0,1,3,2,S001;S003;S006;S007;S010;S013;S014,S002;S004;S008;S015,S005;S009;S011;S012
3,"1,3,6|2,4,7,9|5,8",False,False,9,6,6,3.650372844844158,0.25358139817496944,0.34452441357997315,1.917159667729469,,0,0,0,5,4,3,6,4,5,5,7,1,2,1,0,0,1,3,1,S001;S003;S006;S007;S013,S002;S004;S008;S010;S014;S015,S005;S009;S011;S012
3,"1,3,6|2,4,7|5,8,9",False,False,11,6,6,3.650372844844158,0.052578839018131,0.07702112398686405,1.1251402260864969,,0,0,0,5,4,3,6,4,5,6,8,1,2,1,0,0,1,4,2,S001;S003;S006;S007;S013,S002;S004;S008;S015,S005;S009;S010;S011;S012;S014
3,"1,3,6,8,9|2,4|5,7",False,False,12,5,6,3.5000316197097616,0.5538635008309862,0.4572768926102874,3.533000850959999,,0,0,0,4,3,4,6,3,6,6,9,0,1,2,0,0,2,4,3,S001;S003;S006;S007;S009;S010;S012;S013;S014,S002;S004,S005;S008;S011;S015
3,"1,3,6,8|2,4,9|5,7",False,False,12,5,7,3.918458176871948,0.2924883207985882,0.27450526109215545,1.936286584193383,,0,0,0,4,3,4,6,3,6,6,9,0,1,2,0,0,2,4,3,S001;S003;S006;S007;S009;S012;S013,S002;S004;S010;S014,S005;S008;S011;S015
3,"1,3,6,8|2,4|5,7,9",False,False,12,5,9,5.365788100754555,0.37470572421198234,0.26098704617627777,2.8010451650684742,,0,0,0,4,3,4,6,3,6,6,9,0,1,2,0,0,2,4,3,S001;S003;S006;S007;S009;S012;S013,S002;S004,S005;S008;S010;S011;S014;S015
3,"1,3,6,9|2,4,8|5,7",False,False,13,6,6,3.5000316197097616,0.28908249511950523,0.30613153840407614,1.9285738057548891,,0,0,0,5,3,4,6,3,6,6,9,1,1,2,0,0,2,4,3,S001;S003;S006;S007;S010;S013;S014,S002;S004;S009;S012,S005;S008;S011;S015
3,"1,3,6|2,4,8,9|5,7",False,False,12,6,5,2.471128252989341,0.21189782489855083,0.267525092862739,1.7109479112816302,,0,0,0,5,3,4,6,3,6,6,8,1,1,2,0,0,2,4,2,S001;S003;S006;S007;S013,S002;S004;S009;S010;S012;S014,S005;S008;S011;S015
3,"1,3,6|2,4,8|5,7,9",False,False,12,6,7,3.918458176871948,0.0920976148968431,0.1267595209560638,1.2498113100971142,,0,0,0,5,3,4,6,3,6,6,8,1,1,2,0,0,2,4,2,S001;S003;S006;S007;S013,S002;S004;S009;S012,S005;S008;S010;S011;S014;S015
3,"1,3,6,9|2,4|5,7,8",False,False,13,5,7,4.679276211564579,0.3731753165114363,0.27838432394728857,2.789887808027039,,0,0,0,4,4,4,6,4,6,6,9,0,2,2,0,0,2,4,3,S001;S003;S006;S007;S010;S013;S014,S002;S004,S005;S008;S009;S011;S012;S015
3,"1,3,6|2,4,9|5,7,8",False,False,12,5,6,3.650372844844158,0.09653049562149155,0.05821151693013255,1.264304722525096,,0,0,0,4,4,4,6,4,6,6,8,0,2,2,0,0,2,4,2,S001;S003;S006;S007;S013,S002;S004;S010;S014,S005;S008;S009;S011;S012;S015
3,"1,3,6|2,4|5,7,8,9",False,False,12,5,6,3.650372844844158,0.39426739406052475,0.2956213161822338,2.921675438768368,,0,0,0,4,4,4,6,4,6,6,8,0,2,2,0,0,2,4,2,S001;S003;S006;S007;S013,S002;S004,S005;S008;S009;S010;S011;S012;S014;S015
3,"1,3,7,8,9|2,4,6|5",False,False,12,5,4,2.2467051455355964,0.6503206609758371,0.6087111120245398,6.190919497247965,,0,0,0,4,3,5,6,3,7,5,8,0,1,3,0,0,3,3,2,S001;S003;S008;S009;S010;S012;S013;S014;S015,S002;S004;S006;S007,S005;S011
3,"1,3,7,8|2,4,6,9|5",False,False,12,5,5,2.6651317026977828,0.5089794949326932,0.5286711870561841,4.973497509231183,,0,0,0,4,3,5,6,3,7,5,8,0,1,3,0,0,3,3,2,S001;S003;S008;S009;S012;S013;S015,S002;S004;S006;S007;S010;S014,S005;S011
3,"1,3,7,8|2,4,6|5,9",False,False,14,5,7,4.11246162658039,0.35984038376672745,0.23596452508865232,2.2429188201923536,,0,0,0,4,3,5,6,3,7,6,9,0,1,3,0,0,3,4,3,S001;S003;S008;S009;S012;S013;S015,S002;S004;S006;S007,S005;S010;S011;S014
3,"1,3,7,9|2,4,6,8|5",False,False,12,5,4,2.2467051455355964,0.5078914506944614,0.5339098228970572,4.9549400855343455,,0,0,0,5,2,5,6,2,7,5,8,1,0,3,0,0,3,3,2,S001;S003;S008;S010;S013;S014;S015,S002;S004;S006;S007;S009;S012,S005;S011
3,"1,3,7|2,4,6,8,9|5",False,False,11,5,3,1.2178017788151754,0.5259698174038225,0.5840133987846368,5.208037165830227,,0,0,0,5,2,5,6,2,7,5,7,1,0,3,0,0,3,3,1,S001;S003;S008;S013;S015,S002;S004;S006;S007;S009;S010;S012;S014,S005;S011
3,"1,3,7|2,4,6,8|5,9",False,False,13,5,5,2.6651317026977828,0.23621080599023966,0.17067556726139477,1.7996642945633332,,0,0,0,5,2,5,6,2,7,6,8,1,0,3,0,0,3,4,2,S001;S003;S008;S013;S015,S002;S004;S006;S007;S009;S012,S005;S010;S011;S014
3,"1,3,7,9|2,4,6|5,8",False,False,13,6,5,3.4259497373904138,0.3555327852809281,0.3245996009188749,2.2160043422479285,,0,0,0,5,3,5,6,3,7,5,8,1,1,3,0,0,3,3,2,S001;S003;S008;S010;S013;S014;S015,S002;S004;S006;S007,S005;S009;S011;S012
3,"1,3,7|2,4,6,9|5,8",False,False,12,6,4,2.397046370669993,0.2319922521555462,0.28629222142296773,1.776428590222344,,1,0,0,5,3,5,6,3,7,5,7,1,1,3,0,0,3,3,1,S001;S003;S008;S013;S015,S002;S004;S006;S007;S010;S014,S005;S009;S011;S012
3,"1,3,7|2,4,6|5,8,9",False,False,14,6,4,2.397046370669993,0.12457551953873933,0.024566632432525194,1.356810269986932,,0,0,0,5,3,5,6,3,7,6,8,1,1,3,0,0,3,4,2,S001;S003;S008;S013;S015,S002;S004;S006;S007,S005;S009;S010;S011;S012;S014
3,"1,3,8,9|2,4,6,7|5",False,False,10,5,5,2.8000350139965877,0.49975947440119545,0.5301953525663556,4.784857421846173,,0,0,0,4,3,4,6,3,6,5,8,0,1,2,0,0,2,3,2,S001;S003;S009;S010;S012;S013;S014,S002;S004;S006;S007;S008;S015,S005;S011
3,"1,3,8|2,4,6,7,9|5",False,False,10,5,6,3.218461571158774,0.5418213073014693,0.5814160496015573,5.3781198295184,,0,0,0,4,3,4,6,3,6,5,8,0,1,2,0,0,2,3,2,S001;S003;S009;S012;S013,S002;S004;S006;S007;S008;S010;S014;S015,S005;S011
3,"1,3,8|2,4,6,7|5,9",False,False,12,5,8,4.665791495041381,0.24527838930938714,0.19761466987396237,1.8763671795384624,,0,0,0,4,3,4,6,3,6,6,9,0,1,2,0,0,2,4,3,S001;S003;S009;S012;S013,S002;S004;S006;S007;S008;S015,S005;S010;S011;S014
3,"1,3,9|2,4,6,7,8|5",False,False,9,4,5,2.8000350139965877,0.5437181720378321,0.5544713487517888,5.396677253215237,,0,0,0,4,2,4,6,2,6,5,8,0,0,2,0,0,2,3,2,S001;S003;S010;S013;S014,S002;S004;S006;S007;S008;S009;S012;S015,S005;S011
3,"1,3|2,4,6,7,8,9|5",False,False,8,4,4,1.7711316472761667,0.7224870977101749,0.7520339265510959,6.614099241232017,,0,0,0,4,2,4,6,2,6,5,7,0,0,2,0,0,2,3,1,S001;S003;S013,S002;S004;S006;S007;S008;S009;S010;S012;S014;S015,S005;S011
3,"1,3|2,4,6,7,8|5,9",False,False,10,4,6,3.218461571158774,0.44419037145497414,0.39106037327524323,2.433761946250889,,0,0,0,4,2,4,6,2,6,6,8,0,0,2,0,0,2,4,2,S001;S003;S013,S002;S004;S006;S007;S008;S009;S012;S015,S005;S010;S011;S014
3,"1,3,9|2,4,6,7|5,8",False,False,11,6,6,3.979279605851405,0.2422038582440171,0.2768979673513796,1.8607943435011003,,0,0,0,5,3,4,6,3,6,5,8,1,1,2,0,0,2,3,2,S001;S003;S010;S013;S014,S002;S004;S006;S007;S008;S015,S005;S009;S011;S012
3,"1,3|2,4,6,7,9|5,8",False,False,10,6,5,2.9503762391309842,0.4401672241558883,0.48488436304437826,2.4052635732440386,,0,0,0,5,3,4,6,3,6,5,7,1,1,2,0,0,2,3,1,S001;S003;S013,S002;S004;S006;S007;S008;S010;S014;S015,S005;S009;S011;S012
3,"1,3|2,4,6,7|5,8,9",False,False,12,6,5,2.9503762391309842,0.2271827984644354,0.2657467497153796,1.7845920326328204,,0,0,0,5,3,4,6,3,6,6,8,1,1,2,0,0,2,4,2,S001;S003;S013,S002;S004;S006;S007;S008;S015,S005;S009;S010;S011;S012;S014
3,"1,3,8,9|2,4,6|5,7",False,False,15,5,6,3.3313249036217867,0.31639658525991293,0.2957311326399138,1.9886674873287062,,0,0,0,4,3,5,6,3,7,6,10,0,1,3,0,0,3,4,4,S001;S003;S009;S010;S012;S013;S014,S002;S004;S006;S007,S005;S008;S011;S015
3,"1,3,8|2,4,6,9|5,7",False,False,15,5,7,3.749751460783973,0.20020933955521492,0.25895167635310484,1.6508542297078137,,0,0,0,4,3,5,6,3,7,6,10,0,1,3,0,0,3,4,4,S001;S003;S009;S012;S013,S002;S004;S006;S007;S010;S014,S005;S008;S011;S015
3,"1,3,8|2,4,6|5,7,9",False,False,15,5,9,5.19708138466658,0.11976047546537918,0.09976593666655001,1.3154131330215435,,0,0,0,4,3,5,6,3,7,6,10,0,1,3,0,0,3,4,4,S001;S003;S009;S012;S013,S002;S004;S006;S007,S005;S008;S010;S011;S014;S015
3,"1,3,9|2,4,6,8|5,7",False,False,15,5,6,3.3313249036217867,0.20139548191946147,0.23555977839123782,1.6585670081463075,,0,0,0,5,2,5,6,2,7,6,10,1,0,3,0,0,3,4,4,S001;S003;S010;S013;S014,S002;S004;S006;S007;S009;S012,S005;S008;S011;S015
3,"1,3|2,4,6,8,9|5,7",False,False,14,5,5,2.302421536901366,0.40383719439889415,0.43573021764613595,2.2338131692932315,,0,0,0,5,2,5,6,2,7,6,9,1,0,3,0,0,3,4,3,S001;S003;S013,S002;S004;S006;S007;S009;S010;S012;S014,S005;S008;S011;S015
3,"1,3|2,4,6,8|5,7,9",False,False,14,5,7,3.749751460783973,0.21463828162243218,0.2508739078180868,1.711640768669529,,0,0,0,5,2,5,6,2,7,6,9,1,0,3,0,0,3,4,3,S001;S003;S013,S002;S004;S006;S007;S009;S012,S005;S008;S010;S011;S014;S015
3,"1,3,9|2,4,6|5,7,8",False,False,15,5,7,4.510569495476604,0.12011058752510592,0.07674271380120046,1.3221499306501867,,0,0,0,4,3,5,6,3,7,6,10,0,1,3,0,0,3,4,4,S001;S003;S010;S013;S014,S002;S004;S006;S007,S005;S008;S009;S011;S012;S015
3,"1,3|2,4,6,9|5,7,8",False,False,14,5,6,3.481666128756183,0.21372228053557302,0.2647878412835279,1.7036811831054848,,0,0,0,4,3,5,6,3,7,6,9,0,1,3,0,0,3,4,3,S001;S003;S013,S002;S004;S006;S007;S010;S014,S005;S008;S009;S011;S012;S015
3,"1,3|2,4,6|5,7,8,9",False,False,14,5,6,3.481666128756183,0.33348116066216166,0.30969629989612546,2.0843041554445767,,0,0,0,4,3,5,6,3,7,6,9,0,1,3,0,0,3,4,3,S001;S003;S013,S002;S004;S006;S007,S005;S008;S009;S010;S011;S012;S014;S015
3,"1,3,7,8,9|2,4|5,6",False,False,10,5,5,2.9467017512487703,0.6156367166749288,0.49344401642873553,3.7221922813216644,,0,0,0,4,3,4,6,3,7,5,7,0,1,2,0,0,3,3,1,S001;S003;S008;S009;S010;S012;S013;S014;S015,S002;S004,S005;S006;S007;S011
3,"1,3,7,8|2,4,9|5,6",False,False,10,5,6,3.3651283084109567,0.3668181579108188,0.31836944938845313,2.378081962248508,,0,0,0,4,3,4,6,3,7,5,7,0,1,2,0,0,3,3,1,S001;S003;S008;S009;S012;S013;S015,S002;S004;S010;S014,S005;S006;S007;S011
3,"1,3,7,8|2,4|5,6,9",False,False,13,5,8,4.812458232293563,0.4076430751659012,0.26125365043433885,2.9902365954301406,,0,0,0,4,3,4,6,3,7,6,9,0,1,2,0,0,3,4,3,S001;S003;S008;S009;S012;S013;S015,S002;S004,S005;S006;S007;S010;S011;S014
3,"1,3,7,9|2,4,8|5,6",False,False,10,5,5,2.9467017512487703,0.363621528163451,0.3478457927064675,2.369208714704432,,0,0,0,5,2,4,6,2,7,5,7,1,0,2,0,0,3,3,1,S001;S003;S008;S010;S013;S014;S015,S002;S004;S009;S012,S005;S006;S007;S011
3,"1,3,7|2,4,8,9|5,6",False,False,9,4,4,1.9177983845283493,0.2651696980428183,0.30732765738189743,1.9683781237705589,,1,0,0,5,2,4,6,2,7,5,6,1,0,2,0,0,3,3,0,S001;S003;S008;S013;S015,S002;S004;S009;S010;S012;S014,S005;S006;S007;S011
3,"1,3,7|2,4,8|5,6,9",False,False,12,5,6,3.3651283084109567,0.10324052032534317,0.09014609090612506,1.289143903550957,,0,0,0,5,2,4,6,2,7,6,8,1,0,2,0,0,3,4,2,S001;S003;S008;S013;S015,S002;S004;S009;S012,S005;S006;S007;S010;S011;S014
3,"1,3,7,9|2,4|5,6,8",False,False,13,6,6,4.125946343103587,0.40536388715164223,0.2908439110946254,2.979079238388705,,0,0,0,5,3,4,6,3,7,6,8,1,1,2,0,0,3,4,2,S001;S003;S008;S010;S013;S014;S015,S002;S004,S005;S006;S007;S009;S011;S012
3,"1,3,7|2,4,9|5,6,8",False,False,12,6,5,3.097042976383167,0.10554882539463592,0.048425935486133366,1.297448641903604,,0,0,0,5,3,4,6,3,7,6,7,1,1,2,0,0,3,4,1,S001;S003;S008;S013;S015,S002;S004;S010;S014,S005;S006;S007;S009;S011;S012
3,"1,3,7|2,4|5,6,8,9",False,False,13,6,5,3.097042976383167,0.36610319553441695,0.26638863749199615,2.732484008406702,,0,0,0,5,3,4,6,3,7,6,8,1,1,2,0,0,3,4,2,S001;S003;S008;S013;S015,S002;S004,S005;S006;S007;S009;S010;S011;S012;S014
3,"1,3,8,9|2,4,7|5,6",False,False,9,5,7,4.03132150933496,0.33580731673336656,0.3215088591659419,2.2878835478862536,,0,0,0,4,3,3,6,3,6,5,8,0,1,1,0,0,2,3,2,S001;S003;S009;S010;S012;S013;S014,S002;S004;S008;S015,S005;S006;S007;S011
3,"1,3,8|2,4,7,9|5,6",False,False,9,5,8,4.449748066497147,0.27564684044749677,0.3456799723143628,2.0497032905887385,,0,0,0,4,3,3,6,3,6,5,8,0,1,1,0,0,2,3,2,S001;S003;S009;S012;S013,S002;S004;S008;S010;S014;S015,S005;S006;S007;S011
3,"1,3,8|2,4,7|5,6,9",False,False,12,5,10,5.8970779903797546,0.061356988967857476,0.017150797163952736,1.162293242506109,,0,0,0,4,3,3,6,3,6,6,10,0,1,1,0,0,2,4,4,S001;S003;S009;S012;S013,S002;S004;S008;S015,S005;S006;S007;S010;S011;S014
3,"1,3,9|2,4,7,8|5,6",False,False,8,4,7,4.03132150933496,0.2771493416034545,0.31532548802700905,2.058576538132814,,1,0,0,4,2,3,6,2,6,5,8,0,0,1,0,0,2,3,2,S001;S003;S010;S013;S014,S002;S004;S008;S009;S012;S015,S005;S006;S007;S011
3,"1,3|2,4,7,8,9|5,6",False,False,7,4,6,3.0024181426145398,0.4717772177518204,0.5234721919588379,2.640687872213881,,1,0,0,4,2,3,6,2,6,5,7,0,0,1,0,0,2,3,1,S001;S003;S013,S002;S004;S008;S009;S010;S012;S014;S015,S005;S006;S007;S011
3,"1,3|2,4,7,8|5,6,9",False,False,10,4,8,4.449748066497147,0.24307110720006309,0.278804009943538,1.846608698113312,,0,0,0,4,2,3,6,2,6,6,9,0,0,1,0,0,2,4,3,S001;S003;S013,S002;S004;S008;S009;S012;S015,S005;S006;S007;S010;S011;S014
3,"1,3,9|2,4,7|5,6,8",False,False,12,6,8,5.210566101189778,0.0591138345654415,0.06801870264604698,1.1562471153760654,,0,0,0,5,3,3,6,3,6,6,9,1,1,1,0,0,2,4,3,S001;S003;S010;S013;S014,S002;S004;S008;S015,S005;S006;S007;S009;S011;S012
3,"1,3|2,4,7,9|5,6,8",False,False,11,6,7,4.1816627344693575,0.24079607886083307,0.32474557692200745,1.838649112549268,,0,0,0,5,3,3,6,3,6,6,8,1,1,1,0,0,2,4,2,S001;S003;S013,S002;S004;S008;S010;S014;S015,S005;S006;S007;S009;S011;S012
3,"1,3|2,4,7|5,6,8,9",False,False,12,6,7,4.1816627344693575,0.2775606789910354,0.2721077422349588,1.9493362260007936,,0,0,0,5,3,3,6,3,6,6,9,1,1,1,0,0,2,4,3,S001;S003;S013,S002;S004;S008;S015,S005;S006;S007;S009;S010;S011;S012;S014
3,"1,3,8,9|2,4|5,6,7",False,False,13,5,6,3.5000316197097616,0.3863715661105286,0.28440898898461536,2.876819731016954,,0,0,0,4,3,4,6,3,7,6,9,0,1,2,0,0,3,4,3,S001;S003;S009;S010;S012;S013;S014,S002;S004,S005;S006;S007;S008;S011;S015
3,"1,3,8|2,4,9|5,6,7",False,False,13,5,7,3.918458176871948,0.09307952226249652,0.060830787453502,1.23840584525196,,0,0,0,4,3,4,6,3,7,6,9,0,1,2,0,0,3,4,3,S001;S003;S009;S012;S013,S002;S004;S010;S014,S005;S006;S007;S008;S011;S015
3,"1,3,8|2,4|5,6,7,9",False,False,13,5,9,5.365788100754555,0.37962472197336256,0.29536960389078665,2.8347435157784533,,0,0,0,4,3,4,6,3,7,6,9,0,1,2,0,0,3,4,3,S001;S003;S009;S012;S013,S002;S004,S005;S006;S007;S008;S010;S011;S014;S015
3,"1,3,9|2,4,8|5,6,7",False,False,13,5,6,3.5000316197097616,0.08894725010534862,0.09516631122367793,1.2240782069382166,,0,0,0,5,2,4,6,2,7,6,9,1,0,2,0,0,3,4,3,S001;S003;S010;S013;S014,S002;S004;S009;S012,S005;S006;S007;S008;S011;S015
3,"1,3|2,4,8,9|5,6,7",False,False,12,5,5,2.471128252989341,0.22324825336071838,0.27126651596077533,1.7656978485859762,,0,0,0,5,2,4,6,2,7,6,8,1,0,2,0,0,3,4,2,S001;S003;S013,S002;S004;S009;S010;S012;S014,S005;S006;S007;S008;S011;S015
3,"1,3|2,4,8|5,6,7,9",False,False,12,5,7,3.918458176871948,0.3066223005860006,0.33313106215006505,2.0222874899640852,,0,0,0,5,2,4,6,2,7,6,8,1,0,2,0,0,3,4,2,S001;S003;S013,S002;S004;S009;S012,S005;S006;S007;S008;S010;S011;S014;S015
3,"1,3,9|2,4|5,6,7,8",False,False,13,5,7,4.679276211564579,0.38134951939268685,0.2515522739683472,2.845900872819889,,0,0,0,4,3,4,6,3,7,6,9,0,1,2,0,0,3,4,3,S001;S003;S010;S013;S014,S002;S004,S005;S006;S007;S008;S009;S011;S012;S015
3,"1,3|2,4,9|5,6,7,8",False,False,12,5,6,3.650372844844158,0.30997087893484976,0.27115049295351945,2.0302470755281297,,0,0,0,4,3,4,6,3,7,6,8,0,1,2,0,0,3,4,2,S001;S003;S013,S002;S004;S010;S014,S005;S006;S007;S008;S009;S011;S012;S015
3,"1,3|2,4|5,6,7,8,9",False,False,12,5,6,3.650372844844158,0.5681608551608246,0.4699082668426285,3.5778565587114124,,0,0,0,4,3,4,6,3,7,6,8,0,1,2,0,0,3,4,2,S001;S003;S013,S002;S004,S005;S006;S007;S008;S009;S010;S011;S012;S014;S015
3,"1,3,5,6,7,8,9|2|4",False,False,8,5,3,2.147326529595781,1.0594604963364977,0.8951277378057642,10.136534814894274,,0,0,0,4,3,4,6,3,5,5,7,0,1,2,0,0,1,3,1,S001;S003;S005;S006;S007;S008;S009;S010;S011;S012;S013;S014;S015,S002,S004
3,"1,3,5,6,7,8|2,9|4",False,False,8,5,5,3.4918800404678056,0.8130638105981544,0.6221337676999381,8.34924927034737,,0,0,0,4,3,4,6,3,5,5,7,0,1,2,0,0,1,3,1,S001;S003;S005;S006;S007;S008;S009;S011;S012;S013;S015,S002;S010;S014,S004
3,"1,3,5,6,7,8|2|4,9",False,False,10,5,5,3.086956056930737,0.8143840450044694,0.6362429797956525,8.64655910852506,,0,0,0,4,3,4,6,3,5,6,8,0,1,2,0,0,1,4,2,S001;S003;S005;S006;S007;S008;S009;S011;S012;S013;S015,S002,S004;S010;S014
3,"1,3,5,6,7,9|2,8|4",False,False,9,6,5,3.3415388153334096,0.8095869889327296,0.6839175229579235,8.327318199280738,,0,0,0,5,3,4,6,3,5,5,7,1,1,2,0,0,1,3,1,S001;S003;S005;S006;S007;S008;S010;S011;S013;S014;S015,S002;S009;S012,S004
3,"1,3,5,6,7|2,8,9|4",False,False,9,6,4,2.3126354486129883,0.6136730957255438,0.4809450096335235,6.8885749462596495,,0,0,0,5,3,4,6,3,5,5,7,1,1,2,0,0,1,3,1,S001;S003;S005;S006;S007;S008;S011;S013;S015,S002;S009;S010;S012;S014,S004
3,"1,3,5,6,7|2,8|4,9",False,False,11,6,5,2.8338384187857577,0.5361619173254707,0.34575695063794204,2.8391396645845086,,0,0,0,5,3,4,6,3,5,6,8,1,1,2,0,0,1,4,2,S001;S003;S005;S006;S007;S008;S011;S013;S015,S002;S009;S012,S004;S010;S014
3,"1,3,5,6,7,9|2|4,8",False,False,8,5,5,2.9366148317963403,0.8109330780432807,0.7014017266758061,8.623847090216495,,0,0,0,5,2,4,6,2,5,5,7,1,0,2,0,0,1,3,1,S001;S003;S005;S006;S007;S008;S010;S011;S013;S014;S015,S002,S004;S009;S012
3,"1,3,5,6,7|2,9|4,8",False,False,8,5,5,2.8338384187857577,0.5361924592459882,0.351440156942035,2.865036540557103,,0,0,0,5,2,4,6,2,5,5,7,1,0,2,0,0,1,3,1,S001;S003;S005;S006;S007;S008;S011;S013;S015,S002;S010;S014,S004;S009;S012
3,"1,3,5,6,7|2|4,8,9",False,False,10,5,4,1.9077114650759193,0.6171909311440092,0.48396513125372737,7.133871383847282,,0,0,0,5,2,4,6,2,5,6,8,1,0,2,0,0,1,4,2,S001;S003;S005;S006;S007;S008;S011;S013;S015,S002,S004;S009;S010;S012;S014
3,"1,3,5,6,8,9|2,7|4",False,False,8,5,5,3.231946287681972,0.7782481809189984,0.6435665896979131,8.126315352900537,,0,0,0,4,3,3,6,3,5,5,8,0,1,1,0,0,1,3,2,S001;S003;S005;S006;S007;S009;S010;S011;S012;S013;S014,S002;S008;S015,S004
3,"1,3,5,6,8|2,7,9|4",False,False,8,5,7,4.576499798553996,0.5932571790823664,0.4901562616883034,6.687572099879449,,0,0,0,4,3,3,6,3,5,5,8,0,1,1,0,0,1,3,2,S001;S003;S005;S006;S007;S009;S011;S012;S013,S002;S008;S010;S014;S015,S004
3,"1,3,5,6,8|2,7|4,9",False,False,10,5,7,4.1715758150169275,0.5002688046191821,0.35998754314714726,2.7422206464723,,0,0,0,4,3,3,6,3,5,6,9,0,1,1,0,0,1,4,3,S001;S003;S005;S006;S007;S009;S011;S012;S013,S002;S008;S015,S004;S010;S014
3,"1,3,5,6,9|2,7,8|4",False,False,8,5,7,4.4261585734196,0.5911665883735674,0.5164352172349655,6.665641028812814,,0,0,0,4,3,3,6,3,5,5,8,0,1,1,0,0,1,3,2,S001;S003;S005;S006;S007;S010;S011;S013;S014,S002;S008;S009;S012;S015,S004
3,"1,3,5,6|2,7,8,9|4",False,False,7,5,6,3.397255206699179,0.5275501337310757,0.48047397866761576,5.526709990074228,,0,0,0,4,3,3,6,3,5,5,7,0,1,1,0,0,1,3,1,S001;S003;S005;S006;S007;S011;S013,S002;S008;S009;S010;S012;S014;S015,S004
3,"1,3,5,6|2,7,8|4,9",False,False,9,5,7,3.918458176871948,0.29214766893014255,0.1755186223449594,2.1432751353865163,,0,0,0,4,3,3,6,3,5,6,8,0,1,1,0,0,1,4,2,S001;S003;S005;S006;S007;S011;S013,S002;S008;S009;S012;S015,S004;S010;S014
3,"1,3,5,6,9|2,7|4,8",False,False,8,5,7,4.02123458988253,0.4962284980206853,0.4352116890288102,2.7088676317553957,,0,0,0,5,2,3,6,2,5,5,8,1,0,1,0,0,1,3,2,S001;S003;S005;S006;S007;S010;S011;S013;S014,S002;S008;S015,S004;S009;S012
3,"1,3,5,6|2,7,9|4,8",False,False,7,5,7,3.918458176871948,0.2894827303270443,0.2549930388263057,2.124172924724431,,0,0,0,5,2,3,6,2,5,5,7,1,0,1,0,0,1,3,1,S001;S003;S005;S006;S007;S011;S013,S002;S008;S010;S014;S015,S004;S009;S012
3,"1,3,5,6|2,7|4,8,9",False,False,9,5,6,2.9923312231621098,0.2709035381471356,0.1684954745690734,1.9894617553788538,,0,0,0,5,2,3,6,2,5,6,8,1,0,1,0,0,1,4,2,S001;S003;S005;S006;S007;S011;S013,S002;S008;S015,S004;S009;S010;S012;S014
3,"1,3,5,6,8,9|2|4,7",False,False,8,4,5,3.231946287681972,0.7798408634196619,0.6429173096480956,8.415686699272046,,0,0,0,4,3,3,6,3,4,6,8,0,1,1,0,0,0,4,2,S001;S003;S005;S006;S007;S009;S010;S011;S012;S013;S014,S002,S004;S008;S015
3,"1,3,5,6,8|2,9|4,7",False,False,8,4,7,4.576499798553996,0.5006014436425935,0.3447977010428515,2.7814371743416055,,0,0,0,4,3,3,6,3,4,6,8,0,1,1,0,0,0,4,2,S001;S003;S005;S006;S007;S009;S011;S012;S013,S002;S010;S014,S004;S008;S015
3,"1,3,5,6,8|2|4,7,9",False,False,9,4,7,4.1715758150169275,0.5971467443950534,0.49073662982477345,6.925710992902831,,0,0,0,4,3,3,6,3,4,6,9,0,1,1,0,0,0,4,3,S001;S003;S005;S006;S007;S009;S011;S012;S013,S002,S004;S008;S010;S014;S015
3,"1,3,5,6,9|2,8|4,7",False,False,9,5,7,4.4261585734196,0.4965308640836668,0.4165605759693463,2.7472570135946706,,0,0,0,5,3,3,6,3,4,6,8,1,1,1,0,0,0,4,2,S001;S003;S005;S006;S007;S010;S011;S013;S014,S002;S009;S012,S004;S008;S015
3,"1,3,5,6|2,8,9|4,7",False,False,8,5,6,3.397255206699179,0.26747016855528727,0.17167592434004547,1.9637609826562252,,0,0,0,5,3,3,6,3,4,6,7,1,1,1,0,0,0,4,1,S001;S003;S005;S006;S007;S011;S013,S002;S009;S010;S012;S014,S004;S008;S015
3,"1,3,5,6|2,8|4,7,9",False,False,9,5,7,3.918458176871948,0.29368186963252985,0.2193732582525392,2.1542761621598654,,0,0,0,5,3,3,6,3,4,6,8,1,1,1,0,0,0,4,2,S001;S003;S005;S006;S007;S011;S013,S002;S009;S012,S004;S008;S010;S014;S015
3,"1,3,5,6,9|2|4,7,8",False,False,7,3,7,4.02123458988253,0.595097337231669,0.5210229991480502,6.902998974594263,,0,0,0,4,2,3,6,2,4,6,8,0,0,1,0,0,0,4,2,S001;S003;S005;S006;S007;S010;S011;S013;S014,S002,S004;S008;S009;S012;S015
3,"1,3,5,6|2,9|4,7,8",False,False,6,3,7,3.918458176871948,0.29641955633669964,0.14533883050135715,2.173926136861034,,1,0,0,4,2,3,6,2,4,6,7,0,0,1,0,0,0,4,1,S001;S003;S005;S006;S007;S011;S013,S002;S010;S014,S004;S008;S009;S012;S015
3,"1,3,5,6|2|4,7,8,9",False,False,7,3,6,2.9923312231621098,0.5339669107951412,0.47010410548006193,5.759120716853375,,1,0,0,4,2,3,6,2,4,6,8,0,0,1,0,0,0,4,2,S001;S003;S005;S006;S007;S011;S013,S002,S004;S008;S009;S010;S012;S014;S015
3,"1,3,5,7,8,9|2,6|4",False,False,12,5,4,2.6786164192209805,0.8369547188083831,0.6740130184039693,8.498192912169332,,0,0,0,4,4,5,6,4,6,5,8,0,2,3,0,0,2,3,2,S001;S003;S005;S008;S009;S010;S011;S012;S013;S014;S015,S002;S006;S007,S004
3,"1,3,5,7,8|2,6,9|4",False,False,12,5,6,4.023169930093005,0.6326940479984082,0.49607327538783086,7.0594496591482425,,0,0,0,4,4,5,6,4,6,5,8,0,2,3,0,0,2,3,2,S001;S003;S005;S008;S009;S011;S012;S013;S015,S002;S006;S007;S010;S014,S004
3,"1,3,5,7,8|2,6|4,9",False,False,14,5,6,3.618245946555936,0.5673219552520178,0.3924734149260018,3.1300005174559384,,0,0,0,4,4,5,6,4,6,6,9,0,2,3,0,0,2,4,3,S001;S003;S005;S008;S009;S011;S012;S013;S015,S002;S006;S007,S004;S010;S014
3,"1,3,5,7,9|2,6,8|4",False,False,12,6,6,3.8728287049586085,0.6301723416882721,0.5290579423249948,7.0375185880816105,,0,0,0,5,3,5,6,3,6,5,8,1,1,3,0,0,2,3,2,S001;S003;S005;S008;S010;S011;S013;S014;S015,S002;S006;S007;S009;S012,S004
3,"1,3,5,7|2,6,8,9|4",False,False,12,6,5,2.8439253382381877,0.5286521504990489,0.4669086803973403,5.598775335060522,,0,0,0,5,3,5,6,3,6,5,8,1,1,3,0,0,2,3,2,S001;S003;S005;S008;S011;S013;S015,S002;S006;S007;S009;S010;S012;S014,S004
3,"1,3,5,7|2,6,8|4,9",False,False,14,6,6,3.3651283084109567,0.33128818162580365,0.17109295954483988,2.2957625113364517,,0,0,0,5,3,5,6,3,6,6,9,1,1,3,0,0,2,4,3,S001;S003;S005;S008;S011;S013;S015,S002;S006;S007;S009;S012,S004;S010;S014
3,"1,3,5,7,9|2,6|4,8",False,False,12,6,6,3.4679047214215393,0.5634481607686981,0.4660920122055237,3.1202767759319845,,0,0,0,5,3,5,6,3,6,5,8,1,1,3,0,0,2,3,2,S001;S003;S005;S008;S010;S011;S013;S014;S015,S002;S006;S007,S004;S009;S012
3,"1,3,5,7|2,6,9|4,8",False,False,12,6,6,3.3651283084109567,0.329478476370338,0.24304278088002507,2.275301237654126,,0,0,0,5,3,5,6,3,6,5,8,1,1,3,0,0,2,3,2,S001;S003;S005;S008;S011;S013;S015,S002;S006;S007;S010;S014,S004;S009;S012
3,"1,3,5,7|2,6|4,8,9",False,False,14,6,5,2.4390013547011185,0.34839946671942223,0.21231028756392548,2.482370516397075,,0,0,0,5,3,5,6,3,6,6,9,1,1,3,0,0,2,4,3,S001;S003;S005;S008;S011;S013;S015,S002;S006;S007,S004;S009;S010;S012;S014
3,"1,3,5,8,9|2,6,7|4",False,False,11,5,5,3.231946287681972,0.6081743626283795,0.5133767321717878,6.83651574170141,,0,0,0,4,4,4,6,4,6,5,8,0,2,2,0,0,2,3,2,S001;S003;S005;S009;S010;S011;S012;S013;S014,S002;S006;S007;S008;S015,S004
3,"1,3,5,8|2,6,7,9|4",False,False,11,5,7,4.576499798553996,0.5266424261466718,0.48231533776013363,5.397772488680321,,0,0,0,4,4,4,6,4,6,5,8,0,2,2,0,0,2,3,2,S001;S003;S005;S009;S011;S012;S013,S002;S006;S007;S008;S010;S014;S015,S004
3,"1,3,5,8|2,6,7|4,9",False,False,13,5,7,4.1715758150169275,0.3083356470551222,0.2044176884930515,2.213341843998387,,0,0,0,4,4,4,6,4,6,6,9,0,2,2,0,0,2,4,3,S001;S003;S005;S009;S011;S012;S013,S002;S006;S007;S008;S015,S004;S010;S014
3,"1,3,5,9|2,6,7,8|4",False,False,10,5,7,4.4261585734196,0.5266243338525332,0.473116507621432,5.377766348252267,,0,0,0,4,3,4,6,3,6,5,8,0,1,2,0,0,2,3,2,S001;S003;S005;S010;S011;S013;S014,S002;S006;S007;S008;S009;S012;S015,S004
3,"1,3,5|2,6,7,8,9|4",False,False,9,5,6,3.397255206699179,0.6060996103168498,0.5796106268648736,6.8165096012733555,,0,0,0,4,3,4,6,3,6,5,7,0,1,2,0,0,2,3,1,S001;S003;S005;S011;S013,S002;S006;S007;S008;S009;S010;S012;S014;S015,S004
3,"1,3,5|2,6,7,8|4,9",False,False,11,5,7,3.918458176871948,0.30627060644597864,0.2639136483996248,2.2051383808403564,,0,0,0,4,3,4,6,3,6,6,8,0,1,2,0,0,2,4,2,S001;S003;S005;S011;S013,S002;S006;S007;S008;S009;S012;S015,S004;S010;S014
3,"1,3,5,9|2,6,7|4,8",False,False,11,6,7,4.02123458988253,0.30376514163644386,0.2897642245947166,2.1847025284854578,,0,0,0,5,3,4,6,3,6,5,8,1,1,2,0,0,2,3,2,S001;S003;S005;S010;S011;S013;S014,S002;S006;S007;S008;S015,S004;S009;S012
3,"1,3,5|2,6,7,9|4,8",False,False,10,6,7,3.918458176871948,0.30170039843083357,0.35150297376181555,2.176572179730154,,0,0,0,5,3,4,6,3,6,5,7,1,1,2,0,0,2,3,1,S001;S003;S005;S011;S013,S002;S006;S007;S008;S010;S014;S015,S004;S009;S012
3,"1,3,5|2,6,7|4,8,9",False,False,12,6,6,2.9923312231621098,0.003928882954482027,0.06087225172145937,1.009663132182865,,1,0,0,5,3,4,6,3,6,6,8,1,1,2,0,0,2,4,2,S001;S003;S005;S011;S013,S002;S006;S007;S008;S015,S004;S009;S010;S012;S014
3,"1,3,5,8,9|2,6|4,7",False,False,12,5,6,3.7632361773071707,0.5284628779824532,0.4010303255547332,3.0311566541722303,,0,0,0,4,4,4,6,4,5,6,9,0,2,2,0,0,1,4,3,S001;S003;S005;S009;S010;S011;S012;S013;S014,S002;S006;S007,S004;S008;S015
3,"1,3,5,8|2,6,9|4,7",False,False,12,5,8,5.107789688179196,0.287950319940093,0.20738460082569776,2.027959118622712,,0,0,0,4,4,4,6,4,5,6,9,0,2,2,0,0,1,4,3,S001;S003;S005;S009;S011;S012;S013,S002;S006;S007;S010;S014,S004;S008;S015
3,"1,3,5,8|2,6|4,7,9",False,False,13,5,8,4.702865704642127,0.3290921536637944,0.24822705666861988,2.393250394637321,,0,0,0,4,4,4,6,4,5,6,10,0,2,2,0,0,1,4,4,S001;S003;S005;S009;S011;S012;S013,S002;S006;S007,S004;S008;S010;S014;S015
3,"1,3,5,9|2,6,8|4,7",False,False,12,6,8,4.957448463044798,0.28515534306009765,0.23737653856140326,2.0197195502370477,,0,0,0,5,3,4,6,3,5,6,9,1,1,2,0,0,1,4,3,S001;S003;S005;S010;S011;S013;S014,S002;S006;S007;S009;S012,S004;S008;S015
3,"1,3,5|2,6,8,9|4,7",False,False,11,6,7,3.928545096324378,0.25981397573114257,0.2685441984145602,1.9366858190015648,,0,0,0,5,3,4,6,3,5,6,8,1,1,2,0,0,1,4,2,S001;S003;S005;S011;S013,S002;S006;S007;S009;S010;S012;S014,S004;S008;S015
3,"1,3,5|2,6,8|4,7,9",False,False,12,6,8,4.449748066497147,0.04019802674258092,0.11307476360097159,1.1034235798221117,,0,0,0,5,3,4,6,3,5,6,9,1,1,2,0,0,1,4,3,S001;S003;S005;S011;S013,S002;S006;S007;S009;S012,S004;S008;S010;S014;S015
3,"1,3,5,9|2,6|4,7,8",False,False,11,5,8,4.5525244795077295,0.32724119040462213,0.27081846380358143,2.383526653113367,,0,0,0,4,3,4,6,3,5,6,9,0,1,2,0,0,1,4,3,S001;S003;S005;S010;S011;S013;S014,S002;S006;S007,S004;S008;S009;S012;S015
3,"1,3,5|2,6,9|4,7,8",False,False,10,5,8,4.449748066497147,0.04475320688215431,0.10356618893353124,1.1159109533128193,,1,0,0,4,3,4,6,3,5,6,8,0,1,2,0,0,1,4,2,S001;S003;S005;S011;S013,S002;S006;S007;S010;S014,S004;S008;S009;S012;S015
3,"1,3,5|2,6|4,7,8,9",False,False,11,5,7,3.5236211127873087,0.34447465488248546,0.31086439986700615,2.4656637950495446,,0,0,0,4,3,4,6,3,5,6,9,0,1,2,0,0,1,4,3,S001;S003;S005;S011;S013,S002;S006;S007,S004;S008;S009;S010;S012;S014;S015
3,"1,3,5,7,8,9|2|4,6",False,False,12,5,3,1.9786198135078066,0.8381046368022367,0.7106460274072544,8.800806509836509,,0,0,0,4,3,5,6,3,6,6,8,0,1,3,0,0,2,4,2,S001;S003;S005;S008;S009;S010;S011;S012;S013;S014;S015,S002,S004;S006;S007
3,"1,3,5,7,8|2,9|4,6",False,False,12,5,5,3.323173324379831,0.5671258847480969,0.4177985169064265,3.082998889781161,,0,0,0,4,3,5,6,3,6,6,8,0,1,3,0,0,2,4,2,S001;S003;S005;S008;S009;S011;S012;S013;S015,S002;S010;S014,S004;S006;S007
3,"1,3,5,7,8|2|4,6,9",False,False,13,5,5,2.918249340842762,0.6359060873429755,0.509526288067778,7.310830803467294,,0,0,0,4,3,5,6,3,6,6,9,0,1,3,0,0,2,4,3,S001;S003;S005;S008;S009;S011;S012;S013;S015,S002,S004;S006;S007;S010;S014
3,"1,3,5,7,9|2,8|4,6",False,False,13,6,5,3.1728320992454346,0.5632216671540895,0.48564068078122413,3.073421164743839,,0,0,0,5,3,5,6,3,6,6,8,1,1,3,0,0,2,4,2,S001;S003;S005;S008;S010;S011;S013;S014;S015,S002;S009;S012,S004;S006;S007
3,"1,3,5,7|2,8,9|4,6",False,False,13,6,4,2.143928732525014,0.3449324459008325,0.2672610997010237,2.445094019440655,,0,0,0,5,3,5,6,3,6,6,8,1,1,3,0,0,2,4,2,S001;S003;S005;S008;S011;S013;S015,S002;S009;S010;S012;S014,S004;S006;S007
3,"1,3,5,7|2,8|4,6,9",False,False,14,6,5,2.6651317026977828,0.33233942817994544,0.20370398384818555,2.307546227031874,,0,0,0,5,3,5,6,3,6,6,9,1,1,3,0,0,2,4,3,S001;S003;S005;S008;S011;S013;S015,S002;S009;S012,S004;S006;S007;S010;S014
3,"1,3,5,7,9|2|4,6,8",False,False,12,5,5,2.7679081157083654,0.6334230225830572,0.5545239832943278,7.288118785158729,,0,0,0,5,2,5,6,2,6,6,8,1,0,3,0,0,2,4,2,S001;S003;S005;S008;S010;S011;S013;S014;S015,S002,S004;S006;S007;S009;S012
3,"1,3,5,7|2,9|4,6,8",False,False,12,5,5,2.6651317026977828,0.3342316441345087,0.15881564344466398,2.3285942364651184,,0,0,0,5,2,5,6,2,6,6,8,1,0,3,0,0,2,4,2,S001;S003;S005;S008;S011;S013;S015,S002;S010;S014,S004;S006;S007;S009;S012
3,"1,3,5,7|2|4,6,8,9",False,False,13,5,4,1.7390047489879445,0.5345364853684874,0.44440707077483277,5.798143078789514,,0,0,0,5,2,5,6,2,6,6,9,1,0,3,0,0,2,4,3,S001;S003;S005;S008;S011;S013;S015,S002,S004;S006;S007;S009;S010;S012;S014
3,"1,3,5,8,9|2,7|4,6",False,False,12,5,5,3.063239571593997,0.5279371677992495,0.4399472277978956,2.9856393145779467,,0,0,0,4,3,4,6,3,6,6,9,0,1,2,0,0,2,4,3,S001;S003;S005;S009;S010;S011;S012;S013;S014,S002;S008;S015,S004;S006;S007
3,"1,3,5,8|2,7,9|4,6",False,False,12,5,7,4.407793082466021,0.3249579552619382,0.30329958573731036,2.3573121692747625,,0,0,0,4,3,4,6,3,6,6,9,0,1,2,0,0,2,4,3,S001;S003;S005;S009;S011;S012;S013,S002;S008;S010;S014;S015,S004;S006;S007
3,"1,3,5,8|2,7|4,6,9",False,False,13,5,7,4.002869098928953,0.2907036964770969,0.20644461208040757,2.054500086112557,,0,0,0,4,3,4,6,3,6,6,10,0,1,2,0,0,2,4,4,S001;S003;S005;S009;S011;S012;S013,S002;S008;S015,S004;S006;S007;S010;S014
3,"1,3,5,9|2,7,8|4,6",False,False,12,5,7,4.257451857331625,0.32303261757946927,0.3173310330695049,2.34773444423744,,0,0,0,4,3,4,6,3,6,6,9,0,1,2,0,0,2,4,3,S001;S003;S005;S010;S011;S013;S014,S002;S008;S009;S012;S015,S004;S006;S007
3,"1,3,5|2,7,8,9|4,6",False,False,11,5,6,3.228548490611204,0.337309131992845,0.37103948639705003,2.4136216824580514,,0,0,0,4,3,4,6,3,6,6,8,0,1,2,0,0,2,4,2,S001;S003;S005;S011;S013,S002;S008;S009;S010;S012;S014;S015,S004;S006;S007
3,"1,3,5|2,7,8|4,6,9",False,False,12,5,7,3.749751460783973,0.03761299645729918,0.09055573770780846,1.096397945771798,,0,0,0,4,3,4,6,3,6,6,9,0,1,2,0,0,2,4,3,S001;S003;S005;S011;S013,S002;S008;S009;S012;S015,S004;S006;S007;S010;S014
3,"1,3,5,9|2,7|4,6,8",False,False,12,5,7,3.852527873794556,0.28799231557405125,0.25878110705793694,2.0461526821622376,,0,0,0,5,2,4,6,2,6,6,9,1,0,2,0,0,2,4,3,S001;S003;S005;S010;S011;S013;S014,S002;S008;S015,S004;S006;S007;S009;S012
3,"1,3,5|2,7,9|4,6,8",False,False,11,5,7,3.749751460783973,0.033064676839927094,0.15624880142661704,1.0841391611152535,,1,0,0,5,2,4,6,2,6,6,8,1,0,2,0,0,2,4,2,S001;S003;S005;S011;S013,S002;S008;S010;S014;S015,S004;S006;S007;S009;S012
3,"1,3,5|2,7|4,6,8,9",False,False,12,5,6,2.823624507074135,0.2669792478689216,0.21415099965256681,1.975119770718966,,0,0,0,5,2,4,6,2,6,6,9,1,0,2,0,0,2,4,3,S001;S003;S005;S011;S013,S002;S008;S015,S004;S006;S007;S009;S010;S012;S014
3,"1,3,5,8,9|2|4,6,7",False,False,10,5,4,2.531949681968798,0.6117873629028464,0.527284507832521,7.079958394214277,,0,0,0,4,3,4,6,3,5,6,8,0,1,2,0,0,1,4,2,S001;S003;S005;S009;S010;S011;S012;S013;S014,S002,S004;S006;S007;S008;S015
3,"1,3,5,8|2,9|4,6,7",False,False,10,5,6,3.8765031928408225,0.3119775322689663,0.194051587512674,2.244994870249621,,0,0,0,4,3,4,6,3,5,6,8,0,1,2,0,0,1,4,2,S001;S003;S005;S009;S011;S012;S013,S002;S010;S014,S004;S006;S007;S008;S015
3,"1,3,5,8|2|4,6,7,9",False,False,11,5,6,3.471579209303753,0.532830723326167,0.46285325487253837,5.589982687845063,,0,0,0,4,3,4,6,3,5,6,9,0,1,2,0,0,1,4,3,S001;S003;S005;S009;S011;S012;S013,S002,S004;S006;S007;S008;S010;S014;S015
3,"1,3,5,9|2,8|4,6,7",False,False,11,6,6,3.726161967706426,0.307407903130362,0.2778095093439307,2.215663576042037,,0,0,0,5,3,4,6,3,5,6,8,1,1,2,0,0,1,4,2,S001;S003;S005;S010;S011;S013;S014,S002;S009;S012,S004;S006;S007;S008;S015
3,"1,3,5|2,8,9|4,6,7",False,False,10,6,5,2.697258600986005,0.009653035865300025,0.07054189054088912,1.0223656476142282,,1,0,0,5,3,4,6,3,5,6,7,1,1,2,0,0,1,4,1,S001;S003;S005;S011;S013,S002;S009;S010;S012;S014,S004;S006;S007;S008;S015
3,"1,3,5|2,8|4,6,7,9",False,False,11,6,6,3.218461571158774,0.30886582960951053,0.28109392912831543,2.2215897512490157,,0,0,0,5,3,4,6,3,5,6,8,1,1,2,0,0,1,4,2,S001;S003;S005;S011;S013,S002;S009;S012,S004;S006;S007;S008;S010;S014;S015
3,"1,3,5,9|2|4,6,7,8",False,False,9,4,6,3.3212379841693567,0.5328435750484319,0.463212207811628,5.604873315541927,,0,0,0,4,2,4,6,2,5,6,8,0,0,2,0,0,1,4,2,S001;S003;S005;S010;S011;S013;S014,S002,S004;S006;S007;S008;S009;S012;S015
3,"1,3,5|2,9|4,6,7,8",False,False,8,4,6,3.218461571158774,0.3134360511876493,0.19095461147747234,2.250975100361415,,1,0,0,4,2,4,6,2,5,6,7,0,0,2,0,0,1,4,1,S001;S003;S005;S011;S013,S002;S010;S014,S004;S006;S007;S008;S009;S012;S015
3,"1,3,5|2|4,6,7,8,9",False,False,9,4,5,2.292334617448936,0.6132653885101108,0.543039718927198,7.094849021911141,,0,0,0,4,2,4,6,2,5,6,8,0,0,2,0,0,1,4,2,S001;S003;S005;S011;S013,S002,S004;S006;S007;S008;S009;S010;S012;S014;S015
3,"1,3,6,7,8,9|2,5|4",False,False,9,5,4,2.4154118616235714,0.8545664022426251,0.728773854514998,8.606197494871525,,0,0,0,4,3,4,6,3,6,5,7,0,1,2,0,0,2,3,1,S001;S003;S006;S007;S008;S009;S010;S012;S013;S014;S015,S002;S005;S011,S004
3,"1,3,6,7,8|2,5,9|4",False,False,9,5,6,3.7599653724955955,0.6454412837885697,0.5194071440870344,7.167454241850435,,0,0,0,4,3,4,6,3,6,5,7,0,1,2,0,0,2,3,1,S001;S003;S006;S007;S008;S009;S012;S013;S015,S002;S005;S010;S011;S014,S004
3,"1,3,6,7,8|2,5|4,9",False,False,11,5,6,3.3550413889585267,0.5872783108434427,0.45442461059266975,3.3377200149700754,,0,0,0,4,3,4,6,3,6,6,8,0,1,2,0,0,2,4,2,S001;S003;S006;S007;S008;S009;S012;S013;S015,S002;S005;S011,S004;S010;S014
3,"1,3,6,7,9|2,5,8|4",False,False,11,6,4,3.0734534833056197,0.6428095535864431,0.5614001091520395,7.1455231707838,,0,0,0,5,4,4,6,4,6,5,7,1,2,2,0,0,2,3,1,S001;S003;S006;S007;S008;S010;S013;S014;S015,S002;S005;S009;S011;S012,S004
3,"1,3,6,7|2,5,8,9|4",False,False,10,5,3,2.0445501165851985,0.5310952797004802,0.44845065079469043,5.706779917762712,,0,0,0,5,4,4,6,4,6,5,6,1,2,2,0,0,2,3,0,S001;S003;S006;S007;S008;S013;S015,S002;S005;S009;S010;S011;S012;S014,S004
3,"1,3,6,7|2,5,8|4,9",False,False,12,6,4,2.565753086757968,0.345094016476559,0.18869328068942545,2.3400494950393878,,0,0,0,5,4,4,6,4,6,6,7,1,2,2,0,0,2,4,1,S001;S003;S006;S007;S008;S013;S015,S002;S005;S009;S011;S012,S004;S010;S014
3,"1,3,6,7,9|2,5|4,8",False,False,10,6,5,2.9366148317963403,0.5834488564590146,0.5130626949403991,3.327507215225722,,0,0,0,5,3,4,6,3,6,5,7,1,1,2,0,0,2,3,1,S001;S003;S006;S007;S008;S010;S013;S014;S015,S002;S005;S011,S004;S009;S012
3,"1,3,6,7|2,5,9|4,8",False,False,9,5,5,2.8338384187857577,0.34350685955416216,0.23905486074448717,2.319193508014704,,0,0,0,5,3,4,6,3,6,5,6,1,1,2,0,0,2,3,0,S001;S003;S006;S007;S008;S013;S015,S002;S005;S010;S011;S014,S004;S009;S012
3,"1,3,6,7|2,5|4,8,9",False,False,11,6,4,1.9077114650759193,0.3709070039915007,0.2729502068335657,2.6575172871460597,,0,0,0,5,3,4,6,3,6,6,7,1,1,2,0,0,2,4,1,S001;S003;S006;S007;S008;S013;S015,S002;S005;S011,S004;S009;S010;S012;S014
3,"1,3,6,8,9|2,5,7|4",False,False,10,5,6,3.5000316197097616,0.6197396639520946,0.5319801570577235,6.944520324403602,,0,0,0,4,3,4,6,3,6,5,8,0,1,2,0,0,2,3,2,S001;S003;S006;S007;S009;S010;S012;S013;S014,S002;S005;S008;S011;S015,S004
3,"1,3,6,8|2,5,7,9|4",False,False,10,5,8,4.844585130581786,0.5273097748709124,0.4800284250323895,5.505777071382512,,0,0,0,4,3,4,6,3,6,5,8,0,1,2,0,0,2,3,2,S001;S003;S006;S007;S009;S012;S013,S002;S005;S008;S010;S011;S014;S015,S004
3,"1,3,6,8|2,5,7|4,9",False,False,12,5,8,4.439661147044717,0.3201923577036004,0.22823509370176565,2.257628827701323,,0,0,0,4,3,4,6,3,6,6,9,0,1,2,0,0,2,4,3,S001;S003;S006;S007;S009;S012;S013,S002;S005;S008;S011;S015,S004;S010;S014
3,"1,3,6,9|2,5,7,8|4",False,False,11,5,6,4.15807324139181,0.5270965681632552,0.4710706864978291,5.483846000315879,,0,0,0,4,4,4,6,4,6,5,8,0,2,2,0,0,2,3,2,S001;S003;S006;S007;S010;S013;S014,S002;S005;S008;S009;S011;S012;S015,S004
3,"1,3,6|2,5,7,8,9|4",False,False,10,5,5,3.129169874671389,0.5952785051804191,0.5578357125992784,6.708505018571164,,0,0,0,4,4,4,6,4,6,5,7,0,2,2,0,0,2,3,1,S001;S003;S006;S007;S013,S002;S005;S008;S009;S010;S011;S012;S014;S015,S004
3,"1,3,6|2,5,7,8|4,9",False,False,12,5,6,3.650372844844158,0.2958891118417752,0.23440967283331487,2.1608513971374204,,0,0,0,4,4,4,6,4,6,6,8,0,2,2,0,0,2,4,2,S001;S003;S006;S007;S013,S002;S005;S008;S009;S011;S012;S015,S004;S010;S014
3,"1,3,6,9|2,5,7|4,8",False,False,11,6,7,4.02123458988253,0.31563057632911123,0.2997938265373036,2.2285947988460353,,0,0,0,5,3,4,6,3,6,5,8,1,1,2,0,0,2,3,2,S001;S003;S006;S007;S010;S013;S014,S002;S005;S008;S011;S015,S004;S009;S012
3,"1,3,6|2,5,7,9|4,8",False,False,10,6,7,3.918458176871948,0.2913326068147918,0.3378656167998392,2.1326799093695756,,0,0,0,5,3,4,6,3,6,5,7,1,1,2,0,0,2,3,1,S001;S003;S006;S007;S013,S002;S005;S008;S010;S011;S014;S015,S004;S009;S012
3,"1,3,6|2,5,7|4,8,9",False,False,12,6,6,2.9923312231621098,0.024817625421830306,0.0418278914094822,1.0619611152170942,,0,0,0,5,3,4,6,3,6,6,8,1,1,2,0,0,2,4,2,S001;S003;S006;S007;S013,S002;S005;S008;S011;S015,S004;S009;S010;S012;S014
3,"1,3,6,8,9|2,5|4,7",False,False,9,5,6,3.5000316197097616,0.5488796575909415,0.46249230042361983,3.2339047727417727,,0,0,0,4,3,3,6,3,5,6,8,0,1,1,0,0,1,4,2,S001;S003;S006;S007;S009;S010;S012;S013;S014,S002;S005;S011,S004;S008;S015
3,"1,3,6,8|2,5,9|4,7",False,False,9,5,8,4.844585130581786,0.30234650618949477,0.22573351774719053,2.0685367603820257,,0,0,0,4,3,3,6,3,5,6,8,0,1,1,0,0,1,4,2,S001;S003;S006;S007;S009;S012;S013,S002;S005;S010;S011;S014,S004;S008;S015
3,"1,3,6,8|2,5|4,7,9",False,False,10,5,8,4.439661147044717,0.3514947932538924,0.3123015673886294,2.5639148446621096,,0,0,0,4,3,3,6,3,5,6,9,0,1,1,0,0,1,4,3,S001;S003;S006;S007;S009;S012;S013,S002;S005;S011,S004;S008;S010;S014;S015
3,"1,3,6,9|2,5,8|4,7",False,False,11,6,6,4.15807324139181,0.299342349550162,0.26808354798815853,2.0602971919963613,,0,0,0,5,4,3,6,4,5,6,8,1,2,1,0,0,1,4,2,S001;S003;S006;S007;S010;S013;S014,S002;S005;S009;S011;S012,S004;S008;S015
3,"1,3,6|2,5,8,9|4,7",False,False,10,6,5,3.129169874671389,0.24959513713903259,0.21252980323054163,1.896108177242251,,0,0,0,5,4,3,6,4,5,6,7,1,2,1,0,0,1,4,1,S001;S003;S006;S007;S013,S002;S005;S009;S010;S011;S012;S014,S004;S008;S015
3,"1,3,6|2,5,8|4,7,9",False,False,11,6,6,3.650372844844158,0.056207053670841216,0.12729378746479952,1.1364535158288454,,0,0,0,5,4,3,6,4,5,6,8,1,2,1,0,0,1,4,2,S001;S003;S006;S007;S013,S002;S005;S009;S011;S012,S004;S008;S010;S014;S015
3,"1,3,6,9|2,5|4,7,8",False,False,9,5,7,4.02123458988253,0.34961531078101366,0.32652922079284236,2.5537020449177565,,0,0,0,4,3,3,6,3,5,6,8,0,1,1,0,0,1,4,2,S001;S003;S006;S007;S010;S013;S014,S002;S005;S011,S004;S008;S009;S012;S015
3,"1,3,6|2,5,9|4,7,8",False,False,8,5,7,3.918458176871948,0.0604075847973407,0.06683136109453262,1.14951896703511,,1,0,0,4,3,3,6,3,5,6,7,0,1,1,0,0,1,4,1,S001;S003;S006;S007;S013,S002;S005;S010;S011;S014,S004;S008;S009;S012;S015
3,"1,3,6|2,5|4,7,8,9",False,False,9,5,6,2.9923312231621098,0.35645187004888645,0.35123324063920836,2.5896750251648335,,0,0,0,4,3,3,6,3,5,6,8,0,1,1,0,0,1,4,2,S001;S003;S006;S007;S013,S002;S005;S011,S004;S008;S009;S010;S012;S014;S015
3,"1,3,7,8,9|2,5,6|4",False,False,12,5,5,2.9467017512487703,0.6638712604525937,0.5494069232727847,7.316397883672396,,0,0,0,4,3,5,6,3,7,5,8,0,1,3,0,0,3,3,2,S001;S003;S008;S009;S010;S012;S013;S014;S015,S002;S005;S006;S007;S011,S004
3,"1,3,7,8|2,5,6,9|4",False,False,12,5,7,4.291255262120795,0.5368687974373519,0.4724262275400239,5.877654630651307,,0,0,0,4,3,5,6,3,7,5,8,0,1,3,0,0,3,3,2,S001;S003;S008;S009;S012;S013;S015,S002;S005;S006;S007;S010;S011;S014,S004
3,"1,3,7,8|2,5,6|4,9",False,False,14,5,7,3.8863312785837256,0.36869133311650903,0.24370247267033823,2.4101162036512584,,0,0,0,4,3,5,6,3,7,6,9,0,1,3,0,0,3,4,3,S001;S003;S008;S009;S012;S013;S015,S002;S005;S006;S007;S011,S004;S010;S014
3,"1,3,7,9|2,5,6,8|4",False,False,13,6,5,3.6047433729308187,0.5359989424772119,0.46942760657831145,5.855723559584673,,0,0,0,5,3,5,6,3,7,5,8,1,1,3,0,0,3,3,2,S001;S003;S008;S010;S013;S014;S015,S002;S005;S006;S007;S009;S011;S012,S004
3,"1,3,7|2,5,6,8,9|4",False,False,12,6,4,2.575840006210398,0.5633340753984252,0.5364620714390244,6.3366274593023695,,0,0,0,5,3,5,6,3,7,5,7,1,1,3,0,0,3,3,1,S001;S003;S008;S013;S015,S002;S005;S006;S007;S009;S010;S011;S012;S014,S004
3,"1,3,7|2,5,6,8|4,9",False,False,14,6,5,3.097042976383167,0.2716188404321411,0.20292325116263268,2.0083640211874854,,0,0,0,5,3,5,6,3,7,6,8,1,1,3,0,0,3,4,2,S001;S003;S008;S013;S015,S002;S005;S006;S007;S009;S011;S012,S004;S010;S014
3,"1,3,7,9|2,5,6|4,8",False,False,12,5,6,3.4679047214215393,0.3642507343673878,0.31409885521681435,2.3797231117757303,,0,0,0,5,2,5,6,2,7,5,8,1,0,3,0,0,3,3,2,S001;S003;S008;S010;S013;S014;S015,S002;S005;S006;S007;S011,S004;S009;S012
3,"1,3,7|2,5,6,9|4,8",False,False,11,5,6,3.3651283084109567,0.2673113019959917,0.3099265289239052,1.9815515964398809,,0,0,0,5,2,5,6,2,7,5,7,1,0,3,0,0,3,3,1,S001;S003;S008;S013;S015,S002;S005;S006;S007;S010;S011;S014,S004;S009;S012
3,"1,3,7|2,5,6|4,8,9",False,False,13,5,5,2.4390013547011185,0.10214795694917539,0.03848866101812409,1.2850481809230558,,0,0,0,5,2,5,6,2,7,6,8,1,0,3,0,0,3,4,2,S001;S003;S008;S013;S015,S002;S005;S006;S007;S011,S004;S009;S010;S012;S014
3,"1,3,8,9|2,5,6,7|4",False,False,11,5,6,3.5000316197097616,0.5297997092346609,0.46588747501295896,5.654720713204474,,0,0,0,4,3,4,6,3,7,5,8,0,1,2,0,0,3,3,2,S001;S003;S009;S010;S012;S013;S014,S002;S005;S006;S007;S008;S011;S015,S004
3,"1,3,8|2,5,6,7,9|4",False,False,11,5,8,4.844585130581786,0.5795329323983828,0.5433541448524845,6.53763030568257,,0,0,0,4,3,4,6,3,7,5,8,0,1,2,0,0,3,3,2,S001;S003;S009;S012;S013,S002;S005;S006;S007;S008;S010;S011;S014;S015,S004
3,"1,3,8|2,5,6,7|4,9",False,False,13,5,8,4.439661147044717,0.28236465231426644,0.20228597844081866,2.090784688525549,,0,0,0,4,3,4,6,3,7,6,9,0,1,2,0,0,3,4,3,S001;S003;S009;S012;S013,S002;S005;S006;S007;S008;S011;S015,S004;S010;S014
3,"1,3,9|2,5,6,7,8|4",False,False,11,5,6,4.15807324139181,0.5814556754739205,0.5047415343056545,6.559561376749204,,0,0,0,4,3,4,6,3,7,5,8,0,1,2,0,0,3,3,2,S001;S003;S010;S013;S014,S002;S005;S006;S007;S008;S009;S011;S012;S015,S004
3,"1,3|2,5,6,7,8,9|4",False,False,10,5,5,3.129169874671389,0.7588206305388423,0.7089749574735231,7.998304629770291,,0,0,0,4,3,4,6,3,7,5,7,0,1,2,0,0,3,3,1,S001;S003;S013,S002;S005;S006;S007;S008;S009;S010;S011;S012;S014;S015,S004
3,"1,3|2,5,6,7,8|4,9",False,False,12,5,6,3.650372844844158,0.4779188707228001,0.41788855711860806,2.6897301996113328,,0,0,0,4,3,4,6,3,7,6,8,0,1,2,0,0,3,4,2,S001;S003;S013,S002;S005;S006;S007;S008;S009;S011;S012;S015,S004;S010;S014
3,"1,3,9|2,5,6,7|4,8",False,False,11,5,7,4.02123458988253,0.2793883610932299,0.26164037831342307,2.0721503056085493,,0,0,0,5,2,4,6,2,7,5,8,1,0,2,0,0,3,3,2,S001;S003;S010;S013;S014,S002;S005;S006;S007;S008;S011;S015,S004;S009;S012
3,"1,3|2,5,6,7,9|4,8",False,False,10,5,7,3.918458176871948,0.4738166561278699,0.5072732784816122,2.6568450126395144,,0,0,0,5,2,4,6,2,7,5,7,1,0,2,0,0,3,3,1,S001;S003;S013,S002;S005;S006;S007;S008;S010;S011;S014;S015,S004;S009;S012
3,"1,3|2,5,6,7|4,8,9",False,False,12,5,6,2.9923312231621098,0.24422792683717054,0.2615312983954854,1.8505720789352917,,0,0,0,5,2,4,6,2,7,6,8,1,0,2,0,0,3,4,2,S001;S003;S013,S002;S005;S006;S007;S008;S011;S015,S004;S009;S010;S012;S014
3,"1,3,8,9|2,5,6|4,7",False,False,12,5,7,4.03132150933496,0.3237202128976394,0.2532276848134374,2.124495327962849,,0,0,0,4,3,4,6,3,6,6,9,0,1,2,0,0,2,4,3,S001;S003;S009;S010;S012;S013;S014,S002;S005;S006;S007;S011,S004;S008;S015
3,"1,3,8|2,5,6,9|4,7",False,False,12,5,9,5.375875020206985,0.236921184693387,0.2413383038247082,1.8319100412757638,,0,0,0,4,3,4,6,3,6,6,9,0,1,2,0,0,2,4,3,S001;S003;S009;S012;S013,S002;S005;S006;S007;S010;S011;S014,S004;S008;S015
3,"1,3,8|2,5,6|4,7,9",False,False,13,5,9,4.970951036669916,0.08758228999649645,0.09821943034460287,1.2265696901502072,,0,0,0,4,3,4,6,3,6,6,10,0,1,2,0,0,2,4,4,S001;S003;S009;S012;S013,S002;S005;S006;S007;S011,S004;S008;S010;S014;S015
3,"1,3,9|2,5,6,8|4,7",False,False,13,6,7,4.689363131017009,0.23828799696424288,0.19767430003897646,1.8401496096614287,,0,0,0,5,3,4,6,3,6,6,9,1,1,2,0,0,2,4,3,S001;S003;S010;S013;S014,S002;S005;S006;S007;S009;S011;S012,S004;S008;S015
3,"1,3|2,5,6,8,9|4,7",False,False,12,6,6,3.660459764296588,0.4366524933819249,0.421912907646296,2.380689713091086,,0,0,0,5,3,4,6,3,6,6,8,1,1,2,0,0,2,4,2,S001;S003;S013,S002;S005;S006;S007;S009;S010;S011;S012;S014,S004;S008;S015
3,"1,3|2,5,6,8|4,7,9",False,False,13,6,7,4.1816627344693575,0.2256783779196989,0.25941659218590657,1.7776208149720003,,0,0,0,5,3,4,6,3,6,6,9,1,1,2,0,0,2,4,3,S001;S003;S013,S002;S005;S006;S007;S009;S011;S012,S004;S008;S010;S014;S015
3,"1,3,9|2,5,6|4,7,8",False,False,11,4,8,4.5525244795077295,0.08707168325400964,0.08143148620261595,1.2201892037038469,,0,0,0,4,2,4,6,2,6,6,9,0,0,2,0,0,2,4,3,S001;S003;S010;S013;S014,S002;S005;S006;S007;S011,S004;S008;S009;S012;S015
3,"1,3|2,5,6,9|4,7,8",False,False,10,4,8,4.449748066497147,0.2240357762131075,0.2937034887559611,1.7696612294079557,,0,0,0,4,2,4,6,2,6,6,8,0,0,2,0,0,2,4,2,S001;S003;S013,S002;S005;S006;S007;S010;S011;S014,S004;S008;S009;S012;S015
3,"1,3|2,5,6|4,7,8,9",False,False,11,4,7,3.5236211127873087,0.304966749447575,0.31942788232145714,2.018324109142106,,0,0,0,4,2,4,6,2,6,6,9,0,0,2,0,0,2,4,3,S001;S003;S013,S002;S005;S006;S007;S011,S004;S008;S009;S010;S012;S014;S015
3,"1,3,7,8,9|2,5|4,6",False,False,13,5,4,2.2467051455355964,0.6135543195685444,0.5297931984653149,3.407079672895614,,0,0,0,4,3,5,6,3,7,6,8,0,1,3,0,0,3,4,2,S001;S003;S008;S009;S010;S012;S013;S014;S015,S002;S005;S011,S004;S006;S007
3,"1,3,7,8|2,5,9|4,6",False,False,13,5,6,3.591258656407621,0.3786235441081849,0.31315712923650063,2.5668860287618287,,0,0,0,4,3,5,6,3,7,6,8,0,1,3,0,0,3,4,2,S001;S003;S008;S009;S012;S013;S015,S002;S005;S010;S011;S014,S004;S006;S007
3,"1,3,7,8|2,5|4,6,9",False,False,14,5,6,3.1863346728705517,0.3901965169457857,0.3168800015432976,2.7370897448159512,,0,0,0,4,3,5,6,3,7,6,9,0,1,3,0,0,3,4,3,S001;S003;S008;S009;S012;S013;S015,S002;S005;S011,S004;S006;S007;S010;S014
3,"1,3,7,9|2,5,8|4,6",False,False,14,6,4,2.904746767217645,0.3757579063335274,0.34792833196242523,2.5573083037245063,,0,0,0,5,3,5,6,3,7,6,8,1,1,3,0,0,3,4,2,S001;S003;S008;S010;S013;S014;S015,S002;S005;S009;S011;S012,S004;S006;S007
3,"1,3,7|2,5,8,9|4,6",False,False,13,6,3,1.8758434004972238,0.3010784751943834,0.2945834471632656,2.204047822970985,,1,0,0,5,3,5,6,3,7,6,7,1,1,3,0,0,3,4,1,S001;S003;S008;S013;S015,S002;S005;S009;S010;S011;S012;S014,S004;S006;S007
3,"1,3,7|2,5,8|4,6,9",False,False,14,6,4,2.397046370669993,0.09095109910417343,0.049141688918328916,1.2241897855122248,,1,0,0,5,3,5,6,3,7,6,8,1,1,3,0,0,3,4,2,S001;S003;S008;S013;S015,S002;S005;S009;S011;S012,S004;S006;S007;S010;S014
3,"1,3,7,9|2,5|4,6,8",False,False,13,5,5,2.7679081157083654,0.3875914922496666,0.34979971865224374,2.7268769450715977,,0,0,0,5,2,5,6,2,7,6,8,1,0,3,0,0,3,4,2,S001;S003;S008;S010;S013;S014;S015,S002;S005;S011,S004;S006;S007;S009;S012
3,"1,3,7|2,5,9|4,6,8",False,False,12,5,5,2.6651317026977828,0.09169367173826355,0.07123289183856112,1.23167630080091,,0,0,0,5,2,5,6,2,7,6,7,1,0,3,0,0,3,4,1,S001;S003;S008;S013;S015,S002;S005;S010;S011;S014,S004;S006;S007;S009;S012
3,"1,3,7|2,5|4,6,8,9",False,False,13,5,4,1.7390047489879445,0.329513190329496,0.2941799934915304,2.416500125010992,,0,0,0,5,2,5,6,2,7,6,8,1,0,3,0,0,3,4,2,S001;S003;S008;S013;S015,S002;S005;S011,S004;S006;S007;S009;S010;S012;S014
3,"1,3,8,9|2,5,7|4,6",False,False,14,5,6,3.3313249036217867,0.3511794433094044,0.3224592648351137,2.4695264535586143,,0,0,0,4,3,5,6,3,7,6,9,0,1,3,0,0,3,4,3,S001;S003;S009;S010;S012;S013;S014,S002;S005;S008;S011;S015,S004;S006;S007
3,"1,3,8|2,5,7,9|4,6",False,False,14,5,8,4.675878414493811,0.31289218449355727,0.3454052380015731,2.291829673136877,,0,0,0,4,3,5,6,3,7,6,9,0,1,3,0,0,3,4,3,S001;S003;S009;S012;S013,S002;S005;S008;S010;S011;S014;S015,S004;S006;S007
3,"1,3,8|2,5,7|4,6,9",False,False,15,5,8,4.270954430956742,0.054453985066461756,0.029305056004133273,1.1307305866430242,,0,0,0,4,3,5,6,3,7,6,10,0,1,3,0,0,3,4,4,S001;S003;S009;S012;S013,S002;S005;S008;S011;S015,S004;S006;S007;S010;S014
3,"1,3,9|2,5,7,8|4,6",False,False,14,5,6,3.989366525303835,0.314492062329031,0.3051443126457149,2.3014073981741996,,0,0,0,4,3,5,6,3,7,6,9,0,1,3,0,0,3,4,3,S001;S003;S010;S013;S014,S002;S005;S008;S009;S011;S012;S015,S004;S006;S007
3,"1,3|2,5,7,8,9|4,6",False,False,13,5,5,2.9604631585834142,0.505991238998671,0.512263020659299,2.9297345434773834,,0,0,0,4,3,5,6,3,7,6,8,0,1,3,0,0,3,4,2,S001;S003;S013,S002;S005;S008;S009;S010;S011;S012;S014;S015,S004;S006;S007
3,"1,3|2,5,7,8|4,6,9",False,False,14,5,6,3.481666128756183,0.264229392451295,0.2755193740742594,1.9125887444157834,,0,0,0,4,3,5,6,3,7,6,9,0,1,3,0,0,3,4,3,S001;S003;S013,S002;S005;S008;S009;S011;S012;S015,S004;S006;S007;S010;S014
3,"1,3,9|2,5,7|4,6,8",False,False,14,5,7,3.852527873794556,0.05021793089296687,0.09318168564241952,1.118271040269469,,0,0,0,5,2,5,6,2,7,6,9,1,0,3,0,0,3,4,3,S001;S003;S010;S013;S014,S002;S005;S008;S011;S015,S004;S006;S007;S009;S012
3,"1,3|2,5,7,9|4,6,8",False,False,13,5,7,3.749751460783973,0.26147664862835435,0.3421776969452512,1.904629158851739,,0,0,0,5,2,5,6,2,7,6,8,1,0,3,0,0,3,4,2,S001;S003;S013,S002;S005;S008;S010;S011;S014;S015,S004;S006;S007;S009;S012
3,"1,3|2,5,7|4,6,8,9",False,False,14,5,6,2.823624507074135,0.2543765606951279,0.25524587022310113,1.8833561796983227,,0,0,0,5,2,5,6,2,7,6,9,1,0,3,0,0,3,4,3,S001;S003;S013,S002;S005;S008;S011;S015,S004;S006;S007;S009;S010;S012;S014
3,"1,3,8,9|2,5|4,6,7",False,False,11,5,5,2.8000350139965877,0.3655177313799285,0.3315588195209628,2.6332745025876485,,0,0,0,4,3,4,6,3,6,6,8,0,1,2,0,0,2,4,2,S001;S003;S009;S010;S012;S013;S014,S002;S005;S011,S004;S006;S007;S008;S015
3,"1,3,8|2,5,9|4,6,7",False,False,11,5,7,4.144588524868612,0.06590837091041324,0.05905960202135922,1.1756265960032382,,0,0,0,4,3,4,6,3,6,6,8,0,1,2,0,0,2,4,2,S001;S003;S009;S012;S013,S002;S005;S010;S011;S014,S004;S006;S007;S008;S015
3,"1,3,8|2,5|4,6,7,9",False,False,12,5,7,3.739664541331543,0.34216262705146056,0.31601867776835696,2.510102567494942,,0,0,0,4,3,4,6,3,6,6,9,0,1,2,0,0,2,4,3,S001;S003;S009;S012;S013,S002;S005;S011,S004;S006;S007;S008;S010;S014;S015
3,"1,3,9|2,5,8|4,6,7",False,False,12,6,5,3.458076635678636,0.0613587030585695,0.10057031921324268,1.1624024544306053,,0,0,0,5,3,4,6,3,6,6,8,1,1,2,0,0,2,4,2,S001;S003;S010;S013;S014,S002;S005;S009;S011;S012,S004;S006;S007;S008;S015
3,"1,3|2,5,8,9|4,6,7",False,False,11,6,4,2.4291732689582153,0.2388575952431925,0.26168995364928566,1.8316778948884476,,0,0,0,5,3,4,6,3,6,6,7,1,1,2,0,0,2,4,1,S001;S003;S013,S002;S005;S009;S010;S011;S012;S014,S004;S006;S007;S008;S015
3,"1,3|2,5,8|4,6,7,9",False,False,12,6,5,2.9503762391309842,0.2801974684385194,0.30203740772933635,1.9563074436616141,,0,0,0,5,3,4,6,3,6,6,8,1,1,2,0,0,2,4,2,S001;S003;S013,S002;S005;S009;S011;S012,S004;S006;S007;S008;S010;S014;S015
3,"1,3,9|2,5|4,6,7,8",False,False,10,4,6,3.3212379841693567,0.3438235426932847,0.29005031377886464,2.5203153672392946,,0,0,0,4,2,4,6,2,6,6,8,0,0,2,0,0,2,4,2,S001;S003;S010;S013;S014,S002;S005;S011,S004;S006;S007;S008;S009;S012;S015
3,"1,3|2,5,9|4,6,7,8",False,False,9,4,6,3.218461571158774,0.2832472584047268,0.25243184454266765,1.9642670292256583,,0,0,0,4,2,4,6,2,6,6,7,0,0,2,0,0,2,4,1,S001;S003;S013,S002;S005;S010;S011;S014,S004;S006;S007;S008;S009;S012;S015
3,"1,3|2,5|4,6,7,8,9",False,False,10,4,5,2.292334617448936,0.5331360416152563,0.48945381254277687,3.190305295318957,,0,0,0,4,2,4,6,2,6,6,8,0,0,2,0,0,2,4,2,S001;S003;S013,S002;S005;S011,S004;S006;S007;S008;S009;S010;S012;S014;S015
3,"1,3,6,7,8,9|2|4,5",False,False,7,4,4,2.4154118616235714,0.8555984006421354,0.7284155732720149,8.912657046104812,,0,0,0,4,2,4,6,2,5,5,7,0,0,2,0,0,1,3,1,S001;S003;S006;S007;S008;S009;S010;S012;S013;S014;S015,S002,S004;S005;S011
3,"1,3,6,7,8|2,9|4,5",False,False,7,4,6,3.7599653724955955,0.5869515219105856,0.44069793590541595,3.285118055653549,,0,0,0,4,2,4,6,2,5,5,7,0,0,2,0,0,1,3,1,S001;S003;S006;S007;S008;S009;S012;S013;S015,S002;S010;S014,S004;S005;S011
3,"1,3,6,7,8|2|4,5,9",False,False,9,4,6,3.3550413889585267,0.6484658439822125,0.525194045128951,7.422681339735596,,0,0,0,4,2,4,6,2,5,6,8,0,0,2,0,0,1,4,2,S001;S003;S006;S007;S008;S009;S012;S013;S015,S002,S004;S005;S010;S011;S014
3,"1,3,6,7,9|2,8|4,5",False,False,9,6,5,3.3415388153334096,0.5830918375583914,0.4956026633597996,3.2750662080784156,,0,0,0,5,3,4,6,3,5,5,7,1,1,2,0,0,1,3,1,S001;S003;S006;S007;S008;S010;S013;S014;S015,S002;S009;S012,S004;S005;S011
3,"1,3,6,7|2,8,9|4,5",False,False,8,5,4,2.3126354486129883,0.3674328726181021,0.2760983313058485,2.615635219269052,,0,0,0,5,3,4,6,3,5,5,6,1,1,2,0,0,1,3,0,S001;S003;S006;S007;S008;S013;S015,S002;S009;S010;S012;S014,S004;S005;S011
3,"1,3,6,7|2,8|4,5,9",False,False,10,6,5,2.8338384187857577,0.3460189274275368,0.21134881356340332,2.352060527463952,,0,0,0,5,3,4,6,3,5,6,7,1,1,2,0,0,1,4,1,S001;S003;S006;S007;S008;S013;S015,S002;S009;S012,S004;S005;S010;S011;S014
3,"1,3,6,7,9|2|4,5,8",False,False,9,6,4,2.6685294997685505,0.645871793730818,0.5720071193403634,7.3999693214270295,,0,0,0,5,3,4,6,3,5,5,7,1,1,2,0,0,1,3,1,S001;S003;S006;S007;S008;S010;S013;S014;S015,S002,S004;S005;S009;S011;S012
3,"1,3,6,7|2,9|4,5,8",False,False,8,5,4,2.565753086757968,0.34768882540216234,0.1798656993385016,2.3735145688130177,,1,0,0,5,3,4,6,3,5,5,6,1,1,2,0,0,1,3,0,S001;S003;S006;S007;S008;S013;S015,S002;S010;S014,S004;S005;S009;S011;S012
3,"1,3,6,7|2|4,5,8,9",False,False,10,6,3,1.6396261330481294,0.5368026271625763,0.4410665114427774,5.9099936150578145,,0,0,0,5,3,4,6,3,5,6,7,1,1,2,0,0,1,4,1,S001;S003;S006;S007;S008;S013;S015,S002,S004;S005;S009;S010;S011;S012;S014
3,"1,3,6,8,9|2,7|4,5",False,False,7,4,6,3.5000316197097616,0.5482264356096221,0.4628585041887966,3.1829389258384007,,0,0,0,4,2,3,6,2,5,5,8,0,0,1,0,0,1,3,2,S001;S003;S006;S007;S009;S010;S012;S013;S014,S002;S008;S015,S004;S005;S011
3,"1,3,6,8|2,7,9|4,5",False,False,7,4,8,4.844585130581786,0.34739505352728933,0.3166457509059537,2.5235079370290365,,0,0,0,4,2,3,6,2,5,5,8,0,0,1,0,0,1,3,2,S001;S003;S006;S007;S009;S012;S013,S002;S008;S010;S014;S015,S004;S005;S011
3,"1,3,6,8|2,7|4,5,9",False,False,9,4,8,4.439661147044717,0.30470538006823356,0.228820064906332,2.095608788809371,,0,0,0,4,2,3,6,2,5,6,9,0,0,1,0,0,1,4,3,S001;S003;S006;S007;S009;S012;S013,S002;S008;S015,S004;S005;S010;S011;S014
3,"1,3,6,9|2,7,8|4,5",False,False,8,5,7,4.4261585734196,0.3454458673960374,0.32604350049045405,2.513456089453904,,0,0,0,4,3,3,6,3,5,5,8,0,1,1,0,0,1,3,2,S001;S003;S006;S007;S010;S013;S014,S002;S008;S009;S012;S015,S004;S005;S011
3,"1,3,6|2,7,8,9|4,5",False,False,7,5,6,3.397255206699179,0.3493011662969274,0.36845158380349247,2.5331022932441285,,1,0,0,4,3,3,6,3,5,5,7,0,1,1,0,0,1,3,1,S001;S003;S006;S007;S013,S002;S008;S009;S010;S012;S014;S015,S004;S005;S011
3,"1,3,6|2,7,8|4,5,9",False,False,9,5,7,3.918458176871948,0.053848590724309066,0.07998497577004306,1.12910468532296,,1,0,0,4,3,3,6,3,5,6,8,0,1,1,0,0,1,4,2,S001;S003;S006;S007;S013,S002;S008;S009;S012;S015,S004;S005;S010;S011;S014
3,"1,3,6,9|2,7|4,5,8",False,False,9,6,6,3.7531492578547407,0.3017789801061029,0.2791890070379645,2.0872613848590515,,0,0,0,5,3,3,6,3,5,5,8,1,1,1,0,0,1,3,2,S001;S003;S006;S007;S010;S013;S014,S002;S008;S015,S004;S005;S009;S011;S012
3,"1,3,6|2,7,9|4,5,8",False,False,8,6,6,3.650372844844158,0.04975269669650816,0.16398090140390692,1.1162854844890573,,1,0,0,5,3,3,6,3,5,5,7,1,1,1,0,0,1,3,1,S001;S003;S006;S007;S013,S002;S008;S010;S014;S015,S004;S005;S009;S011;S012
3,"1,3,6|2,7|4,5,8,9",False,False,10,6,5,2.72424589113432,0.25673148567437376,0.192136260061632,1.9340110680221518,,0,0,0,5,3,3,6,3,5,6,8,1,1,1,0,0,1,4,2,S001;S003;S006;S007;S013,S002;S008;S015,S004;S005;S009;S010;S011;S012;S014
3,"1,3,6,8,9|2|4,5,7",False,False,10,4,6,3.5000316197097616,0.6231562240484524,0.5307685822542225,7.191808930482579,,0,0,0,4,2,4,6,2,5,6,9,0,0,2,0,0,1,4,3,S001;S003;S006;S007;S009;S010;S012;S013;S014,S002,S004;S005;S008;S011;S015
3,"1,3,6,8|2,9|4,5,7",False,False,10,4,8,4.844585130581786,0.3234516374563742,0.2075264435359231,2.2899152025975202,,0,0,0,4,2,4,6,2,5,6,9,0,0,2,0,0,1,4,3,S001;S003;S006;S007;S009;S012;S013,S002;S010;S014,S004;S005;S008;S011;S015
3,"1,3,6,8|2|4,5,7,9",False,False,10,4,8,4.439661147044717,0.5333391414688521,0.4730100180937066,5.701833224113363,,0,0,0,4,2,4,6,2,5,6,9,0,0,2,0,0,1,4,3,S001;S003;S006;S007;S009;S012;S013,S002,S004;S005;S008;S010;S011;S014;S015
3,"1,3,6,9|2,8|4,5,7",False,False,12,6,7,4.4261585734196,0.31888512789581513,0.27658255160238987,2.2601778764741147,,0,0,0,5,3,4,6,3,5,6,9,1,1,2,0,0,1,4,3,S001;S003;S006;S007;S010;S013;S014,S002;S009;S012,S004;S005;S008;S011;S015
3,"1,3,6|2,8,9|4,5,7",False,False,11,6,6,3.397255206699179,0.023073056958525812,0.05635181560047109,1.0524605195230077,,0,0,0,5,3,4,6,3,5,6,8,1,1,2,0,0,1,4,2,S001;S003;S006;S007;S013,S002;S009;S010;S012;S014,S004;S005;S008;S011;S015
3,"1,3,6|2,8|4,5,7,9",False,False,11,6,7,3.918458176871948,0.29847674034375943,0.29917236835445465,2.1770754508169374,,0,0,0,5,3,4,6,3,5,6,8,1,1,2,0,0,1,4,2,S001;S003;S006;S007;S013,S002;S009;S012,S004;S005;S008;S010;S011;S014;S015
3,"1,3,6,9|2|4,5,7,8",False,False,11,5,6,3.7531492578547407,0.5331590617066703,0.46720915363901866,5.679121205804798,,0,0,0,4,3,4,6,3,5,6,9,0,1,2,0,0,1,4,3,S001;S003;S006;S007;S010;S013;S014,S002,S004;S005;S008;S009;S011;S012;S015
3,"1,3,6|2,9|4,5,7,8",False,False,10,5,6,3.650372844844158,0.30303390365356814,0.19582241659114863,2.2060547680135154,,0,0,0,4,3,4,6,3,5,6,8,0,1,2,0,0,1,4,2,S001;S003;S006;S007;S013,S002;S010;S014,S004;S005;S008;S009;S011;S012;S015
3,"1,3,6|2|4,5,7,8,9",False,False,10,5,5,2.72424589113432,0.6024391291190677,0.5439736265779447,6.982998485642841,,0,0,0,4,3,4,6,3,5,6,8,0,1,2,0,0,1,4,2,S001;S003;S006;S007;S013,S002,S004;S005;S008;S009;S010;S011;S012;S014;S015
3,"1,3,7,8,9|2,6|4,5",False,False,11,5,5,2.9467017512487703,0.6134228635345328,0.4931997222706797,3.353384615929181,,0,0,0,4,3,5,6,3,6,5,8,0,1,3,0,0,2,3,2,S001;S003;S008;S009;S010;S012;S013;S014;S015,S002;S006;S007,S004;S005;S011
3,"1,3,7,8|2,6,9|4,5",False,False,11,5,7,4.291255262120795,0.3872252776212561,0.31485485516028844,2.693953627119817,,0,0,0,4,3,5,6,3,6,5,8,0,1,3,0,0,2,3,2,S001;S003;S008;S009;S012;S013;S015,S002;S006;S007;S010;S014,S004;S005;S011
3,"1,3,7,8|2,6|4,5,9",False,False,13,5,7,3.8863312785837256,0.3812389109891321,0.26846707301676126,2.60601929663531,,0,0,0,4,3,5,6,3,6,6,9,0,1,3,0,0,2,4,3,S001;S003;S008;S009;S012;S013;S015,S002;S006;S007,S004;S005;S010;S011;S014
3,"1,3,7,9|2,6,8|4,5",False,False,11,5,6,3.8728287049586085,0.3845575469216845,0.332597555954591,2.6839017795446845,,0,0,0,5,2,5,6,2,6,5,8,1,0,3,0,0,2,3,2,S001;S003;S008;S010;S013;S014;S015,S002;S006;S007;S009;S012,S004;S005;S011
3,"1,3,7|2,6,8,9|4,5",False,False,10,5,5,2.8439253382381877,0.3226262109280218,0.34166550409646024,2.362656603153348,,0,0,0,5,2,5,6,2,6,5,7,1,0,3,0,0,2,3,1,S001;S003;S008;S013;S015,S002;S006;S007;S009;S010;S012;S014,S004;S005;S011
3,"1,3,7|2,6,8|4,5,9",False,False,12,5,6,3.3651283084109567,0.09062937779988862,0.04703058306978034,1.2199788990248233,,0,0,0,5,2,5,6,2,6,6,8,1,0,3,0,0,2,4,2,S001;S003;S008;S013;S015,S002;S006;S007;S009;S012,S004;S005;S010;S011;S014
3,"1,3,7,9|2,6|4,5,8",False,False,12,6,5,3.1998193893937494,0.37843635532732384,0.3145301552105592,2.5962955551113556,,0,0,0,5,3,5,6,3,6,5,8,1,1,3,0,0,2,3,2,S001;S003;S008;S010;S013;S014;S015,S002;S006;S007,S004;S005;S009;S011;S012
3,"1,3,7|2,6,9|4,5,8",False,False,11,6,5,3.097042976383167,0.09024167904067029,0.12933426435110623,1.2126334854209118,,0,0,0,5,3,5,6,3,6,5,7,1,1,3,0,0,2,3,1,S001;S003;S008;S013;S015,S002;S006;S007;S010;S014,S004;S005;S009;S011;S012
3,"1,3,7|2,6|4,5,8,9",False,False,13,6,4,2.1709160226733286,0.30792358100687567,0.22830104456055056,2.2528948930515558,,0,0,0,5,3,5,6,3,6,6,8,1,1,3,0,0,2,4,2,S001;S003;S008;S013;S015,S002;S006;S007,S004;S005;S009;S010;S011;S012;S014
3,"1,3,8,9|2,6,7|4,5",False,False,10,5,6,3.5000316197097616,0.3618844805230284,0.32304305317634396,2.5917744973046695,,0,0,0,4,3,4,6,3,6,5,8,0,1,2,0,0,2,3,2,S001;S003;S009;S010;S012;S013;S014,S002;S006;S007;S008;S015,S004;S005;S011
3,"1,3,8|2,6,7,9|4,5",False,False,10,5,8,4.844585130581786,0.33508777355731606,0.3546027200740731,2.454783885393364,,0,0,0,4,3,4,6,3,6,5,8,0,1,2,0,0,2,3,2,S001;S003;S009;S012;S013,S002;S006;S007;S008;S010;S014;S015,S004;S005;S011
3,"1,3,8|2,6,7|4,5,9",False,False,12,5,8,4.439661147044717,0.06204588060304669,0.02608581605726277,1.164461506098398,,0,0,0,4,3,4,6,3,6,6,9,0,1,2,0,0,2,4,3,S001;S003;S009;S012;S013,S002;S006;S007;S008;S015,S004;S005;S010;S011;S014
3,"1,3,9|2,6,7,8|4,5",False,False,9,4,7,4.4261585734196,0.3367349542071142,0.32281018824487756,2.4648357329684965,,0,0,0,4,2,4,6,2,6,5,8,0,0,2,0,0,2,3,2,S001;S003;S010;S013;S014,S002;S006;S007;S008;S009;S012;S015,S004;S005;S011
3,"1,3|2,6,7,8,9|4,5",False,False,8,4,6,3.397255206699179,0.5265560056541377,0.5339550382250196,3.1242667217778597,,0,0,0,4,2,4,6,2,6,5,7,0,0,2,0,0,2,3,1,S001;S003;S013,S002;S006;S007;S008;S009;S010;S012;S014;S015,S004;S005;S011
3,"1,3|2,6,7,8|4,5,9",False,False,10,4,7,3.918458176871948,0.278484152012194,0.2959075531933471,1.9517875466409484,,0,0,0,4,2,4,6,2,6,6,8,0,0,2,0,0,2,4,2,S001;S003;S013,S002;S006;S007;S008;S009;S012;S015,S004;S005;S010;S011;S014
3,"1,3,9|2,6,7|4,5,8",False,False,11,6,6,3.7531492578547407,0.05747538731412307,0.11327665212690619,1.1514294241462053,,0,0,0,5,3,4,6,3,6,5,8,1,1,2,0,0,2,3,2,S001;S003;S010;S013;S014,S002;S006;S007;S008;S015,S004;S005;S009;S011;S012
3,"1,3|2,6,7,9|4,5,8",False,False,10,6,6,3.650372844844158,0.27550052336027137,0.3611457637124253,1.9438279610769045,,0,0,0,5,3,4,6,3,6,5,7,1,1,2,0,0,2,3,1,S001;S003;S013,S002;S006;S007;S008;S010;S014;S015,S004;S005;S009;S011;S012
3,"1,3|2,6,7|4,5,8,9",False,False,12,6,5,2.72424589113432,0.24236355576837437,0.24182354718420096,1.8441573774731577,,0,0,0,5,3,4,6,3,6,6,8,1,1,2,0,0,2,4,2,S001;S003;S013,S002;S006;S007;S008;S015,S004;S005;S009;S010;S011;S012;S014
3,"1,3,8,9|2,6|4,5,7",False,False,14,5,7,4.03132150933496,0.3544675570544974,0.275581007149217,2.5071754333516023,,0,0,0,4,3,5,6,3,6,6,10,0,1,3,0,0,2,4,4,S001;S003;S009;S010;S012;S013;S014,S002;S006;S007,S004;S005;S008;S011;S015
3,"1,3,8|2,6,9|4,5,7",False,False,14,5,9,5.375875020206985,0.056007780149263275,0.056634340403596245,1.141255284259967,,0,0,0,4,3,5,6,3,6,6,10,0,1,3,0,0,2,4,4,S001;S003;S009;S012;S013,S002;S006;S007;S010;S014,S004;S005;S008;S011;S015
3,"1,3,8|2,6|4,5,7,9",False,False,14,5,9,4.970951036669916,0.3199537144208219,0.28540861445986665,2.342015014811309,,0,0,0,4,3,5,6,3,6,6,10,0,1,3,0,0,2,4,4,S001;S003;S009;S012;S013,S002;S006;S007,S004;S005;S008;S010;S011;S014;S015
3,"1,3,9|2,6,8|4,5,7",False,False,14,5,8,4.957448463044798,0.05158220399192671,0.050568523965987676,1.128618337307336,,0,0,0,5,2,5,6,2,6,6,10,1,0,3,0,0,2,4,4,S001;S003;S010;S013;S014,S002;S006;S007;S009;S012,S004;S005;S008;S011;S015
3,"1,3|2,6,8,9|4,5,7",False,False,13,5,7,3.928545096324378,0.25039509812120053,0.29876045724325245,1.8708766971136126,,0,0,0,5,2,5,6,2,6,6,9,1,0,3,0,0,2,4,3,S001;S003;S013,S002;S006;S007;S009;S010;S012;S014,S004;S005;S008;S011;S015
3,"1,3|2,6,8|4,5,7,9",False,False,13,5,8,4.449748066497147,0.26581484837544395,0.30454774744325047,1.917108641436449,,0,0,0,5,2,5,6,2,6,6,9,1,0,3,0,0,2,4,3,S001;S003;S013,S002;S006;S007;S009;S012,S004;S005;S008;S010;S011;S014;S015
3,"1,3,9|2,6|4,5,7,8",False,False,14,5,7,4.28443914747994,0.3215693848683881,0.2436289329280621,2.351738756335263,,0,0,0,4,3,5,6,3,6,6,10,0,1,3,0,0,2,4,4,S001;S003;S010;S013;S014,S002;S006;S007,S004;S005;S008;S009;S011;S012;S015
3,"1,3|2,6,9|4,5,7,8",False,False,13,5,7,4.1816627344693575,0.2686450654644459,0.2626504246257007,1.9250682270004933,,0,0,0,4,3,5,6,3,6,6,9,0,1,3,0,0,2,4,3,S001;S003;S013,S002;S006;S007;S010;S014,S004;S005;S008;S009;S011;S012;S015
3,"1,3|2,6|4,5,7,8,9",False,False,13,5,6,3.255535780759519,0.512520593355552,0.4584531082203582,2.989645015870173,,0,0,0,4,3,5,6,3,6,6,9,0,1,3,0,0,2,4,3,S001;S003;S013,S002;S006;S007,S004;S005;S008;S009;S010;S011;S012;S014;S015
3,"1,3,7,8,9|2|4,5,6",False,False,11,4,4,2.2467051455355964,0.6666454220109674,0.5705411731391554,7.576928741047042,,0,0,0,4,2,5,6,2,6,6,8,0,0,3,0,0,2,4,2,S001;S003;S008;S009;S010;S012;S013;S014;S015,S002,S004;S005;S006;S007;S011
3,"1,3,7,8|2,9|4,5,6",False,False,11,4,6,3.591258656407621,0.3707772305509654,0.2486946993067042,2.444583302201605,,0,0,0,4,2,5,6,2,6,6,8,0,0,3,0,0,2,4,2,S001;S003;S008;S009;S012;S013;S015,S002;S010;S014,S004;S005;S006;S007;S011
3,"1,3,7,8|2|4,5,6,9",False,False,12,4,6,3.1863346728705517,0.5422801734791197,0.46079425637704013,6.086953034677827,,0,0,0,4,2,5,6,2,6,6,9,0,0,3,0,0,2,4,3,S001;S003;S008;S009;S012;S013;S015,S002,S004;S005;S006;S007;S010;S011;S014
3,"1,3,7,9|2,8|4,5,6",False,False,12,5,5,3.1728320992454346,0.3663172140438673,0.31293377379480775,2.4134479413461234,,0,0,0,5,2,5,6,2,6,6,8,1,0,3,0,0,2,4,2,S001;S003;S008;S010;S013;S014;S015,S002;S009;S012,S004;S005;S006;S007;S011
3,"1,3,7|2,8,9|4,5,6",False,False,11,5,4,2.143928732525014,0.09897118910632231,0.09633200958372855,1.2723202922534445,,1,0,0,5,2,5,6,2,6,6,7,1,0,3,0,0,2,4,1,S001;S003;S008;S013;S015,S002;S009;S010;S012;S014,S004;S005;S006;S007;S011
3,"1,3,7|2,8|4,5,6,9",False,False,12,5,5,2.6651317026977828,0.274068693297724,0.23732671887715379,2.0238053859449288,,0,0,0,5,2,5,6,2,6,6,8,1,0,3,0,0,2,4,2,S001;S003;S008;S013;S015,S002;S009;S012,S004;S005;S006;S007;S010;S011;S014
3,"1,3,7,9|2|4,5,6,8",False,False,12,5,4,2.4998227836805755,0.5414492579970364,0.46932236669521155,6.0642410163692615,,0,0,0,5,2,5,6,2,6,6,8,1,0,3,0,0,2,4,2,S001;S003;S008;S010;S013;S014;S015,S002,S004;S005;S006;S007;S009;S011;S012
3,"1,3,7|2,9|4,5,6,8",False,False,11,5,4,2.397046370669993,0.2783893217655845,0.12561561703802018,2.0513866684094313,,0,0,0,5,2,5,6,2,6,6,7,1,0,3,0,0,2,4,1,S001;S003;S008;S013;S015,S002;S010;S014,S004;S005;S006;S007;S009;S011;S012
3,"1,3,7|2|4,5,6,8,9",False,False,12,5,3,1.4709194169601547,0.5704089110518004,0.49919017732115106,6.597878675078378,,0,0,0,5,2,5,6,2,6,6,8,1,0,3,0,0,2,4,2,S001;S003;S008;S013;S015,S002,S004;S005;S006;S007;S009;S010;S011;S012;S014
3,"1,3,8,9|2,7|4,5,6",False,False,11,4,6,3.3313249036217867,0.32558302062049344,0.2747223482923417,2.152299715592755,,0,0,0,4,2,4,6,2,6,6,9,0,0,2,0,0,2,4,3,S001;S003;S009;S010;S012;S013;S014,S002;S008;S015,S004;S005;S006;S007;S011
3,"1,3,8|2,7,9|4,5,6",False,False,11,4,8,4.675878414493811,0.08204615740820302,0.15594560659464662,1.2144210075610937,,0,0,0,4,2,4,6,2,6,6,9,0,0,2,0,0,2,4,3,S001;S003;S009;S012;S013,S002;S008;S010;S014;S015,S004;S005;S006;S007;S011
3,"1,3,8|2,7|4,5,6,9",False,False,12,4,8,4.270954430956742,0.24390528384567642,0.1977162698961215,1.8689727372884484,,0,0,0,4,2,4,6,2,6,6,10,0,0,2,0,0,2,4,4,S001;S003;S009;S012;S013,S002;S008;S015,S004;S005;S006;S007;S010;S011;S014
3,"1,3,9|2,7,8|4,5,6",False,False,11,4,7,4.257451857331625,0.0812996967212792,0.13307446128032605,1.2081037172830584,,0,0,0,4,2,4,6,2,6,6,9,0,0,2,0,0,2,4,3,S001;S003;S010;S013;S014,S002;S008;S009;S012;S015,S004;S005;S006;S007;S011
3,"1,3|2,7,8,9|4,5,6",False,False,10,4,6,3.228548490611204,0.29980705174737804,0.3572653519974767,2.005844626557396,,0,0,0,4,2,4,6,2,6,6,8,0,0,2,0,0,2,4,2,S001;S003;S013,S002;S008;S009;S010;S012;S014;S015,S004;S005;S006;S007;S011
3,"1,3|2,7,8|4,5,6,9",False,False,11,4,7,3.749751460783973,0.2266468714523661,0.25694999876858793,1.7821407119926658,,0,0,0,4,2,4,6,2,6,6,9,0,0,2,0,0,2,4,3,S001;S003;S013,S002;S008;S009;S012;S015,S004;S005;S006;S007;S010;S011;S014
3,"1,3,9|2,7|4,5,6,8",False,False,12,5,6,3.5844425417667662,0.24529994086972143,0.16754173881377366,1.8773201412387681,,0,0,0,5,2,4,6,2,6,6,9,1,0,2,0,0,2,4,3,S001;S003;S010;S013;S014,S002;S008;S015,S004;S005;S006;S007;S009;S011;S012
3,"1,3|2,7,9|4,5,6,8",False,False,11,5,6,3.481666128756183,0.22841411755947547,0.25022516402203804,1.79010029755671,,0,0,0,5,2,4,6,2,6,6,8,1,0,2,0,0,2,4,2,S001;S003;S013,S002;S008;S010;S014;S015,S004;S005;S006;S007;S009;S011;S012
3,"1,3|2,7|4,5,6,8,9",False,False,12,5,5,2.555539175046345,0.4429502275917242,0.3731336067988171,2.4249345772722446,,0,0,0,5,2,4,6,2,6,6,9,1,0,2,0,0,2,4,3,S001;S003;S013,S002;S008;S015,S004;S005;S006;S007;S009;S010;S011;S012;S014
3,"1,3,8,9|2|4,5,6,7",False,False,11,4,5,2.8000350139965877,0.5355934477696591,0.46155022604717927,5.856080625424812,,0,0,0,4,2,4,6,2,6,6,9,0,0,2,0,0,2,4,3,S001;S003;S009;S010;S012;S013;S014,S002,S004;S005;S006;S007;S008;S011;S015
3,"1,3,8|2,9|4,5,6,7",False,False,11,4,7,4.144588524868612,0.2894024768583805,0.15090542469435814,2.1349860346249288,,0,0,0,4,2,4,6,2,6,6,9,0,0,2,0,0,2,4,3,S001;S003;S009;S012;S013,S002;S010;S014,S004;S005;S006;S007;S008;S011;S015
3,"1,3,8|2|4,5,6,7,9",False,False,11,4,7,3.739664541331543,0.5866682552996864,0.5120925449622933,6.806039066022827,,0,0,0,4,2,4,6,2,6,6,9,0,0,2,0,0,2,4,3,S001;S003;S009;S012;S013,S002,S004;S005;S006;S007;S008;S010;S011;S014;S015
3,"1,3,9|2,8|4,5,6,7",False,False,12,5,6,3.726161967706426,0.28644214300174836,0.2148960289338789,2.115688036934766,,0,0,0,5,2,4,6,2,6,6,9,1,0,2,0,0,2,4,3,S001;S003;S010;S013;S014,S002;S009;S012,S004;S005;S006;S007;S008;S011;S015
3,"1,3|2,8,9|4,5,6,7",False,False,11,5,5,2.697258600986005,0.24797159629039167,0.2351642665484054,1.8630515615200018,,0,0,0,5,2,4,6,2,6,6,8,1,0,2,0,0,2,4,2,S001;S003;S013,S002;S009;S010;S012;S014,S004;S005;S006;S007;S008;S011;S015
3,"1,3|2,8|4,5,6,7,9",False,False,11,5,6,3.218461571158774,0.4802521017660615,0.44466743208352333,2.708668888369571,,0,0,0,5,2,4,6,2,6,6,8,1,0,2,0,0,2,4,2,S001;S003;S013,S002;S009;S012,S004;S005;S006;S007;S008;S010;S011;S014;S015
3,"1,3,9|2|4,5,6,7,8",False,False,11,4,5,3.053152652141567,0.5885955116589648,0.4761288935434927,6.828751084331394,,0,0,0,4,2,4,6,2,6,6,9,0,0,2,0,0,2,4,3,S001;S003;S010;S013;S014,S002,S004;S005;S006;S007;S008;S009;S011;S012;S015
3,"1,3|2,9|4,5,6,7,8",False,False,10,4,5,2.9503762391309842,0.4843674309279595,0.355174056091145,2.7424970721054995,,0,0,0,4,2,4,6,2,6,6,8,0,0,2,0,0,2,4,2,S001;S003;S013,S002;S010;S014,S004;S005;S006;S007;S008;S009;S011;S012;S015
3,"1,3|2|4,5,6,7,8,9",False,False,10,4,4,2.024249285421146,0.7657096941981745,0.673407495602142,8.318726790700607,,0,0,0,4,2,4,6,2,6,6,8,0,0,2,0,0,2,4,2,S001;S003;S013,S002,S004;S005;S006;S007;S008;S009;S010;S011;S012;S014;S015
3,"1,4,5,6,7,8|2,3|9",False,False,10,4,6,3.3366758980049482,0.7765791607008158,0.5327915331470229,5.701561029366062,,0,0,0,4,2,3,6,2,5,6,10,0,0,1,0,0,1,4,4,S001;S004;S005;S006;S007;S008;S009;S011;S012;S013;S015,S002;S003,S010;S014
3,"1,4,5,6,7|2,3,8|9",False,False,10,4,7,4.009685213569807,0.556155457871426,0.3715220797150393,4.686317815526079,,0,0,0,4,2,3,6,2,5,6,10,0,0,1,0,0,1,4,4,S001;S004;S005;S006;S007;S008;S011;S013;S015,S002;S003;S009;S012,S010;S014
3,"1,4,5,6,7,9|2,3|8",False,False,9,5,6,3.1863346728705517,0.7724331647837478,0.6158571169822953,5.600941467038781,,0,0,0,5,2,3,6,2,5,5,9,1,0,1,0,0,1,3,3,S001;S004;S005;S006;S007;S008;S010;S011;S013;S014;S015,S002;S003,S009;S012
3,"1,4,5,6,7|2,3,9|8",False,False,8,5,6,3.591258656407621,0.5543441202746767,0.43162923814018805,4.615955813977706,,0,0,0,5,2,3,6,2,5,5,8,1,0,1,0,0,1,3,2,S001;S004;S005;S006;S007;S008;S011;S013;S015,S002;S003;S010;S014,S009;S012
3,"1,4,5,6,7|2,3|8,9",False,False,11,5,6,3.083558259859969,0.5163442670122997,0.347119142392547,3.1927575755751363,,0,0,0,5,2,3,6,2,5,6,10,1,0,1,0,0,1,4,4,S001;S004;S005;S006;S007;S008;S011;S013;S015,S002;S003,S009;S010;S012;S014
3,"1,4,5,6,8|2,3,7|9",False,False,10,4,7,3.8900057664659395,0.5323440228245072,0.3699940297743826,4.546610577310968,,0,0,0,4,2,3,6,2,5,6,10,0,0,1,0,0,1,4,4,S001;S004;S005;S006;S007;S009;S011;S012;S013,S002;S003;S008;S015,S010;S014
3,"1,4,5,6|2,3,7,8|9",False,False,10,4,8,4.563015082030798,0.4477242609869376,0.3543672660554487,3.6379899844683385,,0,0,0,4,2,3,6,2,5,6,10,0,0,1,0,0,1,4,4,S001;S004;S005;S006;S007;S011;S013,S002;S003;S008;S009;S012;S015,S010;S014
3,"1,4,5,6,9|2,3,7|8",False,False,9,5,7,3.739664541331543,0.5277790455539938,0.45720223155186923,4.463331841768111,,0,0,0,5,2,3,6,2,5,5,9,1,0,1,0,0,1,3,3,S001;S004;S005;S006;S007;S010;S011;S013;S014,S002;S003;S008;S015,S009;S012
3,"1,4,5,6|2,3,7,9|8",False,False,8,5,7,4.144588524868612,0.44369219417674854,0.42986591897061344,3.5683535937422723,,0,0,0,5,2,3,6,2,5,5,8,1,0,1,0,0,1,3,2,S001;S004;S005;S006;S007;S011;S013,S002;S003;S008;S010;S014;S015,S009;S012
3,"1,4,5,6|2,3,7|8,9",False,False,11,5,7,3.6368881283209604,0.2287858064995055,0.16811477026848612,1.7523281255675716,,0,0,0,5,2,3,6,2,5,6,10,1,0,1,0,0,1,4,4,S001;S004;S005;S006;S007;S011;S013,S002;S003;S008;S015,S009;S010;S012;S014
3,"1,4,5,6,8,9|2,3|7",False,False,12,4,5,2.555539175046345,0.7346689049794938,0.5982302827638172,4.802466259432561,,0,0,0,4,2,4,6,2,6,6,10,0,0,2,0,0,2,4,4,S001;S004;S005;S006;S007;S009;S010;S011;S012;S013;S014,S002;S003,S008;S015
3,"1,4,5,6,8|2,3,9|7",False,False,11,4,6,3.481666128756183,0.5127796275199037,0.43285057994957693,3.9366282503468706,,0,0,0,4,2,4,6,2,6,6,9,0,0,2,0,0,2,4,3,S001;S004;S005;S006;S007;S009;S011;S012;S013,S002;S003;S010;S014,S008;S015
3,"1,4,5,6,8|2,3|7,9",False,False,13,4,8,4.421295656091139,0.4845792831139492,0.2997724553887039,3.097575950953738,,0,0,0,4,2,4,6,2,6,6,11,0,0,2,0,0,2,4,5,S001;S004;S005;S006;S007;S009;S011;S012;S013,S002;S003,S008;S010;S014;S015
3,"1,4,5,6,9|2,3,8|7",False,False,12,4,7,3.749751460783973,0.5100147040286451,0.459175991557677,3.923430096423593,,0,0,0,4,2,4,6,2,6,6,10,0,0,2,0,0,2,4,4,S001;S004;S005;S006;S007;S010;S011;S013;S014,S002;S003;S009;S012,S008;S015
3,"1,4,5,6|2,3,8,9|7",False,False,11,4,6,3.228548490611204,0.40726760703805703,0.4140829211431919,3.0575920873379023,,0,0,0,4,2,4,6,2,6,6,9,0,0,2,0,0,2,4,3,S001;S004;S005;S006;S007;S011;S013,S002;S003;S009;S010;S012;S014,S008;S015
3,"1,4,5,6|2,3,8|7,9",False,False,13,4,9,5.094304971655998,0.2155628898618337,0.0878317063780119,1.6387232291597502,,0,0,0,4,2,4,6,2,6,6,11,0,0,2,0,0,2,4,5,S001;S004;S005;S006;S007;S011;S013,S002;S003;S009;S012,S008;S010;S014;S015
3,"1,4,5,6,9|2,3|7,8",False,False,12,4,8,4.270954430956742,0.48120723703824936,0.3589582990594085,3.0871908493922358,,0,0,0,4,2,4,6,2,6,6,10,0,0,2,0,0,2,4,4,S001;S004;S005;S006;S007;S010;S011;S013;S014,S002;S003,S008;S009;S012;S015
3,"1,4,5,6|2,3,9|7,8",False,False,11,4,8,4.675878414493811,0.21456614577879393,0.14168962582331587,1.6272130082061165,,0,0,0,4,2,4,6,2,6,6,9,0,0,2,0,0,2,4,3,S001;S004;S005;S006;S007;S011;S013,S002;S003;S010;S014,S008;S009;S012;S015
3,"1,4,5,6|2,3|7,8,9",False,False,13,4,8,4.168178017946159,0.3304337234890568,0.222379985415673,2.405897411504323,,0,0,0,4,2,4,6,2,6,6,11,0,0,2,0,0,2,4,5,S001;S004;S005;S006;S007;S011;S013,S002;S003,S008;S009;S010;S012;S014;S015
3,"1,4,5,7,8|2,3,6|9",False,False,13,5,7,4.036672503718123,0.578016046330033,0.4076444678533011,4.805084463105339,,0,0,0,4,3,4,6,3,6,6,10,0,1,2,0,0,2,4,4,S001;S004;S005;S008;S009;S011;S012;S013;S015,S002;S003;S006;S007,S010;S014
3,"1,4,5,7|2,3,6,8|9",False,False,12,4,8,4.709681819282981,0.45164773866595526,0.34618165457056826,3.789841249265357,,0,0,0,4,2,4,6,2,6,6,10,0,0,2,0,0,2,4,4,S001;S004;S005;S008;S011;S013;S015,S002;S003;S006;S007;S009;S012,S010;S014
3,"1,4,5,7,9|2,3,6|8",False,False,12,6,7,3.8863312785837256,0.5735057939496377,0.49392941341288554,4.717924910966514,,0,0,0,5,3,4,6,3,6,5,9,1,1,2,0,0,2,3,3,S001;S004;S005;S008;S010;S011;S013;S014;S015,S002;S003;S006;S007,S009;S012
3,"1,4,5,7|2,3,6,9|8",False,False,11,6,7,4.291255262120795,0.44804647699681,0.41892887634433784,3.7329392579054383,,0,0,0,5,3,4,6,3,6,5,8,1,1,2,0,0,2,3,2,S001;S004;S005;S008;S011;S013;S015,S002;S003;S006;S007;S010;S014,S009;S012
3,"1,4,5,7|2,3,6|8,9",False,False,14,6,7,3.783554865573143,0.28189266366389654,0.2055053583891224,1.880587525732903,,0,0,0,5,3,4,6,3,6,6,10,1,1,2,0,0,2,4,4,S001;S004;S005;S008;S011;S013;S015,S002;S003;S006;S007,S009;S010;S012;S014
3,"1,4,5,8|2,3,6,7|9",False,False,10,5,7,4.058712482553915,0.44786904540709666,0.3387097933381744,3.6501340110502465,,0,0,0,4,3,3,6,3,6,5,9,0,1,1,0,0,2,3,3,S001;S004;S005;S009;S011;S012;S013,S002;S003;S006;S007;S008;S015,S010;S014
3,"1,4,5|2,3,6,7,8|9",False,False,9,4,8,4.731721798118773,0.530380020942399,0.4503171400571495,4.53446655072906,,0,0,0,4,2,3,6,2,6,5,9,0,0,1,0,0,2,3,3,S001;S004;S005;S011;S013,S002;S003;S006;S007;S008;S009;S012;S015,S010;S014
3,"1,4,5,9|2,3,6,7|8",False,False,10,6,7,3.908371257419518,0.443819545286727,0.41251928912141156,3.580315285695844,,0,0,0,5,3,3,6,3,6,5,8,1,1,1,0,0,2,3,2,S001;S004;S005;S010;S011;S013;S014,S002;S003;S006;S007;S008;S015,S009;S012
3,"1,4,5|2,3,6,7,9|8",False,False,8,6,7,4.313295240956586,0.5258138180536813,0.5234142052448725,4.451370149814539,,0,0,0,5,3,3,6,3,6,4,7,1,1,1,0,0,2,2,1,S001;S004;S005;S011;S013,S002;S003;S006;S007;S008;S010;S014;S015,S009;S012
3,"1,4,5|2,3,6,7|8,9",False,False,11,6,7,3.8055948444089354,0.2266366766949946,0.22567519397763477,1.7463020407265424,,0,0,0,5,3,3,6,3,6,5,9,1,1,1,0,0,2,3,3,S001;S004;S005;S011;S013,S002;S003;S006;S007;S008;S015,S009;S010;S012;S014
3,"1,4,5,8,9|2,3,6|7",False,False,13,5,5,2.72424589113432,0.5322162811463311,0.4591430930320282,4.0262627741094015,,0,0,0,4,3,4,6,3,7,6,9,0,1,2,0,0,3,4,3,S001;S004;S005;S009;S010;S011;S012;S013;S014,S002;S003;S006;S007,S008;S015
3,"1,4,5,8|2,3,6,9|7",False,False,11,5,6,3.650372844844158,0.409452142017957,0.4190296813412093,3.160424765023711,,0,0,0,4,3,4,6,3,7,5,8,0,1,2,0,0,3,3,2,S001;S004;S005;S009;S011;S012;S013,S002;S003;S006;S007;S010;S014,S008;S015
3,"1,4,5,8|2,3,6|7,9",False,False,13,5,8,4.590002372179114,0.24275300556693644,0.10870508306785145,1.6938366297792389,,0,0,0,4,3,4,6,3,7,5,10,0,1,2,0,0,3,3,4,S001;S004;S005;S009;S011;S012;S013,S002;S003;S006;S007,S008;S010;S014;S015
3,"1,4,5,9|2,3,6,8|7",False,False,12,4,7,3.918458176871948,0.40899901936381755,0.4164191953938193,3.1472266111004332,,0,0,0,4,2,4,6,2,7,6,9,0,0,2,0,0,3,4,3,S001;S004;S005;S010;S011;S013;S014,S002;S003;S006;S007;S009;S012,S008;S015
3,"1,4,5|2,3,6,8,9|7",False,False,10,4,6,3.397255206699179,0.48396739919939147,0.4989632352423817,3.791951499634598,,0,0,0,4,2,4,6,2,7,5,8,0,0,2,0,0,3,3,2,S001;S004;S005;S011;S013,S002;S003;S006;S007;S009;S010;S012;S014,S008;S015
3,"1,4,5|2,3,6,8|7,9",False,False,12,4,9,5.2630116877439725,0.18501007841686068,0.1691929407356666,1.5682569849580779,,0,0,0,4,2,4,6,2,7,5,10,0,0,2,0,0,3,3,4,S001;S004;S005;S011;S013,S002;S003;S006;S007;S009;S012,S008;S010;S014;S015
3,"1,4,5,9|2,3,6|7,8",False,False,13,5,8,4.439661147044717,0.23853907378516823,0.18617248059087252,1.674915402405383,,0,0,0,4,3,4,6,3,7,6,9,0,1,2,0,0,3,4,3,S001;S004;S005;S010;S011;S013;S014,S002;S003;S006;S007,S008;S009;S012;S015
3,"1,4,5|2,3,6,9|7,8",False,False,11,5,8,4.844585130581786,0.1804756379372203,0.22586917418376828,1.550217815904657,,0,0,0,4,3,4,6,3,7,5,8,0,1,2,0,0,3,3,2,S001;S004;S005;S011;S013,S002;S003;S006;S007;S010;S014,S008;S009;S012;S015
3,"1,4,5|2,3,6|7,8,9",False,False,13,5,8,4.336884734034134,0.1229760158658283,0.11120603534602524,1.3408746876178306,,0,0,0,4,3,4,6,3,7,5,10,0,1,2,0,0,3,3,4,S001;S004;S005;S011;S013,S002;S003;S006;S007,S008;S009;S010;S012;S014;S015
3,"1,4,5,7,8,9|2,3|6",False,False,11,5,5,2.7022059122985276,0.8048581047965181,0.6674102123659768,6.4754447372995205,,0,0,0,4,3,4,6,3,6,5,9,0,1,2,0,0,2,3,3,S001;S004;S005;S008;S009;S010;S011;S012;S013;S014;S015,S002;S003,S006;S007
3,"1,4,5,7,8|2,3,9|6",False,False,10,5,6,3.628332866008366,0.5897147353732173,0.5003482461538422,5.359966611450585,,0,0,0,4,3,4,6,3,6,5,8,0,1,2,0,0,2,3,2,S001;S004;S005;S008;S009;S011;S012;S013;S015,S002;S003;S010;S014,S006;S007
3,"1,4,5,7,8|2,3|6,9",False,False,14,5,8,4.567962393343322,0.5444262651122368,0.3504880429183804,3.2736725132108324,,0,0,0,4,3,4,6,3,6,6,11,0,1,2,0,0,2,4,5,S001;S004;S005;S008;S009;S011;S012;S013;S015,S002;S003,S006;S007;S010;S014
3,"1,4,5,7,9|2,3,8|6",False,False,11,5,7,3.8964181980361556,0.5870104808537708,0.5271529425769257,5.342963139844446,,0,0,0,4,3,4,6,3,6,5,9,0,1,2,0,0,2,3,3,S001;S004;S005;S008;S010;S011;S013;S014;S015,S002;S003;S009;S012,S006;S007
3,"1,4,5,7|2,3,8,9|6",False,False,10,5,6,3.3752152278633867,0.47654544783601915,0.4667902584353686,4.227485013995511,,0,0,0,4,3,4,6,3,6,5,8,0,1,2,0,0,2,3,2,S001;S004;S005;S008;S011;S013;S015,S002;S003;S009;S010;S012;S014,S006;S007
3,"1,4,5,7|2,3,8|6,9",False,False,14,5,9,5.24097170890818,0.29061722832669384,0.1552394008763217,1.9983591238028198,,0,0,0,4,3,4,6,3,6,6,11,0,1,2,0,0,2,4,5,S001;S004;S005;S008;S011;S013;S015,S002;S003;S009;S012,S006;S007;S010;S014
3,"1,4,5,7,9|2,3|6,8",False,False,13,5,8,4.417621168208925,0.5407724555472558,0.416183814711307,3.2632874116493302,,0,0,0,5,2,4,6,2,6,6,10,1,0,2,0,0,2,4,4,S001;S004;S005;S008;S010;S011;S013;S014;S015,S002;S003,S006;S007;S009;S012
3,"1,4,5,7|2,3,9|6,8",False,False,12,5,8,4.822545151745993,0.289267053808358,0.20610010070111878,1.9824250858908397,,0,0,0,5,2,4,6,2,6,6,9,1,0,2,0,0,2,4,3,S001;S004;S005;S008;S011;S013;S015,S002;S003;S010;S014,S006;S007;S009;S012
3,"1,4,5,7|2,3|6,8,9",False,False,14,5,8,4.314844755198342,0.35154743197386773,0.23487278832460476,2.5819939737614175,,0,0,0,5,2,4,6,2,6,6,11,1,0,2,0,0,2,4,5,S001;S004;S005;S008;S011;S013;S015,S002;S003,S006;S007;S009;S010;S012;S014
3,"1,4,5,8,9|2,3,7|6",False,False,9,5,5,2.72424589113432,0.5633491825289709,0.49655187792033206,5.187122771592725,,0,0,0,4,3,3,6,3,6,5,8,0,1,1,0,0,2,3,2,S001;S004;S005;S009;S010;S011;S012;S013;S014,S002;S003;S008;S015,S006;S007
3,"1,4,5,8|2,3,7,9|6",False,False,7,5,6,3.650372844844158,0.4743383121127205,0.47979677166516627,4.071644645743789,,1,0,0,4,3,3,6,3,6,4,7,0,1,1,0,0,2,2,1,S001;S004;S005;S009;S011;S012;S013,S002;S003;S008;S010;S014;S015,S006;S007
3,"1,4,5,8|2,3,7|6,9",False,False,11,5,8,4.590002372179114,0.264195963357861,0.128588827874778,1.9246923879725055,,0,0,0,4,3,3,6,3,6,5,10,0,1,1,0,0,2,3,4,S001;S004;S005;S009;S011;S012;S013,S002;S003;S008;S015,S006;S007;S010;S014
3,"1,4,5,9|2,3,7,8|6",False,False,9,5,7,3.918458176871948,0.4743207690851409,0.4729789055923382,4.058098249731942,,0,0,0,4,3,3,6,3,6,5,8,0,1,1,0,0,2,3,2,S001;S004;S005;S010;S011;S013;S014,S002;S003;S008;S009;S012;S015,S006;S007
3,"1,4,5|2,3,7,8,9|6",False,False,7,5,6,3.397255206699179,0.5613929851973575,0.5634248015185838,5.173576375580878,,0,0,0,4,3,3,6,3,6,4,7,0,1,1,0,0,2,2,1,S001;S004;S005;S011;S013,S002;S003;S008;S009;S010;S012;S014;S015,S006;S007
3,"1,4,5|2,3,7,8|6,9",False,False,11,5,9,5.2630116877439725,0.26208982632820005,0.22203668330723786,1.918288920195494,,0,0,0,4,3,3,6,3,6,5,10,0,1,1,0,0,2,3,4,S001;S004;S005;S011;S013,S002;S003;S008;S009;S012;S015,S006;S007;S010;S014
3,"1,4,5,9|2,3,7|6,8",False,False,11,5,8,4.439661147044717,0.2596481439467443,0.21200193143409757,1.901372175486298,,0,0,0,5,2,3,6,2,6,6,9,1,0,1,0,0,2,4,3,S001;S004;S005;S010;S011;S013;S014,S002;S003;S008;S015,S006;S007;S009;S012
3,"1,4,5|2,3,7,9|6,8",False,False,9,5,8,4.844585130581786,0.25753712551314245,0.2836973381790009,1.8950197661487387,,0,0,0,5,2,3,6,2,6,5,8,1,0,1,0,0,2,3,2,S001;S004;S005;S011;S013,S002;S003;S008;S010;S014;S015,S006;S007;S009;S012
3,"1,4,5|2,3,7|6,8,9",False,False,11,5,8,4.336884734034134,0.04900737918837964,0.07301169594255597,1.1101795311344975,,0,0,0,5,2,3,6,2,6,5,10,1,0,1,0,0,2,3,4,S001;S004;S005;S011;S013,S002;S003;S008;S015,S006;S007;S009;S010;S012;S014
3,"1,4,5,8,9|2,3|6,7",False,False,13,5,5,2.72424589113432,0.5079763687806053,0.3944222106247553,3.1681057870279323,,0,0,0,4,3,4,6,3,7,6,9,0,1,2,0,0,3,4,3,S001;S004;S005;S009;S010;S011;S012;S013;S014,S002;S003,S006;S007;S008;S015
3,"1,4,5,8|2,3,9|6,7",False,False,11,5,6,3.650372844844158,0.24867791982864546,0.22563857164245163,1.779314583682797,,0,0,0,4,3,4,6,3,7,5,8,0,1,2,0,0,3,3,2,S001;S004;S005;S009;S011;S012;S013,S002;S003;S010;S014,S006;S007;S008;S015
3,"1,4,5,8|2,3|6,7,9",False,False,13,5,8,4.590002372179114,0.3380991173445591,0.2298511208785962,2.4868123491400196,,0,0,0,4,3,4,6,3,7,5,10,0,1,2,0,0,3,3,4,S001;S004;S005;S009;S011;S012;S013,S002;S003,S006;S007;S008;S010;S014;S015
3,"1,4,5,9|2,3,8|6,7",False,False,13,5,7,3.918458176871948,0.24544104056173136,0.24873447994866668,1.7718840420628,,0,0,0,4,3,4,6,3,7,6,9,0,1,2,0,0,3,4,3,S001;S004;S005;S010;S011;S013;S014,S002;S003;S009;S012,S006;S007;S008;S015
3,"1,4,5|2,3,8,9|6,7",False,False,11,5,6,3.397255206699179,0.21584573177200933,0.2794302403066196,1.6978617817331654,,0,0,0,4,3,4,6,3,7,5,8,0,1,2,0,0,3,3,2,S001;S004;S005;S011;S013,S002;S003;S009;S010;S012;S014,S006;S007;S008;S015
3,"1,4,5|2,3,8|6,7,9",False,False,13,5,9,5.2630116877439725,0.08823834643942459,0.11004993550870822,1.2289079486987304,,0,0,0,4,3,4,6,3,7,5,10,0,1,2,0,0,3,3,4,S001;S004;S005;S011;S013,S002;S003;S009;S012,S006;S007;S008;S010;S014;S015
3,"1,4,5,9|2,3|6,7,8",False,False,12,4,8,4.439661147044717,0.3369145675322199,0.23930623874479665,2.476427247578517,,0,0,0,4,2,4,6,2,7,6,9,0,0,2,0,0,3,4,3,S001;S004;S005;S010;S011;S013;S014,S002;S003,S006;S007;S008;S009;S012;S015
3,"1,4,5|2,3,9|6,7,8",False,False,10,4,8,4.844585130581786,0.09265971005185292,0.08003300889404137,1.2426755843159576,,0,0,0,4,2,4,6,2,7,5,8,0,0,2,0,0,3,3,2,S001;S004;S005;S011;S013,S002;S003;S010;S014,S006;S007;S008;S009;S012;S015
3,"1,4,5|2,3|6,7,8,9",False,False,12,4,8,4.336884734034134,0.39029451275473914,0.3075159612879631,2.7705957432218606,,0,0,0,4,2,4,6,2,7,5,10,0,0,2,0,0,3,3,4,S001;S004;S005;S011;S013,S002;S003,S006;S007;S008;S009;S010;S012;S014;S015
3,"1,4,6,7,8|2,3,5|9",False,False,10,4,7,3.604761230032738,0.5925217524450437,0.40460827462847265,4.880153161064758,,0,0,0,4,2,3,6,2,5,6,10,0,0,1,0,0,1,4,4,S001;S004;S006;S007;S008;S009;S012;S013;S015,S002;S003;S005;S011,S010;S014
3,"1,4,6,7|2,3,5,8|9",False,False,11,5,6,3.7415998815420175,0.4552598868717199,0.33066218156515825,3.864909947224775,,0,0,0,4,3,3,6,3,5,6,10,0,1,1,0,0,1,4,4,S001;S004;S006;S007;S008;S013;S015,S002;S003;S005;S009;S011;S012,S010;S014
3,"1,4,6,7,9|2,3,5|8",False,False,10,6,6,3.1863346728705517,0.5880352861460744,0.4817644829865665,4.7918665014505155,,0,0,0,5,3,3,6,3,5,5,9,1,1,1,0,0,1,3,3,S001;S004;S006;S007;S008;S010;S013;S014;S015,S002;S003;S005;S011,S009;S012
3,"1,4,6,7|2,3,5,9|8",False,False,9,6,6,3.591258656407621,0.4518012898920106,0.4123627988260887,3.8068808483894405,,0,0,0,5,3,3,6,3,5,5,8,1,1,1,0,0,1,3,2,S001;S004;S006;S007;S008;S013;S015,S002;S003;S005;S010;S011;S014,S009;S012
3,"1,4,6,7|2,3,5|8,9",False,False,12,6,6,3.083558259859969,0.29931781580201366,0.1843435516843349,1.917837966495523,,0,0,0,5,3,3,6,3,5,6,10,1,1,1,0,0,1,4,4,S001;S004;S006;S007;S008;S013;S015,S002;S003;S005;S011,S009;S010;S012;S014
3,"1,4,6,8|2,3,5,7|9",False,False,12,4,8,4.158091098493729,0.44941831332305715,0.33834927915777757,3.7252027090096647,,0,0,0,4,2,4,6,2,6,6,10,0,0,2,0,0,2,4,4,S001;S004;S006;S007;S009;S012;S013,S002;S003;S005;S008;S011;S015,S010;S014
3,"1,4,6|2,3,5,7,8|9",False,False,13,5,7,4.294929750003009,0.5186419888304211,0.43097172416395846,4.459397852769642,,0,0,0,4,3,4,6,3,6,6,10,0,1,2,0,0,2,4,4,S001;S004;S006;S007;S013,S002;S003;S005;S008;S009;S011;S012;S015,S010;S014
3,"1,4,6,9|2,3,5,7|8",False,False,12,6,7,3.739664541331543,0.44526739387512215,0.41049735450059427,3.6542568761798457,,0,0,0,5,3,4,6,3,6,5,9,1,1,2,0,0,2,3,3,S001;S004;S006;S007;S010;S013;S014,S002;S003;S005;S008;S011;S015,S009;S012
3,"1,4,6|2,3,5,7,9|8",False,False,11,6,7,4.144588524868612,0.5140715830171478,0.5159663171734957,4.3774285593305375,,0,0,0,5,3,4,6,3,6,5,8,1,1,2,0,0,2,3,2,S001;S004;S006;S007;S013,S002;S003;S005;S008;S010;S011;S014;S015,S009;S012
3,"1,4,6|2,3,5,7|8,9",False,False,14,6,7,3.6368881283209604,0.21424874670123004,0.21541799365450545,1.7090515999639222,,0,0,0,5,3,4,6,3,6,6,10,1,1,2,0,0,2,4,4,S001;S004;S006;S007;S013,S002;S003;S005;S008;S011;S015,S009;S010;S012;S014
3,"1,4,6,8,9|2,3,5|7",False,False,12,4,6,2.823624507074135,0.5469807115961864,0.47507532295956795,4.0912601060952385,,0,0,0,4,2,4,6,2,6,6,10,0,0,2,0,0,2,4,4,S001;S004;S006;S007;S009;S010;S012;S013;S014,S002;S003;S005;S011,S008;S015
3,"1,4,6,8|2,3,5,9|7",False,False,11,4,7,3.749751460783973,0.4124159835455866,0.4168150361435609,3.225422097009549,,0,0,0,4,2,4,6,2,6,6,9,0,0,2,0,0,2,4,3,S001;S004;S006;S007;S009;S012;S013,S002;S003;S005;S010;S011;S014,S008;S015
3,"1,4,6,8|2,3,5|7,9",False,False,13,4,9,4.689380988118929,0.2609862632835132,0.13345783677632833,1.7286720933453865,,0,0,0,4,2,4,6,2,6,6,11,0,0,2,0,0,2,4,5,S001;S004;S006;S007;S009;S012;S013,S002;S003;S005;S011,S008;S010;S014;S015
3,"1,4,6,9|2,3,5,8|7",False,False,13,5,6,3.481666128756183,0.411716327376559,0.41078862535355376,3.2122239430862702,,0,0,0,4,3,4,6,3,6,6,10,0,1,2,0,0,2,4,4,S001;S004;S006;S007;S010;S013;S014,S002;S003;S005;S009;S011;S012,S008;S015
3,"1,4,6|2,3,5,8,9|7",False,False,12,5,5,2.9604631585834142,0.4721829495179182,0.4808516090128957,3.72695416764876,,0,0,0,4,3,4,6,3,6,6,9,0,1,2,0,0,2,4,3,S001;S004;S006;S007;S013,S002;S003;S005;S009;S010;S011;S012;S014,S008;S015
3,"1,4,6|2,3,5,8|7,9",False,False,14,5,8,4.826219639628208,0.17236572882554277,0.14222020512108452,1.5334215213919302,,0,0,0,4,3,4,6,3,6,6,11,0,1,2,0,0,2,4,5,S001;S004;S006;S007;S013,S002;S003;S005;S009;S011;S012,S008;S010;S014;S015
3,"1,4,6,9|2,3,5|7,8",False,False,13,5,8,4.270954430956742,0.25687121751326025,0.1926181354385928,1.7095061853106754,,0,0,0,4,3,4,6,3,6,6,10,0,1,2,0,0,2,4,4,S001;S004;S006;S007;S010;S013;S014,S002;S003;S005;S011,S008;S009;S012;S015
3,"1,4,6|2,3,5,9|7,8",False,False,12,5,8,4.675878414493811,0.16779614564418818,0.2154334541340803,1.5156270329993635,,0,0,0,4,3,4,6,3,6,6,9,0,1,2,0,0,2,4,3,S001;S004;S006;S007;S013,S002;S003;S005;S010;S011;S014,S008;S009;S012;S015
3,"1,4,6|2,3,5|7,8,9",False,False,14,5,8,4.168178017946159,0.13212158079799585,0.11552978034397876,1.384845303041018,,0,0,0,4,3,4,6,3,6,6,11,0,1,2,0,0,2,4,5,S001;S004;S006;S007;S013,S002;S003;S005;S011,S008;S009;S010;S012;S014;S015
3,"1,4,7,8|2,3,5,6|9",False,False,12,4,8,4.304757835745912,0.4631566049142948,0.3442265375658194,3.983676594804036,,0,0,0,4,2,4,6,2,6,6,10,0,0,2,0,0,2,4,4,S001;S004;S008;S009;S012;S013;S015,S002;S003;S005;S006;S007;S011,S010;S014
3,"1,4,7|2,3,5,6,8|9",False,False,13,5,7,4.441596487255191,0.48408987563397504,0.39268681863357885,4.200923966975271,,0,0,0,4,3,4,6,3,6,6,10,0,1,2,0,0,2,4,4,S001;S004;S008;S013;S015,S002;S003;S005;S006;S007;S009;S011;S012,S010;S014
3,"1,4,7,9|2,3,5,6|8",False,False,12,6,7,3.8863312785837256,0.45874399828644513,0.4193906861089138,3.9088499453782477,,0,0,0,5,3,4,6,3,6,5,9,1,1,2,0,0,2,3,3,S001;S004;S008;S010;S013;S014;S015,S002;S003;S005;S006;S007;S011,S009;S012
3,"1,4,7|2,3,5,6,9|8",False,False,11,6,7,4.291255262120795,0.479559489520542,0.47808859796379455,4.122835490132135,,0,0,0,5,3,4,6,3,6,5,8,1,1,2,0,0,2,3,2,S001;S004;S008;S013;S015,S002;S003;S005;S006;S007;S010;S011;S014,S009;S012
3,"1,4,7|2,3,5,6|8,9",False,False,14,6,7,3.783554865573143,0.1866758773449758,0.17835927691186573,1.5807921997985908,,0,0,0,5,3,4,6,3,6,6,10,1,1,2,0,0,2,4,4,S001;S004;S008;S013;S015,S002;S003;S005;S006;S007;S011,S009;S010;S012;S014
3,"1,4,8|2,3,5,6,7|9",False,False,10,4,8,4.326797814581704,0.5015755178654523,0.40680960592941867,4.340631205190382,,0,0,0,4,2,3,6,2,7,5,9,0,0,1,0,0,3,3,3,S001;S004;S009;S012;S013,S002;S003;S005;S006;S007;S008;S011;S015,S010;S014
3,"1,4|2,3,5,6,7,8|9",False,False,11,5,7,4.463636466090984,0.6944351099213701,0.5797062248868392,5.355874419030364,,0,0,0,4,3,3,6,3,7,5,9,0,1,1,0,0,3,3,3,S001;S004;S013,S002;S003;S005;S006;S007;S008;S009;S011;S012;S015,S010;S014
3,"1,4,9|2,3,5,6,7|8",False,False,11,6,7,3.908371257419518,0.49909195192463907,0.46022488550217794,4.27545946234173,,0,0,0,5,3,3,6,3,7,5,8,1,1,1,0,0,3,3,2,S001;S004;S010;S013;S014,S002;S003;S005;S006;S007;S008;S011;S015,S009;S012
3,"1,4|2,3,5,6,7,9|8",False,False,9,6,7,4.313295240956586,0.6901388679994332,0.6584371839274814,5.2604451154028045,,0,0,0,5,3,3,6,3,7,4,7,1,1,1,0,0,3,2,1,S001;S004;S013,S002;S003;S005;S006;S007;S008;S010;S011;S014;S015,S009;S012
3,"1,4|2,3,5,6,7|8,9",False,False,12,6,7,3.8055948444089354,0.4211038114357798,0.38866213889473433,2.393532983407692,,0,0,0,5,3,3,6,3,7,5,9,1,1,1,0,0,3,3,3,S001;S004;S013,S002;S003;S005;S006;S007;S008;S011;S015,S009;S010;S012;S014
3,"1,4,8,9|2,3,5,6|7",False,False,12,4,6,2.9923312231621098,0.4184594668623274,0.4064070880526193,3.3150566207720793,,0,0,0,4,2,4,6,2,7,6,9,0,0,2,0,0,3,4,3,S001;S004;S009;S010;S012;S013;S014,S002;S003;S005;S006;S007;S011,S008;S015
3,"1,4,8|2,3,5,6,9|7",False,False,10,4,7,3.918458176871948,0.455191948811143,0.4871610673794826,3.6241214899629517,,0,0,0,4,2,4,6,2,7,5,8,0,0,2,0,0,3,3,2,S001;S004;S009;S012;S013,S002;S003;S005;S006;S007;S010;S011;S014,S008;S015
3,"1,4,8|2,3,5,6|7,9",False,False,12,4,9,4.858087704206904,0.15694083689790214,0.10855078603980897,1.4783081207724413,,0,0,0,4,2,4,6,2,7,5,10,0,0,2,0,0,3,3,4,S001;S004;S009;S012;S013,S002;S003;S005;S006;S007;S011,S008;S010;S014;S015
3,"1,4,9|2,3,5,6,8|7",False,False,13,5,6,3.650372844844158,0.45725287349403326,0.45567680886270495,3.6373196438862294,,0,0,0,4,3,4,6,3,7,6,9,0,1,2,0,0,3,4,3,S001;S004;S010;S013;S014,S002;S003;S005;S006;S007;S009;S011;S012,S008;S015
3,"1,4|2,3,5,6,8,9|7",False,False,11,5,5,3.129169874671389,0.6509369663306344,0.6247681321708324,4.50315765297192,,0,0,0,4,3,4,6,3,7,5,8,0,1,2,0,0,3,3,2,S001;S004;S013,S002;S003;S005;S006;S007;S009;S010;S011;S012;S014,S008;S015
3,"1,4|2,3,5,6,8|7,9",False,False,13,5,8,4.994926355716183,0.38713818034231534,0.33202516233613905,2.316494906021895,,0,0,0,4,3,4,6,3,7,5,10,0,1,2,0,0,3,3,4,S001;S004;S013,S002;S003;S005;S006;S007;S009;S011;S012,S008;S010;S014;S015
3,"1,4,9|2,3,5,6|7,8",False,False,13,5,8,4.439661147044717,0.15403883830390078,0.14856762668700005,1.4679246388000973,,0,0,0,4,3,4,6,3,7,6,9,0,1,2,0,0,3,4,3,S001;S004;S010;S013;S014,S002;S003;S005;S006;S007;S011,S008;S009;S012;S015
3,"1,4|2,3,5,6,9|7,8",False,False,11,5,8,4.844585130581786,0.38352708905955557,0.39080532655959016,2.308089415351435,,0,0,0,4,3,4,6,3,7,5,8,0,1,2,0,0,3,3,2,S001;S004;S013,S002;S003;S005;S006;S007;S010;S011;S014,S008;S009;S012;S015
3,"1,4|2,3,5,6|7,8,9",False,False,13,5,8,4.336884734034134,0.23621478265959975,0.23509070346121175,1.7566643183412152,,0,0,0,4,3,4,6,3,7,5,10,0,1,2,0,0,3,3,4,S001;S004;S013,S002;S003;S005;S006;S007;S011,S008;S009;S010;S012;S014;S015
3,"1,4,7,8,9|2,3,5|6",False,False,11,5,6,2.9702912443263174,0.6230236611437249,0.5462229552537139,5.559182227809212,,0,0,0,4,3,4,6,3,6,5,9,0,1,2,0,0,2,3,3,S001;S004;S008;S009;S010;S012;S013;S014;S015,S002;S003;S005;S011,S006;S007
3,"1,4,7,8|2,3,5,9|6",False,False,10,5,7,3.8964181980361556,0.48561289189488355,0.4711142393352314,4.443704101960277,,0,0,0,4,3,4,6,3,6,5,8,0,1,2,0,0,2,3,2,S001;S004;S008;S009;S012;S013;S015,S002;S003;S005;S010;S011;S014,S006;S007
3,"1,4,7,8|2,3,5|6,9",False,False,14,5,9,4.836047725371111,0.33257949533503633,0.19652624004956507,2.1005672654625207,,0,0,0,4,3,4,6,3,6,6,11,0,1,2,0,0,2,4,5,S001;S004;S008;S009;S012;S013;S015,S002;S003;S005;S011,S006;S007;S010;S014
3,"1,4,7,9|2,3,5,8|6",False,False,12,5,6,3.628332866008366,0.48465354131479976,0.4714813039814598,4.426700630354138,,0,0,0,4,4,4,6,4,6,5,9,0,2,2,0,0,2,3,3,S001;S004;S008;S010;S013;S014;S015,S002;S003;S005;S009;S011;S012,S006;S007
3,"1,4,7|2,3,5,8,9|6",False,False,11,5,5,3.107129895835597,0.5148765021827596,0.5113236502958727,4.801516919364389,,0,0,0,4,4,4,6,4,6,5,8,0,2,2,0,0,2,3,2,S001;S004;S008;S013;S015,S002;S003;S005;S009;S010;S011;S012;S014,S006;S007
3,"1,4,7|2,3,5,8|6,9",False,False,15,5,8,4.972886376880391,0.2204844052581742,0.15037325990746991,1.7424140427054784,,0,0,0,4,4,4,6,4,6,6,11,0,2,2,0,0,2,4,5,S001;S004;S008;S013;S015,S002;S003;S005;S009;S011;S012,S006;S007;S010;S014
3,"1,4,7,9|2,3,5|6,8",False,False,14,6,8,4.417621168208925,0.32828292776377077,0.26016577117159495,2.075844703952901,,0,0,0,5,3,4,6,3,6,6,10,1,1,2,0,0,2,4,4,S001;S004;S008;S010;S013;S014;S015,S002;S003;S005;S011,S006;S007;S009;S012
3,"1,4,7|2,3,5,9|6,8",False,False,13,6,8,4.822545151745993,0.21611283759053282,0.2321646379379883,1.7205472376821347,,0,0,0,5,3,4,6,3,6,6,9,1,1,2,0,0,2,4,3,S001;S004;S008;S013;S015,S002;S003;S005;S010;S011;S014,S006;S007;S009;S012
3,"1,4,7|2,3,5|6,8,9",False,False,15,6,8,4.314844755198342,0.11299415026861176,0.06659773877124102,1.296709746550321,,0,0,0,5,3,4,6,3,6,6,11,1,1,2,0,0,2,4,5,S001;S004;S008;S013;S015,S002;S003;S005;S011,S006;S007;S009;S010;S012;S014
3,"1,4,8,9|2,3,5,7|6",False,False,11,5,6,2.9923312231621098,0.4778117227232364,0.4618681605606513,4.270860262102416,,0,0,0,4,3,4,6,3,7,5,8,0,1,2,0,0,3,3,2,S001;S004;S009;S010;S012;S013;S014,S002;S003;S005;S008;S011;S015,S006;S007
3,"1,4,8|2,3,5,7,9|6",False,False,9,5,7,3.918458176871948,0.5325721297848321,0.5503781022153419,4.957357287616111,,0,0,0,4,3,4,6,3,7,4,7,0,1,2,0,0,3,2,1,S001;S004;S009;S012;S013,S002;S003;S005;S008;S010;S011;S014;S015,S006;S007
3,"1,4,8|2,3,5,7|6,9",False,False,13,5,9,4.858087704206904,0.233641813584888,0.16680055042497902,1.816080778535793,,0,0,0,4,3,4,6,3,7,5,10,0,1,2,0,0,3,3,4,S001;S004;S009;S012;S013,S002;S003;S005;S008;S011;S015,S006;S007;S010;S014
3,"1,4,9|2,3,5,7,8|6",False,False,12,5,6,3.650372844844158,0.5346660358482854,0.5195441909291603,4.97436075922225,,0,0,0,4,4,4,6,4,7,5,8,0,2,2,0,0,3,3,2,S001;S004;S010;S013;S014,S002;S003;S005;S008;S009;S011;S012;S015,S006;S007
3,"1,4|2,3,5,7,8,9|6",False,False,10,5,5,3.129169874671389,0.7237017064391386,0.6868908165638501,6.089838885071186,,0,0,0,4,4,4,6,4,7,4,7,0,2,2,0,0,3,2,1,S001;S004;S013,S002;S003;S005;S008;S009;S010;S011;S012;S014;S015,S006;S007
3,"1,4|2,3,5,7,8|6,9",False,False,14,5,8,4.994926355716183,0.4510276089707887,0.37545746193512525,2.459023893570664,,0,0,0,4,4,4,6,4,7,5,10,0,2,2,0,0,3,3,4,S001;S004;S013,S002;S003;S005;S008;S009;S011;S012;S015,S006;S007;S010;S014
3,"1,4,9|2,3,5,7|6,8",False,False,14,6,8,4.439661147044717,0.2309368270002276,0.21026867743958091,1.801600148086677,,0,0,0,5,3,4,6,3,7,6,9,1,1,2,0,0,3,4,3,S001;S004;S010;S013;S014,S002;S003;S005;S008;S011;S015,S006;S007;S009;S012
3,"1,4|2,3,5,7,9|6,8",False,False,12,6,8,4.844585130581786,0.44714039025504737,0.44012165739412595,2.4506184029002043,,0,0,0,5,3,4,6,3,7,5,8,1,1,2,0,0,3,3,2,S001;S004;S013,S002;S003;S005;S008;S010;S011;S014;S015,S006;S007;S009;S012
3,"1,4|2,3,5,7|6,8,9",False,False,14,6,8,4.336884734034134,0.24932635582669066,0.24530122963835232,1.8991933058899848,,0,0,0,5,3,4,6,3,7,5,10,1,1,2,0,0,3,3,4,S001;S004;S013,S002;S003;S005;S008;S011;S015,S006;S007;S009;S010;S012;S014
3,"1,4,8,9|2,3,5|6,7",False,False,13,5,6,2.9923312231621098,0.2892953826826776,0.2564041397681248,1.866372095407156,,0,0,0,4,3,4,6,3,7,6,9,0,1,2,0,0,3,4,3,S001;S004;S009;S010;S012;S013;S014,S002;S003;S005;S011,S006;S007;S008;S015
3,"1,4,8|2,3,5,9|6,7",False,False,11,5,7,3.918458176871948,0.18758207052437037,0.2712271403398873,1.6033737283888088,,0,0,0,4,3,4,6,3,7,5,8,0,1,2,0,0,3,3,2,S001;S004;S009;S012;S013,S002;S003;S005;S010;S011;S014,S006;S007;S008;S015
3,"1,4,8|2,3,5|6,7,9",False,False,13,5,9,4.858087704206904,0.11751633689031289,0.11267757816406418,1.3329641085804174,,0,0,0,4,3,4,6,3,7,5,10,0,1,2,0,0,3,3,4,S001;S004;S009;S012;S013,S002;S003;S005;S011,S006;S007;S008;S010;S014;S015
3,"1,4,9|2,3,5,8|6,7",False,False,14,5,6,3.650372844844158,0.18931182895563115,0.23828094113941795,1.6108042700088063,,0,0,0,4,4,4,6,4,7,6,9,0,2,2,0,0,3,4,3,S001;S004;S010;S013;S014,S002;S003;S005;S009;S011;S012,S006;S007;S008;S015
3,"1,4|2,3,5,8,9|6,7",False,False,12,5,5,3.129169874671389,0.4121668864484567,0.4204195588000777,2.373580325514407,,0,0,0,4,4,4,6,4,7,5,8,0,2,2,0,0,3,3,2,S001;S004;S013,S002;S003;S005;S009;S010;S011;S012;S014,S006;S007;S008;S015
3,"1,4|2,3,5,8|6,7,9",False,False,14,5,8,4.994926355716183,0.23922984566693328,0.24645356004105337,1.8221552285041875,,0,0,0,4,4,4,6,4,7,5,10,0,2,2,0,0,3,3,4,S001;S004;S013,S002;S003;S005;S009;S011;S012,S006;S007;S008;S010;S014;S015
3,"1,4,9|2,3,5|6,7,8",False,False,13,5,8,4.439661147044717,0.11889563285363684,0.06459962609149056,1.3396228478608108,,0,0,0,4,3,4,6,3,7,6,9,0,1,2,0,0,3,4,3,S001;S004;S010;S013;S014,S002;S003;S005;S011,S006;S007;S008;S009;S012;S015
3,"1,4|2,3,5,9|6,7,8",False,False,11,5,8,4.844585130581786,0.23854782693006815,0.262277184599351,1.8137497378337273,,0,0,0,4,3,4,6,3,7,5,8,0,1,2,0,0,3,3,2,S001;S004;S013,S002;S003;S005;S010;S011;S014,S006;S007;S008;S009;S012;S015
3,"1,4|2,3,5|6,7,8,9",False,False,13,5,8,4.336884734034134,0.356092405798921,0.31091702280972083,2.2424640272750826,,0,0,0,4,3,4,6,3,7,5,10,0,1,2,0,0,3,3,4,S001;S004;S013,S002;S003;S005;S011,S006;S007;S008;S009;S010;S012;S014;S015
3,"1,4,6,7,8,9|2,3|5",False,False,10,4,4,1.7390047489879445,0.8254883455474596,0.7182723280283567,7.158627751186617,,0,0,0,4,2,4,6,2,6,5,9,0,0,2,0,0,2,3,3,S001;S004;S006;S007;S008;S009;S010;S012;S013;S014;S015,S002;S003,S005;S011
3,"1,4,6,7,8|2,3,9|5",False,False,9,4,5,2.6651317026977828,0.612085768388886,0.5558534706181651,5.941205763169836,,0,0,0,4,2,4,6,2,6,5,8,0,0,2,0,0,2,3,2,S001;S004;S006;S007;S008;S009;S012;S013;S015,S002;S003;S010;S014,S005;S011
3,"1,4,6,7,8|2,3|5,9",False,False,12,4,7,3.604761230032738,0.5626158155098724,0.36952407316367186,3.324816324521374,,0,0,0,4,2,4,6,2,6,6,10,0,0,2,0,0,2,4,4,S001;S004;S006;S007;S008;S009;S012;S013;S015,S002;S003,S005;S010;S011;S014
3,"1,4,6,7,9|2,3,8|5",False,False,11,5,5,2.6651317026977828,0.6093963801448389,0.5728154393476695,5.922648339473,,0,0,0,4,3,4,6,3,6,5,9,0,1,2,0,0,2,3,3,S001;S004;S006;S007;S008;S010;S013;S014;S015,S002;S003;S009;S012,S005;S011
3,"1,4,6,7|2,3,8,9|5",False,False,10,5,4,2.143928732525014,0.49712099767014445,0.5273573019559015,4.7052263514562185,,0,0,0,4,3,4,6,3,6,5,8,0,1,2,0,0,2,3,2,S001;S004;S006;S007;S008;S013;S015,S002;S003;S009;S010;S012;S014,S005;S011
3,"1,4,6,7|2,3,8|5,9",False,False,13,5,7,4.009685213569807,0.31263904881106513,0.1774730751711374,2.1219354623900344,,0,0,0,4,3,4,6,3,6,6,10,0,1,2,0,0,2,4,4,S001;S004;S006;S007;S008;S013;S015,S002;S003;S009;S012,S005;S010;S011;S014
3,"1,4,6,7,9|2,3|5,8",False,False,12,6,5,2.918249340842762,0.5588968562297387,0.4464133011481846,3.314431222959872,,0,0,0,5,3,4,6,3,6,5,9,1,1,2,0,0,2,3,3,S001;S004;S006;S007;S008;S010;S013;S014;S015,S002;S003,S005;S009;S011;S012
3,"1,4,6,7|2,3,9|5,8",False,False,11,6,5,3.323173324379831,0.3112191424281513,0.26136653326406845,2.1043245419912924,,0,0,0,5,3,4,6,3,6,5,8,1,1,2,0,0,2,3,2,S001;S004;S006;S007;S008;S013;S015,S002;S003;S010;S014,S005;S009;S011;S012
3,"1,4,6,7|2,3|5,8,9",False,False,14,6,5,2.8154729278321793,0.36058092308390055,0.21644540559463873,2.633137785071959,,0,0,0,5,3,4,6,3,6,6,10,1,1,2,0,0,2,4,4,S001;S004;S006;S007;S008;S013;S015,S002;S003,S005;S009;S010;S011;S012;S014
3,"1,4,6,8,9|2,3,7|5",False,False,10,4,5,2.292334617448936,0.585834508918232,0.5669175106744109,5.752565675784825,,0,0,0,4,2,4,6,2,6,5,9,0,0,2,0,0,2,3,3,S001;S004;S006;S007;S009;S010;S012;S013;S014,S002;S003;S008;S015,S005;S011
3,"1,4,6,8|2,3,7,9|5",False,False,9,4,6,3.218461571158774,0.4940523086589324,0.5397318838046882,4.535143687768045,,0,0,0,4,2,4,6,2,6,5,8,0,0,2,0,0,2,3,2,S001;S004;S006;S007;S009;S012;S013,S002;S003;S008;S010;S014;S015,S005;S011
3,"1,4,6,8|2,3,7|5,9",False,False,12,4,8,4.158091098493729,0.28660327174987854,0.18709149836922795,2.045232577414905,,0,0,0,4,2,4,6,2,6,6,10,0,0,2,0,0,2,4,4,S001;S004;S006;S007;S009;S012;S013,S002;S003;S008;S015,S005;S010;S011;S014
3,"1,4,6,9|2,3,7,8|5",False,False,11,5,6,3.218461571158774,0.49393133742691875,0.5339353812119896,4.516586264071208,,0,0,0,4,3,4,6,3,6,5,9,0,1,2,0,0,2,3,3,S001;S004;S006;S007;S010;S013;S014,S002;S003;S008;S009;S012;S015,S005;S011
3,"1,4,6|2,3,7,8,9|5",False,False,10,5,5,2.697258600986005,0.5721897735065663,0.6201639992240585,5.646390987293365,,0,0,0,4,3,4,6,3,6,5,8,0,1,2,0,0,2,3,2,S001;S004;S006;S007;S013,S002;S003;S008;S009;S010;S012;S014;S015,S005;S011
3,"1,4,6|2,3,7,8|5,9",False,False,13,5,8,4.563015082030798,0.2723622754922408,0.2555047025764837,1.997350537340782,,0,0,0,4,3,4,6,3,6,6,10,0,1,2,0,0,2,4,4,S001;S004;S006;S007;S013,S002;S003;S008;S009;S012;S015,S005;S010;S011;S014
3,"1,4,6,9|2,3,7|5,8",False,False,12,6,6,3.471579209303753,0.282052010248523,0.2814877056659092,2.0199587887125356,,0,0,0,5,3,4,6,3,6,5,9,1,1,2,0,0,2,3,3,S001;S004;S006;S007;S010;S013;S014,S002;S003;S008;S015,S005;S009;S011;S012
3,"1,4,6|2,3,7,9|5,8",False,False,11,6,6,3.8765031928408225,0.2677921354664582,0.3421250954687814,1.972474143757737,,0,0,0,5,3,4,6,3,6,5,8,1,1,2,0,0,2,3,2,S001;S004;S006;S007;S013,S002;S003;S008;S010;S014;S015,S005;S009;S011;S012
3,"1,4,6|2,3,7|5,8,9",False,False,14,6,6,3.3688027962931706,0.03224994550224319,0.04686921850147497,1.0815573634131992,,0,0,0,5,3,4,6,3,6,6,10,1,1,2,0,0,2,4,4,S001;S004;S006;S007;S013,S002;S003;S008;S015,S005;S009;S010;S011;S012;S014
3,"1,4,6,8,9|2,3|5,7",False,False,15,4,6,2.823624507074135,0.5254380003656978,0.41985147246603305,3.2192495983384735,,0,0,0,4,2,5,6,2,7,6,11,0,0,3,0,0,3,4,5,S001;S004;S006;S007;S009;S010;S012;S013;S014,S002;S003,S005;S008;S011;S015
3,"1,4,6,8|2,3,9|5,7",False,False,14,4,7,3.749751460783973,0.27043832525909867,0.24928754033994588,1.884882245613183,,0,0,0,4,2,5,6,2,7,6,10,0,0,3,0,0,3,4,4,S001;S004;S006;S007;S009;S012;S013,S002;S003;S010;S014,S005;S008;S011;S015
3,"1,4,6,8|2,3|5,7,9",False,False,15,4,9,4.689380988118929,0.344758280651363,0.23353943658202178,2.5379561604505607,,0,0,0,4,2,5,6,2,7,6,11,0,0,3,0,0,3,4,5,S001;S004;S006;S007;S009;S012;S013,S002;S003,S005;S008;S010;S011;S014;S015
3,"1,4,6,9|2,3,8|5,7",False,False,16,5,7,3.749751460783973,0.267272537130581,0.26302562359341913,1.877169467174689,,0,0,0,4,3,5,6,3,7,6,11,0,1,3,0,0,3,4,5,S001;S004;S006;S007;S010;S013;S014,S002;S003;S009;S012,S005;S008;S011;S015
3,"1,4,6|2,3,8,9|5,7",False,False,15,5,6,3.228548490611204,0.22590653732518837,0.2904975378956452,1.7623522498618305,,0,0,0,4,3,5,6,3,7,6,10,0,1,3,0,0,3,4,4,S001;S004;S006;S007;S013,S002;S003;S009;S010;S012;S014,S005;S008;S011;S015
3,"1,4,6|2,3,8|5,7,9",False,False,16,5,9,5.094304971655998,0.07403693966052775,0.09902549181608401,1.1986753660195253,,0,0,0,4,3,5,6,3,7,6,11,0,1,3,0,0,3,4,5,S001;S004;S006;S007;S013,S002;S003;S009;S012,S005;S008;S010;S011;S014;S015
3,"1,4,6,9|2,3|5,7,8",False,False,16,5,7,4.002869098928953,0.3432971515335276,0.24160524115857554,2.527571058889058,,0,0,0,4,3,5,6,3,7,6,11,0,1,3,0,0,3,4,5,S001;S004;S006;S007;S010;S013;S014,S002;S003,S005;S008;S009;S011;S012;S015
3,"1,4,6|2,3,9|5,7,8",False,False,15,5,7,4.407793082466021,0.07860285791480329,0.07056783435060547,1.2122562594330928,,0,0,0,4,3,5,6,3,7,6,10,0,1,3,0,0,3,4,4,S001;S004;S006;S007;S013,S002;S003;S010;S014,S005;S008;S009;S011;S012;S015
3,"1,4,6|2,3|5,7,8,9",False,False,16,5,7,3.9000926859183696,0.3783827071389635,0.28450373332596623,2.7194519319113186,,0,0,0,4,3,5,6,3,7,6,11,0,1,3,0,0,3,4,5,S001;S004;S006;S007;S013,S002;S003,S005;S008;S009;S010;S011;S012;S014;S015
3,"1,4,7,8,9|2,3,6|5",False,False,13,5,5,2.4390013547011185,0.6309235482903591,0.6001836301259962,6.06723746767903,,0,0,0,4,3,5,6,3,7,5,9,0,1,3,0,0,3,3,3,S001;S004;S008;S009;S010;S012;S013;S014;S015,S002;S003;S006;S007,S005;S011
3,"1,4,7,8|2,3,6,9|5",False,False,12,5,6,3.3651283084109567,0.5024687485277148,0.5337179470844476,4.84981547966225,,0,0,0,4,3,5,6,3,7,5,8,0,1,3,0,0,3,3,2,S001;S004;S008;S009;S012;S013;S015,S002;S003;S006;S007;S010;S014,S005;S011
3,"1,4,7,8|2,3,6|5,9",False,False,15,5,8,4.304757835745912,0.337292515673775,0.22812475693237177,2.187141421827349,,0,0,0,4,3,5,6,3,7,6,10,0,1,3,0,0,3,4,4,S001;S004;S008;S009;S012;S013;S015,S002;S003;S006;S007,S005;S010;S011;S014
3,"1,4,7,9|2,3,6,8|5",False,False,13,5,6,3.3651283084109567,0.5016441894689142,0.5344144165568079,4.831258055965413,,0,0,0,4,3,5,6,3,7,5,9,0,1,3,0,0,3,3,3,S001;S004;S008;S010;S013;S014;S015,S002;S003;S006;S007;S009;S012,S005;S011
3,"1,4,7|2,3,6,8,9|5",False,False,12,5,5,2.8439253382381877,0.5372192953059586,0.584524116879988,5.331719195399159,,0,0,0,4,3,5,6,3,7,5,8,0,1,3,0,0,3,3,2,S001;S004;S008;S013;S015,S002;S003;S006;S007;S009;S010;S012;S014,S005;S011
3,"1,4,7|2,3,6,8|5,9",False,False,15,5,8,4.709681819282981,0.24212040321061015,0.213662665386885,1.8554416929283382,,0,0,0,4,3,5,6,3,7,6,10,0,1,3,0,0,3,4,4,S001;S004;S008;S013;S015,S002;S003;S006;S007;S009;S012,S005;S010;S011;S014
3,"1,4,7,9|2,3,6|5,8",False,False,15,6,6,3.618245946555936,0.3329022766923322,0.31780542074699025,2.160689866219661,,0,0,0,5,4,5,6,4,7,5,9,1,2,3,0,0,3,3,3,S001;S004;S008;S010;S013;S014;S015,S002;S003;S006;S007,S005;S009;S011;S012
3,"1,4,7|2,3,6,9|5,8",False,False,14,6,6,4.023169930093005,0.23771395576900167,0.30499952176371997,1.8317430662506118,,0,0,0,5,4,5,6,4,7,5,8,1,2,3,0,0,3,3,2,S001;S004;S008;S013;S015,S002;S003;S006;S007;S010;S014,S005;S009;S011;S012
3,"1,4,7|2,3,6|5,8,9",False,False,17,6,6,3.515469533545353,0.0952523077441211,0.029199638039342196,1.2555375481424138,,0,0,0,5,4,5,6,4,7,6,10,1,2,3,0,0,3,4,4,S001;S004;S008;S013;S015,S002;S003;S006;S007,S005;S009;S010;S011;S012;S014
3,"1,4,8,9|2,3,6,7|5",False,False,11,5,5,2.461041333536911,0.49598866237923817,0.5266293239124356,4.661175392277239,,0,0,0,4,3,4,6,3,7,5,8,0,1,2,0,0,3,3,2,S001;S004;S009;S010;S012;S013;S014,S002;S003;S006;S007;S008;S015,S005;S011
3,"1,4,8|2,3,6,7,9|5",False,False,9,5,6,3.387168287246749,0.5550519843137944,0.6128676813542886,5.501801859087331,,0,0,0,4,3,4,6,3,7,4,7,0,1,2,0,0,3,2,1,S001;S004;S009;S012;S013,S002;S003;S006;S007;S008;S010;S014;S015,S005;S011
3,"1,4,8|2,3,6,7|5,9",False,False,12,5,8,4.326797814581704,0.2560083726406316,0.2148753180464643,1.9321445779034674,,0,0,0,4,3,4,6,3,7,5,9,0,1,2,0,0,3,3,3,S001;S004;S009;S012;S013,S002;S003;S006;S007;S008;S015,S005;S010;S011;S014
3,"1,4,9|2,3,6,7,8|5",False,False,11,5,6,3.387168287246749,0.5571537283401234,0.5911729936933707,5.5203592827841685,,0,0,0,4,3,4,6,3,7,5,8,0,1,2,0,0,3,3,2,S001;S004;S010;S013;S014,S002;S003;S006;S007;S008;S009;S012;S015,S005;S011
3,"1,4|2,3,6,7,8,9|5",False,False,9,5,5,2.8659653170739796,0.7450138173528268,0.756625639179637,6.737781270800951,,0,0,0,4,3,4,6,3,7,4,7,0,1,2,0,0,3,2,1,S001;S004;S013,S002;S003;S006;S007;S008;S009;S010;S012;S014;S015,S005;S011
3,"1,4|2,3,6,7,8|5,9",False,False,12,5,8,4.731721798118773,0.47035039081237806,0.42422719920088525,2.500418657625367,,0,0,0,4,3,4,6,3,7,5,9,0,1,2,0,0,3,3,3,S001;S004;S013,S002;S003;S006;S007;S008;S009;S012;S015,S005;S010;S011;S014
3,"1,4,9|2,3,6,7|5,8",False,False,13,6,6,3.640285925391728,0.25333916520220595,0.2855806216876796,1.9161088195293683,,0,0,0,5,4,4,6,4,7,5,8,1,2,2,0,0,3,3,2,S001;S004;S010;S013;S014,S002;S003;S006;S007;S008;S015,S005;S009;S011;S012
3,"1,4|2,3,6,7,9|5,8",False,False,11,6,6,4.045209908928797,0.46640364941537865,0.4987156009288775,2.492013166954907,,1,0,0,5,4,4,6,4,7,4,7,1,2,2,0,0,3,2,1,S001;S004;S013,S002;S003;S006;S007;S008;S010;S014;S015,S005;S009;S011;S012
3,"1,4|2,3,6,7|5,8,9",False,False,14,6,6,3.5375095123811455,0.2574172201701069,0.2580168756943561,1.9405880699446878,,0,0,0,5,4,4,6,4,7,5,9,1,2,2,0,0,3,3,3,S001;S004;S013,S002;S003;S006;S007;S008;S015,S005;S009;S010;S011;S012;S014
3,"1,4,8,9|2,3,6|5,7",False,False,16,5,6,2.9923312231621098,0.2929218163422632,0.26599638393249636,1.937263148748506,,0,0,0,4,3,5,6,3,8,6,10,0,1,3,0,0,4,4,4,S001;S004;S009;S010;S012;S013;S014,S002;S003;S006;S007,S005;S008;S011;S015
3,"1,4,8|2,3,6,9|5,7",False,False,14,5,7,3.918458176871948,0.2098745488621081,0.2913495132284595,1.702258568288014,,0,0,0,4,3,5,6,3,8,5,9,0,1,3,0,0,4,3,3,S001;S004;S009;S012;S013,S002;S003;S006;S007;S010;S014,S005;S008;S011;S015
3,"1,4,8|2,3,6|5,7,9",False,False,15,5,9,4.858087704206904,0.09577338071573611,0.0947007603728327,1.2588895044428816,,0,0,0,4,3,5,6,3,8,5,10,0,1,3,0,0,4,3,4,S001;S004;S009;S012;S013,S002;S003;S006;S007,S005;S008;S010;S011;S014;S015
3,"1,4,9|2,3,6,8|5,7",False,False,16,5,7,3.918458176871948,0.21166515279289855,0.2697419456126315,1.7099713467265079,,0,0,0,4,3,5,6,3,8,6,10,0,1,3,0,0,4,4,4,S001;S004;S010;S013;S014,S002;S003;S006;S007;S009;S012,S005;S008;S011;S015
3,"1,4|2,3,6,8,9|5,7",False,False,14,5,6,3.397255206699179,0.43080579341399283,0.45166862623706444,2.4149750895691104,,0,0,0,4,3,5,6,3,8,5,9,0,1,3,0,0,4,3,3,S001;S004;S013,S002;S003;S006;S007;S009;S010;S012;S014,S005;S008;S011;S015
3,"1,4|2,3,6,8|5,7,9",False,False,15,5,9,5.2630116877439725,0.24381379442519213,0.2565374677577347,1.8635499925588908,,0,0,0,4,3,5,6,3,8,5,10,0,1,3,0,0,4,3,4,S001;S004;S013,S002;S003;S006;S007;S009;S012,S005;S008;S010;S011;S014;S015
3,"1,4,9|2,3,6|5,7,8",False,False,17,5,7,4.1715758150169275,0.09693166295292377,0.03591684877217796,1.2653368202065414,,0,0,0,4,4,5,6,4,8,6,10,0,2,3,0,0,4,4,4,S001;S004;S010;S013;S014,S002;S003;S006;S007,S005;S008;S009;S011;S012;S015
3,"1,4|2,3,6,9|5,7,8",False,False,15,5,7,4.576499798553996,0.24272116210652098,0.272746627905705,1.855144501888431,,0,0,0,4,4,5,6,4,8,5,9,0,2,3,0,0,4,3,3,S001;S004;S013,S002;S003;S006;S007;S010;S014,S005;S008;S009;S011;S012;S015
3,"1,4|2,3,6|5,7,8,9",False,False,16,5,7,4.068799402006345,0.33957687820092514,0.28527576656537273,2.201069263220379,,0,0,0,4,4,5,6,4,8,5,10,0,2,3,0,0,4,3,4,S001;S004;S013,S002;S003;S006;S007,S005;S008;S009;S010;S011;S012;S014;S015
3,"1,4,7,8,9|2,3|5,6",False,False,11,4,6,2.9702912443263174,0.5881905221004068,0.4860876878295817,3.395346160595568,,0,0,0,4,2,4,6,2,7,5,9,0,0,2,0,0,3,3,3,S001;S004;S008;S009;S010;S012;S013;S014;S015,S002;S003,S005;S006;S007;S011
3,"1,4,7,8|2,3,9|5,6",False,False,10,4,7,3.8964181980361556,0.34609570877630064,0.3154432088022079,2.3189432971488984,,0,0,0,4,2,4,6,2,7,5,8,0,0,2,0,0,3,3,2,S001;S004;S008;S009;S012;S013;S015,S002;S003;S010;S014,S005;S006;S007;S011
3,"1,4,7,8|2,3|5,6,9",False,False,14,4,9,4.836047725371111,0.3771816243483842,0.2518663017196237,2.7140527227076556,,0,0,0,4,2,4,6,2,7,6,11,0,0,2,0,0,3,4,5,S001;S004;S008;S009;S012;S013;S015,S002;S003,S005;S006;S007;S010;S011;S014
3,"1,4,7,9|2,3,8|5,6",False,False,12,5,7,3.8964181980361556,0.34311185429614327,0.33183550527016126,2.3100700496048225,,0,0,0,4,3,4,6,3,7,5,9,0,1,2,0,0,3,3,3,S001;S004;S008;S010;S013;S014;S015,S002;S003;S009;S012,S005;S006;S007;S011
3,"1,4,7|2,3,8,9|5,6",False,False,11,5,6,3.3752152278633867,0.2721897368832165,0.3204648606737364,2.027516788870169,,0,0,0,4,3,4,6,3,7,5,8,0,1,2,0,0,3,3,2,S001;S004;S008;S013;S015,S002;S003;S009;S010;S012;S014,S005;S006;S007;S011
3,"1,4,7|2,3,8|5,6,9",False,False,15,5,9,5.24097170890818,0.07278263183323619,0.031596390750811026,1.1954837376588434,,0,0,0,4,3,4,6,3,7,6,11,0,1,2,0,0,3,4,5,S001;S004;S008;S013;S015,S002;S003;S009;S012,S005;S006;S007;S010;S011;S014
3,"1,4,7,9|2,3|5,6,8",False,False,15,6,7,4.149535836181135,0.374902930235585,0.281908003876538,2.7036676211461526,,0,0,0,5,3,4,6,3,7,6,10,1,1,2,0,0,3,4,4,S001;S004;S008;S010;S013;S014;S015,S002;S003,S005;S006;S007;S009;S011;S012
3,"1,4,7|2,3,9|5,6,8",False,False,14,6,7,4.554459819718204,0.07510017259997942,0.05930615230397438,1.2028680643628764,,0,0,0,5,3,4,6,3,7,6,9,1,1,2,0,0,3,4,3,S001;S004;S008;S013;S015,S002;S003;S010;S014,S005;S006;S007;S009;S011;S012
3,"1,4,7|2,3|5,6,8,9",False,False,16,6,7,4.046759423170553,0.3455393660901178,0.24659371987303405,2.543355369654224,,0,0,0,5,3,4,6,3,7,6,11,1,1,2,0,0,3,4,5,S001;S004;S008;S013;S015,S002;S003,S005;S006;S007;S009;S010;S011;S012;S014
3,"1,4,8,9|2,3,7|5,6",False,False,9,4,6,2.9923312231621098,0.3175275367615625,0.303606125377052,2.2287448827866436,,0,0,0,4,2,3,6,2,7,5,8,0,0,1,0,0,3,3,2,S001;S004;S009;S010;S012;S013;S014,S002;S003;S008;S015,S005;S006;S007;S011
3,"1,4,8|2,3,7,9|5,6",False,False,7,4,7,3.918458176871948,0.2868893838550154,0.3545436015367752,2.1088419556883484,,1,0,0,4,2,3,6,2,7,4,7,0,0,1,0,0,3,2,1,S001;S004;S009;S012;S013,S002;S003;S008;S010;S014;S015,S005;S006;S007;S011
3,"1,4,8|2,3,7|5,6,9",False,False,11,4,9,4.858087704206904,0.030910198483898824,0.046158072558215114,1.078535745207014,,0,0,0,4,2,3,6,2,7,5,10,0,0,1,0,0,3,3,4,S001;S004;S009;S012;S013,S002;S003;S008;S015,S005;S006;S007;S010;S011;S014
3,"1,4,9|2,3,7,8|5,6",False,False,10,5,7,3.918458176871948,0.28881576415698273,0.33268311411606,2.117715203232424,,0,0,0,4,3,3,6,3,7,5,8,0,1,1,0,0,3,3,2,S001;S004;S010;S013;S014,S002;S003;S008;S009;S012;S015,S005;S006;S007;S011
3,"1,4|2,3,7,8,9|5,6",False,False,8,5,6,3.397255206699179,0.49743711819065417,0.5094445106448996,2.6998265373134904,,0,0,0,4,3,3,6,3,7,4,7,0,1,1,0,0,3,2,1,S001;S004;S013,S002;S003;S008;S009;S010;S012;S014;S015,S005;S006;S007;S011
3,"1,4|2,3,7,8|5,6,9",False,False,12,5,9,5.2630116877439725,0.27353231778846254,0.27454351693368173,2.00607898010766,,0,0,0,4,3,3,6,3,7,5,10,0,1,1,0,0,3,3,4,S001;S004;S013,S002;S003;S008;S009;S012;S015,S005;S006;S007;S010;S011;S014
3,"1,4,9|2,3,7|5,6,8",False,False,13,6,7,4.1715758150169275,0.028712902836670263,0.040767213162601915,1.0727238177991953,,0,0,0,5,3,3,6,3,7,6,9,1,1,1,0,0,3,4,3,S001;S004;S010;S013;S014,S002;S003;S008;S015,S005;S006;S007;S009;S011;S012
3,"1,4|2,3,7,9|5,6,8",False,False,11,6,7,4.576499798553996,0.27125613769434054,0.30778727376505205,1.9976734894372001,,0,0,0,5,3,3,6,3,7,5,8,1,1,1,0,0,3,3,2,S001;S004;S013,S002;S003;S008;S010;S014;S015,S005;S006;S007;S009;S011;S012
3,"1,4|2,3,7|5,6,8,9",False,False,13,6,7,4.068799402006345,0.28896971038354985,0.2528003987314183,2.05854027567161,,0,0,0,5,3,3,6,3,7,5,10,1,1,1,0,0,3,3,4,S001;S004;S013,S002;S003;S008;S015,S005;S006;S007;S009;S010;S011;S012;S014
3,"1,4,8,9|2,3|5,6,7",False,False,14,4,6,2.9923312231621098,0.35607771637528063,0.2503293418624115,2.6084859965247547,,0,0,0,4,2,4,6,2,8,6,10,0,0,2,0,0,4,4,4,S001;S004;S009;S010;S012;S013;S014,S002;S003,S005;S006;S007;S008;S011;S015
3,"1,4,8|2,3,9|5,6,7",False,False,12,4,7,3.918458176871948,0.06662811534755923,0.07591382138661046,1.1641296589169188,,1,0,0,4,2,4,6,2,8,5,9,0,0,2,0,0,4,3,3,S001;S004;S009;S012;S013,S002;S003;S010;S014,S005;S006;S007;S008;S011;S015
3,"1,4,8|2,3|5,6,7,9",False,False,13,4,9,4.858087704206904,0.3616031805426986,0.29671721924487804,2.638536994275622,,0,0,0,4,2,4,6,2,8,5,10,0,0,2,0,0,4,3,4,S001;S004;S009;S012;S013,S002;S003,S005;S006;S007;S008;S010;S011;S014;S015
3,"1,4,9|2,3,8|5,6,7",False,False,15,5,7,3.918458176871948,0.06297278575533571,0.059537123813605125,1.1569831446964665,,0,0,0,4,3,4,6,3,8,6,10,0,1,2,0,0,4,4,4,S001;S004;S010;S013;S014,S002;S003;S009;S012,S005;S006;S007;S008;S011;S015
3,"1,4|2,3,8,9|5,6,7",False,False,13,5,6,3.397255206699179,0.2533000125600397,0.2781720252680424,1.9206354120514029,,0,0,0,4,3,4,6,3,8,5,9,0,1,2,0,0,4,3,3,S001;S004;S013,S002;S003;S009;S010;S012;S014,S005;S006;S007;S008;S011;S015
3,"1,4|2,3,8|5,6,7,9",False,False,14,5,9,5.2630116877439725,0.3149678893253185,0.29539602311239943,2.135578353057407,,0,0,0,4,3,4,6,3,8,5,10,0,1,2,0,0,4,3,4,S001;S004;S013,S002;S003;S009;S012,S005;S006;S007;S008;S010;S011;S014;S015
3,"1,4,9|2,3|5,6,7,8",False,False,15,5,7,4.1715758150169275,0.363605021504711,0.24344841432795378,2.6489220958371247,,0,0,0,4,3,4,6,3,8,6,10,0,1,2,0,0,4,4,4,S001;S004;S010;S013;S014,S002;S003,S005;S006;S007;S008;S009;S011;S012;S015
3,"1,4|2,3,9|5,6,7,8",False,False,13,5,7,4.576499798553996,0.31800983758348134,0.24978455848846848,2.143983843727867,,0,0,0,4,3,4,6,3,8,5,9,0,1,2,0,0,4,3,3,S001;S004;S013,S002;S003;S010;S014,S005;S006;S007;S008;S009;S011;S012;S015
3,"1,4|2,3|5,6,7,8,9",False,False,14,5,7,4.068799402006345,0.5645542407106673,0.448065827820655,3.330215533725038,,0,0,0,4,3,4,6,3,8,5,10,0,1,2,0,0,4,3,4,S001;S004;S013,S002;S003,S005;S006;S007;S008;S009;S010;S011;S012;S014;S015
3,"1,5,6,7,8|2,3,4|9",False,False,12,5,8,4.962799457427961,0.6180212981007658,0.4072889007251032,5.0065099854079484,,0,0,0,4,3,3,6,3,6,6,10,0,1,1,0,0,2,4,4,S001;S005;S006;S007;S008;S009;S011;S012;S013;S015,S002;S003;S004,S010;S014
3,"1,5,6,7|2,3,4,8|9",False,False,11,4,7,3.783554865573143,0.46374967149256585,0.33372037894795314,3.9912667715679655,,0,0,0,4,2,3,6,2,6,6,10,0,0,1,0,0,2,4,4,S001;S005;S006;S007;S008;S011;S013;S015,S002;S003;S004;S009;S012,S010;S014
3,"1,5,6,7,9|2,3,4|8",False,False,11,6,8,4.812458232293563,0.6135801775564701,0.49085818646661966,4.916326160594917,,0,0,0,5,3,3,6,3,6,5,9,1,1,1,0,0,2,3,3,S001;S005;S006;S007;S008;S010;S011;S013;S014;S015,S002;S003;S004,S009;S012
3,"1,5,6,7|2,3,4,9|8",False,False,10,6,6,3.3651283084109567,0.46054289703715146,0.40972603293167464,3.9313405075338417,,0,0,0,5,3,3,6,3,6,5,8,1,1,1,0,0,2,3,2,S001;S005;S006;S007;S008;S011;S013;S015,S002;S003;S004;S010;S014,S009;S012
3,"1,5,6,7|2,3,4|8,9",False,False,13,6,7,3.783554865573143,0.33003999811659024,0.1758116053566787,1.98053849984823,,0,0,0,5,3,3,6,3,6,6,10,1,1,1,0,0,2,4,4,S001;S005;S006;S007;S008;S011;S013;S015,S002;S003;S004,S009;S010;S012;S014
3,"1,5,6,8|2,3,4,7|9",False,False,10,4,9,5.5161293258889526,0.45453811232804103,0.35783802210640564,3.8515595333528547,,0,0,0,4,3,2,6,3,5,6,10,0,1,0,0,0,1,4,4,S001;S005;S006;S007;S009;S011;S012;S013,S002;S003;S004;S008;S015,S010;S014
3,"1,5,6|2,3,4,7,8|9",False,False,8,3,8,4.336884734034134,0.5005511794172236,0.4397716089096691,4.333041028426451,,0,0,0,4,2,2,6,2,5,6,9,0,0,0,0,0,1,4,3,S001;S005;S006;S007;S011;S013,S002;S003;S004;S008;S009;S012;S015,S010;S014
3,"1,5,6,9|2,3,4,7|8",False,False,9,5,9,5.365788100754555,0.45024211931877756,0.4292942508275577,3.778716535324247,,0,0,0,5,3,2,6,3,5,5,9,1,1,0,0,0,1,3,3,S001;S005;S006;S007;S010;S011;S013;S014,S002;S003;S004;S008;S015,S009;S012
3,"1,5,6|2,3,4,7,9|8",False,False,7,5,7,3.918458176871948,0.4959886332891425,0.5139636856803498,4.252968900186136,,0,0,0,5,3,2,6,3,5,5,7,1,1,0,0,0,1,3,1,S001;S005;S006;S007;S011;S013,S002;S003;S004;S008;S010;S014;S015,S009;S012
3,"1,5,6|2,3,4,7|8,9",False,False,10,5,8,4.336884734034134,0.19747796936961334,0.25341483983148044,1.646351066611215,,0,0,0,5,3,2,6,3,5,6,9,1,1,0,0,0,1,4,3,S001;S005;S006;S007;S011;S013,S002;S003;S004;S008;S015,S009;S010;S012;S014
3,"1,5,6,8,9|2,3,4|7",False,False,12,5,7,4.1816627344693575,0.572971182863848,0.47579107910910295,4.200664647318937,,0,0,0,4,3,3,6,3,6,6,10,0,1,1,0,0,2,4,4,S001;S005;S006;S007;S009;S010;S011;S012;S013;S014,S002;S003;S004,S008;S015
3,"1,5,6,8|2,3,4,9|7",False,False,11,5,7,4.1816627344693575,0.4200895606224394,0.4193468461310048,3.3348266382332468,,0,0,0,4,3,3,6,3,6,6,9,0,1,1,0,0,2,4,3,S001;S005;S006;S007;S009;S011;S012;S013,S002;S003;S004;S010;S014,S008;S015
3,"1,5,6,8|2,3,4|7,9",False,False,13,5,10,6.047419215514152,0.2930222109666686,0.1381410444744954,1.7873076987360756,,0,0,0,4,3,3,6,3,6,6,11,0,1,1,0,0,2,4,5,S001;S005;S006;S007;S009;S011;S012;S013,S002;S003;S004,S008;S010;S014;S015
3,"1,5,6,9|2,3,4,8|7",False,False,11,4,8,4.449748066497147,0.4189896265923179,0.42555028890095603,3.321628484309969,,0,0,0,4,2,3,6,2,6,6,10,0,0,1,0,0,2,4,4,S001;S005;S006;S007;S010;S011;S013;S014,S002;S003;S004;S009;S012,S008;S015
3,"1,5,6|2,3,4,8,9|7",False,False,9,4,6,3.0024181426145398,0.4541794014537903,0.48906754889017373,3.6175496264250624,,0,0,0,4,2,3,6,2,6,6,8,0,0,1,0,0,2,4,2,S001;S005;S006;S007;S011;S013,S002;S003;S004;S009;S010;S012;S014,S008;S015
3,"1,5,6|2,3,4,8|7,9",False,False,11,4,9,4.868174623659334,0.15617946856122208,0.15450074137079092,1.4747859160012409,,0,0,0,4,2,3,6,2,6,6,10,0,0,1,0,0,2,4,4,S001;S005;S006;S007;S011;S013,S002;S003;S004;S009;S012,S008;S010;S014;S015
3,"1,5,6,9|2,3,4|7,8",False,False,12,5,10,5.8970779903797546,0.2890637432048026,0.21443217075655804,1.773734192237627,,0,0,0,4,3,3,6,3,6,6,10,0,1,1,0,0,2,4,4,S001;S005;S006;S007;S010;S011;S013;S014,S002;S003;S004,S008;S009;S012;S015
3,"1,5,6|2,3,4,9|7,8",False,False,10,5,8,4.449748066497147,0.15169307719150243,0.21163092417506812,1.457403277982055,,0,0,0,4,3,3,6,3,6,6,8,0,1,1,0,0,2,4,2,S001;S005;S006;S007;S011;S013,S002;S003;S004;S010;S014,S008;S009;S012;S015
3,"1,5,6|2,3,4|7,8,9",False,False,12,5,9,4.868174623659334,0.15385462724392063,0.10233374006480257,1.4657500667012913,,0,0,0,4,3,3,6,3,6,6,10,0,1,1,0,0,2,4,4,S001;S005;S006;S007;S011;S013,S002;S003;S004,S008;S009;S010;S012;S014;S015
3,"1,5,7,8|2,3,4,6|9",False,False,14,5,7,4.2628028517147865,0.47435702402453517,0.3405882687096006,4.110033419147226,,0,0,0,4,3,4,6,3,7,6,10,0,1,2,0,0,3,4,4,S001;S005;S008;S009;S011;S012;S013;S015,S002;S003;S004;S006;S007,S010;S014
3,"1,5,7|2,3,4,6,8|9",False,False,13,4,6,3.083558259859969,0.4709325309281535,0.38839888933225925,4.07456714263208,,0,0,0,4,2,4,6,2,7,6,10,0,0,2,0,0,3,4,4,S001;S005;S008;S011;S013;S015,S002;S003;S004;S006;S007;S009;S012,S010;S014
3,"1,5,7,9|2,3,4,6|8",False,False,13,6,7,4.11246162658039,0.46986534271132946,0.4219726071653184,4.033309604522649,,0,0,0,5,3,4,6,3,7,5,9,1,1,2,0,0,3,3,3,S001;S005;S008;S010;S011;S013;S014;S015,S002;S003;S004;S006;S007,S009;S012
3,"1,5,7|2,3,4,6,9|8",False,False,12,6,5,2.6651317026977828,0.46645997280855506,0.4674108724164355,3.998375830987734,,0,0,0,5,3,4,6,3,7,5,8,1,1,2,0,0,3,3,2,S001;S005;S008;S011;S013;S015,S002;S003;S004;S006;S007;S010;S014,S009;S012
3,"1,5,7|2,3,4,6|8,9",False,False,15,6,6,3.083558259859969,0.1838895768196081,0.18853455489866305,1.535690672000933,,0,0,0,5,3,4,6,3,7,6,10,1,1,2,0,0,3,4,4,S001;S005;S008;S011;S013;S015,S002;S003;S004;S006;S007,S009;S010;S012;S014
3,"1,5,8|2,3,4,6,7|9",False,False,10,5,7,4.284842830550579,0.4856318802453782,0.4132257670151071,4.214274380847192,,0,0,0,4,3,3,6,3,6,5,9,0,1,1,0,0,2,3,3,S001;S005;S009;S011;S012;S013,S002;S003;S004;S006;S007;S008;S015,S010;S014
3,"1,5|2,3,4,6,7,8|9",False,False,9,4,6,3.1055982386957615,0.66590865763224,0.6013231956060144,5.229517594687174,,0,0,0,4,2,3,6,2,6,5,9,0,0,1,0,0,2,3,3,S001;S005;S011;S013,S002;S003;S004;S006;S007;S008;S009;S012;S015,S010;S014
3,"1,5,9|2,3,4,6,7|8",False,False,10,6,7,4.134501605416182,0.4828870864046115,0.4603797947947849,4.150999803197329,,0,0,0,5,3,3,6,3,6,5,8,1,1,1,0,0,2,3,2,S001;S005;S010;S011;S013;S014,S002;S003;S004;S006;S007;S008;S015,S009;S012
3,"1,5|2,3,4,6,7,9|8",False,False,8,6,5,2.687171681533575,0.6615580373556668,0.6721702108282098,5.135985456258404,,0,0,0,5,3,3,6,3,6,4,7,1,1,1,0,0,2,2,1,S001;S005;S011;S013,S002;S003;S004;S006;S007;S008;S010;S014;S015,S009;S012
3,"1,5|2,3,4,6,7|8,9",False,False,11,6,6,3.1055982386957615,0.3873702243450138,0.4336563568466877,2.172485832286889,,0,0,0,5,3,3,6,3,6,5,9,1,1,1,0,0,2,3,3,S001;S005;S011;S013,S002;S003;S004;S006;S007;S008;S015,S009;S010;S012;S014
3,"1,5,8,9|2,3,4,6|7",False,False,13,5,5,2.9503762391309842,0.4287757580844529,0.4037894705721167,3.424461161995777,,0,0,0,4,3,4,6,3,7,6,9,0,1,2,0,0,3,4,3,S001;S005;S009;S010;S011;S012;S013;S014,S002;S003;S004;S006;S007,S008;S015
3,"1,5,8|2,3,4,6,9|7",False,False,11,5,5,2.9503762391309842,0.43956825806993194,0.4644921846671062,3.5147169487392533,,0,0,0,4,3,4,6,3,7,5,8,0,1,2,0,0,3,3,2,S001;S005;S009;S011;S012;S013,S002;S003;S004;S006;S007;S010;S014,S008;S015
3,"1,5,8|2,3,4,6|7,9",False,False,13,5,8,4.816132720175778,0.14836057617637155,0.11721004983891363,1.4196725153817522,,0,0,0,4,3,4,6,3,7,5,10,0,1,2,0,0,3,3,4,S001;S005;S009;S011;S012;S013,S002;S003;S004;S006;S007,S008;S010;S014;S015
3,"1,5,9|2,3,4,6,8|7",False,False,12,4,6,3.218461571158774,0.44130988099310214,0.43900831408839375,3.527915102662531,,0,0,0,4,2,4,6,2,7,6,9,0,0,2,0,0,3,4,3,S001;S005;S010;S011;S013;S014,S002;S003;S004;S006;S007;S009;S012,S008;S015
3,"1,5|2,3,4,6,8,9|7",False,False,10,4,4,1.7711316472761667,0.6218306624839909,0.6470029548699396,4.393753111748222,,0,0,0,4,2,4,6,2,7,5,8,0,0,2,0,0,3,3,2,S001;S005;S011;S013,S002;S003;S004;S006;S007;S009;S010;S012;S014,S008;S015
3,"1,5|2,3,4,6,8|7,9",False,False,12,4,7,3.6368881283209604,0.3524064420315435,0.35743398961441053,2.100465843016698,,0,0,0,4,2,4,6,2,7,5,10,0,0,2,0,0,3,3,4,S001;S005;S011;S013,S002;S003;S004;S006;S007;S009;S012,S008;S010;S014;S015
3,"1,5,9|2,3,4,6|7,8",False,False,13,5,8,4.665791495041381,0.14469014042052095,0.15117986365795621,1.4097008837827885,,0,0,0,4,3,4,6,3,7,6,9,0,1,2,0,0,3,4,3,S001;S005;S010;S011;S013;S014,S002;S003;S004;S006;S007,S008;S009;S012;S015
3,"1,5|2,3,4,6,9|7,8",False,False,11,5,6,3.218461571158774,0.34868398156116237,0.3998330025829892,2.092607867215126,,0,0,0,4,3,4,6,3,7,5,8,0,1,2,0,0,3,3,2,S001;S005;S011;S013,S002;S003;S004;S006;S007;S010;S014,S008;S009;S012;S015
3,"1,5|2,3,4,6|7,8,9",False,False,13,5,7,3.6368881283209604,0.20407058959780008,0.290565453536434,1.6342554381516472,,0,0,0,4,3,4,6,3,7,5,10,0,1,2,0,0,3,3,4,S001;S005;S011;S013,S002;S003;S004;S006;S007,S008;S009;S010;S012;S014;S015
3,"1,5,7,8,9|2,3,4|6",False,False,13,5,6,3.628332866008366,0.6482305107425888,0.5232260244881191,5.700130501415778,,0,0,0,4,4,4,6,4,7,5,9,0,2,2,0,0,3,3,3,S001;S005;S008;S009;S010;S011;S012;S013;S014;S015,S002;S003;S004,S006;S007
3,"1,5,7,8|2,3,4,9|6",False,False,12,5,6,3.628332866008366,0.4951206028970441,0.4680572649500883,4.584652375566842,,0,0,0,4,4,4,6,4,7,5,8,0,2,2,0,0,3,3,2,S001;S005;S008;S009;S011;S012;S013;S015,S002;S003;S004;S010;S014,S006;S007
3,"1,5,7,8|2,3,4|6,9",False,False,16,5,9,5.49408934705316,0.36234450788296907,0.17054679880453058,2.167194413190651,,0,0,0,4,4,4,6,4,7,6,11,0,2,2,0,0,3,4,5,S001;S005;S008;S009;S011;S012;S013;S015,S002;S003;S004,S006;S007;S010;S014
3,"1,5,7,9|2,3,4,8|6",False,False,12,5,7,3.8964181980361556,0.49382918428444916,0.4740343916071135,4.567648903960704,,0,0,0,4,3,4,6,3,7,5,9,0,1,2,0,0,3,3,3,S001;S005;S008;S010;S011;S013;S014;S015,S002;S003;S004;S009;S012,S006;S007
3,"1,5,7|2,3,4,8,9|6",False,False,11,5,5,2.4490882741535485,0.501354404157354,0.5334226920158184,4.660568645757825,,0,0,0,4,3,4,6,3,7,5,8,0,1,2,0,0,3,3,2,S001;S005;S008;S011;S013;S015,S002;S003;S004;S009;S010;S012;S014,S006;S007
3,"1,5,7|2,3,4,8|6,9",False,False,15,5,8,4.314844755198342,0.21501555773268125,0.1754276656720569,1.6757868949773485,,0,0,0,4,3,4,6,3,7,6,11,0,1,2,0,0,3,4,5,S001;S005;S008;S011;S013;S015,S002;S003;S004;S009;S012,S006;S007;S010;S014
3,"1,5,7,9|2,3,4|6,8",False,False,15,6,9,5.343748121918763,0.35816328830370164,0.2503410377271657,2.1419405960697544,,0,0,0,5,3,4,6,3,7,6,10,1,1,2,0,0,3,4,4,S001;S005;S008;S010;S011;S013;S014;S015,S002;S003;S004,S006;S007;S009;S012
3,"1,5,7|2,3,4,9|6,8",False,False,14,6,7,3.8964181980361556,0.21094131156497886,0.24043997157654817,1.654451345565282,,0,0,0,5,3,4,6,3,7,6,9,1,1,2,0,0,3,4,3,S001;S005;S008;S011;S013;S015,S002;S003;S004;S010;S014,S006;S007;S009;S012
3,"1,5,7|2,3,4|6,8,9",False,False,16,6,8,4.314844755198342,0.14805082703338743,0.07025866471422772,1.430887014460942,,0,0,0,5,3,4,6,3,7,6,11,1,1,2,0,0,3,4,5,S001;S005;S008;S011;S013;S015,S002;S003;S004,S006;S007;S009;S010;S012;S014
3,"1,5,8,9|2,3,4,7|6",False,False,10,5,6,3.650372844844158,0.48384722021253873,0.4704826344591208,4.411808535708981,,0,0,0,4,4,3,6,4,6,5,8,0,2,1,0,0,2,3,2,S001;S005;S009;S010;S011;S012;S013;S014,S002;S003;S004;S008;S015,S006;S007
3,"1,5,8|2,3,4,7,9|6",False,False,8,5,6,3.650372844844158,0.5164468815717258,0.5517701131392763,4.816409014009547,,0,0,0,4,4,3,6,4,6,4,7,0,2,1,0,0,2,2,1,S001;S005;S009;S011;S012;S013,S002;S003;S004;S008;S010;S014;S015,S006;S007
3,"1,5,8|2,3,4,7|6,9",False,False,12,5,9,5.5161293258889526,0.22143327697946974,0.2079604981287791,1.7494536308076627,,0,0,0,4,4,3,6,4,6,5,10,0,2,1,0,0,2,3,4,S001;S005;S009;S011;S012;S013,S002;S003;S004;S008;S015,S006;S007;S010;S014
3,"1,5,9|2,3,4,7,8|6",False,False,9,5,7,3.918458176871948,0.5182718933675409,0.5227781328178358,4.833412485615685,,0,0,0,4,3,3,6,3,6,5,8,0,1,1,0,0,2,3,2,S001;S005;S010;S011;S013;S014,S002;S003;S004;S008;S009;S012;S015,S006;S007
3,"1,5|2,3,4,7,8,9|6",False,False,7,5,5,2.471128252989341,0.695530274965749,0.7330238086073995,5.948890611464621,,0,0,0,4,3,3,6,3,6,4,7,0,1,1,0,0,2,2,1,S001;S005;S011;S013,S002;S003;S004;S008;S009;S010;S012;S014;S015,S006;S007
3,"1,5|2,3,4,7,8|6,9",False,False,11,5,8,4.336884734034134,0.4180956811328469,0.42617342974614913,2.284784903496012,,0,0,0,4,3,3,6,3,6,5,10,0,1,1,0,0,2,3,4,S001;S005;S011;S013,S002;S003;S004;S008;S009;S012;S015,S006;S007;S010;S014
3,"1,5,9|2,3,4,7|6,8",False,False,12,6,9,5.365788100754555,0.21818078722767464,0.23998075845696956,1.7355042559698237,,0,0,0,5,3,3,6,3,6,6,9,1,1,1,0,0,2,4,3,S001;S005;S010;S011;S013;S014,S002;S003;S004;S008;S015,S006;S007;S009;S012
3,"1,5|2,3,4,7,9|6,8",False,False,10,6,7,3.918458176871948,0.4141084210369851,0.4765489412469655,2.2585934714548057,,0,0,0,5,3,3,6,3,6,5,8,1,1,1,0,0,2,3,2,S001;S005;S011;S013,S002;S003;S004;S008;S010;S014;S015,S006;S007;S009;S012
3,"1,5|2,3,4,7|6,8,9",False,False,12,6,8,4.336884734034134,0.21230821586351614,0.321689736119067,1.710346336095116,,0,0,0,5,3,3,6,3,6,5,10,1,1,1,0,0,2,3,4,S001;S005;S011;S013,S002;S003;S004;S008;S015,S006;S007;S009;S010;S012;S014
3,"1,5,8,9|2,3,4|6,7",False,False,14,5,6,3.650372844844158,0.3203373532163822,0.2412126711523439,1.9279666942961415,,0,0,0,4,4,4,6,4,7,6,9,0,2,2,0,0,3,4,3,S001;S005;S009;S010;S011;S012;S013;S014,S002;S003;S004,S006;S007;S008;S015
3,"1,5,8|2,3,4,9|6,7",False,False,12,5,6,3.650372844844158,0.17717633174982556,0.26916918460116596,1.5417791294998235,,0,0,0,4,4,4,6,4,7,5,8,0,2,2,0,0,3,3,2,S001;S005;S009;S011;S012;S013,S002;S003;S004;S010;S014,S006;S007;S008;S015
3,"1,5,8|2,3,4|6,7,9",False,False,14,5,9,5.5161293258889526,0.1461998625965662,0.09616239378480985,1.4108378941473032,,0,0,0,4,4,4,6,4,7,5,10,0,2,2,0,0,3,3,4,S001;S005;S009;S011;S012;S013,S002;S003;S004,S006;S007;S008;S010;S014;S015
3,"1,5,9|2,3,4,8|6,7",False,False,13,5,7,3.918458176871948,0.17803669688041288,0.24518735196783184,1.5492096711198209,,0,0,0,4,3,4,6,3,7,6,9,0,1,2,0,0,3,4,3,S001;S005;S010;S011;S013;S014,S002;S003;S004;S009;S012,S006;S007;S008;S015
3,"1,5|2,3,4,8,9|6,7",False,False,11,5,5,2.471128252989341,0.3781796624147458,0.4696085631393851,2.153832845917696,,0,0,0,4,3,4,6,3,7,5,8,0,1,2,0,0,3,3,2,S001;S005;S011;S013,S002;S003;S004;S009;S010;S012;S014,S006;S007;S008;S015
3,"1,5|2,3,4,8|6,7,9",False,False,13,5,8,4.336884734034134,0.20427707868080458,0.3035859189388541,1.6383263468249247,,0,0,0,4,3,4,6,3,7,5,10,0,1,2,0,0,3,3,4,S001;S005;S011;S013,S002;S003;S004;S009;S012,S006;S007;S008;S010;S014;S015
3,"1,5,9|2,3,4|6,7,8",False,False,13,5,9,5.365788100754555,0.14672191605390067,0.023784984515029084,1.417885647078949,,0,0,0,4,3,4,6,3,7,6,9,0,1,2,0,0,3,4,3,S001;S005;S010;S011;S013;S014,S002;S003;S004,S006;S007;S008;S009;S012;S015
3,"1,5|2,3,4,9|6,7,8",False,False,11,5,7,3.918458176871948,0.20390299850142693,0.30990955033185796,1.630468371023353,,0,0,0,4,3,4,6,3,7,5,8,0,1,2,0,0,3,3,2,S001;S005;S011;S013,S002;S003;S004;S010;S014,S006;S007;S008;S009;S012;S015
3,"1,5|2,3,4|6,7,8,9",False,False,13,5,8,4.336884734034134,0.3504754764166839,0.3443839141873907,2.0963949343434205,,0,0,0,4,3,4,6,3,7,5,10,0,1,2,0,0,3,3,4,S001;S005;S011;S013,S002;S003;S004,S006;S007;S008;S009;S010;S012;S014;S015
3,"1,6,7,8|2,3,4,5|9",False,False,11,4,9,5.23088478945575,0.48229905072661183,0.35523806945383196,4.185102117106644,,0,0,0,4,2,3,6,2,6,6,10,0,0,1,0,0,2,4,4,S001;S006;S007;S008;S009;S012;S013;S015,S002;S003;S004;S005;S011,S010;S014
3,"1,6,7|2,3,4,5,8|9",False,False,11,5,6,3.515469533545353,0.46440461262094634,0.3919137002169733,3.9994984446726622,,0,0,0,4,3,3,6,3,6,6,9,0,1,1,0,0,2,4,3,S001;S006;S007;S008;S013;S015,S002;S003;S004;S005;S009;S011;S012,S010;S014
3,"1,6,7,9|2,3,4,5|8",False,False,11,6,8,4.812458232293563,0.47777437470542633,0.4273382297520153,4.1072511950066515,,0,0,0,5,3,3,6,3,6,5,9,1,1,1,0,0,2,3,3,S001;S006;S007;S008;S010;S013;S014;S015,S002;S003;S004;S005;S011,S009;S012
3,"1,6,7|2,3,4,5,9|8",False,False,9,6,6,3.3651283084109567,0.4599804093830783,0.4802428645824523,3.9244342405037314,,0,0,0,5,3,3,6,3,6,5,7,1,1,1,0,0,2,3,1,S001;S006;S007;S008;S013;S015,S002;S003;S004;S005;S010;S011;S014,S009;S012
3,"1,6,7|2,3,4,5|8,9",False,False,12,6,7,3.783554865573143,0.18590688065989058,0.20956578777260282,1.572941112763553,,0,0,0,5,3,3,6,3,6,6,9,1,1,1,0,0,2,4,3,S001;S006;S007;S008;S013;S015,S002;S003;S004;S005;S011,S009;S010;S012;S014
3,"1,6,8|2,3,4,5,7|9",False,False,10,4,10,5.784214657916742,0.47733297855037593,0.41100061552946654,4.1392056828877735,,0,0,0,4,2,3,6,2,5,6,10,0,0,1,0,0,1,4,4,S001;S006;S007;S009;S012;S013,S002;S003;S004;S005;S008;S011;S015,S010;S014
3,"1,6|2,3,4,5,7,8|9",False,False,10,5,7,4.068799402006345,0.6494145032700777,0.570170012265018,5.154448896727756,,0,0,0,4,3,3,6,3,5,6,9,0,1,1,0,0,1,4,3,S001;S006;S007;S013,S002;S003;S004;S005;S008;S009;S011;S012;S015,S010;S014
3,"1,6,9|2,3,4,5,7|8",False,False,10,6,9,5.365788100754555,0.4744317783106393,0.46493888911133,4.077058212713327,,0,0,0,5,3,3,6,3,5,5,9,1,1,1,0,0,1,3,3,S001;S006;S007;S010;S013;S014,S002;S003;S004;S005;S008;S011;S015,S009;S012
3,"1,6|2,3,4,5,7,9|8",False,False,8,6,7,3.918458176871948,0.6450323780898777,0.6500308225921042,5.062043865774402,,0,0,0,5,3,3,6,3,5,5,7,1,1,1,0,0,1,3,1,S001;S006;S007;S013,S002;S003;S004;S005;S008;S010;S011;S014;S015,S009;S012
3,"1,6|2,3,4,5,7|8,9",False,False,11,6,8,4.336884734034134,0.3677123110988227,0.4142043182780511,2.054289702541503,,0,0,0,5,3,3,6,3,5,6,9,1,1,1,0,0,1,4,3,S001;S006;S007;S013,S002;S003;S004;S005;S008;S011;S015,S009;S010;S012;S014
3,"1,6,8,9|2,3,4,5|7",False,False,11,4,8,4.449748066497147,0.43634927574910914,0.42536857574961245,3.4894584939816156,,0,0,0,4,2,3,6,2,6,6,10,0,0,1,0,0,2,4,4,S001;S006;S007;S009;S010;S012;S013;S014,S002;S003;S004;S005;S011,S008;S015
3,"1,6,8|2,3,4,5,9|7",False,False,10,4,8,4.449748066497147,0.43159523997404015,0.46284401388272817,3.449719616753415,,0,0,0,4,2,3,6,2,6,6,9,0,0,1,0,0,2,4,3,S001;S006;S007;S009;S012;S013,S002;S003;S004;S005;S010;S011;S014,S008;S015
3,"1,6,8|2,3,4,5|7,9",False,False,12,4,11,6.315504547541941,0.14769556276046308,0.12304940432702795,1.406135190793743,,0,0,0,4,2,3,6,2,6,6,11,0,0,1,0,0,2,4,5,S001;S006;S007;S009;S012;S013,S002;S003;S004;S005;S011,S008;S010;S014;S015
3,"1,6,9|2,3,4,5,8|7",False,False,12,5,7,4.1816627344693575,0.4331314560671601,0.43869907074610714,3.462917770676693,,0,0,0,4,3,3,6,3,6,6,10,0,1,1,0,0,2,4,4,S001;S006;S007;S010;S013;S014,S002;S003;S004;S005;S009;S011;S012,S008;S015
3,"1,6|2,3,4,5,8,9|7",False,False,10,5,5,2.7343328105867495,0.6049991553033207,0.6154594696438174,4.328755779762385,,0,0,0,4,3,3,6,3,6,6,8,0,1,1,0,0,2,4,2,S001;S006;S007;S013,S002;S003;S004;S005;S009;S010;S011;S012;S014,S008;S015
3,"1,6|2,3,4,5,8|7,9",False,False,12,5,8,4.600089291631544,0.33209912154041304,0.3206114813458903,1.9849529353394477,,0,0,0,4,3,3,6,3,6,6,10,0,1,1,0,0,2,4,4,S001;S006;S007;S013,S002;S003;S004;S005;S009;S011;S012,S008;S010;S014;S015
3,"1,6,9|2,3,4,5|7,8",False,False,12,5,10,5.8970779903797546,0.1436505488475543,0.17271735669425053,1.389234748304409,,0,0,0,4,3,3,6,3,6,6,10,0,1,1,0,0,2,4,4,S001;S006;S007;S010;S013;S014,S002;S003;S004;S005;S011,S008;S009;S012;S015
3,"1,6|2,3,4,5,9|7,8",False,False,10,5,8,4.449748066497147,0.3283030922583259,0.3792551819856674,1.9773877212321678,,0,0,0,4,3,3,6,3,6,6,8,0,1,1,0,0,2,4,2,S001;S006;S007;S013,S002;S003;S004;S005;S010;S011;S014,S008;S009;S012;S015
3,"1,6|2,3,4,5|7,8,9",False,False,12,5,9,4.868174623659334,0.1860003439726858,0.2503695951038694,1.5733685885275992,,0,0,0,4,3,3,6,3,6,6,10,0,1,1,0,0,2,4,4,S001;S006;S007;S013,S002;S003;S004;S005;S011,S008;S009;S010;S012;S014;S015
3,"1,7,8|2,3,4,5,6|9",False,False,13,4,8,4.530888183742577,0.45615928384942395,0.36942277487668707,3.880731797093402,,0,0,0,4,2,4,6,2,7,6,10,0,0,2,0,0,3,4,4,S001;S008;S009;S012;S013;S015,S002;S003;S004;S005;S006;S007;S011,S010;S014
3,"1,7|2,3,4,5,6,8|9",False,False,12,4,5,2.8154729278321793,0.5956425032479764,0.5180440566974691,4.895975010933386,,0,0,0,4,2,4,6,2,7,6,9,0,0,2,0,0,3,4,3,S001;S008;S013;S015,S002;S003;S004;S005;S006;S007;S009;S011;S012,S010;S014
3,"1,7,9|2,3,4,5,6|8",False,False,12,5,7,4.11246162658039,0.4527315050790451,0.43089023687526146,3.822465143514924,,0,0,0,5,2,4,6,2,7,5,9,1,0,2,0,0,3,3,3,S001;S008;S010;S013;S014;S015,S002;S003;S004;S005;S006;S007;S011,S009;S012
3,"1,7|2,3,4,5,6,9|8",False,False,10,5,5,2.6651317026977828,0.5911613822065686,0.6030238813347735,4.807450796575999,,0,0,0,5,2,4,6,2,7,5,7,1,0,2,0,0,3,3,1,S001;S008;S013;S015,S002;S003;S004;S005;S006;S007;S010;S011;S014,S009;S012
3,"1,7|2,3,4,5,6|8,9",False,False,13,5,6,3.083558259859969,0.303075899665013,0.3532756417824967,1.9256890535305606,,0,0,0,5,2,4,6,2,7,6,9,1,0,2,0,0,3,4,3,S001;S008;S013;S015,S002;S003;S004;S005;S006;S007;S011,S009;S010;S012;S014
3,"1,8|2,3,4,5,6,7|9",False,False,9,4,8,4.552928162578368,0.6240872186951649,0.5343928628074509,5.035682249148495,,0,0,0,4,2,3,6,2,6,5,9,0,0,1,0,0,2,3,3,S001;S009;S012;S013,S002;S003;S004;S005;S006;S007;S008;S011;S015,S010;S014
3,"1|2,3,4,5,6,7,8|9",False,False,8,4,5,2.8375129066679716,0.864307069695771,0.771905376818288,6.050925462988478,,0,0,0,4,2,3,6,2,6,5,8,0,0,1,0,0,2,3,2,S001;S013,S002;S003;S004;S005;S006;S007;S008;S009;S011;S012;S015,S010;S014
3,"1,9|2,3,4,5,6,7|8",False,False,9,5,7,4.134501605416182,0.6228580424572171,0.572404184738792,4.960074768785594,,0,0,0,5,2,3,6,2,6,5,8,1,0,1,0,0,2,3,2,S001;S010;S013;S014,S002;S003;S004;S005;S006;S007;S008;S011;S015,S009;S012
3,"1|2,3,4,5,6,7,9|8",False,False,6,4,5,2.687171681533575,0.8603056072100798,0.8480255301930925,5.94506042184667,,0,0,0,5,2,3,6,2,6,4,6,1,0,1,0,0,2,2,0,S001;S013,S002;S003;S004;S005;S006;S007;S008;S010;S011;S014;S015,S009;S012
3,"1|2,3,4,5,6,7|8,9",False,False,9,5,6,3.1055982386957615,0.6153658607945101,0.62835019558821,4.502448756072265,,0,0,0,5,2,3,6,2,6,5,8,1,0,1,0,0,2,3,2,S001;S013,S002;S003;S004;S005;S006;S007;S008;S011;S015,S009;S010;S012;S014
3,"1,8,9|2,3,4,5,6|7",False,False,12,4,6,3.218461571158774,0.4223245450482873,0.43965480899275056,3.3600850929908845,,0,0,0,4,2,4,6,2,7,6,9,0,0,2,0,0,3,4,3,S001;S009;S010;S012;S013;S014,S002;S003;S004;S005;S006;S007;S011,S008;S015
3,"1,8|2,3,4,5,6,9|7",False,False,10,4,6,3.218461571158774,0.5791581151135673,0.5799590259770877,4.225923102076575,,0,0,0,4,2,4,6,2,7,5,8,0,0,2,0,0,3,3,2,S001;S009;S012;S013,S002;S003;S004;S005;S006;S007;S010;S011;S014,S008;S015
3,"1,8|2,3,4,5,6|7,9",False,False,12,4,9,5.084218052203568,0.30061184320929635,0.27751078995774836,1.8188016532098277,,0,0,0,4,2,4,6,2,7,5,10,0,0,2,0,0,3,3,4,S001;S009;S012;S013,S002;S003;S004;S005;S006;S007;S011,S008;S010;S014;S015
3,"1,9|2,3,4,5,6,8|7",False,False,12,4,5,2.9503762391309842,0.5824170487545886,0.5365042820892157,4.239121255999854,,0,0,0,4,2,4,6,2,7,6,9,0,0,2,0,0,3,4,3,S001;S010;S013;S014,S002;S003;S004;S005;S006;S007;S009;S011;S012,S008;S015
3,"1|2,3,4,5,6,8,9|7",False,False,9,4,3,1.5030463152483768,0.8239072026588053,0.8207637699517322,5.271644246079864,,1,0,0,4,2,4,6,2,7,5,7,0,0,2,0,0,3,3,1,S001;S013,S002;S003;S004;S005;S006;S007;S009;S010;S011;S012;S014,S008;S015
3,"1|2,3,4,5,6,8|7,9",False,False,11,4,6,3.3688027962931706,0.5852288074660632,0.545462746216461,4.377535258795451,,0,0,0,4,2,4,6,2,7,5,9,0,0,2,0,0,3,3,3,S001;S013,S002;S003;S004;S005;S006;S007;S009;S011;S012,S008;S010;S014;S015
3,"1,9|2,3,4,5,6|7,8",False,False,12,4,8,4.665791495041381,0.3006950712241759,0.2860650694776788,1.8318888724540918,,0,0,0,4,2,4,6,2,7,6,9,0,0,2,0,0,3,4,3,S001;S010;S013;S014,S002;S003;S004;S005;S006;S007;S011,S008;S009;S012;S015
3,"1|2,3,4,5,6,9|7,8",False,False,9,4,6,3.218461571158774,0.5820286129485968,0.5970924305907872,4.363906164306023,,0,0,0,4,2,4,6,2,7,5,7,0,0,2,0,0,3,3,1,S001;S013,S002;S003;S004;S005;S006;S007;S010;S011;S014,S008;S009;S012;S015
3,"1|2,3,4,5,6|7,8,9",False,False,11,4,7,3.6368881283209604,0.43008643753012726,0.4750728050631079,3.4697971770216083,,0,0,0,4,2,4,6,2,7,5,9,0,0,2,0,0,3,3,3,S001;S013,S002;S003;S004;S005;S006;S007;S011,S008;S009;S010;S012;S014;S015
3,"1,7,8,9|2,3,4,5|6",False,False,12,5,7,3.8964181980361556,0.5130496308211886,0.4738508408875806,4.7838679919254705,,0,0,0,4,3,4,6,3,7,5,9,0,1,2,0,0,3,3,3,S001;S008;S009;S010;S012;S013;S014;S015,S002;S003;S004;S005;S011,S006;S007
3,"1,7,8|2,3,4,5,9|6",False,False,11,5,7,3.8964181980361556,0.48565011913023676,0.50754923517169,4.444349557793057,,0,0,0,4,3,4,6,3,7,5,8,0,1,2,0,0,3,3,2,S001;S008;S009;S012;S013;S015,S002;S003;S004;S005;S010;S011;S014,S006;S007
3,"1,7,8|2,3,4,5|6,9",False,False,15,5,10,5.76217467908095,0.21944912874302244,0.15565314718657808,1.7340712821620026,,0,0,0,4,3,4,6,3,7,6,11,0,1,2,0,0,3,4,5,S001;S008;S009;S012;S013;S015,S002;S003;S004;S005;S011,S006;S007;S010;S014
3,"1,7,9|2,3,4,5,8|6",False,False,12,5,6,3.628332866008366,0.48665206140292694,0.4853608900218811,4.461353029399196,,0,0,0,4,3,4,6,3,7,5,9,0,1,2,0,0,3,3,3,S001;S008;S010;S013;S014;S015,S002;S003;S004;S005;S009;S011;S012,S006;S007
3,"1,7|2,3,4,5,8,9|6",False,False,10,5,4,2.181002942125758,0.6261099762458425,0.6556407541219187,5.576831155248133,,0,0,0,4,3,4,6,3,7,5,7,0,1,2,0,0,3,3,1,S001;S008;S013;S015,S002;S003;S004;S005;S009;S010;S011;S012;S014,S006;S007
3,"1,7|2,3,4,5,8|6,9",False,False,14,5,7,4.046759423170553,0.3362170500862944,0.3338920290919215,2.1089100260059968,,0,0,0,4,3,4,6,3,7,6,10,0,1,2,0,0,3,4,4,S001;S008;S013;S015,S002;S003;S004;S005;S009;S011;S012,S006;S007;S010;S014
3,"1,7,9|2,3,4,5|6,8",False,False,14,5,9,5.343748121918763,0.21510692274061666,0.21105445890728428,1.7122709986468336,,0,0,0,5,2,4,6,2,7,6,10,1,0,2,0,0,3,4,4,S001;S008;S010;S013;S014;S015,S002;S003;S004;S005;S011,S006;S007;S009;S012
3,"1,7|2,3,4,5,9|6,8",False,False,12,5,7,3.8964181980361556,0.33193490659629443,0.4000032901099062,2.084120942988202,,0,0,0,5,2,4,6,2,7,6,8,1,0,2,0,0,3,4,2,S001;S008;S013;S015,S002;S003;S004;S005;S010;S011;S014,S006;S007;S009;S012
3,"1,7|2,3,4,5|6,8,9",False,False,14,5,8,4.314844755198342,0.11728744004643991,0.2411180881653824,1.3126939460447142,,0,0,0,5,2,4,6,2,7,6,10,1,0,2,0,0,3,4,4,S001;S008;S013;S015,S002;S003;S004;S005;S011,S006;S007;S009;S010;S012;S014
3,"1,8,9|2,3,4,5,7|6",False,False,10,5,7,3.918458176871948,0.4976997976320274,0.523506989013898,4.617193397650919,,0,0,0,4,3,4,6,3,6,5,8,0,1,2,0,0,2,3,2,S001;S009;S010;S012;S013;S014,S002;S003;S004;S005;S008;S011;S015,S006;S007
3,"1,8|2,3,4,5,7,9|6",False,False,8,5,7,3.918458176871948,0.6542238422058922,0.6643715393557048,5.732671523499854,,0,0,0,4,3,4,6,3,6,4,7,0,1,2,0,0,2,2,1,S001;S009;S012;S013,S002;S003;S004;S005;S008;S010;S011;S014;S015,S006;S007
3,"1,8|2,3,4,5,7|6,9",False,False,12,5,10,5.784214657916742,0.3694278025465689,0.35301683710372045,2.1825767618363114,,0,0,0,4,3,4,6,3,6,5,10,0,1,2,0,0,2,3,4,S001;S009;S012;S013,S002;S003;S004;S005;S008;S011;S015,S006;S007;S010;S014
3,"1,9|2,3,4,5,7,8|6",False,False,10,5,6,3.650372844844158,0.6573800639651685,0.6234952794352685,5.749674995105994,,0,0,0,4,3,4,6,3,6,5,8,0,1,2,0,0,2,3,2,S001;S010;S013;S014,S002;S003;S004;S005;S008;S009;S011;S012;S015,S006;S007
3,"1|2,3,4,5,7,8,9|6",False,False,7,4,4,2.2030429209615505,0.8916275313200708,0.8982474796295016,6.865153120954928,,0,0,0,4,3,4,6,3,6,4,6,0,1,2,0,0,2,2,0,S001;S013,S002;S003;S004;S005;S008;S009;S010;S011;S012;S014;S015,S006;S007
3,"1|2,3,4,5,7,8|6,9",False,False,11,5,7,4.068799402006345,0.642023395766052,0.6048439650048607,4.608639083062523,,0,0,0,4,3,4,6,3,6,5,9,0,1,2,0,0,2,3,3,S001;S013,S002;S003;S004;S005;S008;S009;S011;S012;S015,S006;S007;S010;S014
3,"1,9|2,3,4,5,7|6,8",False,False,12,5,9,5.365788100754555,0.3690158945968377,0.37018794933212484,2.1651738533927447,,0,0,0,5,2,4,6,2,6,6,9,1,0,2,0,0,2,4,3,S001;S010;S013;S014,S002;S003;S004;S005;S008;S011;S015,S006;S007;S009;S012
3,"1|2,3,4,5,7,9|6,8",False,False,9,5,7,3.918458176871948,0.6385531748362714,0.6624818502184342,4.5950099885730955,,0,0,0,5,2,4,6,2,6,5,7,1,0,2,0,0,2,3,1,S001;S013,S002;S003;S004;S005;S008;S010;S011;S014;S015,S006;S007;S009;S012
3,"1|2,3,4,5,7|6,8,9",False,False,11,5,8,4.336884734034134,0.4555127903340652,0.5121631728365978,3.700901001288681,,0,0,0,5,2,4,6,2,6,5,9,1,0,2,0,0,2,3,3,S001;S013,S002;S003;S004;S005;S008;S011;S015,S006;S007;S009;S010;S012;S014
3,"1,8,9|2,3,4,5|6,7",False,False,13,5,7,3.918458176871948,0.1758495442346595,0.2457877749840417,1.5275586559074958,,0,0,0,4,3,4,6,3,7,6,9,0,1,2,0,0,3,4,3,S001;S009;S010;S012;S013;S014,S002;S003;S004;S005;S011,S006;S007;S008;S015
3,"1,8|2,3,4,5,9|6,7",False,False,11,5,7,3.918458176871948,0.3277087015080689,0.4008711932742831,1.9421871678884688,,0,0,0,4,3,4,6,3,7,5,8,0,1,2,0,0,3,3,2,S001;S009;S012;S013,S002;S003;S004;S005;S010;S011;S014,S006;S007;S008;S015
3,"1,8|2,3,4,5|6,7,9",False,False,13,5,10,5.784214657916742,0.15339064916113754,0.21061728546556271,1.4301273047827592,,0,0,0,4,3,4,6,3,7,5,10,0,1,2,0,0,3,3,4,S001;S009;S012;S013,S002;S003;S004;S005;S011,S006;S007;S008;S010;S014;S015
3,"1,9|2,3,4,5,8|6,7",False,False,13,5,6,3.650372844844158,0.3315870093451513,0.35055951468004876,1.9496177095084664,,0,0,0,4,3,4,6,3,7,6,9,0,1,2,0,0,3,4,3,S001;S010;S013;S014,S002;S003;S004;S005;S009;S011;S012,S006;S007;S008;S015
3,"1|2,3,4,5,8,9|6,7",False,False,10,5,4,2.2030429209615505,0.6074267318487265,0.6541091405242728,4.470096491296282,,0,0,0,4,3,4,6,3,7,5,7,0,1,2,0,0,3,3,1,S001;S013,S002;S003;S004;S005;S009;S010;S011;S012;S014,S006;S007;S008;S015
3,"1|2,3,4,5,8|6,7,9",False,False,12,5,7,4.068799402006345,0.4402604380246961,0.4782796290044157,3.575987504011866,,0,0,0,4,3,4,6,3,7,5,9,0,1,2,0,0,3,3,3,S001;S013,S002;S003;S004;S005;S009;S011;S012,S006;S007;S008;S010;S014;S015
3,"1,9|2,3,4,5|6,7,8",False,False,12,4,9,5.365788100754555,0.15750327452673718,0.1768554422603794,1.4476133284913022,,0,0,0,4,2,4,6,2,7,6,9,0,0,2,0,0,3,4,3,S001;S010;S013;S014,S002;S003;S004;S005;S011,S006;S007;S008;S009;S012;S015
3,"1|2,3,4,5,9|6,7,8",False,False,9,4,7,3.918458176871948,0.4388062121300358,0.503110742817226,3.5623584095224388,,0,0,0,4,2,4,6,2,7,5,7,0,0,2,0,0,3,3,1,S001;S013,S002;S003;S004;S005;S010;S011;S014,S006;S007;S008;S009;S012;S015
3,"1|2,3,4,5|6,7,8,9",False,False,11,4,8,4.336884734034134,0.44716917323377564,0.47401313562500025,3.6360464028924966,,0,0,0,4,2,4,6,2,7,5,9,0,0,2,0,0,3,3,3,S001;S013,S002;S003;S004;S005;S011,S006;S007;S008;S009;S010;S012;S014;S015
3,"1,6,7,8,9|2,3,4|5",False,False,12,5,6,3.3651283084109567,0.6701838480805501,0.5948378526998543,6.312457327477992,,0,0,0,4,3,4,6,3,7,5,9,0,1,2,0,0,3,3,3,S001;S006;S007;S008;S009;S010;S012;S013;S014;S015,S002;S003;S004,S005;S011
3,"1,6,7,8|2,3,4,9|5",False,False,11,5,6,3.3651283084109567,0.5170484363707707,0.5337758737546956,5.0950353394612105,,0,0,0,4,3,4,6,3,7,5,8,0,1,2,0,0,3,3,2,S001;S006;S007;S008;S009;S012;S013;S015,S002;S003;S004;S010;S014,S005;S011
3,"1,6,7,8|2,3,4|5,9",False,False,14,5,9,5.23088478945575,0.3830656542985125,0.23223460322074907,2.2977292400794265,,0,0,0,4,3,4,6,3,7,6,10,0,1,2,0,0,3,4,4,S001;S006;S007;S008;S009;S012;S013;S015,S002;S003;S004,S005;S010;S011;S014
3,"1,6,7,9|2,3,4,8|5",False,False,12,5,6,3.3651283084109567,0.5157121892537732,0.5373569844143296,5.076477915764373,,0,0,0,4,3,4,6,3,7,5,9,0,1,2,0,0,3,3,3,S001;S006;S007;S008;S010;S013;S014;S015,S002;S003;S004;S009;S012,S005;S011
3,"1,6,7|2,3,4,8,9|5",False,False,10,5,4,1.9177983845283493,0.5164291978884623,0.5890535400449542,5.086499335600199,,0,0,0,4,3,4,6,3,7,5,7,0,1,2,0,0,3,3,1,S001;S006;S007;S008;S013;S015,S002;S003;S004;S009;S010;S012;S014,S005;S011
3,"1,6,7|2,3,4,8|5,9",False,False,13,5,7,3.783554865573143,0.23414877087166439,0.20790352274367666,1.7448538746762605,,0,0,0,4,3,4,6,3,7,6,9,0,1,2,0,0,3,4,3,S001;S006;S007;S008;S013;S015,S002;S003;S004;S009;S012,S005;S010;S011;S014
3,"1,6,7,9|2,3,4|5,8",False,False,14,6,7,4.544372900265774,0.37884158127879025,0.32136754214861807,2.270359865198331,,0,0,0,5,4,4,6,4,7,5,9,1,2,2,0,0,3,3,3,S001;S006;S007;S008;S010;S013;S014;S015,S002;S003;S004,S005;S009;S011;S012
3,"1,6,7|2,3,4,9|5,8",False,False,12,6,5,3.097042976383167,0.23018974458458677,0.2998981797235364,1.7258906354553933,,0,0,0,5,4,4,6,4,7,5,7,1,2,2,0,0,3,3,1,S001;S006;S007;S008;S013;S015,S002;S003;S004;S010;S014,S005;S009;S011;S012
3,"1,6,7|2,3,4|5,8,9",False,False,15,6,6,3.515469533545353,0.15382200083961983,0.03542049317830876,1.465595288035809,,0,0,0,5,4,4,6,4,7,6,9,1,2,2,0,0,3,4,3,S001;S006;S007;S008;S013;S015,S002;S003;S004,S005;S009;S010;S011;S012;S014
3,"1,6,8,9|2,3,4,7|5",False,False,10,5,7,3.918458176871948,0.5052297084329312,0.5374872854081699,4.9063952520762,,0,0,0,4,3,3,6,3,6,5,9,0,1,1,0,0,2,3,3,S001;S006;S007;S009;S010;S012;S013;S014,S002;S003;S004;S008;S015,S005;S011
3,"1,6,8|2,3,4,7,9|5",False,False,9,5,7,3.918458176871948,0.5302050416875097,0.5863008191799852,5.256581999288372,,0,0,0,4,3,3,6,3,6,5,8,0,1,1,0,0,2,3,2,S001;S006;S007;S009;S012;S013,S002;S003;S004;S008;S010;S014;S015,S005;S011
3,"1,6,8|2,3,4,7|5,9",False,False,12,5,10,5.784214657916742,0.23808355648685706,0.22936963864083895,1.8215567596513897,,0,0,0,4,3,3,6,3,6,6,10,0,1,1,0,0,2,4,4,S001;S006;S007;S009;S012;S013,S002;S003;S004;S008;S015,S005;S010;S011;S014
3,"1,6,9|2,3,4,7,8|5",False,False,10,5,7,3.918458176871948,0.53188615788909,0.569531517066087,5.275139422985208,,0,0,0,4,3,3,6,3,6,5,9,0,1,1,0,0,2,3,3,S001;S006;S007;S010;S013;S014,S002;S003;S004;S008;S009;S012;S015,S005;S011
3,"1,6|2,3,4,7,8,9|5",False,False,8,5,5,2.471128252989341,0.7009354976479957,0.7494019027759806,6.492561411001989,,0,0,0,4,3,3,6,3,6,5,7,0,1,1,0,0,2,3,1,S001;S006;S007;S013,S002;S003;S004;S008;S009;S010;S012;S014;S015,S005;S011
3,"1,6|2,3,4,7,8|5,9",False,False,11,5,8,4.336884734034134,0.4190504576073409,0.41285720371342305,2.3789515263638155,,0,0,0,4,3,3,6,3,6,6,9,0,1,1,0,0,2,4,3,S001;S006;S007;S013,S002;S003;S004;S008;S009;S012;S015,S005;S010;S011;S014
3,"1,6,9|2,3,4,7|5,8",False,False,12,6,8,5.097702768726766,0.2346235050841005,0.30294920258673336,1.8064388205506978,,0,0,0,5,4,3,6,4,6,5,9,1,2,1,0,0,2,3,3,S001;S006;S007;S010;S013;S014,S002;S003;S004;S008;S015,S005;S009;S011;S012
3,"1,6|2,3,4,7,9|5,8",False,False,10,6,6,3.650372844844158,0.4149484263933003,0.48782900183536154,2.350908050293636,,0,0,0,5,4,3,6,4,6,5,7,1,2,1,0,0,2,3,1,S001;S006;S007;S013,S002;S003;S004;S008;S010;S014;S015,S005;S009;S011;S012
3,"1,6|2,3,4,7|5,8,9",False,False,13,6,7,4.068799402006345,0.19754055200274911,0.2839905793487848,1.6466245960661245,,0,0,0,5,4,3,6,4,6,6,9,1,2,1,0,0,2,4,3,S001;S006;S007;S013,S002;S003;S004;S008;S015,S005;S009;S010;S011;S012;S014
3,"1,6,8,9|2,3,4|5,7",False,False,15,5,8,4.449748066497147,0.34054408855076057,0.2936949704664241,2.039180660481037,,0,0,0,4,3,4,6,3,7,6,11,0,1,2,0,0,3,4,5,S001;S006;S007;S009;S010;S012;S013;S014,S002;S003;S004,S005;S008;S011;S015
3,"1,6,8|2,3,4,9|5,7",False,False,14,5,8,4.449748066497147,0.19492764781678723,0.27315369727455835,1.6003410565554828,,0,0,0,4,3,4,6,3,7,6,10,0,1,2,0,0,3,4,4,S001;S006;S007;S009;S012;S013,S002;S003;S004;S010;S014,S005;S008;S011;S015
3,"1,6,8|2,3,4|5,7,9",False,False,15,5,11,6.315504547541941,0.14570797556821047,0.05520900192968356,1.4010011605743138,,0,0,0,4,3,4,6,3,7,6,11,0,1,2,0,0,3,4,5,S001;S006;S007;S009;S012;S013,S002;S003;S004,S005;S008;S010;S011;S014;S015
3,"1,6,9|2,3,4,8|5,7",False,False,15,5,8,4.449748066497147,0.1954469890806655,0.26139800895461224,1.6080538349939766,,0,0,0,4,3,4,6,3,7,6,11,0,1,2,0,0,3,4,5,S001;S006;S007;S010;S013;S014,S002;S003;S004;S009;S012,S005;S008;S011;S015
3,"1,6|2,3,4,8,9|5,7",False,False,13,5,6,3.0024181426145398,0.3778536702727804,0.4398402643510876,2.1140349567875543,,0,0,0,4,3,4,6,3,7,6,9,0,1,2,0,0,3,4,3,S001;S006;S007;S013,S002;S003;S004;S009;S010;S012;S014,S005;S008;S011;S015
3,"1,6|2,3,4,8|5,7,9",False,False,14,5,9,4.868174623659334,0.1863699088337861,0.25013871579108804,1.5772878288640693,,0,0,0,4,3,4,6,3,7,6,10,0,1,2,0,0,3,4,4,S001;S006;S007;S013,S002;S003;S004;S009;S012,S005;S008;S010;S011;S014;S015
3,"1,6,9|2,3,4|5,7,8",False,False,16,5,9,5.628992658351965,0.14552657653692128,0.052715228767958755,1.3939534076426678,,0,0,0,4,4,4,6,4,7,6,11,0,2,2,0,0,3,4,5,S001;S006;S007;S010;S013;S014,S002;S003;S004,S005;S008;S009;S011;S012;S015
3,"1,6|2,3,4,9|5,7,8",False,False,14,5,7,4.1816627344693575,0.18568299759474913,0.2622995026085169,1.5697226147567898,,0,0,0,4,4,4,6,4,7,6,9,0,2,2,0,0,3,4,3,S001;S006;S007;S013,S002;S003;S004;S010;S014,S005;S008;S009;S011;S012;S015
3,"1,6|2,3,4|5,7,8,9",False,False,15,5,8,4.600089291631544,0.3301300975937674,0.27830406552719605,1.9810336950029777,,0,0,0,4,4,4,6,4,7,6,10,0,2,2,0,0,3,4,4,S001;S006;S007;S013,S002;S003;S004,S005;S008;S009;S010;S011;S012;S014;S015
3,"1,7,8,9|2,3,4,6|5",False,False,14,5,5,2.6651317026977828,0.527083304360617,0.5343357165299005,5.221067043970406,,0,0,0,4,3,5,6,3,8,5,9,0,1,3,0,0,4,3,3,S001;S008;S009;S010;S012;S013;S014;S015,S002;S003;S004;S006;S007,S005;S011
3,"1,7,8|2,3,4,6,9|5",False,False,13,5,5,2.6651317026977828,0.5071507126005956,0.5552519728995723,4.941910207394167,,0,0,0,4,3,5,6,3,8,5,8,0,1,3,0,0,4,3,2,S001;S008;S009;S012;S013;S015,S002;S003;S004;S006;S007;S010;S014,S005;S011
3,"1,7,8|2,3,4,6|5,9",False,False,16,5,8,4.530888183742577,0.2366556255952742,0.18240655404905376,1.8055404328043152,,0,0,0,4,3,5,6,3,8,6,10,0,1,3,0,0,4,4,4,S001;S008;S009;S012;S013;S015,S002;S003;S004;S006;S007,S005;S010;S011;S014
3,"1,7,9|2,3,4,6,8|5",False,False,13,4,5,2.6651317026977828,0.5082114827453709,0.5422468898331148,4.960467631091003,,0,0,0,4,2,5,6,2,8,5,9,0,0,3,0,0,4,3,3,S001;S008;S010;S013;S014;S015,S002;S003;S004;S006;S007;S009;S012,S005;S011
3,"1,7|2,3,4,6,8,9|5",False,False,11,4,3,1.2178017788151754,0.6482370752365445,0.7074598091822872,6.177889619107784,,1,0,0,4,2,5,6,2,8,5,7,0,0,3,0,0,4,3,1,S001;S008;S013;S015,S002;S003;S004;S006;S007;S009;S010;S012;S014,S005;S011
3,"1,7|2,3,4,6,8|5,9",False,False,14,4,6,3.083558259859969,0.3574096614042912,0.35186527453849153,2.2370426819513716,,0,0,0,4,2,5,6,2,8,6,9,0,0,3,0,0,4,4,3,S001;S008;S013;S015,S002;S003;S004;S006;S007;S009;S012,S005;S010;S011;S014
3,"1,7,9|2,3,4,6|5,8",False,False,15,6,6,3.8443762945526,0.2324135925119381,0.26879698178522865,1.782255959683762,,0,0,0,5,3,5,6,3,8,5,9,1,1,3,0,0,4,3,3,S001;S008;S010;S013;S014;S015,S002;S003;S004;S006;S007,S005;S009;S011;S012
3,"1,7|2,3,4,6,9|5,8",False,False,13,6,4,2.397046370669993,0.35309317894939324,0.4293695319939511,2.2101769727865106,,0,0,0,5,3,5,6,3,8,5,7,1,1,3,0,0,4,3,1,S001;S008;S013;S015,S002;S003;S004;S006;S007;S010;S014,S005;S009;S011;S012
3,"1,7|2,3,4,6|5,8,9",False,False,16,6,5,2.8154729278321793,0.12145992069767286,0.22330907133457786,1.3457146556444393,,0,0,0,5,3,5,6,3,8,6,9,1,1,3,0,0,4,4,3,S001;S008;S013;S015,S002;S003;S004;S006;S007,S005;S009;S010;S011;S012;S014
3,"1,8,9|2,3,4,6,7|5",False,False,11,5,5,2.687171681533575,0.5197082296900276,0.5695036911863209,5.1305502947791775,,0,0,0,4,3,4,6,3,7,5,8,0,1,2,0,0,3,3,2,S001;S009;S010;S012;S013;S014,S002;S003;S004;S006;S007;S008;S015,S005;S011
3,"1,8|2,3,4,6,7,9|5",False,False,9,5,5,2.687171681533575,0.6761281773342623,0.7048117131689402,6.347972282795959,,0,0,0,4,3,4,6,3,7,4,7,0,1,2,0,0,3,2,1,S001;S009;S012;S013,S002;S003;S004;S006;S007;S008;S010;S014;S015,S005;S011
3,"1,8|2,3,4,6,7|5,9",False,False,12,5,8,4.552928162578368,0.39002504497639406,0.3609289124932252,2.3137455669265012,,0,0,0,4,3,4,6,3,7,5,9,0,1,2,0,0,3,3,3,S001;S009;S012;S013,S002;S003;S004;S006;S007;S008;S015,S005;S010;S011;S014
3,"1,9|2,3,4,6,7,8|5",False,False,10,4,5,2.687171681533575,0.679258345712448,0.6737224063889711,6.366529706492795,,0,0,0,4,2,4,6,2,7,5,8,0,0,2,0,0,3,3,2,S001;S010;S013;S014,S002;S003;S004;S006;S007;S008;S009;S012;S015,S005;S011
3,"1|2,3,4,6,7,8,9|5",False,False,7,3,3,1.2398417576509675,0.9115875862248327,0.9511480471958657,7.583951694509577,,1,0,0,4,2,4,6,2,7,4,6,0,0,2,0,0,3,2,0,S001;S013,S002;S003;S004;S006;S007;S008;S009;S010;S012;S014;S015,S005;S011
3,"1|2,3,4,6,7,8|5,9",False,False,10,4,6,3.1055982386957615,0.6593090863942385,0.6271581126656842,4.675758680571778,,0,0,0,4,2,4,6,2,7,5,8,0,0,2,0,0,3,3,2,S001;S013,S002;S003;S004;S006;S007;S008;S009;S012;S015,S005;S010;S011;S014
3,"1,9|2,3,4,6,7|5,8",False,False,12,6,6,3.8664162733883924,0.3895028749997933,0.4031226728954138,2.2945427260652673,,0,0,0,5,3,4,6,3,7,5,8,1,1,2,0,0,3,3,2,S001;S010;S013;S014,S002;S003;S004;S006;S007;S008;S015,S005;S009;S011;S012
3,"1|2,3,4,6,7,9|5,8",False,False,9,5,4,2.4190863495057853,0.6557734649188025,0.6979004611980609,4.662129586082351,,0,0,0,5,3,4,6,3,7,4,6,1,1,2,0,0,3,2,0,S001;S013,S002;S003;S004;S006;S007;S008;S010;S014;S015,S005;S009;S011;S012
3,"1|2,3,4,6,7|5,8,9",False,False,12,6,5,2.8375129066679716,0.46506208219526607,0.5167233040409556,3.7680205987979365,,0,0,0,5,3,4,6,3,7,5,8,1,1,2,0,0,3,3,2,S001;S013,S002;S003;S004;S006;S007;S008;S015,S005;S009;S010;S011;S012;S014
3,"1,8,9|2,3,4,6|5,7",False,False,16,5,6,3.218461571158774,0.19422996386462546,0.24128312537477414,1.5855804418227826,,0,0,0,4,3,5,6,3,8,6,10,0,1,3,0,0,4,4,4,S001;S009;S010;S012;S013;S014,S002;S003;S004;S006;S007,S005;S008;S011;S015
3,"1,8|2,3,4,6,9|5,7",False,False,14,5,6,3.218461571158774,0.3477702269164955,0.38900054552179464,2.053941275213737,,0,0,0,4,3,5,6,3,8,5,9,0,1,3,0,0,4,3,3,S001;S009;S012;S013,S002;S003;S004;S006;S007;S010;S014,S005;S008;S011;S015
3,"1,8|2,3,4,6|5,7,9",False,False,15,5,9,5.084218052203568,0.1535642760386074,0.19526157994830637,1.4338283886454137,,0,0,0,4,3,5,6,3,8,5,10,0,1,3,0,0,4,3,4,S001;S009;S012;S013,S002;S003;S004;S006;S007,S005;S008;S010;S011;S014;S015
3,"1,9|2,3,4,6,8|5,7",False,False,15,4,6,3.218461571158774,0.35157354521971496,0.3522504472820357,2.061654053652231,,0,0,0,4,2,5,6,2,8,6,10,0,0,3,0,0,4,4,4,S001;S010;S013;S014,S002;S003;S004;S006;S007;S009;S012,S005;S008;S011;S015
3,"1|2,3,4,6,8,9|5,7",False,False,12,4,4,1.7711316472761667,0.6239953273274184,0.6571166766574426,4.537216088805536,,0,0,0,4,2,5,6,2,8,5,8,0,0,3,0,0,4,3,2,S001;S013,S002;S003;S004;S006;S007;S009;S010;S012;S014,S005;S008;S011;S015
3,"1|2,3,4,6,8|5,7,9",False,False,13,4,7,3.6368881283209604,0.4480338661211504,0.47467931543639275,3.6431071015211214,,0,0,0,4,2,5,6,2,8,5,9,0,0,3,0,0,4,3,3,S001;S013,S002;S003;S004;S006;S007;S009;S012,S005;S008;S010;S011;S014;S015
3,"1,9|2,3,4,6|5,7,8",False,False,16,5,7,4.397706163013591,0.15734580345652613,0.15721661090342837,1.4441455260021652,,0,0,0,4,3,5,6,3,8,6,10,0,1,3,0,0,4,4,4,S001;S010;S013;S014,S002;S003;S004;S006;S007,S005;S008;S009;S011;S012;S015
3,"1|2,3,4,6,9|5,7,8",False,False,13,5,5,2.9503762391309842,0.44637454364331175,0.4964538137047262,3.6294780070316945,,0,0,0,4,3,5,6,3,8,5,8,0,1,3,0,0,4,3,2,S001;S013,S002;S003;S004;S006;S007;S010;S014,S005;S008;S009;S011;S012;S015
3,"1|2,3,4,6|5,7,8,9",False,False,14,5,6,3.3688027962931706,0.43950172791376335,0.4641898490671694,3.5689268053832413,,0,0,0,4,3,5,6,3,8,5,9,0,1,3,0,0,4,3,3,S001;S013,S002;S003;S004;S006;S007,S005;S008;S009;S010;S011;S012;S014;S015
3,"1,7,8,9|2,3,4|5,6",False,False,13,5,7,3.8964181980361556,0.411948933800829,0.33630418361110587,2.4964575407770693,,0,0,0,4,3,4,6,3,8,5,9,0,1,2,0,0,4,3,3,S001;S008;S009;S010;S012;S013;S014;S015,S002;S003;S004,S005;S006;S007;S011
3,"1,7,8|2,3,4,9|5,6",False,False,12,5,7,3.8964181980361556,0.2617074502190086,0.3149086036368404,1.9143462066960024,,0,0,0,4,3,4,6,3,8,5,8,0,1,2,0,0,4,3,2,S001;S008;S009;S012;S013;S015,S002;S003;S004;S010;S014,S005;S006;S007;S011
3,"1,7,8|2,3,4|5,6,9",False,False,16,5,10,5.76217467908095,0.16878142541439053,0.03102739784811145,1.5205074605897968,,0,0,0,4,3,4,6,3,8,6,11,0,1,2,0,0,4,4,5,S001;S008;S009;S012;S013;S015,S002;S003;S004,S005;S006;S007;S010;S011;S014
3,"1,7,9|2,3,4,8|5,6",False,False,12,4,7,3.8964181980361556,0.26141788528588356,0.3048405666419748,1.9054729591519268,,0,0,0,4,2,4,6,2,8,5,9,0,0,2,0,0,4,3,3,S001;S008;S010;S013;S014;S015,S002;S003;S004;S009;S012,S005;S006;S007;S011
3,"1,7|2,3,4,8,9|5,6",False,False,10,4,5,2.4490882741535485,0.38687922553328513,0.47005779343835813,2.4321138793230648,,0,0,0,4,2,4,6,2,8,5,7,0,0,2,0,0,4,3,1,S001;S008;S013;S015,S002;S003;S004;S009;S010;S012;S014,S005;S006;S007;S011
3,"1,7|2,3,4,8|5,6,9",False,False,14,4,8,4.314844755198342,0.13564009633333005,0.2406555230837187,1.3979569228803488,,0,0,0,4,2,4,6,2,8,6,10,0,0,2,0,0,4,4,4,S001;S008;S013;S015,S002;S003;S004;S009;S012,S005;S006;S007;S010;S011;S014
3,"1,7,9|2,3,4|5,6,8",False,False,16,6,8,5.075662789890973,0.16651098185728172,0.08151998485549918,1.5134597076581509,,0,0,0,5,3,4,6,3,8,6,10,1,1,2,0,0,4,4,4,S001;S008;S010;S013;S014;S015,S002;S003;S004,S005;S006;S007;S009;S011;S012
3,"1,7|2,3,4,9|5,6,8",False,False,14,6,6,3.628332866008366,0.13337335566097558,0.2656170380337309,1.3912518413848807,,0,0,0,5,3,4,6,3,8,6,8,1,1,2,0,0,4,4,2,S001;S008;S013;S015,S002;S003;S004;S010;S014,S005;S006;S007;S009;S011;S012
3,"1,7|2,3,4|5,6,8,9",False,False,16,6,7,4.046759423170553,0.2627898619538922,0.25018128404280093,1.7260245512807673,,0,0,0,5,3,4,6,3,8,6,10,1,1,2,0,0,4,4,4,S001;S008;S013;S015,S002;S003;S004,S005;S006;S007;S009;S010;S011;S012;S014
3,"1,8,9|2,3,4,7|5,6",False,False,10,5,7,3.918458176871948,0.262482714141604,0.3284212433710911,1.931327712060177,,0,0,0,4,3,3,6,3,7,5,8,0,1,1,0,0,3,3,2,S001;S009;S010;S012;S013;S014,S002;S003;S004;S008;S015,S005;S006;S007;S011
3,"1,8|2,3,4,7,9|5,6",False,False,8,5,7,3.918458176871948,0.41875252033374344,0.4776623176089917,2.5134390461412437,,0,0,0,4,3,3,6,3,7,4,7,0,1,1,0,0,3,2,1,S001;S009;S012;S013,S002;S003;S004;S008;S010;S014;S015,S005;S006;S007;S011
3,"1,8|2,3,4,7|5,6,9",False,False,12,5,10,5.784214657916742,0.1775281302766656,0.23294986597978115,1.55496861563726,,0,0,0,4,3,3,6,3,7,5,10,0,1,1,0,0,3,3,4,S001;S009;S012;S013,S002;S003;S004;S008;S015,S005;S006;S007;S010;S011;S014
3,"1,9|2,3,4,7,8|5,6",False,False,9,4,7,3.918458176871948,0.4223360234040831,0.4430342515764648,2.522312293685319,,0,0,0,4,2,3,6,2,7,5,8,0,0,1,0,0,3,3,2,S001;S010;S013;S014,S002;S003;S004;S008;S009;S012;S015,S005;S006;S007;S011
3,"1|2,3,4,7,8,9|5,6",False,False,6,3,5,2.471128252989341,0.683645795488343,0.7319087392980208,4.768319913072609,,1,0,0,4,2,3,6,2,7,4,6,0,0,1,0,0,3,2,0,S001;S013,S002;S003;S004;S008;S009;S010;S012;S014;S015,S005;S006;S007;S011
3,"1|2,3,4,7,8|5,6,9",False,False,10,4,8,4.336884734034134,0.48193408051502024,0.5115048200958767,3.8742109257881934,,0,0,0,4,2,3,6,2,7,5,9,0,0,1,0,0,3,3,3,S001;S013,S002;S003;S004;S008;S009;S012;S015,S005;S006;S007;S010;S011;S014
3,"1,9|2,3,4,7|5,6,8",False,False,13,6,8,5.097702768726766,0.1798269602132646,0.22688500597045094,1.5661574196252486,,0,0,0,5,3,3,6,3,7,6,9,1,1,1,0,0,3,4,3,S001;S010;S013;S014,S002;S003;S004;S008;S015,S005;S006;S007;S009;S011;S012
3,"1|2,3,4,7,9|5,6,8",False,False,10,6,6,3.650372844844158,0.47965395147226736,0.5483017100030174,3.860581831298767,,0,0,0,5,3,3,6,3,7,5,7,1,1,1,0,0,3,3,1,S001;S013,S002;S003;S004;S008;S010;S014;S015,S005;S006;S007;S009;S011;S012
3,"1|2,3,4,7|5,6,8,9",False,False,12,6,7,4.068799402006345,0.421312421366051,0.46687826290066886,3.337822981116169,,0,0,0,5,3,3,6,3,7,5,9,1,1,1,0,0,3,3,3,S001;S013,S002;S003;S004;S008;S015,S005;S006;S007;S009;S010;S011;S012;S014
3,"1,8,9|2,3,4|5,6,7",False,False,15,5,7,3.918458176871948,0.15064851906049045,0.06021804140521815,1.448865580196656,,0,0,0,4,3,4,6,3,8,6,10,0,1,2,0,0,4,4,4,S001;S009;S010;S012;S013;S014,S002;S003;S004,S005;S006;S007;S008;S011;S015
3,"1,8|2,3,4,9|5,6,7",False,False,13,5,7,3.918458176871948,0.1591152351182189,0.2385017768967996,1.4823472253689365,,0,0,0,4,3,4,6,3,8,5,9,0,1,2,0,0,4,3,3,S001;S009;S012;S013,S002;S003;S004;S010;S014,S005;S006;S007;S008;S011;S015
3,"1,8|2,3,4|5,6,7,9",False,False,14,5,10,5.784214657916742,0.29857637954569805,0.26107847354927516,1.8151005693471731,,0,0,0,4,3,4,6,3,8,5,10,0,1,2,0,0,4,3,4,S001;S009;S012;S013,S002;S003;S004,S005;S006;S007;S008;S010;S011;S014;S015
3,"1,9|2,3,4,8|5,6,7",False,False,14,4,7,3.918458176871948,0.16355103289122438,0.19443772215401645,1.5002089984333387,,0,0,0,4,2,4,6,2,8,6,10,0,0,2,0,0,4,4,4,S001;S010;S013;S014,S002;S003;S004;S009;S012,S005;S006;S007;S008;S011;S015
3,"1|2,3,4,8,9|5,6,7",False,False,11,4,5,2.471128252989341,0.46034658798864747,0.5298532380808236,3.7356683340219528,,0,0,0,4,2,4,6,2,8,5,8,0,0,2,0,0,4,3,2,S001;S013,S002;S003;S004;S009;S010;S012;S014,S005;S006;S007;S008;S011;S015
3,"1|2,3,4,8|5,6,7,9",False,False,12,4,8,4.336884734034134,0.42950610934884526,0.474253577560936,3.4627364783929835,,0,0,0,4,2,4,6,2,8,5,9,0,0,2,0,0,4,3,3,S001;S013,S002;S003;S004;S009;S012,S005;S006;S007;S008;S010;S011;S014;S015
3,"1,9|2,3,4|5,6,7,8",False,False,15,5,8,5.097702768726766,0.30257579888101244,0.18663122158339113,1.835356674943229,,0,0,0,4,3,4,6,3,8,6,10,0,1,2,0,0,4,4,4,S001;S010;S013;S014,S002;S003;S004,S005;S006;S007;S008;S009;S011;S012;S015
3,"1|2,3,4,9|5,6,7,8",False,False,12,5,6,3.650372844844158,0.4306372897239485,0.46162144485269313,3.4763655728824103,,0,0,0,4,3,4,6,3,8,5,8,0,1,2,0,0,4,3,2,S001;S013,S002;S003;S004;S010;S014,S005;S006;S007;S008;S009;S011;S012;S015
3,"1|2,3,4|5,6,7,8,9",False,False,13,5,7,4.068799402006345,0.5835686344873041,0.5279916311008056,4.370474560166826,,0,0,0,4,3,4,6,3,8,5,9,0,1,2,0,0,4,3,3,S001;S013,S002;S003;S004,S005;S006;S007;S008;S009;S010;S011;S012;S014;S015
3,"1,5,6,7,8,9|2,3|4",False,False,11,5,5,3.097042976383167,0.860426175625109,0.6752089383527752,8.641825715709484,,0,0,0,4,3,4,6,3,6,5,9,0,1,2,0,0,2,3,3,S001;S005;S006;S007;S008;S009;S010;S011;S012;S013;S014;S015,S002;S003,S004
3,"1,5,6,7,8|2,3,9|4",False,False,10,5,6,4.023169930093005,0.6497624888321567,0.5062852495290615,7.203082462688394,,0,0,0,4,3,4,6,3,6,5,8,0,1,2,0,0,2,3,2,S001;S005;S006;S007;S008;S009;S011;S012;S013;S015,S002;S003;S010;S014,S004
3,"1,5,6,7,8|2,3|4,9",False,False,13,5,7,4.036672503718123,0.5939014807642438,0.3967159746343477,3.4109023997787453,,0,0,0,4,3,4,6,3,6,6,10,0,1,2,0,0,2,4,4,S001;S005;S006;S007;S008;S009;S011;S012;S013;S015,S002;S003,S004;S010;S014
3,"1,5,6,7,9|2,3,8|4",False,False,11,5,7,4.291255262120795,0.6470958900460598,0.533786239646042,7.181151391621761,,0,0,0,4,3,4,6,3,6,5,9,0,1,2,0,0,2,3,3,S001;S005;S006;S007;S008;S010;S011;S013;S014;S015,S002;S003;S009;S012,S004
3,"1,5,6,7|2,3,8,9|4",False,False,10,5,5,2.8439253382381877,0.5321076376715581,0.4617715881270145,5.7424081386006725,,0,0,0,4,3,4,6,3,6,5,8,0,1,2,0,0,2,3,2,S001;S005;S006;S007;S008;S011;S013;S015,S002;S003;S009;S010;S012;S014,S004
3,"1,5,6,7|2,3,8|4,9",False,False,13,5,7,3.783554865573143,0.34984644567054135,0.18244216514354536,2.3546587495370987,,0,0,0,4,3,4,6,3,6,6,10,0,1,2,0,0,2,4,4,S001;S005;S006;S007;S008;S011;S013;S015,S002;S003;S009;S012,S004;S010;S014
3,"1,5,6,7,9|2,3|4,8",False,False,11,5,7,3.8863312785837256,0.5900862533554355,0.4699039975671778,3.4005172982172427,,0,0,0,5,2,4,6,2,6,5,9,1,0,2,0,0,2,3,3,S001;S005;S006;S007;S008;S010;S011;S013;S014;S015,S002;S003,S004;S009;S012
3,"1,5,6,7|2,3,9|4,8",False,False,10,5,6,3.3651283084109567,0.348329662923302,0.24583174869245214,2.333672555684358,,0,0,0,5,2,4,6,2,6,5,8,1,0,2,0,0,2,3,2,S001;S005;S006;S007;S008;S011;S013;S015,S002;S003;S010;S014,S004;S009;S012
3,"1,5,6,7|2,3|4,8,9",False,False,13,5,6,2.857427911863305,0.3783317466372099,0.21287744409384116,2.7192238603293304,,0,0,0,5,2,4,6,2,6,6,10,1,0,2,0,0,2,4,4,S001;S005;S006;S007;S008;S011;S013;S015,S002;S003,S004;S009;S010;S012;S014
3,"1,5,6,8,9|2,3,7|4",False,False,9,5,6,3.650372844844158,0.6236859430972678,0.5185360326006933,6.980148545241561,,0,0,0,4,3,3,6,3,5,5,9,0,1,1,0,0,1,3,3,S001;S005;S006;S007;S009;S010;S011;S012;S013;S014,S002;S003;S008;S015,S004
3,"1,5,6,8|2,3,7,9|4",False,False,8,5,7,4.576499798553996,0.5277403494445544,0.4779850135248504,5.541405292220472,,0,0,0,4,3,3,6,3,5,5,8,0,1,1,0,0,1,3,2,S001;S005;S006;S007;S009;S011;S012;S013,S002;S003;S008;S010;S014;S015,S004
3,"1,5,6,8|2,3,7|4,9",False,False,11,5,8,4.590002372179114,0.3243512557110749,0.21492082031208307,2.272238082199034,,0,0,0,4,3,3,6,3,5,6,10,0,1,1,0,0,1,4,4,S001;S005;S006;S007;S009;S011;S012;S013,S002;S003;S008;S015,S004;S010;S014
3,"1,5,6,9|2,3,7,8|4",False,False,9,5,8,4.844585130581786,0.5274629821937343,0.4772636508221682,5.51947422115384,,0,0,0,4,3,3,6,3,5,5,9,0,1,1,0,0,1,3,3,S001;S005;S006;S007;S010;S011;S013;S014,S002;S003;S008;S009;S012;S015,S004
3,"1,5,6|2,3,7,8,9|4",False,False,7,5,6,3.397255206699179,0.5918532566108221,0.5622267814614873,6.672876797733205,,0,0,0,4,3,3,6,3,5,5,7,0,1,1,0,0,1,3,1,S001;S005;S006;S007;S011;S013,S002;S003;S008;S009;S010;S012;S014;S015,S004
3,"1,5,6|2,3,7,8|4,9",False,False,10,5,8,4.336884734034134,0.2927634856494718,0.2632184882720152,2.14624214263971,,0,0,0,4,3,3,6,3,5,6,9,0,1,1,0,0,1,4,3,S001;S005;S006;S007;S011;S013,S002;S003;S008;S009;S012;S015,S004;S010;S014
3,"1,5,6,9|2,3,7|4,8",False,False,9,5,8,4.439661147044717,0.31979574057872756,0.2987826078744645,2.24307384651569,,0,0,0,5,2,3,6,2,5,5,9,1,0,1,0,0,1,3,3,S001;S005;S006;S007;S010;S011;S013;S014,S002;S003;S008;S015,S004;S009;S012
3,"1,5,6|2,3,7,9|4,8",False,False,7,5,7,3.918458176871948,0.2882164394820789,0.33200481176333574,2.118200861699922,,0,0,0,5,2,3,6,2,5,5,7,1,0,1,0,0,1,3,1,S001;S005;S006;S007;S011;S013,S002;S003;S008;S010;S014;S015,S004;S009;S012
3,"1,5,6|2,3,7|4,8,9",False,False,10,5,7,3.410757780324296,0.03219093223122933,0.050046571161076026,1.08142972523167,,1,0,0,5,2,3,6,2,5,6,9,1,0,1,0,0,1,4,3,S001;S005;S006;S007;S011;S013,S002;S003;S008;S015,S004;S009;S010;S012;S014
3,"1,5,6,8,9|2,3|4,7",False,False,11,5,7,4.1816627344693575,0.5556501279739429,0.40515192523303845,3.305335673595845,,0,0,0,4,3,3,6,3,5,6,10,0,1,1,0,0,1,4,4,S001;S005;S006;S007;S009;S010;S011;S012;S013;S014,S002;S003,S004;S008;S015
3,"1,5,6,8|2,3,9|4,7",False,False,10,5,8,5.107789688179196,0.3073092403769842,0.215501410278428,2.0819223885240357,,0,0,0,4,3,3,6,3,5,6,9,0,1,1,0,0,1,4,3,S001;S005;S006;S007;S009;S011;S012;S013,S002;S003;S010;S014,S004;S008;S015
3,"1,5,6,8|2,3|4,7,9",False,False,12,5,9,5.121292261804314,0.35888781324084273,0.2454353689924165,2.624042235707932,,0,0,0,4,3,3,6,3,5,6,11,0,1,1,0,0,1,4,5,S001;S005;S006;S007;S009;S011;S012;S013,S002;S003,S004;S008;S010;S014;S015
3,"1,5,6,9|2,3,8|4,7",False,False,11,5,9,5.375875020206985,0.3042425501274841,0.24690262868102322,2.0736828201383712,,0,0,0,4,3,3,6,3,5,6,10,0,1,1,0,0,1,4,4,S001;S005;S006;S007;S010;S011;S013;S014,S002;S003;S009;S012,S004;S008;S015
3,"1,5,6|2,3,8,9|4,7",False,False,9,5,7,3.928545096324378,0.24658222314897435,0.24755784724809046,1.8827225491002415,,0,0,0,4,3,3,6,3,5,6,8,0,1,1,0,0,1,4,2,S001;S005;S006;S007;S011;S013,S002;S003;S009;S010;S012;S014,S004;S008;S015
3,"1,5,6|2,3,8|4,7,9",False,False,11,5,9,4.868174623659334,0.06237472696619611,0.09710415271465646,1.147787402822103,,0,0,0,4,3,3,6,3,5,6,10,0,1,1,0,0,1,4,4,S001;S005;S006;S007;S011;S013,S002;S003;S009;S012,S004;S008;S010;S014;S015
3,"1,5,6,9|2,3|4,7,8",False,False,10,4,9,4.970951036669916,0.3569997229264912,0.27167520950560475,2.6136571341464294,,0,0,0,4,2,3,6,2,5,6,10,0,0,1,0,0,1,4,4,S001;S005;S006;S007;S010;S011;S013;S014,S002;S003,S004;S008;S009;S012;S015
3,"1,5,6|2,3,9|4,7,8",False,False,8,4,8,4.449748066497147,0.06644084702883749,0.07589056656590346,1.1610539687933845,,1,0,0,4,2,3,6,2,5,6,8,0,0,1,0,0,1,4,2,S001;S005;S006;S007;S011;S013,S002;S003;S010;S014,S004;S008;S009;S012;S015
3,"1,5,6|2,3|4,7,8,9",False,False,10,4,8,3.942047669949495,0.36062384683534493,0.2945666774736862,2.6333658566539477,,0,0,0,4,2,3,6,2,5,6,10,0,0,1,0,0,1,4,4,S001;S005;S006;S007;S011;S013,S002;S003,S004;S008;S009;S010;S012;S014;S015
3,"1,5,7,8,9|2,3,6|4",False,False,14,5,5,3.097042976383167,0.6684181645822468,0.5334113174575295,7.3520261045103545,,0,0,0,4,4,5,6,4,7,5,9,0,2,3,0,0,3,3,3,S001;S005;S008;S009;S010;S011;S012;S013;S014;S015,S002;S003;S006;S007,S004
3,"1,5,7,8|2,3,6,9|4",False,False,13,5,6,4.023169930093005,0.5383616546209316,0.4696978805544777,5.913282851489266,,0,0,0,4,4,5,6,4,7,5,8,0,2,3,0,0,3,3,2,S001;S005;S008;S009;S011;S012;S013;S015,S002;S003;S006;S007;S010;S014,S004
3,"1,5,7,8|2,3,6|4,9",False,False,16,5,7,4.036672503718123,0.3738512779324154,0.22574001384527176,2.424725458148969,,0,0,0,4,4,5,6,4,7,6,10,0,2,3,0,0,3,4,4,S001;S005;S008;S009;S011;S012;S013;S015,S002;S003;S006;S007,S004;S010;S014
3,"1,5,7,9|2,3,6,8|4",False,False,13,5,7,4.291255262120795,0.5374310741842407,0.47347243336008127,5.891351780422633,,0,0,0,4,3,5,6,3,7,5,9,0,1,3,0,0,3,3,3,S001;S005;S008;S010;S011;S013;S014;S015,S002;S003;S006;S007;S009;S012,S004
3,"1,5,7|2,3,6,8,9|4",False,False,12,5,5,2.8439253382381877,0.5607405343676438,0.541218236323378,6.300999238464411,,0,0,0,4,3,5,6,3,7,5,8,0,1,3,0,0,3,3,2,S001;S005;S008;S011;S013;S015,S002;S003;S006;S007;S009;S010;S012;S014,S004
3,"1,5,7|2,3,6,8|4,9",False,False,15,5,7,3.783554865573143,0.2703475064573846,0.23298342217372192,1.9937547666897746,,0,0,0,4,3,5,6,3,7,6,10,0,1,3,0,0,3,4,4,S001;S005;S008;S011;S013;S015,S002;S003;S006;S007;S009;S012,S004;S010;S014
3,"1,5,7,9|2,3,6|4,8",False,False,14,6,7,3.8863312785837256,0.3694267724631527,0.3104678083784003,2.3942021594453844,,0,0,0,5,3,5,6,3,7,5,9,1,1,3,0,0,3,3,3,S001;S005;S008;S010;S011;S013;S014;S015,S002;S003;S006;S007,S004;S009;S012
3,"1,5,7|2,3,6,9|4,8",False,False,13,6,6,3.3651283084109567,0.266083160150972,0.3043112676680196,1.9670725487702272,,0,0,0,5,3,5,6,3,7,5,8,1,1,3,0,0,3,3,2,S001;S005;S008;S011;S013;S015,S002;S003;S006;S007;S010;S014,S004;S009;S012
3,"1,5,7|2,3,6|4,8,9",False,False,16,6,6,2.857427911863305,0.10956931341456269,0.027834788262079583,1.308981812192358,,0,0,0,5,3,5,6,3,7,6,10,1,1,3,0,0,3,4,4,S001;S005;S008;S011;S013;S015,S002;S003;S006;S007,S004;S009;S010;S012;S014
3,"1,5,8,9|2,3,6,7|4",False,False,11,5,5,3.119082955218959,0.5306627562552716,0.46015667693825524,5.690348934042433,,0,0,0,4,4,4,6,4,6,5,8,0,2,2,0,0,2,3,2,S001;S005;S009;S010;S011;S012;S013;S014,S002;S003;S006;S007;S008;S015,S004
3,"1,5,8|2,3,6,7,9|4",False,False,9,5,6,4.045209908928797,0.576472915167186,0.5590660599824844,6.50200208484461,,0,0,0,4,4,4,6,4,6,4,7,0,2,2,0,0,2,2,1,S001;S005;S009;S011;S012;S013,S002;S003;S006;S007;S008;S010;S014;S015,S004
3,"1,5,8|2,3,6,7|4,9",False,False,12,5,7,4.058712482553915,0.28003341310592667,0.224604977004226,2.0761754340278387,,0,0,0,4,4,4,6,4,6,5,9,0,2,2,0,0,2,3,3,S001;S005;S009;S011;S012;S013,S002;S003;S006;S007;S008;S015,S004;S010;S014
3,"1,5,9|2,3,6,7,8|4",False,False,10,5,7,4.313295240956586,0.5783471555957519,0.5292988445754475,6.523933155911242,,0,0,0,4,3,4,6,3,6,5,8,0,1,2,0,0,2,3,2,S001;S005;S010;S011;S013;S014,S002;S003;S006;S007;S008;S009;S012;S015,S004
3,"1,5|2,3,6,7,8,9|4",False,False,8,5,5,2.8659653170739796,0.7534924368512301,0.7403310701528121,7.9626764089323325,,0,0,0,4,3,4,6,3,6,4,7,0,1,2,0,0,2,2,1,S001;S005;S011;S013,S002;S003;S006;S007;S008;S009;S010;S012;S014;S015,S004
3,"1,5|2,3,6,7,8|4,9",False,False,11,5,7,3.8055948444089354,0.47177840502264157,0.4704095480443391,2.6751209451136213,,0,0,0,4,3,4,6,3,6,5,9,0,1,2,0,0,2,3,3,S001;S005;S011;S013,S002;S003;S006;S007;S008;S009;S012;S015,S004;S010;S014
3,"1,5,9|2,3,6,7|4,8",False,False,11,6,7,3.908371257419518,0.2769708210668557,0.2721668280182241,2.057671257938895,,0,0,0,5,3,4,6,3,6,5,8,1,1,2,0,0,2,3,2,S001;S005;S010;S011;S013;S014,S002;S003;S006;S007;S008;S015,S004;S009;S012
3,"1,5|2,3,6,7,9|4,8",False,False,9,6,6,3.387168287246749,0.4676586107921654,0.5285997027571752,2.6423659649698603,,1,0,0,5,3,4,6,3,6,4,7,1,1,2,0,0,2,2,1,S001;S005;S011;S013,S002;S003;S006;S007;S008;S010;S014;S015,S004;S009;S012
3,"1,5|2,3,6,7|4,8,9",False,False,12,6,6,2.879467890699097,0.23680360272419196,0.30671768097347246,1.8141825019252666,,0,0,0,5,3,4,6,3,6,5,9,1,1,2,0,0,2,3,3,S001;S005;S011;S013,S002;S003;S006;S007;S008;S015,S004;S009;S010;S012;S014
3,"1,5,8,9|2,3,6|4,7",False,False,13,5,6,3.650372844844158,0.32906122054784925,0.2101192938615709,2.137880956104858,,0,0,0,4,4,4,6,4,6,6,9,0,2,2,0,0,2,4,3,S001;S005;S009;S010;S011;S012;S013;S014,S002;S003;S006;S007,S004;S008;S015
3,"1,5,8|2,3,6,9|4,7",False,False,11,5,7,4.576499798553996,0.23487343741308878,0.24944555330765503,1.8185244131337546,,0,0,0,4,4,4,6,4,6,5,8,0,2,2,0,0,2,3,2,S001;S005;S009;S011;S012;S013,S002;S003;S006;S007;S010;S014,S004;S008;S015
3,"1,5,8|2,3,6|4,7,9",False,False,13,5,8,4.590002372179114,0.09450319972818444,0.09416023489993358,1.2498908167699236,,0,0,0,4,4,4,6,4,6,5,10,0,2,2,0,0,2,3,4,S001;S005;S009;S011;S012;S013,S002;S003;S006;S007,S004;S008;S010;S014;S015
3,"1,5,9|2,3,6,8|4,7",False,False,12,5,8,4.844585130581786,0.23610840942400077,0.22061927427941838,1.826763981519419,,0,0,0,4,3,4,6,3,6,6,9,0,1,2,0,0,2,4,3,S001;S005;S010;S011;S013;S014,S002;S003;S006;S007;S009;S012,S004;S008;S015
3,"1,5|2,3,6,8,9|4,7",False,False,10,5,6,3.397255206699179,0.4303240461511853,0.45677522441217705,2.3673040849490765,,0,0,0,4,3,4,6,3,6,5,8,0,1,2,0,0,2,3,2,S001;S005;S011;S013,S002;S003;S006;S007;S009;S010;S012;S014,S004;S008;S015
3,"1,5|2,3,6,8|4,7,9",False,False,12,5,8,4.336884734034134,0.21833558659058402,0.3079113003945837,1.7421625126550755,,0,0,0,4,3,4,6,3,6,5,10,0,1,2,0,0,2,3,4,S001;S005;S011;S013,S002;S003;S006;S007;S009;S012,S004;S008;S010;S014;S015
3,"1,5,9|2,3,6|4,7,8",False,False,12,5,8,4.439661147044717,0.0938495556271339,0.044162253900776716,1.2434435010062643,,0,0,0,4,3,4,6,3,6,6,9,0,1,2,0,0,2,4,3,S001;S005;S010;S011;S013;S014,S002;S003;S006;S007,S004;S008;S009;S012;S015
3,"1,5|2,3,6,9|4,7,8",False,False,10,5,7,3.918458176871948,0.21671562773807607,0.3212443478197775,1.7343045368535037,,0,0,0,4,3,4,6,3,6,5,8,0,1,2,0,0,2,3,2,S001;S005;S011;S013,S002;S003;S006;S007;S010;S014,S004;S008;S009;S012;S015
3,"1,5|2,3,6|4,7,8,9",False,False,12,5,7,3.410757780324296,0.30332270924418325,0.3413696080997063,1.9925587685132697,,0,0,0,4,3,4,6,3,6,5,10,0,1,2,0,0,2,3,4,S001;S005;S011;S013,S002;S003;S006;S007,S004;S008;S009;S010;S012;S014;S015
3,"1,5,7,8,9|2,3|4,6",False,False,15,5,5,2.928336260295192,0.6200826824988626,0.47453809282507614,3.4814322358529393,,0,0,0,4,3,5,6,3,7,6,10,0,1,3,0,0,3,4,4,S001;S005;S008;S009;S010;S011;S012;S013;S014;S015,S002;S003,S004;S006;S007
3,"1,5,7,8|2,3,9|4,6",False,False,14,5,6,3.85446321400503,0.3833494377752273,0.3050703277121292,2.5824455653534617,,0,0,0,4,3,5,6,3,7,6,9,0,1,3,0,0,3,4,3,S001;S005;S008;S009;S011;S012;S013;S015,S002;S003;S010;S014,S004;S006;S007
3,"1,5,7,8|2,3|4,6,9",False,False,16,5,7,3.8679657876301476,0.3975935594527101,0.24912375348603624,2.8001387979650265,,0,0,0,4,3,5,6,3,7,6,11,0,1,3,0,0,3,4,5,S001;S005;S008;S009;S011;S012;S013;S015,S002;S003,S004;S006;S007;S010;S014
3,"1,5,7,9|2,3,8|4,6",False,False,15,5,7,4.12254854603282,0.38043019743374035,0.3315309757071215,2.57286784031614,,0,0,0,4,3,5,6,3,7,6,10,0,1,3,0,0,3,4,4,S001;S005;S008;S010;S011;S013;S014;S015,S002;S003;S009;S012,S004;S006;S007
3,"1,5,7|2,3,8,9|4,6",False,False,14,5,5,2.6752186221502128,0.29954757950694316,0.3257363846472165,2.1884882863793518,,0,0,0,4,3,5,6,3,7,6,9,0,1,3,0,0,3,4,3,S001;S005;S008;S011;S013;S015,S002;S003;S009;S010;S012;S014,S004;S006;S007
3,"1,5,7|2,3,8|4,6,9",False,False,16,5,7,3.614848149485168,0.0978719570840557,0.049113624557088176,1.2463717008562658,,0,0,0,4,3,5,6,3,7,6,11,0,1,3,0,0,3,4,5,S001;S005;S008;S011;S013;S015,S002;S003;S009;S012,S004;S006;S007;S010;S014
3,"1,5,7,9|2,3|4,6,8",False,False,15,5,7,3.717624562495751,0.39499436119375864,0.2994374001893818,2.7897536964035243,,0,0,0,5,2,5,6,2,7,6,10,1,0,3,0,0,3,4,4,S001;S005;S008;S010;S011;S013;S014;S015,S002;S003,S004;S006;S007;S009;S012
3,"1,5,7|2,3,9|4,6,8",False,False,14,5,6,3.1964215923229817,0.09873440719000284,0.0955990099289146,1.254070355002585,,0,0,0,5,2,5,6,2,7,6,9,1,0,3,0,0,3,4,3,S001;S005;S008;S011;S013;S015,S002;S003;S010;S014,S004;S006;S007;S009;S012
3,"1,5,7|2,3|4,6,8,9",False,False,16,5,6,2.68872119577533,0.3348820833062768,0.2333101666327068,2.4572692943968533,,0,0,0,5,2,5,6,2,7,6,11,1,0,3,0,0,3,4,5,S001;S005;S008;S011;S013;S015,S002;S003,S004;S006;S007;S009;S010;S012;S014
3,"1,5,8,9|2,3,7|4,6",False,False,12,5,5,2.9503762391309842,0.3552999692648383,0.2924366051541859,2.4850859901502473,,0,0,0,4,3,4,6,3,6,6,9,0,1,2,0,0,2,4,3,S001;S005;S009;S010;S011;S012;S013;S014,S002;S003;S008;S015,S004;S006;S007
3,"1,5,8|2,3,7,9|4,6",False,False,10,5,6,3.8765031928408225,0.3104190056833136,0.3537981444866021,2.2762701365452442,,0,0,0,4,3,4,6,3,6,5,8,0,1,2,0,0,2,3,2,S001;S005;S009;S011;S012;S013,S002;S003;S008;S010;S014;S015,S004;S006;S007
3,"1,5,8|2,3,7|4,6,9",False,False,12,5,7,3.8900057664659395,0.060415145899002654,0.03098808670761042,1.1402861213747968,,0,0,0,4,3,4,6,3,6,5,10,0,1,2,0,0,2,3,4,S001;S005;S009;S011;S012;S013,S002;S003;S008;S015,S004;S006;S007;S010;S014
3,"1,5,9|2,3,7,8|4,6",False,False,12,5,7,4.144588524868612,0.3119227867566144,0.3273350056062032,2.2858478615825666,,0,0,0,4,3,4,6,3,6,6,9,0,1,2,0,0,2,4,3,S001;S005;S010;S011;S013;S014,S002;S003;S008;S009;S012;S015,S004;S006;S007
3,"1,5|2,3,7,8,9|4,6",False,False,10,5,5,2.697258600986005,0.4999650735693748,0.5455535674623518,2.914175006885751,,0,0,0,4,3,4,6,3,6,5,8,0,1,2,0,0,2,3,2,S001;S005;S011;S013,S002;S003;S008;S009;S010;S012;S014;S015,S004;S006;S007
3,"1,5|2,3,7,8|4,6,9",False,False,12,5,7,3.6368881283209604,0.2568684995734452,0.33153734623477144,1.8754074806278362,,0,0,0,4,3,4,6,3,6,5,10,0,1,2,0,0,2,3,4,S001;S005;S011;S013,S002;S003;S008;S009;S012;S015,S004;S006;S007;S010;S014
3,"1,5,9|2,3,7|4,6,8",False,False,12,5,7,3.739664541331543,0.0563263506401696,0.07608403925615737,1.1277706985667169,,0,0,0,5,2,4,6,2,6,6,9,1,0,2,0,0,2,4,3,S001;S005;S010;S011;S013;S014,S002;S003;S008;S015,S004;S006;S007;S009;S012
3,"1,5|2,3,7,9|4,6,8",False,False,10,5,6,3.218461571158774,0.2541027905926248,0.36657069946535864,1.8675495048262645,,0,0,0,5,2,4,6,2,6,5,8,1,0,2,0,0,2,3,2,S001;S005;S011;S013,S002;S003;S008;S010;S014;S015,S004;S006;S007;S009;S012
3,"1,5|2,3,7|4,6,8,9",False,False,12,5,6,2.710761174611122,0.2512606981448512,0.2870794633504536,1.8593138005405092,,0,0,0,5,2,4,6,2,6,5,10,1,0,2,0,0,2,3,4,S001;S005;S011;S013,S002;S003;S008;S015,S004;S006;S007;S009;S010;S012;S014
3,"1,5,8,9|2,3|4,6,7",False,False,12,5,5,2.9503762391309842,0.3729417653847022,0.24022061609246498,2.694572071782126,,0,0,0,4,3,4,6,3,6,6,9,0,1,2,0,0,2,4,3,S001;S005;S009;S010;S011;S012;S013;S014,S002;S003,S004;S006;S007;S008;S015
3,"1,5,8|2,3,9|4,6,7",False,False,10,5,6,3.8765031928408225,0.07330508159035154,0.07623505789089555,1.1974582119486228,,0,0,0,4,3,4,6,3,6,5,8,0,1,2,0,0,2,3,2,S001;S005;S009;S011;S012;S013,S002;S003;S010;S014,S004;S006;S007;S008;S015
3,"1,5,8|2,3|4,6,7,9",False,False,12,5,7,3.8900057664659395,0.3468880199340602,0.26571577315953165,2.552450919018251,,0,0,0,4,3,4,6,3,6,5,10,0,1,2,0,0,2,3,4,S001;S005;S009;S011;S012;S013,S002;S003,S004;S006;S007;S008;S010;S014;S015
3,"1,5,9|2,3,8|4,6,7",False,False,12,5,7,4.144588524868612,0.06875128893127466,0.05889486340075911,1.1839681627601575,,0,0,0,4,3,4,6,3,6,6,9,0,1,2,0,0,2,4,3,S001;S005;S010;S011;S013;S014,S002;S003;S009;S012,S004;S006;S007;S008;S015
3,"1,5|2,3,8,9|4,6,7",False,False,10,5,5,2.697258600986005,0.231435030429314,0.32550944463410664,1.7955295155560729,,0,0,0,4,3,4,6,3,6,5,8,0,1,2,0,0,2,3,2,S001;S005;S011;S013,S002;S003;S009;S010;S012;S014,S004;S006;S007;S008;S015
3,"1,5|2,3,8|4,6,7,9",False,False,12,5,7,3.6368881283209604,0.2779319291048158,0.31503161391542867,1.9313337898107004,,0,0,0,4,3,4,6,3,6,5,10,0,1,2,0,0,2,3,4,S001;S005;S011;S013,S002;S003;S009;S012,S004;S006;S007;S008;S010;S014;S015
3,"1,5,9|2,3|4,6,7,8",False,False,11,4,7,3.739664541331543,0.34847772864570026,0.22440635805824463,2.5628360205797533,,0,0,0,4,2,4,6,2,6,6,9,0,0,2,0,0,2,4,3,S001;S005;S010;S011;S013;S014,S002;S003,S004;S006;S007;S008;S009;S012;S015
3,"1,5|2,3,9|4,6,7,8",False,False,9,4,6,3.218461571158774,0.2810666850793138,0.2875005195464739,1.9391917656122721,,0,0,0,4,2,4,6,2,6,5,8,0,0,2,0,0,2,3,2,S001;S005;S011;S013,S002;S003;S010;S014,S004;S006;S007;S008;S009;S012;S015
3,"1,5|2,3|4,6,7,8,9",False,False,11,4,6,2.710761174611122,0.5340691194302262,0.46791035101579226,3.244129458467666,,0,0,0,4,2,4,6,2,6,5,10,0,0,2,0,0,2,3,4,S001;S005;S011;S013,S002;S003,S004;S006;S007;S008;S009;S010;S012;S014;S015
3,"1,6,7,8,9|2,3,5|4",False,False,11,5,6,3.3651283084109567,0.6825103636367652,0.5538234663677998,7.460030687212547,,0,0,0,4,3,4,6,3,6,5,9,0,1,2,0,0,2,3,3,S001;S006;S007;S008;S009;S010;S012;S013;S014;S015,S002;S003;S005;S011,S004
3,"1,6,7,8|2,3,5,9|4",False,False,10,5,7,4.291255262120795,0.5434822746272574,0.47221262659608715,6.021287434191457,,0,0,0,4,3,4,6,3,6,5,8,0,1,2,0,0,2,3,2,S001;S006;S007;S008;S009;S012;S013;S015,S002;S003;S005;S010;S011;S014,S004
3,"1,6,7,8|2,3,5|4,9",False,False,13,5,8,4.304757835745912,0.38994026556597133,0.25293709786787427,2.4690124418519055,,0,0,0,4,3,4,6,3,6,6,10,0,1,2,0,0,2,4,4,S001;S006;S007;S008;S009;S012;S013;S015,S002;S003;S005;S011,S004;S010;S014
3,"1,6,7,9|2,3,5,8|4",False,False,12,5,6,4.023169930093005,0.5423708331702161,0.4746292675601646,5.999356363124825,,0,0,0,4,4,4,6,4,6,5,9,0,2,2,0,0,2,3,3,S001;S006;S007;S008;S010;S013;S014;S015,S002;S003;S005;S009;S011;S012,S004
3,"1,6,7|2,3,5,8,9|4",False,False,10,5,4,2.575840006210398,0.5534131060948759,0.5206573554518621,6.192994655762218,,0,0,0,4,4,4,6,4,6,5,7,0,2,2,0,0,2,3,1,S001;S006;S007;S008;S013;S015,S002;S003;S005;S009;S010;S011;S012;S014,S004
3,"1,6,7|2,3,5,8|4,9",False,False,13,5,6,3.515469533545353,0.2677177887114025,0.20545026675912034,1.9494677829868379,,0,0,0,4,4,4,6,4,6,6,9,0,2,2,0,0,2,4,3,S001;S006;S007;S008;S013;S015,S002;S003;S005;S009;S011;S012,S004;S010;S014
3,"1,6,7,9|2,3,5|4,8",False,False,12,6,7,3.8863312785837256,0.3855669820719232,0.3225489330076926,2.438094429805963,,0,0,0,5,3,4,6,3,6,5,9,1,1,2,0,0,2,3,3,S001;S006;S007;S008;S010;S013;S014;S015,S002;S003;S005;S011,S004;S009;S012
3,"1,6,7|2,3,5,9|4,8",False,False,10,6,6,3.3651283084109567,0.2636060763851561,0.29236094856117184,1.9231802784096483,,0,0,0,5,3,4,6,3,6,5,7,1,1,2,0,0,2,3,1,S001;S006;S007;S008;S013;S015,S002;S003;S005;S010;S011;S014,S004;S009;S012
3,"1,6,7|2,3,5|4,8,9",False,False,13,6,6,2.857427911863305,0.13206918968297462,0.0251237296840978,1.3846990676678985,,0,0,0,5,3,4,6,3,6,6,9,1,1,2,0,0,2,4,3,S001;S006;S007;S008;S013;S015,S002;S003;S005;S011,S004;S009;S010;S012;S014
3,"1,6,8,9|2,3,5,7|4",False,False,11,5,7,3.918458176871948,0.5339018409925804,0.47088135330714215,5.798353516744625,,0,0,0,4,3,4,6,3,6,5,9,0,1,2,0,0,2,3,3,S001;S006;S007;S009;S010;S012;S013;S014,S002;S003;S005;S008;S011;S015,S004
3,"1,6,8|2,3,5,7,9|4",False,False,10,5,8,4.844585130581786,0.5676895232430478,0.5305148586577216,6.393997502142419,,0,0,0,4,3,4,6,3,6,5,8,0,1,2,0,0,2,3,2,S001;S006;S007;S009;S012;S013,S002;S003;S005;S008;S010;S011;S014;S015,S004
3,"1,6,8|2,3,5,7|4,9",False,False,13,5,9,4.858087704206904,0.27407664323041014,0.2080897167381779,2.031888450324902,,0,0,0,4,3,4,6,3,6,6,10,0,1,2,0,0,2,4,4,S001;S006;S007;S009;S012;S013,S002;S003;S005;S008;S011;S015,S004;S010;S014
3,"1,6,9|2,3,5,7,8|4",False,False,12,5,7,4.576499798553996,0.569412025488889,0.5053281616986443,6.415928573209052,,0,0,0,4,4,4,6,4,6,5,9,0,2,2,0,0,2,3,3,S001;S006;S007;S010;S013;S014,S002;S003;S005;S008;S009;S011;S012;S015,S004
3,"1,6|2,3,5,7,8,9|4",False,False,10,5,5,3.129169874671389,0.7375619517826333,0.6862972951342845,7.85467182623014,,0,0,0,4,4,4,6,4,6,5,7,0,2,2,0,0,2,3,1,S001;S006;S007;S013,S002;S003;S005;S008;S009;S010;S011;S012;S014;S015,S004
3,"1,6|2,3,5,7,8|4,9",False,False,13,5,7,4.068799402006345,0.45339890251437537,0.40978484675248306,2.6308339614106853,,0,0,0,4,4,4,6,4,6,6,9,0,2,2,0,0,2,4,3,S001;S006;S007;S013,S002;S003;S005;S008;S009;S011;S012;S015,S004;S010;S014
3,"1,6,9|2,3,5,7|4,8",False,False,12,6,8,4.439661147044717,0.2707568177990939,0.26813383186432715,2.013778987578317,,0,0,0,5,3,4,6,3,6,5,9,1,1,2,0,0,2,3,3,S001;S006;S007;S010;S013;S014,S002;S003;S005;S008;S011;S015,S004;S009;S012
3,"1,6|2,3,5,7,9|4,8",False,False,10,6,7,3.918458176871948,0.4492250581279299,0.48228127946341026,2.5984736946092823,,0,0,0,5,3,4,6,3,6,5,7,1,1,2,0,0,2,3,1,S001;S006;S007;S013,S002;S003;S005;S008;S010;S011;S014;S015,S004;S009;S012
3,"1,6|2,3,5,7|4,8,9",False,False,13,6,7,3.410757780324296,0.21429755923778188,0.2493036059784918,1.70933554666401,,0,0,0,5,3,4,6,3,6,6,9,1,1,2,0,0,2,4,3,S001;S006;S007;S013,S002;S003;S005;S008;S011;S015,S004;S009;S010;S012;S014
3,"1,6,8,9|2,3,5|4,7",False,False,11,5,8,4.449748066497147,0.34572267961749004,0.2622227578238594,2.178458597864172,,0,0,0,4,3,3,6,3,5,6,10,0,1,1,0,0,1,4,4,S001;S006;S007;S009;S010;S012;S013;S014,S002;S003;S005;S011,S004;S008;S015
3,"1,6,8|2,3,5,9|4,7",False,False,10,5,9,5.375875020206985,0.2300229855371802,0.22864566385121846,1.7779467713744401,,0,0,0,4,3,3,6,3,5,6,9,0,1,1,0,0,1,4,3,S001;S006;S007;S009;S012;S013,S002;S003;S005;S010;S011;S014,S004;S008;S015
3,"1,6,8|2,3,5|4,7,9",False,False,12,5,10,5.389377593832103,0.1158655171403152,0.09069142295433413,1.323670331561203,,0,0,0,4,3,3,6,3,5,6,11,0,1,1,0,0,1,4,5,S001;S006;S007;S009;S012;S013,S002;S003;S005;S011,S004;S008;S010;S014;S015
3,"1,6,9|2,3,5,8|4,7",False,False,12,5,8,5.107789688179196,0.23083862930849855,0.20516693772581057,1.786186339760105,,0,0,0,4,4,3,6,4,5,6,10,0,2,1,0,0,1,4,4,S001;S006;S007;S010;S013;S014,S002;S003;S005;S009;S011;S012,S004;S008;S015
3,"1,6|2,3,5,8,9|4,7",False,False,10,5,6,3.660459764296588,0.41136387106303174,0.3951705744454346,2.3267264431897625,,0,0,0,4,4,3,6,4,5,6,8,0,2,1,0,0,1,4,2,S001;S006;S007;S013,S002;S003;S005;S009;S010;S011;S012;S014,S004;S008;S015
3,"1,6|2,3,5,8|4,7,9",False,False,12,5,8,4.600089291631544,0.19611425017580802,0.24390976229557473,1.6399987794619544,,0,0,0,4,4,3,6,4,5,6,10,0,2,1,0,0,1,4,4,S001;S006;S007;S013,S002;S003;S005;S009;S011;S012,S004;S008;S010;S014;S015
3,"1,6,9|2,3,5|4,7,8",False,False,11,5,9,4.970951036669916,0.1148861486354496,0.08436441359144825,1.3170115922808094,,0,0,0,4,3,3,6,3,5,6,10,0,1,1,0,0,1,4,4,S001;S006;S007;S010;S013;S014,S002;S003;S005;S011,S004;S008;S009;S012;S015
3,"1,6|2,3,5,9|4,7,8",False,False,9,5,8,4.449748066497147,0.19457366035135576,0.26533072562513227,1.6324335653546747,,0,0,0,4,3,3,6,3,5,6,8,0,1,1,0,0,1,4,2,S001;S006;S007;S013,S002;S003;S005;S010;S011;S014,S004;S008;S009;S012;S015
3,"1,6|2,3,5|4,7,8,9",False,False,11,5,8,3.942047669949495,0.2994108097079623,0.29909751436747717,1.9183227444050923,,0,0,0,4,3,3,6,3,5,6,10,0,1,1,0,0,1,4,4,S001;S006;S007;S013,S002;S003;S005;S011,S004;S008;S009;S010;S012;S014;S015
3,"1,7,8,9|2,3,5,6|4",False,False,13,5,6,3.3651283084109567,0.55197345234097,0.47042407207034814,6.17023107601342,,0,0,0,4,3,5,6,3,7,5,9,0,1,3,0,0,3,3,3,S001;S008;S009;S010;S012;S013;S014;S015,S002;S003;S005;S006;S007;S011,S004
3,"1,7,8|2,3,5,6,9|4",False,False,12,5,7,4.291255262120795,0.5435251775969692,0.5135347527545026,6.022119942873625,,0,0,0,4,3,5,6,3,7,5,8,0,1,3,0,0,3,3,2,S001;S008;S009;S012;S013;S015,S002;S003;S005;S006;S007;S010;S011;S014,S004
3,"1,7,8|2,3,5,6|4,9",False,False,15,5,8,4.304757835745912,0.2674020875804257,0.18789713280237758,1.9401336393779933,,0,0,0,4,3,5,6,3,7,6,10,0,1,3,0,0,3,4,4,S001;S008;S009;S012;S013;S015,S002;S003;S005;S006;S007;S011,S004;S010;S014
3,"1,7,9|2,3,5,6,8|4",False,False,13,5,6,4.023169930093005,0.5446740730317992,0.4903450523378344,6.0440510139402575,,0,0,0,4,3,5,6,3,7,5,9,0,1,3,0,0,3,3,3,S001;S008;S010;S013;S014;S015,S002;S003;S005;S006;S007;S009;S011;S012,S004
3,"1,7|2,3,5,6,8,9|4",False,False,11,5,4,2.575840006210398,0.6855378409592381,0.6637761468910206,7.4827942669613465,,0,0,0,4,3,5,6,3,7,5,7,0,1,3,0,0,3,3,1,S001;S008;S013;S015,S002;S003;S005;S006;S007;S009;S010;S011;S012;S014,S004
3,"1,7|2,3,5,6,8|4,9",False,False,14,5,6,3.515469533545353,0.3934116287896283,0.3798423923011357,2.4783465854607503,,0,0,0,4,3,5,6,3,7,6,9,0,1,3,0,0,3,4,3,S001;S008;S013;S015,S002;S003;S005;S006;S007;S009;S011;S012,S004;S010;S014
3,"1,7,9|2,3,5,6|4,8",False,False,13,5,7,3.8863312785837256,0.2633266185794897,0.2537240315417663,1.9139293265360238,,0,0,0,5,2,5,6,2,7,5,9,1,0,3,0,0,3,3,3,S001;S008;S010;S013;S014;S015,S002;S003;S005;S006;S007;S011,S004;S009;S012
3,"1,7|2,3,5,6,9|4,8",False,False,11,5,6,3.3651283084109567,0.38904950086822376,0.454190497340311,2.447345381679588,,0,0,0,5,2,5,6,2,7,5,7,1,0,3,0,0,3,3,1,S001;S008;S013;S015,S002;S003;S005;S006;S007;S010;S011;S014,S004;S009;S012
3,"1,7|2,3,5,6|4,8,9",False,False,14,5,6,2.857427911863305,0.13681173694922819,0.21966716749501788,1.4012956383442534,,0,0,0,5,2,5,6,2,7,6,9,1,0,3,0,0,3,4,3,S001;S008;S013;S015,S002;S003;S005;S006;S007;S011,S004;S009;S010;S012;S014
3,"1,8,9|2,3,5,6,7|4",False,False,11,5,6,3.387168287246749,0.5568434588369974,0.5057954811630293,6.245053860320458,,0,0,0,4,3,4,6,3,7,5,8,0,1,2,0,0,3,3,2,S001;S009;S010;S012;S013;S014,S002;S003;S005;S006;S007;S008;S011;S015,S004
3,"1,8|2,3,5,6,7,9|4",False,False,9,5,7,4.313295240956586,0.7130828821843802,0.6716588205513779,7.683797113341545,,0,0,0,4,3,4,6,3,7,4,7,0,1,2,0,0,3,2,1,S001;S009;S012;S013,S002;S003;S005;S006;S007;S008;S010;S011;S014;S015,S004
3,"1,8|2,3,5,6,7|4,9",False,False,12,5,8,4.326797814581704,0.4251324950104657,0.3632684827296451,2.560767252798815,,0,0,0,4,3,4,6,3,7,5,9,0,1,2,0,0,3,3,3,S001;S009;S012;S013,S002;S003;S005;S006;S007;S008;S011;S015,S004;S010;S014
3,"1,9|2,3,5,6,7,8|4",False,False,11,5,6,4.045209908928797,0.7161724276648181,0.6310794527049145,7.705728184408179,,0,0,0,4,3,4,6,3,7,5,8,0,1,2,0,0,3,3,2,S001;S010;S013;S014,S002;S003;S005;S006;S007;S008;S009;S011;S012;S015,S004
3,"1|2,3,5,6,7,8,9|4",False,False,8,4,4,2.5978799850461898,0.9454432105227406,0.9035575146150633,9.144471437429267,,0,0,0,4,3,4,6,3,7,4,6,0,1,2,0,0,3,2,0,S001;S013,S002;S003;S005;S006;S007;S008;S009;S010;S011;S012;S014;S015,S004
3,"1|2,3,5,6,7,8|4,9",False,False,11,5,6,3.5375095123811455,0.6890860804662142,0.6481148409661892,4.788735452821743,,0,0,0,4,3,4,6,3,7,5,8,0,1,2,0,0,3,3,2,S001;S013,S002;S003;S005;S006;S007;S008;S009;S011;S012;S015,S004;S010;S014
3,"1,9|2,3,5,6,7|4,8",False,False,11,5,7,3.908371257419518,0.4244495623626131,0.3896045855692739,2.537944090848256,,0,0,0,5,2,4,6,2,7,5,8,1,0,2,0,0,3,3,2,S001;S010;S013;S014,S002;S003;S005;S006;S007;S008;S011;S015,S004;S009;S012
3,"1|2,3,5,6,7,9|4,8",False,False,8,4,6,3.387168287246749,0.6854514349575349,0.712699874461482,4.775106358332315,,0,0,0,5,2,4,6,2,7,4,6,1,0,2,0,0,3,2,0,S001;S013,S002;S003;S005;S006;S007;S008;S010;S011;S014;S015,S004;S009;S012
3,"1|2,3,5,6,7|4,8,9",False,False,11,5,6,2.879467890699097,0.483081556898504,0.5108052439055041,3.880997371047901,,0,0,0,5,2,4,6,2,7,5,8,1,0,2,0,0,3,3,2,S001;S013,S002;S003;S005;S006;S007;S008;S011;S015,S004;S009;S010;S012;S014
3,"1,8,9|2,3,5,6|4,7",False,False,12,5,7,3.918458176871948,0.2268546890144646,0.18742799215579625,1.7219882037936178,,0,0,0,4,3,4,6,3,6,6,9,0,1,2,0,0,2,4,3,S001;S009;S010;S012;S013;S014,S002;S003;S005;S006;S007;S011,S004;S008;S015
3,"1,8|2,3,5,6,9|4,7",False,False,10,5,8,4.844585130581786,0.3821541479973356,0.38649049856748613,2.262528307223276,,0,0,0,4,3,4,6,3,6,5,8,0,1,2,0,0,2,3,2,S001;S009;S012;S013,S002;S003;S005;S006;S007;S010;S011;S014,S004;S008;S015
3,"1,8|2,3,5,6|4,7,9",False,False,12,5,9,4.858087704206904,0.16112065945506296,0.1916711040043965,1.4930486628168644,,0,0,0,4,3,4,6,3,6,5,10,0,1,2,0,0,2,3,4,S001;S009;S012;S013,S002;S003;S005;S006;S007;S011,S004;S008;S010;S014;S015
3,"1,9|2,3,5,6,8|4,7",False,False,12,5,7,4.576499798553996,0.3858429486833392,0.33567208234924883,2.2707678756089402,,0,0,0,4,3,4,6,3,6,6,9,0,1,2,0,0,2,4,3,S001;S010;S013;S014,S002;S003;S005;S006;S007;S009;S011;S012,S004;S008;S015
3,"1|2,3,5,6,8,9|4,7",False,False,9,5,5,3.129169874671389,0.6526874312515678,0.6378518657655468,4.650192861055501,,0,0,0,4,3,4,6,3,6,5,7,0,1,2,0,0,2,3,1,S001;S013,S002;S003;S005;S006;S007;S009;S010;S011;S012;S014,S004;S008;S015
3,"1|2,3,5,6,8|4,7,9",False,False,11,5,7,4.068799402006345,0.46329825976873357,0.48650430670675865,3.756083873771086,,0,0,0,4,3,4,6,3,6,5,9,0,1,2,0,0,2,3,3,S001;S013,S002;S003;S005;S006;S007;S009;S011;S012,S004;S008;S010;S014;S015
3,"1,9|2,3,5,6|4,7,8",False,False,11,4,8,4.439661147044717,0.16420237709934732,0.15437788225434151,1.5037919206966643,,0,0,0,4,2,4,6,2,6,6,9,0,0,2,0,0,2,4,3,S001;S010;S013;S014,S002;S003;S005;S006;S007;S011,S004;S008;S009;S012;S015
3,"1|2,3,5,6,9|4,7,8",False,False,8,4,7,3.918458176871948,0.46131859167986533,0.5163149379872614,3.7424547792816596,,0,0,0,4,2,4,6,2,6,5,7,0,0,2,0,0,2,3,1,S001;S013,S002;S003;S005;S006;S007;S010;S011;S014,S004;S008;S009;S012;S015
3,"1|2,3,5,6|4,7,8,9",False,False,10,4,7,3.410757780324296,0.4289599009020042,0.46774734267729473,3.4559500331332766,,0,0,0,4,2,4,6,2,6,5,9,0,0,2,0,0,2,3,3,S001;S013,S002;S003;S005;S006;S007;S011,S004;S008;S009;S010;S012;S014;S015
3,"1,7,8,9|2,3,5|4,6",False,False,15,5,6,3.1964215923229817,0.4197523724688274,0.3434926718023924,2.694659849637314,,0,0,0,4,3,5,6,3,7,6,10,0,1,3,0,0,3,4,4,S001;S008;S009;S010;S012;S013;S014;S015,S002;S003;S005;S011,S004;S006;S007
3,"1,7,8|2,3,5,9|4,6",False,False,14,5,7,4.12254854603282,0.2938380687908345,0.31395050445248335,2.066696277058177,,0,0,0,4,3,5,6,3,7,6,9,0,1,3,0,0,3,4,3,S001;S008;S009;S012;S013;S015,S002;S003;S005;S010;S011;S014,S004;S006;S007
3,"1,7,8|2,3,5|4,6,9",False,False,16,5,8,4.136051119657938,0.15367956487919893,0.06861631542592027,1.436580262128499,,0,0,0,4,3,5,6,3,7,6,11,0,1,3,0,0,3,4,5,S001;S008;S009;S012;S013;S015,S002;S003;S005;S011,S004;S006;S007;S010;S014
3,"1,7,9|2,3,5,8|4,6",False,False,15,5,6,3.85446321400503,0.29387496178853345,0.2955981813658861,2.0762740020954995,,0,0,0,4,3,5,6,3,7,6,10,0,1,3,0,0,3,4,4,S001;S008;S010;S013;S014;S015,S002;S003;S005;S009;S011;S012,S004;S006;S007
3,"1,7|2,3,5,8,9|4,6",False,False,13,5,4,2.407133290122423,0.4231531739277468,0.4581452823559355,2.7046011473986837,,0,0,0,4,3,5,6,3,7,6,8,0,1,3,0,0,3,4,2,S001;S008;S013;S015,S002;S003;S005;S009;S010;S011;S012;S014,S004;S006;S007
3,"1,7|2,3,5,8|4,6,9",False,False,15,5,6,3.3467628174573782,0.15830832926653193,0.23423664703138777,1.453537905580163,,0,0,0,4,3,5,6,3,7,6,10,0,1,3,0,0,3,4,4,S001;S008;S013;S015,S002;S003;S005;S009;S011;S012,S004;S006;S007;S010;S014
3,"1,7,9|2,3,5|4,6,8",False,False,15,5,7,3.717624562495751,0.15060871464608613,0.11948380014979378,1.4299215228481055,,0,0,0,5,2,5,6,2,7,6,10,1,0,3,0,0,3,4,4,S001;S008;S010;S013;S014;S015,S002;S003;S005;S011,S004;S006;S007;S009;S012
3,"1,7|2,3,5,9|4,6,8",False,False,13,5,6,3.1964215923229817,0.15525920547768565,0.2818671459146276,1.4468328240846944,,0,0,0,5,2,5,6,2,7,6,8,1,0,3,0,0,3,4,2,S001;S008;S013;S015,S002;S003;S005;S010;S011;S014,S004;S006;S007;S009;S012
3,"1,7|2,3,5|4,6,8,9",False,False,15,5,6,2.68872119577533,0.22946829488404918,0.23632547168037024,1.586521882108472,,0,0,0,5,2,5,6,2,7,6,10,1,0,3,0,0,3,4,4,S001;S008;S013;S015,S002;S003;S005;S011,S004;S006;S007;S009;S010;S012;S014
3,"1,8,9|2,3,5,7|4,6",False,False,14,5,6,3.218461571158774,0.29750196074180535,0.29807507620842977,2.164055852261392,,0,0,0,4,3,5,6,3,7,6,9,0,1,3,0,0,3,4,3,S001;S009;S010;S012;S013;S014,S002;S003;S005;S008;S011;S015,S004;S006;S007
3,"1,8|2,3,5,7,9|4,6",False,False,12,5,7,4.144588524868612,0.45422880329737003,0.47846517411065426,2.792382997564576,,0,0,0,4,3,5,6,3,7,5,8,0,1,3,0,0,3,3,2,S001;S009;S012;S013,S002;S003;S005;S008;S010;S011;S014;S015,S004;S006;S007
3,"1,8|2,3,5,7|4,6,9",False,False,14,5,8,4.158091098493729,0.19941561479628794,0.20876205569447992,1.614188889808711,,0,0,0,4,3,5,6,3,7,5,10,0,1,3,0,0,3,3,4,S001;S009;S012;S013,S002;S003;S005;S008;S011;S015,S004;S006;S007;S010;S014
3,"1,9|2,3,5,7,8|4,6",False,False,14,5,6,3.8765031928408225,0.45772372712385045,0.4315463273380241,2.8019607226018985,,0,0,0,4,3,5,6,3,7,6,9,0,1,3,0,0,3,4,3,S001;S010;S013;S014,S002;S003;S005;S008;S009;S011;S012;S015,S004;S006;S007
3,"1|2,3,5,7,8,9|4,6",False,False,11,5,4,2.4291732689582153,0.7140551508345047,0.7224363689374912,4.881296685322573,,0,0,0,4,3,5,6,3,7,5,7,0,1,3,0,0,3,3,1,S001;S013,S002;S003;S005;S008;S009;S010;S011;S012;S014;S015,S004;S006;S007
3,"1|2,3,5,7,8|4,6,9",False,False,13,5,6,3.3688027962931706,0.5020397002550795,0.5205440688949509,3.9871876980381584,,0,0,0,4,3,5,6,3,7,5,9,0,1,3,0,0,3,3,3,S001;S013,S002;S003;S005;S008;S009;S011;S012;S015,S004;S006;S007;S010;S014
3,"1,9|2,3,5,7|4,6,8",False,False,14,5,7,3.739664541331543,0.20103463571315155,0.20390302379015995,1.6258038143197482,,0,0,0,5,2,5,6,2,7,6,9,1,0,3,0,0,3,4,3,S001;S010;S013;S014,S002;S003;S005;S008;S011;S015,S004;S006;S007;S009;S012
3,"1|2,3,5,7,9|4,6,8",False,False,11,5,6,3.218461571158774,0.49950474806227796,0.5666293308859066,3.9735586035487316,,0,0,0,5,2,5,6,2,7,5,7,1,0,3,0,0,3,3,1,S001;S013,S002;S003;S005;S008;S010;S011;S014;S015,S004;S006;S007;S009;S012
3,"1|2,3,5,7|4,6,8,9",False,False,13,5,6,2.710761174611122,0.41739843614594235,0.45258773328379226,3.2248462088662047,,0,0,0,5,2,5,6,2,7,5,9,1,0,3,0,0,3,3,3,S001;S013,S002;S003;S005;S008;S011;S015,S004;S006;S007;S009;S010;S012;S014
3,"1,8,9|2,3,5|4,6,7",False,False,12,5,6,3.218461571158774,0.1267477618744492,0.060591107822490074,1.36889278674141,,0,0,0,4,3,4,6,3,6,6,9,0,1,2,0,0,2,4,3,S001;S009;S010;S012;S013;S014,S002;S003;S005;S011,S004;S006;S007;S008;S015
3,"1,8|2,3,5,9|4,6,7",False,False,10,5,7,4.144588524868612,0.17334234315023014,0.24240075933561608,1.5415674995403867,,0,0,0,4,3,4,6,3,6,5,8,0,1,2,0,0,2,3,2,S001;S009;S012;S013,S002;S003;S005;S010;S011;S014,S004;S006;S007;S008;S015
3,"1,8|2,3,5|4,6,7,9",False,False,12,5,8,4.158091098493729,0.266754535539055,0.24064540846059224,1.7558802951757224,,0,0,0,4,3,4,6,3,6,5,10,0,1,2,0,0,2,3,4,S001;S009;S012;S013,S002;S003;S005;S011,S004;S006;S007;S008;S010;S014;S015
3,"1,9|2,3,5,8|4,6,7",False,False,12,5,6,3.8765031928408225,0.17791012194405548,0.1831206114447852,1.5598553931278378,,0,0,0,4,3,4,6,3,6,6,9,0,1,2,0,0,2,4,3,S001;S010;S013;S014,S002;S003;S005;S009;S011;S012,S004;S006;S007;S008;S015
3,"1|2,3,5,8,9|4,6,7",False,False,9,5,4,2.4291732689582153,0.4776839365523765,0.5220149576093701,3.8486451062719165,,0,0,0,4,3,4,6,3,6,5,7,0,1,2,0,0,2,3,1,S001;S013,S002;S003;S005;S009;S010;S011;S012;S014,S004;S006;S007;S008;S015
3,"1|2,3,5,8|4,6,7,9",False,False,11,5,6,3.3688027962931706,0.4219225972394956,0.4603463336850678,3.3497597061430193,,0,0,0,4,3,4,6,3,6,5,9,0,1,2,0,0,2,3,3,S001;S013,S002;S003;S005;S009;S011;S012,S004;S006;S007;S008;S010;S014;S015
3,"1,9|2,3,5|4,6,7,8",False,False,11,4,7,3.739664541331543,0.2709041908650488,0.1749358814686759,1.7757102802487295,,0,0,0,4,2,4,6,2,6,6,9,0,0,2,0,0,2,4,3,S001;S010;S013;S014,S002;S003;S005;S011,S004;S006;S007;S008;S009;S012;S015
3,"1|2,3,5,9|4,6,7,8",False,False,8,4,6,3.218461571158774,0.4226645630965233,0.45961311244494046,3.3633888006324457,,1,0,0,4,2,4,6,2,6,5,7,0,0,2,0,0,2,3,1,S001;S013,S002;S003;S005;S010;S011;S014,S004;S006;S007;S008;S009;S012;S015
3,"1|2,3,5|4,6,7,8,9",False,False,10,4,6,2.710761174611122,0.5577001225390915,0.5300265645810911,4.2574977879168605,,0,0,0,4,2,4,6,2,6,5,9,0,0,2,0,0,2,3,3,S001;S013,S002;S003;S005;S011,S004;S006;S007;S008;S009;S010;S012;S014;S015
3,"1,6,7,8,9|2,3|4,5",False,False,10,4,6,3.3651283084109567,0.6393397247925852,0.49698629969582364,3.5325760471634813,,0,0,0,4,2,4,6,2,6,5,9,0,0,2,0,0,2,3,3,S001;S006;S007;S008;S009;S010;S012;S013;S014;S015,S002;S003,S004;S005;S011
3,"1,6,7,8|2,3,9|4,5",False,False,9,4,7,4.291255262120795,0.40553744706910433,0.3232209248111665,2.7597860273517956,,0,0,0,4,2,4,6,2,6,5,8,0,0,2,0,0,2,3,2,S001;S006;S007;S008;S009;S012;S013;S015,S002;S003;S010;S014,S004;S005;S011
3,"1,6,7,8|2,3|4,5,9",False,False,12,4,8,4.304757835745912,0.4108960294537897,0.27045206880472666,2.851282609275568,,0,0,0,4,2,4,6,2,6,6,10,0,0,2,0,0,2,4,4,S001;S006;S007;S008;S009;S012;S013;S015,S002;S003,S004;S005;S010;S011;S014
3,"1,6,7,9|2,3,8|4,5",False,False,11,5,7,4.291255262120795,0.4026513248528644,0.3409111725053152,2.749734179776663,,0,0,0,4,3,4,6,3,6,5,9,0,1,2,0,0,2,3,3,S001;S006;S007;S008;S010;S013;S014;S015,S002;S003;S009;S012,S004;S005;S011
3,"1,6,7|2,3,8,9|4,5",False,False,9,5,5,2.8439253382381877,0.31682926892039337,0.3251353866690563,2.29682420292137,,0,0,0,4,3,4,6,3,6,5,7,0,1,2,0,0,2,3,1,S001;S006;S007;S008;S013;S015,S002;S003;S009;S010;S012;S014,S004;S005;S011
3,"1,6,7|2,3,8|4,5,9",False,False,12,5,7,3.783554865573143,0.1161121535821978,0.038316011912933275,1.276604283535471,,0,0,0,4,3,4,6,3,6,6,9,0,1,2,0,0,2,4,3,S001;S006;S007;S008;S013;S015,S002;S003;S009;S012,S004;S005;S010;S011;S014
3,"1,6,7,9|2,3|4,5,8",False,False,12,6,6,3.618245946555936,0.40812951790403074,0.3189486367287125,2.8408975077140655,,0,0,0,5,3,4,6,3,6,5,9,1,1,2,0,0,2,3,3,S001;S006;S007;S008;S010;S013;S014;S015,S002;S003,S004;S005;S009;S011;S012
3,"1,6,7|2,3,9|4,5,8",False,False,10,6,5,3.097042976383167,0.11639896968076013,0.10951610427345189,1.28448967988545,,0,0,0,5,3,4,6,3,6,5,7,1,1,2,0,0,2,3,1,S001;S006;S007;S008;S013;S015,S002;S003;S010;S014,S004;S005;S009;S011;S012
3,"1,6,7|2,3|4,5,8,9",False,False,13,6,5,2.589342579835515,0.3304501863655149,0.21512583810306077,2.4061254830863117,,0,0,0,5,3,4,6,3,6,6,9,1,1,2,0,0,2,4,3,S001;S006;S007;S008;S013;S015,S002;S003,S004;S005;S009;S010;S011;S012;S014
3,"1,6,8,9|2,3,7|4,5",False,False,8,4,7,3.918458176871948,0.3777514385516436,0.3316530642285018,2.657606897536648,,0,0,0,4,2,3,6,2,5,5,9,0,0,1,0,0,1,3,3,S001;S006;S007;S009;S010;S012;S013;S014,S002;S003;S008;S015,S004;S005;S011
3,"1,6,8|2,3,7,9|4,5",False,False,7,4,8,4.844585130581786,0.3256825436334103,0.342423909464307,2.388951485161386,,0,0,0,4,2,3,6,2,5,5,8,0,0,1,0,0,1,3,2,S001;S006;S007;S009;S012;S013,S002;S003;S008;S010;S014;S015,S004;S005;S011
3,"1,6,8|2,3,7|4,5,9",False,False,10,4,9,4.858087704206904,0.0813033145817507,0.039398319233972974,1.2041331770964268,,0,0,0,4,2,3,6,2,5,6,10,0,0,1,0,0,1,4,4,S001;S006;S007;S009;S012;S013,S002;S003;S008;S015,S004;S005;S010;S011;S014
3,"1,6,9|2,3,7,8|4,5",False,False,9,5,8,4.844585130581786,0.3269588808851536,0.32722388211499737,2.399003332736518,,0,0,0,4,3,3,6,3,5,5,9,0,1,1,0,0,1,3,3,S001;S006;S007;S010;S013;S014,S002;S003;S008;S009;S012;S015,S004;S005;S011
3,"1,6|2,3,7,8,9|4,5",False,False,7,5,6,3.397255206699179,0.5028145171440064,0.5092105936862347,3.0584343215458816,,0,0,0,4,3,3,6,3,5,5,7,0,1,1,0,0,1,3,1,S001;S006;S007;S013,S002;S003;S008;S009;S010;S012;S014;S015,S004;S005;S011
3,"1,6|2,3,7,8|4,5,9",False,False,10,5,8,4.336884734034134,0.2491783877155342,0.2846993187233532,1.8055361186662393,,0,0,0,4,3,3,6,3,5,6,9,0,1,1,0,0,1,4,3,S001;S006;S007;S013,S002;S003;S008;S009;S012;S015,S004;S005;S010;S011;S014
3,"1,6,9|2,3,7|4,5,8",False,False,10,6,7,4.1715758150169275,0.07698796264038825,0.12559470627284358,1.19086223459339,,0,0,0,5,3,3,6,3,5,5,9,1,1,1,0,0,1,3,3,S001;S006;S007;S010;S013;S014,S002;S003;S008;S015,S004;S005;S009;S011;S012
3,"1,6|2,3,7,9|4,5,8",False,False,8,6,6,3.650372844844158,0.24611744304682667,0.3330028166589704,1.7979709045589598,,0,0,0,5,3,3,6,3,5,5,7,1,1,1,0,0,1,3,1,S001;S006;S007;S013,S002;S003;S008;S010;S014;S015,S004;S005;S009;S011;S012
3,"1,6|2,3,7|4,5,8,9",False,False,11,6,6,3.1426724482965063,0.22888552812936178,0.22272374472452314,1.7527854052008078,,0,0,0,5,3,3,6,3,5,6,9,1,1,1,0,0,1,4,3,S001;S006;S007;S013,S002;S003;S008;S015,S004;S005;S009;S010;S011;S012;S014
3,"1,6,8,9|2,3|4,5,7",False,False,13,4,8,4.449748066497147,0.38438128484860795,0.2777224298635899,2.7457158830926676,,0,0,0,4,2,4,6,2,6,6,11,0,0,2,0,0,2,4,5,S001;S006;S007;S009;S010;S012;S013;S014,S002;S003,S004;S005;S008;S011;S015
3,"1,6,8|2,3,9|4,5,7",False,False,12,4,9,5.375875020206985,0.08537052026576096,0.04808932931457921,1.227877536831488,,0,0,0,4,2,4,6,2,6,6,10,0,0,2,0,0,2,4,4,S001;S006;S007;S009;S012;S013,S002;S003;S010;S014,S004;S005;S008;S011;S015
3,"1,6,8|2,3|4,5,7,9",False,False,13,4,10,5.389377593832103,0.3398483015804577,0.27342269718217976,2.5013071077077096,,0,0,0,4,2,4,6,2,6,6,11,0,0,2,0,0,2,4,5,S001;S006;S007;S009;S012;S013,S002;S003,S004;S005;S008;S010;S011;S014;S015
3,"1,6,9|2,3,8|4,5,7",False,False,14,5,9,5.375875020206985,0.0808600966283047,0.06292298829654747,1.2142007454393626,,0,0,0,4,3,4,6,3,6,6,11,0,1,2,0,0,2,4,5,S001;S006;S007;S010;S013;S014,S002;S003;S009;S012,S004;S005;S008;S011;S015
3,"1,6|2,3,8,9|4,5,7",False,False,12,5,7,3.928545096324378,0.22051047090039702,0.2696955216785615,1.7286341373569043,,0,0,0,4,3,4,6,3,6,6,9,0,1,2,0,0,2,4,3,S001;S006;S007;S013,S002;S003;S009;S010;S012;S014,S004;S005;S008;S011;S015
3,"1,6|2,3,8|4,5,7,9",False,False,13,5,9,4.868174623659334,0.2560467352900479,0.2851724757193635,1.8221221724028631,,0,0,0,4,3,4,6,3,6,6,10,0,1,2,0,0,2,4,4,S001;S006;S007;S013,S002;S003;S009;S012,S004;S005;S008;S010;S011;S014;S015
3,"1,6,9|2,3|4,5,7,8",False,False,14,5,8,4.702865704642127,0.34116938107414063,0.2355045842951258,2.511692209269212,,0,0,0,4,3,4,6,3,6,6,11,0,1,2,0,0,2,4,5,S001;S006;S007;S010;S013;S014,S002;S003,S004;S005;S008;S009;S011;S012;S015
3,"1,6|2,3,9|4,5,7,8",False,False,12,5,7,4.1816627344693575,0.2592477187012264,0.24145508361780135,1.8296873865101426,,0,0,0,4,3,4,6,3,6,6,9,0,1,2,0,0,2,4,3,S001;S006;S007;S013,S002;S003;S010;S014,S004;S005;S008;S009;S011;S012;S015
3,"1,6|2,3|4,5,7,8,9",False,False,13,5,7,3.6739623379217052,0.516422115608117,0.43656516243207877,3.1929856471571254,,0,0,0,4,3,4,6,3,6,6,10,0,1,2,0,0,2,4,4,S001;S006;S007;S013,S002;S003,S004;S005;S008;S009;S010;S011;S012;S014;S015
3,"1,7,8,9|2,3,6|4,5",False,False,13,5,6,3.3651283084109567,0.42591930107473747,0.3424219114424314,2.828052587627428,,0,0,0,4,3,5,6,3,7,5,9,0,1,3,0,0,3,3,3,S001;S008;S009;S010;S012;S013;S014;S015,S002;S003;S006;S007,S004;S005;S011
3,"1,7,8|2,3,6,9|4,5",False,False,12,5,7,4.291255262120795,0.313536167827,0.3226248736970398,2.2185057950706053,,0,0,0,4,3,5,6,3,7,5,8,0,1,3,0,0,3,3,2,S001;S008;S009;S012;S013;S015,S002;S003;S006;S007;S010;S014,S004;S005;S011
3,"1,7,8|2,3,6|4,5,9",False,False,15,5,8,4.304757835745912,0.14860580226260917,0.06016112256894273,1.3909669953673067,,0,0,0,4,3,5,6,3,7,6,10,0,1,3,0,0,3,4,4,S001;S008;S009;S012;S013;S015,S002;S003;S006;S007,S004;S005;S010;S011;S014
3,"1,7,9|2,3,6,8|4,5",False,False,12,4,7,4.291255262120795,0.31373473871660573,0.31078442324706507,2.2285576426457374,,0,0,0,4,2,5,6,2,7,5,9,0,0,3,0,0,3,3,3,S001;S008;S010;S013;S014;S015,S002;S003;S006;S007;S009;S012,S004;S005;S011
3,"1,7|2,3,6,8,9|4,5",False,False,10,4,5,2.8439253382381877,0.4448308923024802,0.4814530468307532,2.887988631455101,,0,0,0,4,2,5,6,2,7,5,7,0,0,3,0,0,3,3,1,S001;S008;S013;S015,S002;S003;S006;S007;S009;S010;S012;S014,S004;S005;S011
3,"1,7|2,3,6,8|4,5,9",False,False,13,4,7,3.783554865573143,0.17429744460661428,0.2552537947331543,1.4865586151798886,,0,0,0,4,2,5,6,2,7,6,9,0,0,3,0,0,3,4,3,S001;S008;S013;S015,S002;S003;S006;S007;S009;S012,S004;S005;S010;S011;S014
3,"1,7,9|2,3,6|4,5,8",False,False,14,6,6,3.618245946555936,0.14507372431129137,0.1322987614061869,1.3845196796036472,,0,0,0,5,3,5,6,3,7,5,9,1,1,3,0,0,3,3,3,S001;S008;S010;S013;S014;S015,S002;S003;S006;S007,S004;S005;S009;S011;S012
3,"1,7|2,3,6,9|4,5,8",False,False,12,6,5,3.097042976383167,0.17093198201008047,0.3009498127376621,1.4798535336844205,,0,0,0,5,3,5,6,3,7,5,7,1,1,3,0,0,3,3,1,S001;S008;S013;S015,S002;S003;S006;S007;S010;S014,S004;S005;S009;S011;S012
3,"1,7|2,3,6|4,5,8,9",False,False,15,6,5,2.589342579835515,0.21040479529959738,0.21877418819241737,1.5535011725087464,,0,0,0,5,3,5,6,3,7,6,9,1,1,3,0,0,3,4,3,S001;S008;S013;S015,S002;S003;S006;S007,S004;S005;S009;S010;S011;S012;S014
3,"1,8,9|2,3,6,7|4,5",False,False,10,5,6,3.387168287246749,0.3186177692386834,0.3072514841024217,2.320684924885753,,0,0,0,4,3,4,6,3,6,5,8,0,1,2,0,0,2,3,2,S001;S009;S010;S012;S013;S014,S002;S003;S006;S007;S008;S015,S004;S005;S011
3,"1,8|2,3,6,7,9|4,5",False,False,8,5,7,4.313295240956586,0.47548143287041905,0.4880900663666621,2.980115913695116,,0,0,0,4,3,4,6,3,6,4,7,0,1,2,0,0,2,2,1,S001;S009;S012;S013,S002;S003;S006;S007;S008;S010;S014;S015,S004;S005;S011
3,"1,8|2,3,6,7|4,5,9",False,False,11,5,8,4.326797814581704,0.2145402820541351,0.21777095729396118,1.6493717056000938,,0,0,0,4,3,4,6,3,6,5,9,0,1,2,0,0,2,3,3,S001;S009;S012;S013,S002;S003;S006;S007;S008;S015,S004;S005;S010;S011;S014
3,"1,9|2,3,6,7,8|4,5",False,False,9,4,7,4.313295240956586,0.47892867201509925,0.453656845014567,2.990167761270248,,0,0,0,4,2,4,6,2,6,5,8,0,0,2,0,0,2,3,2,S001;S010;S013;S014,S002;S003;S006;S007;S008;S009;S012;S015,S004;S005;S011
3,"1|2,3,6,7,8,9|4,5",False,False,6,3,5,2.8659653170739796,0.7324515970147207,0.7396535027568311,4.948416282831829,,0,0,0,4,2,4,6,2,6,4,6,0,0,2,0,0,2,2,0,S001;S013,S002;S003;S006;S007;S008;S009;S010;S012;S014;S015,S004;S005;S011
3,"1|2,3,6,7,8|4,5,9",False,False,9,4,7,3.8055948444089354,0.5149335899978535,0.5361945804782253,4.054307295547413,,0,0,0,4,2,4,6,2,6,5,8,0,0,2,0,0,2,3,2,S001;S013,S002;S003;S006;S007;S008;S009;S012;S015,S004;S005;S010;S011;S014
3,"1,9|2,3,6,7|4,5,8",False,False,11,6,6,3.640285925391728,0.2158077725874453,0.2257069799582157,1.66123978868017,,0,0,0,5,3,4,6,3,6,5,8,1,1,2,0,0,2,3,2,S001;S010;S013;S014,S002;S003;S006;S007;S008;S015,S004;S005;S009;S011;S012
3,"1|2,3,6,7,9|4,5,8",False,False,8,5,5,3.119082955218959,0.5122616365879106,0.5843676473190708,4.040678201057986,,1,0,0,5,3,4,6,3,6,4,6,1,1,2,0,0,2,2,0,S001;S013,S002;S003;S006;S007;S008;S010;S014;S015,S004;S005;S009;S011;S012
3,"1|2,3,6,7|4,5,8,9",False,False,11,6,5,2.6113825586713073,0.41669005678055654,0.45296204606906443,3.1577266113569493,,0,0,0,5,3,4,6,3,6,5,8,1,1,2,0,0,2,3,2,S001;S013,S002;S003;S006;S007;S008;S015,S004;S005;S009;S010;S011;S012;S014
3,"1,8,9|2,3,6|4,5,7",False,False,15,5,7,3.918458176871948,0.11612718277962797,0.03961300294823935,1.325428684181213,,0,0,0,4,3,5,6,3,7,6,10,0,1,3,0,0,3,4,4,S001;S009;S010;S012;S013;S014,S002;S003;S006;S007,S004;S005;S008;S011;S015
3,"1,8|2,3,6,9|4,5,7",False,False,13,5,8,4.844585130581786,0.18497842144178087,0.24048114000471515,1.5767503153317701,,0,0,0,4,3,5,6,3,7,5,9,0,1,3,0,0,3,3,3,S001;S009;S012;S013,S002;S003;S006;S007;S010;S014,S004;S005;S008;S011;S015
3,"1,8|2,3,6|4,5,7,9",False,False,14,5,9,4.858087704206904,0.24865556225565946,0.25918890096662095,1.7206974793843395,,0,0,0,4,3,5,6,3,7,5,10,0,1,3,0,0,3,3,4,S001;S009;S012;S013,S002;S003;S006;S007,S004;S005;S008;S010;S011;S014;S015
3,"1,9|2,3,6,8|4,5,7",False,False,14,4,8,4.844585130581786,0.18953716049070968,0.1968022551235109,1.59529136748826,,0,0,0,4,2,5,6,2,7,6,10,0,0,3,0,0,3,4,4,S001;S010;S013;S014,S002;S003;S006;S007;S009;S012,S004;S005;S008;S011;S015
3,"1|2,3,6,8,9|4,5,7",False,False,11,4,6,3.397255206699179,0.4890840295767559,0.5258224059593368,3.9157647037811723,,0,0,0,4,2,5,6,2,7,5,8,0,0,3,0,0,3,3,2,S001;S013,S002;S003;S006;S007;S009;S010;S012;S014,S004;S005;S008;S011;S015
3,"1|2,3,6,8|4,5,7,9",False,False,12,4,8,4.336884734034134,0.41897742271860433,0.47061833101765665,3.282640108633764,,0,0,0,4,2,5,6,2,7,5,9,0,0,3,0,0,3,3,3,S001;S013,S002;S003;S006;S007;S009;S012,S004;S005;S008;S010;S011;S014;S015
3,"1,9|2,3,6|4,5,7,8",False,False,15,5,7,4.1715758150169275,0.25289881730015373,0.18081562957388514,1.7402743058883077,,0,0,0,4,3,5,6,3,7,6,10,0,1,3,0,0,3,4,4,S001;S010;S013;S014,S002;S003;S006;S007,S004;S005;S008;S009;S011;S012;S015
3,"1|2,3,6,9|4,5,7,8",False,False,12,5,6,3.650372844844158,0.419479421534924,0.4637027881221327,3.2962692031231904,,0,0,0,4,3,5,6,3,7,5,8,0,1,3,0,0,3,3,2,S001;S013,S002;S003;S006;S007;S010;S014,S004;S005;S008;S009;S011;S012;S015
3,"1|2,3,6|4,5,7,8,9",False,False,13,5,6,3.1426724482965063,0.5430002180603224,0.5314633837216225,4.190378190407606,,0,0,0,4,3,5,6,3,7,5,9,0,1,3,0,0,3,3,3,S001;S013,S002;S003;S006;S007,S004;S005;S008;S009;S010;S011;S012;S014;S015
3,"1,7,8,9|2,3|4,5,6",False,False,14,4,6,3.1964215923229817,0.4304988614467682,0.31465595149823045,2.9218124453497625,,0,0,0,4,2,5,6,2,7,6,10,0,0,3,0,0,3,4,4,S001;S008;S009;S010;S012;S013;S014;S015,S002;S003,S004;S005;S006;S007;S011
3,"1,7,8|2,3,9|4,5,6",False,False,13,4,7,4.12254854603282,0.14707405311448252,0.13050927814438443,1.3629148313832433,,0,0,0,4,2,5,6,2,7,6,9,0,0,3,0,0,3,4,3,S001;S008;S009;S012;S013;S015,S002;S003;S010;S014,S004;S005;S006;S007;S011
3,"1,7,8|2,3|4,5,6,9",False,False,15,4,8,4.136051119657938,0.3264994230625447,0.22865811525713342,2.325210545450615,,0,0,0,4,2,5,6,2,7,6,11,0,0,3,0,0,3,4,5,S001;S008;S009;S012;S013;S015,S002;S003,S004;S005;S006;S007;S010;S011;S014
3,"1,7,9|2,3,8|4,5,6",False,False,14,4,7,4.12254854603282,0.14327173547392336,0.13850996381993572,1.3565975411052074,,0,0,0,4,2,5,6,2,7,6,10,0,0,3,0,0,3,4,4,S001;S008;S010;S013;S014;S015,S002;S003;S009;S012,S004;S005;S006;S007;S011
3,"1,7|2,3,8,9|4,5,6",False,False,12,4,5,2.6752186221502128,0.1984330026474019,0.29606554454763756,1.5320958009203296,,1,0,0,4,2,5,6,2,7,6,8,0,0,3,0,0,3,4,2,S001;S008;S013;S015,S002;S003;S009;S010;S012;S014,S004;S005;S006;S007;S011
3,"1,7|2,3,8|4,5,6,9",False,False,14,4,7,3.614848149485168,0.18186003744533516,0.23120029612171572,1.501258905272837,,0,0,0,4,2,5,6,2,7,6,10,0,0,3,0,0,3,4,4,S001;S008;S013;S015,S002;S003;S009;S012,S004;S005;S006;S007;S010;S011;S014
3,"1,7,9|2,3|4,5,6,8",False,False,15,5,6,3.4495392304679613,0.3267921647398501,0.2084962760845817,2.3355956470121173,,0,0,0,5,2,5,6,2,7,6,10,1,0,3,0,0,3,4,4,S001;S008;S010;S013;S014;S015,S002;S003,S004;S005;S006;S007;S009;S011;S012
3,"1,7|2,3,9|4,5,6,8",False,False,13,5,5,2.928336260295192,0.1853869084067515,0.20079400306525214,1.507963986768305,,0,0,0,5,2,5,6,2,7,6,8,1,0,3,0,0,3,4,2,S001;S008;S013;S015,S002;S003;S010;S014,S004;S005;S006;S007;S009;S011;S012
3,"1,7|2,3|4,5,6,8,9",False,False,15,5,5,2.42063586374754,0.45892600868763606,0.3750719871859827,3.0168890849000305,,0,0,0,5,2,5,6,2,7,6,10,1,0,3,0,0,3,4,4,S001;S008;S013;S015,S002;S003,S004;S005;S006;S007;S009;S010;S011;S012;S014
3,"1,8,9|2,3,7|4,5,6",False,False,11,4,6,3.218461571158774,0.11115178111606432,0.10840961650076901,1.298698256412857,,1,0,0,4,2,4,6,2,6,6,9,0,0,2,0,0,2,4,3,S001;S009;S010;S012;S013;S014,S002;S003;S008;S015,S004;S005;S006;S007;S011
3,"1,8|2,3,7,9|4,5,6",False,False,9,4,7,4.144588524868612,0.2373264807392036,0.3057361522229409,1.6978905423236164,,1,0,0,4,2,4,6,2,6,5,8,0,0,2,0,0,2,3,2,S001;S009;S012;S013,S002;S003;S008;S010;S014;S015,S004;S005;S006;S007;S011
3,"1,8|2,3,7|4,5,6,9",False,False,11,4,8,4.158091098493729,0.19354880084773549,0.1940418059796576,1.5995572523924935,,0,0,0,4,2,4,6,2,6,5,10,0,0,2,0,0,2,3,4,S001;S009;S012;S013,S002;S003;S008;S015,S004;S005;S006;S007;S010;S011;S014
3,"1,9|2,3,7,8|4,5,6",False,False,11,4,7,4.144588524868612,0.24163069688668973,0.2652858331863687,1.7173032611113435,,0,0,0,4,2,4,6,2,6,6,9,0,0,2,0,0,2,4,3,S001;S010;S013;S014,S002;S003;S008;S009;S012;S015,S004;S005;S006;S007;S011
3,"1|2,3,7,8,9|4,5,6",False,False,8,4,5,2.697258600986005,0.5337620187444263,0.5832330797140862,4.146868528048245,,0,0,0,4,2,4,6,2,6,5,7,0,0,2,0,0,2,3,1,S001;S013,S002;S003;S008;S009;S010;S012;S014;S015,S004;S005;S006;S007;S011
3,"1|2,3,7,8|4,5,6,9",False,False,10,4,7,3.6368881283209604,0.41804962985627464,0.4659052541547505,3.25275954076383,,0,0,0,4,2,4,6,2,6,5,9,0,0,2,0,0,2,3,3,S001;S013,S002;S003;S008;S009;S012;S015,S004;S005;S006;S007;S010;S011;S014
3,"1,9|2,3,7|4,5,6,8",False,False,12,5,6,3.471579209303753,0.19807863350354307,0.12032640798072788,1.6182624122652243,,0,0,0,5,2,4,6,2,6,6,9,1,0,2,0,0,2,4,3,S001;S010;S013;S014,S002;S003;S008;S015,S004;S005;S006;S007;S009;S011;S012
3,"1|2,3,7,9|4,5,6,8",False,False,9,5,5,2.9503762391309842,0.4177055955408199,0.47836924433755185,3.239130446274403,,0,0,0,5,2,4,6,2,6,5,7,1,0,2,0,0,2,3,1,S001;S013,S002;S003;S008;S010;S014;S015,S004;S005;S006;S007;S009;S011;S012
3,"1|2,3,7|4,5,6,8,9",False,False,11,5,5,2.4426758425833324,0.4968791843862549,0.48140418823967873,3.9592743661405336,,0,0,0,5,2,4,6,2,6,5,9,1,0,2,0,0,2,3,3,S001;S013,S002;S003;S008;S015,S004;S005;S006;S007;S009;S010;S011;S012;S014
3,"1,8,9|2,3|4,5,6,7",False,False,13,4,6,3.218461571158774,0.3324035564906554,0.20685572093623375,2.4307772716335156,,0,0,0,4,2,4,6,2,7,6,10,0,0,2,0,0,3,4,4,S001;S009;S010;S012;S013;S014,S002;S003,S004;S005;S006;S007;S008;S011;S015
3,"1,8|2,3,9|4,5,6,7",False,False,11,4,7,4.144588524868612,0.22500544009269274,0.1762485657102178,1.6721786426608172,,0,0,0,4,2,4,6,2,7,5,9,0,0,2,0,0,3,3,3,S001;S009;S012;S013,S002;S003;S010;S014,S004;S005;S006;S007;S008;S011;S015
3,"1,8|2,3|4,5,6,7,9",False,False,12,4,8,4.158091098493729,0.4893182609948981,0.39879988464368493,3.1120707095214284,,0,0,0,4,2,4,6,2,7,5,10,0,0,2,0,0,3,3,4,S001;S009;S012;S013,S002;S003,S004;S005;S006;S007;S008;S010;S011;S014;S015
3,"1,9|2,3,8|4,5,6,7",False,False,13,4,7,4.144588524868612,0.22606685343797386,0.14344633405460167,1.6842108334571346,,0,0,0,4,2,4,6,2,7,6,10,0,0,2,0,0,3,4,4,S001;S010;S013;S014,S002;S003;S009;S012,S004;S005;S006;S007;S008;S011;S015
3,"1|2,3,8,9|4,5,6,7",False,False,10,4,5,2.697258600986005,0.41687996460421595,0.45753799624965175,3.1900788761329335,,0,0,0,4,2,4,6,2,7,5,8,0,0,2,0,0,3,3,2,S001;S013,S002;S003;S009;S010;S012;S014,S004;S005;S006;S007;S008;S011;S015
3,"1|2,3,8|4,5,6,7,9",False,False,11,4,7,3.6368881283209604,0.5208839965668741,0.5122011129775934,4.084187863417347,,0,0,0,4,2,4,6,2,7,5,9,0,0,2,0,0,3,3,3,S001;S013,S002;S003;S009;S012,S004;S005;S006;S007;S008;S010;S011;S014;S015
3,"1,9|2,3|4,5,6,7,8",False,False,13,4,6,3.471579209303753,0.49273636800012816,0.32859260088237224,3.122455811082931,,0,0,0,4,2,4,6,2,7,6,10,0,0,2,0,0,3,4,4,S001;S010;S013;S014,S002;S003,S004;S005;S006;S007;S008;S009;S011;S012;S015
3,"1|2,3,9|4,5,6,7,8",False,False,10,4,5,2.9503762391309842,0.5236393143513249,0.47504106369744364,4.097816957906775,,0,0,0,4,2,4,6,2,7,5,8,0,0,2,0,0,3,3,2,S001;S013,S002;S003;S010;S014,S004;S005;S006;S007;S008;S009;S011;S012;S015
3,"1|2,3|4,5,6,7,8,9",False,False,11,4,5,2.4426758425833324,0.7444976316193279,0.6512212234767959,4.991925945191189,,0,0,0,4,2,4,6,2,7,5,9,0,0,2,0,0,3,3,3,S001;S013,S002;S003,S004;S005;S006;S007;S008;S009;S010;S011;S012;S014;S015
3,"1,4,5,6,7,8,9|2|3",False,False,9,4,3,1.4709194169601547,1.0332451877318014,0.8674118096039702,9.985163128506095,,0,0,0,4,2,4,6,2,5,6,8,0,0,2,0,0,1,4,2,S001;S004;S005;S006;S007;S008;S009;S010;S011;S012;S013;S014;S015,S002,S003
3,"1,4,5,6,7,8|2,9|3",False,False,9,4,5,2.8154729278321793,0.7844395530712667,0.5890814606308431,7.156970877077687,,0,0,0,4,2,4,6,2,5,6,8,0,0,2,0,0,1,4,2,S001;S004;S005;S006;S007;S008;S009;S011;S012;S013;S015,S002;S010;S014,S003
3,"1,4,5,6,7,8|2|3,9",False,False,10,4,5,2.918249340842762,0.7915981320853464,0.5898215137273487,8.495187422136883,,0,0,0,4,2,4,6,2,5,6,9,0,0,2,0,0,1,4,3,S001;S004;S005;S006;S007;S008;S009;S011;S012;S013;S015,S002,S003;S010;S014
3,"1,4,5,6,7,9|2,8|3",False,False,10,5,5,2.6651317026977828,0.7809244329924543,0.6516457549328505,7.137836601926736,,0,0,0,5,2,4,6,2,5,6,8,1,0,2,0,0,1,4,2,S001;S004;S005;S006;S007;S008;S010;S011;S013;S014;S015,S002;S009;S012,S003
3,"1,4,5,6,7|2,8,9|3",False,False,10,5,5,2.5623552896872,0.5832153319809978,0.47459527322583606,5.882571449065004,,0,0,0,5,2,4,6,2,5,6,8,1,0,2,0,0,1,4,2,S001;S004;S005;S006;S007;S008;S011;S013;S015,S002;S009;S010;S012;S014,S003
3,"1,4,5,6,7|2,8|3,9",False,False,11,5,6,3.591258656407621,0.5100476784334661,0.3304809947324921,2.7788967283447534,,0,0,0,5,2,4,6,2,5,6,9,1,0,2,0,0,1,4,3,S001;S004;S005;S006;S007;S008;S011;S013;S015,S002;S009;S012,S003;S010;S014
3,"1,4,5,6,7,9|2|3,8",False,False,10,4,6,3.1863346728705517,0.7882240399672217,0.6311982712306975,8.472475403828316,,0,0,0,4,2,4,6,2,5,6,9,0,0,2,0,0,1,4,3,S001;S004;S005;S006;S007;S008;S010;S011;S013;S014;S015,S002,S003;S009;S012
3,"1,4,5,6,7|2,9|3,8",False,False,10,4,7,4.009685213569807,0.5102162395638438,0.3068585949054805,2.8042441055140706,,0,0,0,4,2,4,6,2,5,6,9,0,0,2,0,0,1,4,3,S001;S004;S005;S006;S007;S008;S011;S013;S015,S002;S010;S014,S003;S009;S012
3,"1,4,5,6,7|2|3,8,9",False,False,10,4,5,2.6651317026977828,0.6023922981693312,0.4811568835937208,6.982499697459104,,0,0,0,4,2,4,6,2,5,6,9,0,0,2,0,0,1,4,3,S001;S004;S005;S006;S007;S008;S011;S013;S015,S002,S003;S009;S010;S012;S014
3,"1,4,5,6,8,9|2,7|3",False,False,11,4,5,2.555539175046345,0.7492383702180143,0.610384819346022,6.962466974192754,,0,0,0,4,2,4,6,2,6,6,9,0,0,2,0,0,2,4,3,S001;S004;S005;S006;S007;S009;S010;S011;S012;S013;S014,S002;S008;S015,S003
3,"1,4,5,6,8|2,7,9|3",False,False,11,4,7,3.9000926859183696,0.5628281820244024,0.46525815199729603,5.707201821331022,,0,0,0,4,2,4,6,2,6,6,9,0,0,2,0,0,2,4,3,S001;S004;S005;S006;S007;S009;S011;S012;S013,S002;S008;S010;S014;S015,S003
3,"1,4,5,6,8|2,7|3,9",False,False,12,4,7,4.002869098928953,0.47352289962381194,0.3030400599592959,2.530612338016702,,0,0,0,4,2,4,6,2,6,6,10,0,0,2,0,0,2,4,4,S001;S004;S005;S006;S007;S009;S011;S012;S013,S002;S008;S015,S003;S010;S014
3,"1,4,5,6,9|2,7,8|3",False,False,11,4,7,3.749751460783973,0.5607482877678142,0.4875465758663437,5.688067546180073,,0,0,0,4,2,4,6,2,6,6,9,0,0,2,0,0,2,4,3,S001;S004;S005;S006;S007;S010;S011;S013;S014,S002;S008;S009;S012;S015,S003
3,"1,4,5,6|2,7,8,9|3",False,False,11,4,7,3.6469750477733904,0.5023976794033573,0.4694797415347841,4.821907206824832,,0,0,0,4,2,4,6,2,6,6,9,0,0,2,0,0,2,4,3,S001;S004;S005;S006;S007;S011;S013,S002;S008;S009;S010;S012;S014;S015,S003
3,"1,4,5,6|2,7,8|3,9",False,False,12,4,8,4.675878414493811,0.2618742499300558,0.14257615371030177,1.9655349118011716,,0,0,0,4,2,4,6,2,6,6,10,0,0,2,0,0,2,4,4,S001;S004;S005;S006;S007;S011;S013,S002;S008;S009;S012;S015,S003;S010;S014
3,"1,4,5,6,9|2,7|3,8",False,False,12,4,8,4.270954430956742,0.4695489665575184,0.3549783739665036,2.5009096802095905,,0,0,0,4,2,4,6,2,6,6,10,0,0,2,0,0,2,4,4,S001;S004;S005;S006;S007;S010;S011;S013;S014,S002;S008;S015,S003;S009;S012
3,"1,4,5,6|2,7,9|3,8",False,False,12,4,9,5.094304971655998,0.25916662314016986,0.18909992961529185,1.9489990802502184,,0,0,0,4,2,4,6,2,6,6,10,0,0,2,0,0,2,4,4,S001;S004;S005;S006;S007;S011;S013,S002;S008;S010;S014;S015,S003;S009;S012
3,"1,4,5,6|2,7|3,8,9",False,False,12,4,7,3.749751460783973,0.2566892908125026,0.17718893932063942,1.9338277471741876,,0,0,0,4,2,4,6,2,6,6,10,0,0,2,0,0,2,4,4,S001;S004;S005;S006;S007;S011;S013,S002;S008;S015,S003;S009;S010;S012;S014
3,"1,4,5,6,8,9|2|3,7",False,False,9,4,4,2.024249285421146,0.7578842300722519,0.6378936070621003,8.264315012883864,,0,0,0,4,2,4,6,2,5,6,8,0,0,2,0,0,1,4,2,S001;S004;S005;S006;S007;S009;S010;S011;S012;S013;S014,S002,S003;S008;S015
3,"1,4,5,6,8|2,9|3,7",False,False,9,4,6,3.3688027962931706,0.4753652458426523,0.3321188268014989,2.720644739298573,,0,0,0,4,2,4,6,2,5,6,8,0,0,2,0,0,1,4,2,S001;S004;S005;S006;S007;S009;S011;S012;S013,S002;S010;S014,S003;S008;S015
3,"1,4,5,6,8|2|3,7,9",False,False,10,4,6,3.471579209303753,0.584027502404226,0.4743188944906693,6.774339306514651,,0,0,0,4,2,4,6,2,5,6,9,0,0,2,0,0,1,4,3,S001;S004;S005;S006;S007;S009;S011;S012;S013,S002,S003;S008;S010;S014;S015
3,"1,4,5,6,9|2,8|3,7",False,False,10,5,6,3.218461571158774,0.47122440051724285,0.4044171500051367,2.6870140773549163,,0,0,0,5,2,4,6,2,5,6,8,1,0,2,0,0,1,4,2,S001;S004;S005;S006;S007;S010;S011;S013;S014,S002;S009;S012,S003;S008;S015
3,"1,4,5,6|2,8,9|3,7",False,False,10,5,6,3.1156851581481915,0.2370303891214502,0.20513614272822908,1.80947766603545,,0,0,0,5,2,4,6,2,5,6,8,1,0,2,0,0,1,4,2,S001;S004;S005;S006;S007;S011;S013,S002;S009;S010;S012;S014,S003;S008;S015
3,"1,4,5,6|2,8|3,7,9",False,False,11,5,7,4.144588524868612,0.28288819787301295,0.22294478543079413,2.09403322592011,,0,0,0,5,2,4,6,2,5,6,9,1,0,2,0,0,1,4,3,S001;S004;S005;S006;S007;S011;S013,S002;S009;S012,S003;S008;S010;S014;S015
3,"1,4,5,6,9|2|3,7,8",False,False,10,4,7,3.739664541331543,0.5821710918256426,0.49492830470733123,6.751627288206087,,0,0,0,4,2,4,6,2,5,6,9,0,0,2,0,0,1,4,3,S001;S004;S005;S006;S007;S010;S011;S013;S014,S002,S003;S008;S009;S012;S015
3,"1,4,5,6|2,9|3,7,8",False,False,10,4,8,4.563015082030798,0.2859728490626234,0.15616125908480227,2.113133701818002,,0,0,0,4,2,4,6,2,5,6,9,0,0,2,0,0,1,4,3,S001;S004;S005;S006;S007;S011;S013,S002;S010;S014,S003;S008;S009;S012;S015
3,"1,4,5,6|2|3,7,8,9",False,False,10,4,6,3.218461571158774,0.5368148251410023,0.47038366792597736,5.910492403241554,,0,0,0,4,2,4,6,2,5,6,9,0,0,2,0,0,1,4,3,S001;S004;S005;S006;S007;S011;S013,S002,S003;S008;S009;S010;S012;S014;S015
3,"1,4,5,7,8,9|2,6|3",False,False,13,5,5,2.7022059122985276,0.8085915621212919,0.663669434733078,7.286920235955191,,0,0,0,4,3,5,6,3,6,6,9,0,1,3,0,0,2,4,3,S001;S004;S005;S008;S009;S010;S011;S012;S013;S014;S015,S002;S006;S007,S003
3,"1,4,5,7,8|2,6,9|3",False,False,13,5,7,4.046759423170553,0.6022976415491383,0.48533452793668735,6.031655083093459,,0,0,0,4,3,5,6,3,6,6,9,0,1,3,0,0,2,4,3,S001;S004;S005;S008;S009;S011;S012;S013;S015,S002;S006;S007;S010;S014,S003
3,"1,4,5,7,8|2,6|3,9",False,False,14,5,7,4.149535836181135,0.541708841721201,0.3685074543883154,3.0651934566088355,,0,0,0,4,3,5,6,3,6,6,10,0,1,3,0,0,2,4,4,S001;S004;S005;S008;S009;S011;S012;S013;S015,S002;S006;S007,S003;S010;S014
3,"1,4,5,7,9|2,6,8|3",False,False,13,5,7,3.8964181980361556,0.5997642002896538,0.5184395643885908,6.01252080794251,,0,0,0,5,2,5,6,2,6,6,9,1,0,3,0,0,2,4,3,S001;S004;S005;S008;S010;S011;S013;S014;S015,S002;S006;S007;S009;S012,S003
3,"1,4,5,7|2,6,8,9|3",False,False,13,5,7,3.793641785025573,0.501205137236628,0.4584006274997858,4.757255655080777,,0,0,0,5,2,5,6,2,6,6,9,1,0,3,0,0,2,4,3,S001;S004;S005;S008;S011;S013;S015,S002;S006;S007;S009;S010;S012;S014,S003
3,"1,4,5,7|2,6,8|3,9",False,False,14,5,8,4.822545151745993,0.30102978306964906,0.1720599758032945,2.109399708076117,,0,0,0,5,2,5,6,2,6,6,10,1,0,3,0,0,2,4,4,S001;S004;S005;S008;S011;S013;S015,S002;S006;S007;S009;S012,S003;S010;S014
3,"1,4,5,7,9|2,6|3,8",False,False,14,5,8,4.417621168208925,0.5379094238958008,0.4173404710318713,3.0554697150848815,,0,0,0,4,3,5,6,3,6,6,10,0,1,3,0,0,2,4,4,S001;S004;S005;S008;S010;S011;S013;S014;S015,S002;S006;S007,S003;S009;S012
3,"1,4,5,7|2,6,9|3,8",False,False,14,5,9,5.24097170890818,0.29926971527121365,0.1977733650482293,2.09165355763282,,0,0,0,4,3,5,6,3,6,6,10,0,1,3,0,0,2,4,4,S001;S004;S005;S008;S011;S013;S015,S002;S006;S007;S010;S014,S003;S009;S012
3,"1,4,5,7|2,6|3,8,9",False,False,14,5,7,3.8964181980361556,0.33394919095946635,0.2445509598749425,2.4175634555499723,,0,0,0,4,3,5,6,3,6,6,10,0,1,3,0,0,2,4,4,S001;S004;S005;S008;S011;S013;S015,S002;S006;S007,S003;S009;S010;S012;S014
3,"1,4,5,8,9|2,6,7|3",False,False,12,5,5,2.72424589113432,0.577712729638561,0.48638534755884805,5.8371511802085285,,0,0,0,4,3,4,6,3,7,6,8,0,1,2,0,0,3,4,2,S001;S004;S005;S009;S010;S011;S012;S013;S014,S002;S006;S007;S008;S015,S003
3,"1,4,5,8|2,6,7,9|3",False,False,11,5,7,4.068799402006345,0.5003616345110449,0.47348195665698267,4.672823572796378,,0,0,0,4,3,4,6,3,7,5,8,0,1,2,0,0,3,3,2,S001;S004;S005;S009;S011;S012;S013,S002;S006;S007;S008;S010;S014;S015,S003
3,"1,4,5,8|2,6,7|3,9",False,False,12,5,7,4.1715758150169275,0.27787401671031275,0.1453208805355075,2.0316396152056835,,0,0,0,4,3,4,6,3,7,5,9,0,1,2,0,0,3,3,3,S001;S004;S005;S009;S011;S012;S013,S002;S006;S007;S008;S015,S003;S010;S014
3,"1,4,5,9|2,6,7,8|3",False,False,11,4,7,3.918458176871948,0.5004817023185779,0.45833925815159615,4.691957847947327,,0,0,0,4,2,4,6,2,7,6,8,0,0,2,0,0,3,4,2,S001;S004;S005;S010;S011;S013;S014,S002;S006;S007;S008;S009;S012;S015,S003
3,"1,4,5|2,6,7,8,9|3",False,False,10,4,7,3.8156817638613654,0.5913028501717414,0.5605542009510895,5.94722300080906,,0,0,0,4,2,4,6,2,7,5,8,0,0,2,0,0,3,3,2,S001;S004;S005;S011;S013,S002;S006;S007;S008;S009;S010;S012;S014;S015,S003
3,"1,4,5|2,6,7,8|3,9",False,False,11,4,8,4.844585130581786,0.2919205114627707,0.22694996615024968,2.08044621360537,,0,0,0,4,2,4,6,2,7,5,9,0,0,2,0,0,3,3,3,S001;S004;S005;S011;S013,S002;S006;S007;S008;S009;S012;S015,S003;S010;S014
3,"1,4,5,9|2,6,7|3,8",False,False,13,5,8,4.439661147044717,0.27330351140364434,0.20392224178653517,2.0061347606751174,,0,0,0,4,3,4,6,3,7,6,9,0,1,2,0,0,3,4,3,S001;S004;S005;S010;S011;S013;S014,S002;S006;S007;S008;S015,S003;S009;S012
3,"1,4,5|2,6,7,9|3,8",False,False,12,5,9,5.2630116877439725,0.2873643264749249,0.28827197974408525,2.054530754467953,,0,0,0,4,3,4,6,3,7,5,9,0,1,2,0,0,3,3,3,S001;S004;S005;S011;S013,S002;S006;S007;S008;S010;S014;S015,S003;S009;S012
3,"1,4,5|2,6,7|3,8,9",False,False,12,5,7,3.918458176871948,0.026535626678937333,0.05986938316064035,1.0671742650703502,,1,0,0,4,3,4,6,3,7,5,9,0,1,2,0,0,3,3,3,S001;S004;S005;S011;S013,S002;S006;S007;S008;S015,S003;S009;S010;S012;S014
3,"1,4,5,8,9|2,6|3,7",False,False,11,5,5,2.72424589113432,0.503684212243513,0.3944590291965802,2.9663495933251283,,0,0,0,4,3,4,6,3,6,6,8,0,1,2,0,0,2,4,2,S001;S004;S005;S009;S010;S011;S012;S013;S014,S002;S006;S007,S003;S008;S015
3,"1,4,5,8|2,6,9|3,7",False,False,10,5,7,4.068799402006345,0.25782501169666094,0.2187588836947939,1.8703338653897261,,0,0,0,4,3,4,6,3,6,5,8,0,1,2,0,0,2,3,2,S001;S004;S005;S009;S011;S012;S013,S002;S006;S007;S010;S014,S003;S008;S015
3,"1,4,5,8|2,6|3,7,9",False,False,11,5,7,4.1715758150169275,0.3177948601704663,0.2349720905355073,2.3284433337902186,,0,0,0,4,3,4,6,3,6,5,9,0,1,2,0,0,2,3,3,S001;S004;S005;S009;S011;S012;S013,S002;S006;S007,S003;S008;S010;S014;S015
3,"1,4,5,9|2,6,8|3,7",False,False,11,5,7,3.918458176871948,0.25497283121083475,0.23931615393031758,1.8625232209103764,,0,0,0,5,2,4,6,2,6,6,8,1,0,2,0,0,2,4,2,S001;S004;S005;S010;S011;S013;S014,S002;S006;S007;S009;S012,S003;S008;S015
3,"1,4,5|2,6,8,9|3,7",False,False,10,5,7,3.8156817638613654,0.24563072814711107,0.28287745047963425,1.8358685421845284,,0,0,0,5,2,4,6,2,6,5,8,1,0,2,0,0,2,3,2,S001;S004;S005;S011;S013,S002;S006;S007;S009;S010;S012;S014,S003;S008;S015
3,"1,4,5|2,6,8|3,7,9",False,False,11,5,8,4.844585130581786,0.05983821207025541,0.09810707481936665,1.1427570835853678,,0,0,0,5,2,4,6,2,6,5,9,1,0,2,0,0,2,3,3,S001;S004;S005;S011;S013,S002;S006;S007;S009;S012,S003;S008;S010;S014;S015
3,"1,4,5,9|2,6|3,7,8",False,False,12,5,8,4.439661147044717,0.3163181537620894,0.25011437445688967,2.3187195922662647,,0,0,0,4,3,4,6,3,6,6,9,0,1,2,0,0,2,4,3,S001;S004;S005;S010;S011;S013;S014,S002;S006;S007,S003;S008;S009;S012;S015
3,"1,4,5|2,6,9|3,7,8",False,False,11,5,9,5.2630116877439725,0.06408435747645416,0.09140810589030178,1.1554779678900178,,0,0,0,4,3,4,6,3,6,5,9,0,1,2,0,0,2,3,3,S001;S004;S005;S011;S013,S002;S006;S007;S010;S014,S003;S008;S009;S012;S015
3,"1,4,5|2,6|3,7,8,9",False,False,11,5,7,3.918458176871948,0.3604168709262247,0.3042041212195483,2.530470855896647,,0,0,0,4,3,4,6,3,6,5,9,0,1,2,0,0,2,3,3,S001;S004;S005;S011;S013,S002;S006;S007,S003;S008;S009;S010;S012;S014;S015
3,"1,4,5,7,8,9|2|3,6",False,False,11,5,4,2.1709160226733286,0.8148217802392899,0.6939494117984332,8.649434823448328,,0,0,0,4,3,4,6,3,6,6,8,0,1,2,0,0,2,4,2,S001;S004;S005;S008;S009;S010;S011;S012;S013;S014;S015,S002,S003;S006;S007
3,"1,4,5,7,8|2,9|3,6",False,False,11,5,6,3.515469533545353,0.5406297236733649,0.39978343890730883,2.875312838902657,,0,0,0,4,3,4,6,3,6,6,8,0,1,2,0,0,2,4,2,S001;S004;S005;S008;S009;S011;S012;S013;S015,S002;S010;S014,S003;S006;S007
3,"1,4,5,7,8|2|3,6,9",False,False,12,5,6,3.618245946555936,0.6198055005665806,0.49740351788923876,7.159459117079114,,0,0,0,4,3,4,6,3,6,6,9,0,1,2,0,0,2,4,3,S001;S004;S005;S008;S009;S011;S012;S013;S015,S002,S003;S006;S007;S010;S014
3,"1,4,5,7,9|2,8|3,6",False,False,12,6,6,3.3651283084109567,0.5366624641213736,0.46850226518570665,2.840284142226925,,0,0,0,5,3,4,6,3,6,6,8,1,1,2,0,0,2,4,2,S001;S004;S005;S008;S010;S011;S013;S014;S015,S002;S009;S012,S003;S006;S007
3,"1,4,5,7|2,8,9|3,6",False,False,12,6,6,3.262351895400374,0.314483582918145,0.2745054669863706,2.2383759009114503,,0,0,0,5,3,4,6,3,6,6,8,1,1,2,0,0,2,4,2,S001;S004;S005;S008;S011;S013;S015,S002;S009;S010;S012;S014,S003;S006;S007
3,"1,4,5,7|2,8|3,6,9",False,False,13,6,7,4.291255262120795,0.31544350501759666,0.23657692905191302,2.247303290792119,,0,0,0,5,3,4,6,3,6,6,9,1,1,2,0,0,2,4,3,S001;S004;S005;S008;S011;S013;S015,S002;S009;S012,S003;S006;S007;S010;S014
3,"1,4,5,7,9|2|3,6,8",False,False,11,4,7,3.8863312785837256,0.6174831838239196,0.5248341755940604,7.13674709877055,,0,0,0,4,2,4,6,2,6,6,9,0,0,2,0,0,2,4,3,S001;S004;S005;S008;S010;S011;S013;S014;S015,S002,S003;S006;S007;S009;S012
3,"1,4,5,7|2,9|3,6,8",False,False,11,4,8,4.709681819282981,0.3176556726281395,0.18229392562519997,2.267801801422086,,0,0,0,4,2,4,6,2,6,6,9,0,0,2,0,0,2,4,3,S001;S004;S005;S008;S011;S013;S015,S002;S010;S014,S003;S006;S007;S009;S012
3,"1,4,5,7|2|3,6,8,9",False,False,11,4,6,3.3651283084109567,0.5329701363556729,0.46185821165042434,5.646771392401336,,0,0,0,4,2,4,6,2,6,6,9,0,0,2,0,0,2,4,3,S001;S004;S005;S008;S011;S013;S015,S002,S003;S006;S007;S009;S010;S012;S014
3,"1,4,5,8,9|2,7|3,6",False,False,11,5,5,2.72424589113432,0.5007810240980377,0.3984765931694296,2.7464865206059117,,0,0,0,4,3,3,6,3,7,6,8,0,1,1,0,0,3,4,2,S001;S004;S005;S009;S010;S011;S012;S013;S014,S002;S008;S015,S003;S006;S007
3,"1,4,5,8|2,7,9|3,6",False,False,10,5,7,4.068799402006345,0.2946103041064868,0.27252078739306973,2.15586127968181,,0,0,0,4,3,3,6,3,7,5,8,0,1,1,0,0,3,3,2,S001;S004;S005;S009;S011;S012;S013,S002;S008;S010;S014;S015,S003;S006;S007
3,"1,4,5,8|2,7|3,6,9",False,False,11,5,7,4.1715758150169275,0.2735685935703426,0.18460065430663805,1.9988660779078908,,0,0,0,4,3,3,6,3,7,5,9,0,1,1,0,0,3,3,3,S001;S004;S005;S009;S011;S012;S013,S002;S008;S015,S003;S006;S007;S010;S014
3,"1,4,5,9|2,7,8|3,6",False,False,11,5,7,3.918458176871948,0.29272317246010077,0.2796601700119638,2.146858252835113,,0,0,0,4,3,3,6,3,7,6,8,0,1,1,0,0,3,4,2,S001;S004;S005;S010;S011;S013;S014,S002;S008;S009;S012;S015,S003;S006;S007
3,"1,4,5|2,7,8,9|3,6",False,False,10,5,7,3.8156817638613654,0.3228742972823002,0.3453799015048003,2.2687956399107336,,0,0,0,4,3,3,6,3,7,5,8,0,1,1,0,0,3,3,2,S001;S004;S005;S011;S013,S002;S008;S009;S010;S012;S014;S015,S003;S006;S007
3,"1,4,5|2,7,8|3,6,9",False,False,11,5,8,4.844585130581786,0.03191671140922609,0.08008433416661422,1.0783541964103984,,1,0,0,4,3,3,6,3,7,5,9,0,1,1,0,0,3,3,3,S001;S004;S005;S011;S013,S002;S008;S009;S012;S015,S003;S006;S007;S010;S014
3,"1,4,5,9|2,7|3,6,8",False,False,11,4,8,4.439661147044717,0.271199484193171,0.21150357626329355,1.9905186739575713,,0,0,0,4,2,3,6,2,7,6,9,0,0,1,0,0,3,4,3,S001;S004;S005;S010;S011;S013;S014,S002;S008;S015,S003;S006;S007;S009;S012
3,"1,4,5|2,7,9|3,6,8",False,False,10,4,9,5.2630116877439725,0.02892121879135265,0.11413029624503866,1.0725690557677117,,1,0,0,4,2,3,6,2,7,5,9,0,0,1,0,0,3,3,3,S001;S004;S005;S011;S013,S002;S008;S010;S014;S015,S003;S006;S007;S009;S012
3,"1,4,5|2,7|3,6,8,9",False,False,10,4,7,3.918458176871948,0.283115984146805,0.24236046011201545,2.0307537789236325,,0,0,0,4,2,3,6,2,7,5,9,0,0,1,0,0,3,3,3,S001;S004;S005;S011;S013,S002;S008;S015,S003;S006;S007;S009;S010;S012;S014
3,"1,4,5,8,9|2|3,6,7",False,False,10,5,4,2.1929560015091205,0.5974082255796911,0.5026047159773842,6.928586707826099,,0,0,0,4,3,4,6,3,6,6,7,0,1,2,0,0,2,4,1,S001;S004;S005;S009;S010;S011;S012;S013;S014,S002,S003;S006;S007;S008;S015
3,"1,4,5,8|2,9|3,6,7",False,False,9,5,6,3.5375095123811455,0.29845664487191476,0.16020664101872154,2.184202435206589,,0,0,0,4,3,4,6,3,6,5,7,0,1,2,0,0,2,3,1,S001;S004;S005;S009;S011;S012;S013,S002;S010;S014,S003;S006;S007;S008;S015
3,"1,4,5,8|2|3,6,7,9",False,False,10,5,6,3.640285925391728,0.5336558306556418,0.47445333353123936,5.73353298362154,,0,0,0,4,3,4,6,3,6,5,8,0,1,2,0,0,2,3,2,S001;S004;S005;S009;S011;S012;S013,S002,S003;S006;S007;S008;S010;S014;S015
3,"1,4,5,9|2,8|3,6,7",False,False,11,6,6,3.387168287246749,0.2939136475425015,0.24706881426718247,2.155420639802282,,0,0,0,5,3,4,6,3,6,6,7,1,1,2,0,0,2,4,1,S001;S004;S005;S010;S011;S013;S014,S002;S009;S012,S003;S006;S007;S008;S015
3,"1,4,5|2,8,9|3,6,7",False,False,10,6,6,3.284391874236166,0.03335224206944647,0.05097208727316949,1.0809068282999699,,1,0,0,5,3,4,6,3,6,5,7,1,1,2,0,0,2,3,1,S001;S004;S005;S011;S013,S002;S009;S010;S012;S014,S003;S006;S007;S008;S015
3,"1,4,5|2,8|3,6,7,9",False,False,11,6,7,4.313295240956586,0.3248859327439767,0.3061333191649159,2.2818326874887704,,0,0,0,5,3,4,6,3,6,5,8,1,1,2,0,0,2,3,2,S001;S004;S005;S011;S013,S002;S009;S012,S003;S006;S007;S008;S010;S014;S015
3,"1,4,5,9|2|3,6,7,8",False,False,10,4,7,3.908371257419518,0.5339294817644008,0.4680807800807639,5.756245001930106,,0,0,0,4,2,4,6,2,6,6,8,0,0,2,0,0,2,4,2,S001;S004;S005;S010;S011;S013;S014,S002,S003;S006;S007;S008;S009;S012;S015
3,"1,4,5|2,9|3,6,7,8",False,False,9,4,8,4.731721798118773,0.3294452182925482,0.24006810153303612,2.311767535404447,,0,0,0,4,2,4,6,2,6,5,8,0,0,2,0,0,2,3,2,S001;S004;S005;S011;S013,S002;S010;S014,S003;S006;S007;S008;S009;S012;S015
3,"1,4,5|2|3,6,7,8,9",False,False,9,4,6,3.387168287246749,0.6289038146339117,0.5575836023397318,7.2462207082993215,,0,0,0,4,2,4,6,2,6,5,8,0,0,2,0,0,2,3,2,S001;S004;S005;S011;S013,S002,S003;S006;S007;S008;S009;S010;S012;S014;S015
3,"1,4,6,7,8,9|2,5|3",False,False,10,4,4,1.7390047489879445,0.826392886621443,0.6962611447715602,7.381151356574352,,0,0,0,4,2,4,6,2,6,6,8,0,0,2,0,0,2,4,2,S001;S004;S006;S007;S008;S009;S010;S012;S013;S014;S015,S002;S005;S011,S003
3,"1,4,6,7,8|2,5,9|3",False,False,10,4,6,3.083558259859969,0.6151174649448384,0.48874642171319505,6.12588620371262,,0,0,0,4,2,4,6,2,6,6,8,0,0,2,0,0,2,4,2,S001;S004;S006;S007;S008;S009;S012;S013;S015,S002;S005;S010;S011;S014,S003
3,"1,4,6,7,8|2,5|3,9",False,False,11,4,6,3.1863346728705517,0.5619648004044072,0.4023408982729351,3.269653465399513,,0,0,0,4,2,4,6,2,6,6,9,0,0,2,0,0,2,4,3,S001;S004;S006;S007;S008;S009;S012;S013;S015,S002;S005;S011,S003;S010;S014
3,"1,4,6,7,9|2,5,8|3",False,False,12,6,4,2.397046370669993,0.6124690948290332,0.5275674181655349,6.10675192856167,,0,0,0,5,3,4,6,3,6,6,8,1,1,2,0,0,2,4,2,S001;S004;S006;S007;S008;S010;S013;S014;S015,S002;S005;S009;S011;S012,S003
3,"1,4,6,7|2,5,8,9|3",False,False,12,6,4,2.2942699576594103,0.5031004310311559,0.4387938840208154,4.851486775699938,,0,0,0,5,3,4,6,3,6,6,8,1,1,2,0,0,2,4,2,S001;S004;S006;S007;S008;S013;S015,S002;S005;S009;S010;S011;S012;S014,S003
3,"1,4,6,7|2,5,8|3,9",False,False,13,6,5,3.323173324379831,0.31507349211959657,0.16712005188417428,2.1511824317170998,,0,0,0,5,3,4,6,3,6,6,9,1,1,2,0,0,2,4,3,S001;S004;S006;S007;S008;S013;S015,S002;S005;S009;S011;S012,S003;S010;S014
3,"1,4,6,7,9|2,5|3,8",False,False,12,5,6,3.1863346728705517,0.5582111077039767,0.4370978222145362,3.2594406656551604,,0,0,0,4,3,4,6,3,6,6,9,0,1,2,0,0,2,4,3,S001;S004;S006;S007;S008;S010;S013;S014;S015,S002;S005;S011,S003;S009;S012
3,"1,4,6,7|2,5,9|3,8",False,False,12,5,7,4.009685213569807,0.3135563950335605,0.17637591025777885,2.1330847677617712,,0,0,0,4,3,4,6,3,6,6,9,0,1,2,0,0,2,4,3,S001;S004;S006;S007;S008;S013;S015,S002;S005;S010;S011;S014,S003;S009;S012
3,"1,4,6,7|2,5|3,8,9",False,False,12,5,5,2.6651317026977828,0.3564073982965854,0.28031169262129907,2.5894507375754983,,0,0,0,4,3,4,6,3,6,6,9,0,1,2,0,0,2,4,3,S001;S004;S006;S007;S008;S013;S015,S002;S005;S011,S003;S009;S010;S012;S014
3,"1,4,6,8,9|2,5,7|3",False,False,13,4,6,2.823624507074135,0.5892941098653046,0.5000724274261584,5.931382300827688,,0,0,0,4,2,5,6,2,7,6,9,0,0,3,0,0,3,4,3,S001;S004;S006;S007;S009;S010;S012;S013;S014,S002;S005;S008;S011;S015,S003
3,"1,4,6,8|2,5,7,9|3",False,False,13,4,8,4.168178017946159,0.5003793292751104,0.4687163063904779,4.6761171479659565,,0,0,0,4,2,5,6,2,7,6,9,0,0,3,0,0,3,4,3,S001;S004;S006;S007;S009;S012;S013,S002;S005;S008;S010;S011;S014;S015,S003
3,"1,4,6,8|2,5,7|3,9",False,False,14,4,8,4.270954430956742,0.2897940614783161,0.1628800447375128,2.073422338846666,,0,0,0,4,2,5,6,2,7,6,10,0,0,3,0,0,3,4,4,S001;S004;S006;S007;S009;S012;S013,S002;S005;S008;S011;S015,S003;S010;S014
3,"1,4,6,9|2,5,7,8|3",False,False,14,5,6,3.481666128756183,0.500293805416421,0.4520528755814166,4.656982872815006,,0,0,0,4,3,5,6,3,7,6,9,0,1,3,0,0,3,4,3,S001;S004;S006;S007;S010;S013;S014,S002;S005;S008;S009;S011;S012;S015,S003
3,"1,4,6|2,5,7,8,9|3",False,False,14,5,6,3.3788897157456006,0.5796146788542429,0.5437845735414832,5.852991880189898,,0,0,0,4,3,5,6,3,7,6,9,0,1,3,0,0,3,4,3,S001;S004;S006;S007;S013,S002;S005;S008;S009;S010;S011;S012;S014;S015,S003
3,"1,4,6|2,5,7,8|3,9",False,False,15,5,7,4.407793082466021,0.27978674265393266,0.20150108336363906,2.0386634899643874,,0,0,0,4,3,5,6,3,7,6,10,0,1,3,0,0,3,4,4,S001;S004;S006;S007;S013,S002;S005;S008;S009;S011;S012;S015,S003;S010;S014
3,"1,4,6,9|2,5,7|3,8",False,False,15,5,8,4.270954430956742,0.285234224812671,0.20783999180032742,2.0475659708040688,,0,0,0,4,3,5,6,3,7,6,10,0,1,3,0,0,3,4,4,S001;S004;S006;S007;S010;S013;S014,S002;S005;S008;S011;S015,S003;S009;S012
3,"1,4,6|2,5,7,9|3,8",False,False,15,5,9,5.094304971655998,0.27521658331040105,0.27857773588250223,2.0130995443390014,,0,0,0,4,3,5,6,3,7,6,10,0,1,3,0,0,3,4,4,S001;S004;S006;S007;S013,S002;S005;S008;S010;S011;S014;S015,S003;S009;S012
3,"1,4,6|2,5,7|3,8,9",False,False,15,5,7,3.749751460783973,0.024879150147011066,0.05721596948556473,1.0620875595375245,,0,0,0,4,3,5,6,3,7,6,10,0,1,3,0,0,3,4,4,S001;S004;S006;S007;S013,S002;S005;S008;S011;S015,S003;S009;S010;S012;S014
3,"1,4,6,8,9|2,5|3,7",False,False,10,4,5,2.292334617448936,0.5244120564913677,0.4502046179559239,3.16583822317121,,0,0,0,4,2,4,6,2,6,6,8,0,0,2,0,0,2,4,2,S001;S004;S006;S007;S009;S010;S012;S013;S014,S002;S005;S011,S003;S008;S015
3,"1,4,6,8|2,5,9|3,7",False,False,10,4,7,3.6368881283209604,0.27255479068668187,0.2234473900272145,1.9087991731288836,,0,0,0,4,2,4,6,2,6,6,8,0,0,2,0,0,2,4,2,S001;S004;S006;S007;S009;S012;S013,S002;S005;S010;S011;S014,S003;S008;S015
3,"1,4,6,8|2,5|3,7,9",False,False,11,4,7,3.739664541331543,0.33993362800813587,0.29495181445446716,2.495848295091548,,0,0,0,4,2,4,6,2,6,6,9,0,0,2,0,0,2,4,3,S001;S004;S006;S007;S009;S012;S013,S002;S005;S011,S003;S008;S010;S014;S015
3,"1,4,6,9|2,5,8|3,7",False,False,12,6,5,2.9503762391309842,0.2694768476746074,0.2562064695830538,1.9009885286495334,,0,0,0,5,3,4,6,3,6,6,8,1,1,2,0,0,2,4,2,S001;S004;S006;S007;S010;S013;S014,S002;S005;S009;S011;S012,S003;S008;S015
3,"1,4,6|2,5,8,9|3,7",False,False,12,6,5,2.8475998261204016,0.23333075092407998,0.2340848666510202,1.7974032344453712,,0,0,0,5,3,4,6,3,6,6,8,1,1,2,0,0,2,4,2,S001;S004;S006;S007;S013,S002;S005;S009;S010;S011;S012;S014,S003;S008;S015
3,"1,4,6|2,5,8|3,7,9",False,False,13,6,6,3.8765031928408225,0.06662069776435672,0.12421141278560612,1.1769644306389364,,0,0,0,5,3,4,6,3,6,6,9,1,1,2,0,0,2,4,3,S001;S004;S006;S007;S013,S002;S005;S009;S011;S012,S003;S008;S010;S014;S015
3,"1,4,6,9|2,5|3,7,8",False,False,12,5,7,3.739664541331543,0.3384015328762752,0.30240405746672605,2.485635495347195,,0,0,0,4,3,4,6,3,6,6,9,0,1,2,0,0,2,4,3,S001;S004;S006;S007;S010;S013;S014,S002;S005;S011,S003;S008;S009;S012;S015
3,"1,4,6|2,5,9|3,7,8",False,False,12,5,8,4.563015082030798,0.07118557344340426,0.07521702168719746,1.1902776257707541,,0,0,0,4,3,4,6,3,6,6,9,0,1,2,0,0,2,4,3,S001;S004;S006;S007;S013,S002;S005;S010;S011;S014,S003;S008;S009;S012;S015
3,"1,4,6|2,5|3,7,8,9",False,False,12,5,6,3.218461571158774,0.370957979927211,0.34915070581786817,2.6577415747353954,,0,0,0,4,3,4,6,3,6,6,9,0,1,2,0,0,2,4,3,S001;S004;S006;S007;S013,S002;S005;S011,S003;S008;S009;S010;S012;S014;S015
3,"1,4,7,8,9|2,5,6|3",False,False,13,4,6,2.9702912443263174,0.633683324694849,0.5386052469527508,6.255835562590125,,0,0,0,4,2,5,6,2,7,6,9,0,0,3,0,0,3,4,3,S001;S004;S008;S009;S010;S012;S013;S014;S015,S002;S005;S006;S007;S011,S003
3,"1,4,7,8|2,5,6,9|3",False,False,13,4,8,4.314844755198342,0.5081251704532466,0.46201809493163787,5.000570409728394,,0,0,0,4,2,5,6,2,7,6,9,0,0,3,0,0,3,4,3,S001;S004;S008;S009;S012;S013;S015,S002;S005;S006;S007;S010;S011;S014,S003
3,"1,4,7,8|2,5,6|3,9",False,False,14,4,8,4.417621168208925,0.3391606698107133,0.21368708955729082,2.217287135121612,,0,0,0,4,2,5,6,2,7,6,10,0,0,3,0,0,3,4,4,S001;S004;S008;S009;S012;S013;S015,S002;S005;S006;S007;S011,S003;S010;S014
3,"1,4,7,9|2,5,6,8|3",False,False,15,6,6,3.628332866008366,0.5073432512610841,0.45849723694921257,4.981436134577443,,0,0,0,5,3,5,6,3,7,6,9,1,1,3,0,0,3,4,3,S001;S004;S008;S010;S013;S014;S015,S002;S005;S006;S007;S009;S011;S012,S003
3,"1,4,7|2,5,6,8,9|3",False,False,15,6,6,3.525556452997783,0.544592660998463,0.5073463604219933,5.528538618427461,,0,0,0,5,3,5,6,3,7,6,9,1,1,3,0,0,3,4,3,S001;S004;S008;S013;S015,S002;S005;S006;S007;S009;S010;S011;S012;S014,S003
3,"1,4,7|2,5,6,8|3,9",False,False,16,6,7,4.554459819718204,0.24929151215193773,0.15876626135444025,1.894798693689442,,0,0,0,5,3,5,6,3,7,6,10,1,1,3,0,0,3,4,4,S001;S004;S008;S013;S015,S002;S005;S006;S007;S009;S011;S012,S003;S010;S014
3,"1,4,7,9|2,5,6|3,8",False,False,15,5,8,4.417621168208925,0.33474424337505077,0.2561599740035626,2.19022044818667,,0,0,0,4,3,5,6,3,7,6,10,0,1,3,0,0,3,4,4,S001;S004;S008;S010;S013;S014;S015,S002;S005;S006;S007;S011,S003;S009;S012
3,"1,4,7|2,5,6,9|3,8",False,False,15,5,9,5.24097170890818,0.24487552104131707,0.23506018941327747,1.8704450669564001,,0,0,0,4,3,5,6,3,7,6,10,0,1,3,0,0,3,4,4,S001;S004;S008;S013;S015,S002;S005;S006;S007;S010;S011;S014,S003;S009;S012
3,"1,4,7|2,5,6|3,8,9",False,False,15,5,7,3.8964181980361556,0.08986919040619669,0.06335910449130916,1.2425233387782126,,0,0,0,4,3,5,6,3,7,6,10,0,1,3,0,0,3,4,4,S001;S004;S008;S013;S015,S002;S005;S006;S007;S011,S003;S009;S010;S012;S014
3,"1,4,8,9|2,5,6,7|3",False,False,12,4,6,2.9923312231621098,0.5020618159912213,0.4474121685852054,4.806066506843463,,0,0,0,4,2,4,6,2,8,6,8,0,0,2,0,0,4,4,2,S001;S004;S009;S010;S012;S013;S014,S002;S005;S006;S007;S008;S011;S015,S003
3,"1,4,8|2,5,6,7,9|3",False,False,11,4,8,4.336884734034134,0.5624680724720742,0.5471364670960346,5.703908246161443,,0,0,0,4,2,4,6,2,8,5,8,0,0,2,0,0,4,3,2,S001;S004;S009;S012;S013,S002;S005;S006;S007;S008;S010;S011;S014;S015,S003
3,"1,4,8|2,5,6,7|3,9",False,False,12,4,8,4.439661147044717,0.26339188927840795,0.17359915142058338,1.9725587865598755,,0,0,0,4,2,4,6,2,8,5,9,0,0,2,0,0,4,3,3,S001;S004;S009;S012;S013,S002;S005;S006;S007;S008;S011;S015,S003;S010;S014
3,"1,4,9|2,5,6,7,8|3",False,False,13,5,6,3.650372844844158,0.5645722632526157,0.503195655131087,5.723042521312394,,0,0,0,4,3,4,6,3,8,6,8,0,1,2,0,0,4,4,2,S001;S004;S010;S013;S014,S002;S005;S006;S007;S008;S009;S011;S012;S015,S003
3,"1,4|2,5,6,7,8,9|3",False,False,12,5,6,3.5475964318335755,0.7520594822682738,0.6843597465783333,6.9783076741741255,,0,0,0,4,3,4,6,3,8,5,8,0,1,2,0,0,4,3,2,S001;S004;S013,S002;S005;S006;S007;S008;S009;S010;S011;S012;S014;S015,S003
3,"1,4|2,5,6,7,8|3,9",False,False,13,5,7,4.576499798553996,0.4767858430953302,0.3788920013684059,2.537636212775406,,0,0,0,4,3,4,6,3,8,5,9,0,1,2,0,0,4,3,3,S001;S004;S013,S002;S005;S006;S007;S008;S009;S011;S012;S015,S003;S010;S014
3,"1,4,9|2,5,6,7|3,8",False,False,14,5,8,4.439661147044717,0.26073319107812953,0.19446962177190524,1.9559638639141026,,0,0,0,4,3,4,6,3,8,6,9,0,1,2,0,0,4,4,3,S001;S004;S010;S013;S014,S002;S005;S006;S007;S008;S011;S015,S003;S009;S012
3,"1,4|2,5,6,7,9|3,8",False,False,13,5,9,5.2630116877439725,0.47282104636376954,0.4444185738933613,2.507874463873475,,0,0,0,4,3,4,6,3,8,5,9,0,1,2,0,0,4,3,3,S001;S004;S013,S002;S005;S006;S007;S008;S010;S011;S014;S015,S003;S009;S012
3,"1,4|2,5,6,7|3,8,9",False,False,13,5,7,3.918458176871948,0.2604580122638321,0.2393808782289331,1.9542432478860057,,0,0,0,4,3,4,6,3,8,5,9,0,1,2,0,0,4,3,3,S001;S004;S013,S002;S005;S006;S007;S008;S011;S015,S003;S009;S010;S012;S014
3,"1,4,8,9|2,5,6|3,7",False,False,11,4,6,2.9923312231621098,0.29448589276845555,0.24970155700935684,1.9618447280038096,,0,0,0,4,2,4,6,2,7,6,8,0,0,2,0,0,3,4,2,S001;S004;S009;S010;S012;S013;S014,S002;S005;S006;S007;S011,S003;S008;S015
3,"1,4,8|2,5,6,9|3,7",False,False,10,4,8,4.336884734034134,0.2172380956521431,0.2734553518546666,1.736547035091095,,0,0,0,4,2,4,6,2,7,5,8,0,0,2,0,0,3,3,2,S001;S004;S009;S012;S013,S002;S005;S006;S007;S010;S011;S014,S003;S008;S015
3,"1,4,8|2,5,6|3,7,9",False,False,11,4,8,4.439661147044717,0.08868470900889543,0.10489645586863544,1.2354751023926118,,0,0,0,4,2,4,6,2,7,5,9,0,0,2,0,0,3,3,3,S001;S004;S009;S012;S013,S002;S005;S006;S007;S011,S003;S008;S010;S014;S015
3,"1,4,9|2,5,6,8|3,7",False,False,13,6,6,3.650372844844158,0.21904597010775653,0.22211604210943042,1.744357679570445,,0,0,0,5,3,4,6,3,7,6,8,1,1,2,0,0,3,4,2,S001;S004;S010;S013;S014,S002;S005;S006;S007;S009;S011;S012,S003;S008;S015
3,"1,4|2,5,6,8,9|3,7",False,False,12,6,6,3.5475964318335755,0.4370342608363554,0.4249002420047357,2.4286302675104277,,0,0,0,5,3,4,6,3,7,5,8,1,1,2,0,0,3,3,2,S001;S004;S013,S002;S005;S006;S007;S009;S010;S011;S012;S014,S003;S008;S015
3,"1,4|2,5,6,8|3,7,9",False,False,13,6,7,4.576499798553996,0.2457597466500654,0.23867820030829306,1.8772051705002089,,0,0,0,5,3,4,6,3,7,5,9,1,1,2,0,0,3,3,3,S001;S004;S013,S002;S005;S006;S007;S009;S011;S012,S003;S008;S010;S014;S015
3,"1,4,9|2,5,6|3,7,8",False,False,13,5,8,4.439661147044717,0.08974546378497097,0.08018036801735808,1.2418555888389724,,0,0,0,4,3,4,6,3,7,6,9,0,1,2,0,0,3,4,3,S001;S004;S010;S013;S014,S002;S005;S006;S007;S011,S003;S008;S009;S012;S015
3,"1,4|2,5,6,9|3,7,8",False,False,12,5,9,5.2630116877439725,0.24453706654332164,0.27145645715173744,1.8687996798297486,,0,0,0,4,3,4,6,3,7,5,9,0,1,2,0,0,3,3,3,S001;S004;S013,S002;S005;S006;S007;S010;S011;S014,S003;S008;S009;S012;S015
3,"1,4|2,5,6|3,7,8,9",False,False,12,5,7,3.918458176871948,0.33428228161799683,0.30257592580135645,2.1874140852790616,,0,0,0,4,3,4,6,3,7,5,9,0,1,2,0,0,3,3,3,S001;S004;S013,S002;S005;S006;S007;S011,S003;S008;S009;S010;S012;S014;S015
3,"1,4,7,8,9|2,5|3,6",False,False,12,5,5,2.4390013547011185,0.5877639380970958,0.512945804481799,3.3390131233250515,,0,0,0,4,3,4,6,3,7,6,8,0,1,2,0,0,3,4,2,S001;S004;S008;S009;S010;S012;S013;S014;S015,S002;S005;S011,S003;S006;S007
3,"1,4,7,8|2,5,9|3,6",False,False,12,5,7,3.783554865573143,0.3485784125044754,0.29249684590615493,2.352859948569839,,0,0,0,4,3,4,6,3,7,6,8,0,1,2,0,0,3,4,2,S001;S004;S008;S009;S012;S013;S015,S002;S005;S010;S011;S014,S003;S006;S007
3,"1,4,7,8|2,5|3,6,9",False,False,13,5,7,3.8863312785837256,0.3735478831323112,0.31204925191176447,2.66902319524539,,0,0,0,4,3,4,6,3,7,6,9,0,1,2,0,0,3,4,3,S001;S004;S008;S009;S012;S013;S015,S002;S005;S011,S003;S006;S007;S010;S014
3,"1,4,7,9|2,5,8|3,6",False,False,14,6,5,3.097042976383167,0.34566508467072415,0.32840623829715515,2.343856921723141,,0,0,0,5,4,4,6,4,7,6,8,1,2,2,0,0,3,4,2,S001;S004;S008;S010;S013;S014;S015,S002;S005;S009;S011;S012,S003;S006;S007
3,"1,4,7|2,5,8,9|3,6",False,False,14,6,5,2.9942665633725842,0.27941398042787396,0.2683295990939603,2.071796971022705,,0,0,0,5,4,4,6,4,7,6,8,1,2,2,0,0,3,4,2,S001;S004;S008;S013;S015,S002;S005;S009;S010;S011;S012;S014,S003;S006;S007
3,"1,4,7|2,5,8|3,6,9",False,False,15,6,6,4.023169930093005,0.06949535456662503,0.08293090483039772,1.1836788707021333,,0,0,0,5,4,4,6,4,7,6,9,1,2,2,0,0,3,4,3,S001;S004;S008;S013;S015,S002;S005;S009;S011;S012,S003;S006;S007;S010;S014
3,"1,4,7,9|2,5|3,6,8",False,False,13,5,7,3.8863312785837256,0.3712011774963305,0.32915681295412275,2.6588103955010363,,0,0,0,4,3,4,6,3,7,6,9,0,1,2,0,0,3,4,3,S001;S004;S008;S010;S013;S014;S015,S002;S005;S011,S003;S006;S007;S009;S012
3,"1,4,7|2,5,9|3,6,8",False,False,13,5,8,4.709681819282981,0.07144547845800771,0.007428427033259472,1.1909176420652658,,0,0,0,4,3,4,6,3,7,6,9,0,1,2,0,0,3,4,3,S001;S004;S008;S013;S015,S002;S005;S010;S011;S014,S003;S006;S007;S009;S012
3,"1,4,7|2,5|3,6,8,9",False,False,13,5,6,3.3651283084109567,0.33824436019138926,0.314526764950709,2.484566674581554,,0,0,0,4,3,4,6,3,7,6,9,0,1,2,0,0,3,4,3,S001;S004;S008;S013;S015,S002;S005;S011,S003;S006;S007;S009;S010;S012;S014
3,"1,4,8,9|2,5,7|3,6",False,False,13,5,6,2.9923312231621098,0.32076997194120255,0.28074405200660657,2.261342300493501,,0,0,0,4,3,4,6,3,8,6,8,0,1,2,0,0,4,4,2,S001;S004;S009;S010;S012;S013;S014,S002;S005;S008;S011;S015,S003;S006;S007
3,"1,4,8|2,5,7,9|3,6",False,False,12,5,8,4.336884734034134,0.2942812774508724,0.335348856852395,2.1543115922523453,,0,0,0,4,3,4,6,3,8,5,8,0,1,2,0,0,4,3,2,S001;S004;S009;S012;S013,S002;S005;S008;S010;S011;S014;S015,S003;S006;S007
3,"1,4,8|2,5,7|3,6,9",False,False,13,5,8,4.439661147044717,0.02826243576721421,0.047547173440178885,1.0684476833542995,,0,0,0,4,3,4,6,3,8,5,9,0,1,2,0,0,4,3,3,S001;S004;S009;S012;S013,S002;S005;S008;S011;S015,S003;S006;S007;S010;S014
3,"1,4,9|2,5,7,8|3,6",False,False,14,5,6,3.650372844844158,0.2962168690100206,0.2854337578444574,2.163314619099043,,0,0,0,4,4,4,6,4,8,6,8,0,2,2,0,0,4,4,2,S001;S004;S010;S013;S014,S002;S005;S008;S009;S011;S012;S015,S003;S006;S007
3,"1,4|2,5,7,8,9|3,6",False,False,13,5,6,3.5475964318335755,0.5039840154275265,0.4812255095391104,2.753939860023144,,0,0,0,4,4,4,6,4,8,5,8,0,2,2,0,0,4,3,2,S001;S004;S013,S002;S005;S008;S009;S010;S011;S012;S014;S015,S003;S006;S007
3,"1,4|2,5,7,8|3,6,9",False,False,14,5,7,4.576499798553996,0.277350866851239,0.2520987956053986,2.019734158048978,,0,0,0,4,4,4,6,4,8,5,9,0,2,2,0,0,4,3,3,S001;S004;S013,S002;S005;S008;S009;S011;S012;S015,S003;S006;S007;S010;S014
3,"1,4,9|2,5,7|3,6,8",False,False,14,5,8,4.439661147044717,0.025175772547812027,0.021480327929394513,1.0626901176896446,,0,0,0,4,3,4,6,3,8,6,9,0,1,2,0,0,4,4,3,S001;S004;S010;S013;S014,S002;S005;S008;S011;S015,S003;S006;S007;S009;S012
3,"1,4|2,5,7,9|3,6,8",False,False,13,5,9,5.2630116877439725,0.27498289831012157,0.29911579369941776,2.011328667378518,,0,0,0,4,3,4,6,3,8,5,9,0,1,2,0,0,4,3,3,S001;S004;S013,S002;S005;S008;S010;S011;S014;S015,S003;S006;S007;S009;S012
3,"1,4|2,5,7|3,6,8,9",False,False,13,5,7,3.918458176871948,0.2847570347877489,0.26483466121547733,2.0448850977302926,,0,0,0,4,3,4,6,3,8,5,9,0,1,2,0,0,4,3,3,S001;S004;S013,S002;S005;S008;S011;S015,S003;S006;S007;S009;S010;S012;S014
3,"1,4,8,9|2,5|3,6,7",False,False,11,5,5,2.461041333536911,0.3517362862700631,0.3038822525759729,2.5652079530170866,,0,0,0,4,3,4,6,3,7,6,7,0,1,2,0,0,3,4,1,S001;S004;S009;S010;S012;S013;S014,S002;S005;S011,S003;S006;S007;S008;S015
3,"1,4,8|2,5,9|3,6,7",False,False,10,5,7,3.8055948444089354,0.059939086804031635,0.03420584342018036,1.1426291601531247,,0,0,0,4,3,4,6,3,7,5,7,0,1,2,0,0,3,3,1,S001;S004;S009;S012;S013,S002;S005;S010;S011;S014,S003;S006;S007;S008;S015
3,"1,4,8|2,5|3,6,7,9",False,False,11,5,7,3.908371257419518,0.3541999742610153,0.34864765533883313,2.5781691170655034,,0,0,0,4,3,4,6,3,7,5,8,0,1,2,0,0,3,3,2,S001;S004;S009;S012;S013,S002;S005;S011,S003;S006;S007;S008;S010;S014;S015
3,"1,4,9|2,5,8|3,6,7",False,False,13,6,5,3.119082955218959,0.0561506570667858,0.06350457269779801,1.135683901345091,,0,0,0,5,4,4,6,4,7,6,7,1,2,2,0,0,3,4,1,S001;S004;S010;S013;S014,S002;S005;S009;S011;S012,S003;S006;S007;S008;S015
3,"1,4|2,5,8,9|3,6,7",False,False,12,6,5,3.016306542208376,0.25607525124125763,0.2381518803192818,1.9342905899927207,,0,0,0,5,4,4,6,4,7,5,7,1,2,2,0,0,3,3,1,S001;S004;S013,S002;S005;S009;S010;S011;S012;S014,S003;S006;S007;S008;S015
3,"1,4|2,5,8|3,6,7,9",False,False,13,6,6,4.045209908928797,0.3101060825865528,0.31667630641452366,2.121923175116089,,0,0,0,5,4,4,6,4,7,5,8,1,2,2,0,0,3,3,2,S001;S004;S013,S002;S005;S009;S011;S012,S003;S006;S007;S008;S010;S014;S015
3,"1,4,9|2,5|3,6,7,8",False,False,12,5,7,3.908371257419518,0.35619578475922326,0.32686751282437243,2.588381916809856,,0,0,0,4,3,4,6,3,7,6,8,0,1,2,0,0,3,4,2,S001;S004;S010;S013;S014,S002;S005;S011,S003;S006;S007;S008;S009;S012;S015
3,"1,4|2,5,9|3,6,7,8",False,False,11,5,8,4.731721798118773,0.3130868818854957,0.2754100694897409,2.130328665786549,,0,0,0,4,3,4,6,3,7,5,8,0,1,2,0,0,3,3,2,S001;S004;S013,S002;S005;S010;S011;S014,S003;S006;S007;S008;S009;S012;S015
3,"1,4|2,5|3,6,7,8,9",False,False,11,5,6,3.387168287246749,0.5578189694955552,0.5038924373111405,3.258371844889519,,0,0,0,4,3,4,6,3,7,5,8,0,1,2,0,0,3,3,2,S001;S004;S013,S002;S005;S011,S003;S006;S007;S008;S009;S010;S012;S014;S015
3,"1,4,6,7,8,9|2|3,5",False,False,9,4,4,1.7390047489879445,0.8319810592443,0.6981502548542285,8.76128535971663,,0,0,0,4,2,4,6,2,5,6,8,0,0,2,0,0,1,4,2,S001;S004;S006;S007;S008;S009;S010;S012;S013;S014;S015,S002,S003;S005;S011
3,"1,4,6,7,8|2,9|3,5",False,False,9,4,6,3.083558259859969,0.5601691945099717,0.40261156305393625,3.0160663826798304,,0,0,0,4,2,4,6,2,5,6,8,0,0,2,0,0,1,4,2,S001;S004;S006;S007;S008;S009;S012;S013;S015,S002;S010;S014,S003;S005;S011
3,"1,4,6,7,8|2|3,5,9",False,False,10,4,6,3.1863346728705517,0.6316003212960484,0.49455406578011146,7.271309653347416,,0,0,0,4,2,4,6,2,5,6,9,0,0,2,0,0,1,4,3,S001;S004;S006;S007;S008;S009;S012;S013;S015,S002,S003;S005;S010;S011;S014
3,"1,4,6,7,9|2,8|3,5",False,False,11,6,5,2.6651317026977828,0.5562488233777981,0.4581611802212464,3.00664566506925,,0,0,0,5,3,4,6,3,5,6,8,1,1,2,0,0,1,4,2,S001;S004;S006;S007;S008;S010;S013;S014;S015,S002;S009;S012,S003;S005;S011
3,"1,4,6,7|2,8,9|3,5",False,False,11,6,5,2.5623552896872,0.33698242685229784,0.27123234509233285,2.3886186722398324,,0,0,0,5,3,4,6,3,5,6,8,1,1,2,0,0,1,4,2,S001;S004;S006;S007;S008;S013;S015,S002;S009;S010;S012;S014,S003;S005;S011
3,"1,4,6,7|2,8|3,5,9",False,False,12,6,6,3.591258656407621,0.3277390973165807,0.2187027895303578,2.291817591224197,,0,0,0,5,3,4,6,3,5,6,9,1,1,2,0,0,1,4,3,S001;S004;S006;S007;S008;S013;S015,S002;S009;S012,S003;S005;S010;S011;S014
3,"1,4,6,7,9|2|3,5,8",False,False,11,5,5,2.918249340842762,0.629158039876392,0.5202721122646526,7.248597635038851,,0,0,0,4,3,4,6,3,5,6,9,0,1,2,0,0,1,4,3,S001;S004;S006;S007;S008;S010;S013;S014;S015,S002,S003;S005;S009;S011;S012
3,"1,4,6,7|2,9|3,5,8",False,False,11,5,6,3.7415998815420175,0.3297128480336866,0.16418373219340401,2.3127221337699857,,0,0,0,4,3,4,6,3,5,6,9,0,1,2,0,0,1,4,3,S001;S004;S006;S007;S008;S013;S015,S002;S010;S014,S003;S005;S009;S011;S012
3,"1,4,6,7|2|3,5,8,9",False,False,11,5,4,2.397046370669993,0.5339603740189939,0.45071888330729515,5.758621928669637,,0,0,0,4,3,4,6,3,5,6,9,0,1,2,0,0,1,4,3,S001;S004;S006;S007;S008;S013;S015,S002,S003;S005;S009;S010;S011;S012;S014
3,"1,4,6,8,9|2,7|3,5",False,False,11,4,6,2.823624507074135,0.520811783748206,0.4248334062798342,2.9203028207586623,,0,0,0,4,2,4,6,2,6,6,9,0,0,2,0,0,2,4,3,S001;S004;S006;S007;S009;S010;S012;S013;S014,S002;S008;S015,S003;S005;S011
3,"1,4,6,8|2,7,9|3,5",False,False,11,4,8,4.168178017946159,0.3170324750713967,0.2923645731103496,2.3022758279292446,,0,0,0,4,2,4,6,2,6,6,9,0,0,2,0,0,2,4,3,S001;S004;S006;S007;S009;S012;S013,S002;S008;S010;S014;S015,S003;S005;S011
3,"1,4,6,8|2,7|3,5,9",False,False,12,4,8,4.270954430956742,0.28601610675293193,0.1952756266871154,2.0399747806047053,,0,0,0,4,2,4,6,2,6,6,10,0,0,2,0,0,2,4,4,S001;S004;S006;S007;S009;S012;S013,S002;S008;S015,S003;S005;S010;S011;S014
3,"1,4,6,9|2,7,8|3,5",False,False,12,5,7,3.749751460783973,0.3151163902637144,0.2944513548075503,2.292855110318664,,0,0,0,4,3,4,6,3,6,6,9,0,1,2,0,0,2,4,3,S001;S004;S006;S007;S010;S013;S014,S002;S008;S009;S012;S015,S003;S005;S011
3,"1,4,6|2,7,8,9|3,5",False,False,12,5,7,3.6469750477733904,0.3333322284645411,0.35657984949629984,2.3740552376066035,,0,0,0,4,3,4,6,3,6,6,9,0,1,2,0,0,2,4,3,S001;S004;S006;S007;S013,S002;S008;S009;S010;S012;S014;S015,S003;S005;S011
3,"1,4,6|2,7,8|3,5,9",False,False,13,5,8,4.675878414493811,0.033649934987274976,0.07395581110452575,1.0852898329628278,,0,0,0,4,3,4,6,3,6,6,10,0,1,2,0,0,2,4,4,S001;S004;S006;S007;S013,S002;S008;S009;S012;S015,S003;S005;S010;S011;S014
3,"1,4,6,9|2,7|3,5,8",False,False,13,5,7,4.002869098928953,0.28338815724689065,0.21859083118260364,2.031627376654385,,0,0,0,4,3,4,6,3,6,6,10,0,1,2,0,0,2,4,4,S001;S004;S006;S007;S010;S013;S014,S002;S008;S015,S003;S005;S009;S011;S012
3,"1,4,6|2,7,9|3,5,8",False,False,13,5,8,4.826219639628208,0.029106757074498626,0.12193406059660022,1.0732188296817173,,0,0,0,4,3,4,6,3,6,6,10,0,1,2,0,0,2,4,4,S001;S004;S006;S007;S013,S002;S008;S010;S014;S015,S003;S005;S009;S011;S012
3,"1,4,6|2,7|3,5,8,9",False,False,13,5,6,3.481666128756183,0.2709548040915692,0.2175380752367653,1.989645076226818,,0,0,0,4,3,4,6,3,6,6,10,0,1,2,0,0,2,4,4,S001;S004;S006;S007;S013,S002;S008;S015,S003;S005;S009;S010;S011;S012;S014
3,"1,4,6,8,9|2|3,5,7",False,False,12,4,5,2.292334617448936,0.6079187434106234,0.5177286669945856,7.0404372440944,,0,0,0,4,2,5,6,2,6,6,9,0,0,3,0,0,2,4,3,S001;S004;S006;S007;S009;S010;S012;S013;S014,S002,S003;S005;S008;S011;S015
3,"1,4,6,8|2,9|3,5,7",False,False,12,4,7,3.6368881283209604,0.3082143060238229,0.1805856030919919,2.2291227675544887,,0,0,0,4,2,5,6,2,6,6,9,0,0,3,0,0,2,4,3,S001;S004;S006;S007;S009;S012;S013,S002;S010;S014,S003;S005;S008;S011;S015
3,"1,4,6,8|2|3,5,7,9",False,False,12,4,7,3.739664541331543,0.5328783295764425,0.47062027481203406,5.62168244735324,,0,0,0,4,2,5,6,2,6,6,9,0,0,3,0,0,2,4,3,S001;S004;S006;S007;S009;S012;S013,S002,S003;S005;S008;S010;S011;S014;S015
3,"1,4,6,9|2,8|3,5,7",False,False,14,6,6,3.218461571158774,0.30364789894684413,0.2517669659952151,2.19993494023436,,0,0,0,5,3,5,6,3,6,6,9,1,1,3,0,0,2,4,3,S001;S004;S006;S007;S010;S013;S014,S002;S009;S012,S003;S005;S008;S011;S015
3,"1,4,6|2,8,9|3,5,7",False,False,14,6,6,3.1156851581481915,0.013426293011260354,0.05344323805432396,1.0322393606557314,,0,0,0,5,3,5,6,3,6,6,9,1,1,3,0,0,2,4,3,S001;S004;S006;S007;S013,S002;S009;S010;S012;S014,S003;S005;S008;S011;S015
3,"1,4,6|2,8|3,5,7,9",False,False,14,6,7,4.144588524868612,0.31284155983142525,0.2967100529124618,2.2373183870566926,,0,0,0,5,3,5,6,3,6,6,9,1,1,3,0,0,2,4,3,S001;S004;S006;S007;S013,S002;S009;S012,S003;S005;S008;S010;S011;S014;S015
3,"1,4,6,9|2|3,5,7,8",False,False,13,5,6,3.471579209303753,0.5329593882686704,0.461742210872072,5.644394465661805,,0,0,0,4,3,5,6,3,6,6,9,0,1,3,0,0,2,4,3,S001;S004;S006;S007;S010;S013;S014,S002,S003;S005;S008;S009;S011;S012;S015
3,"1,4,6|2,9|3,5,7,8",False,False,13,5,7,4.294929750003009,0.3174117969959667,0.21502908697391065,2.2668472030565474,,0,0,0,4,3,5,6,3,6,6,9,0,1,3,0,0,2,4,3,S001;S004;S006;S007;S013,S002;S010;S014,S003;S005;S008;S009;S011;S012;S015
3,"1,4,6|2|3,5,7,8,9",False,False,13,5,5,2.9503762391309842,0.6172415929337067,0.5407963622580408,7.134370172031019,,0,0,0,4,3,5,6,3,6,6,9,0,1,3,0,0,2,4,3,S001;S004;S006;S007;S013,S002,S003;S005;S008;S009;S010;S011;S012;S014;S015
3,"1,4,7,8,9|2,6|3,5",False,False,13,5,6,2.9702912443263174,0.5870430202221797,0.4846179824500557,3.1791184953231166,,0,0,0,4,3,5,6,3,6,6,9,0,1,3,0,0,2,4,3,S001;S004;S008;S009;S010;S012;S013;S014;S015,S002;S006;S007,S003;S005;S011
3,"1,4,7,8|2,6,9|3,5",False,False,13,5,8,4.314844755198342,0.35694382101171285,0.30492742956297547,2.462019666291674,,0,0,0,4,3,5,6,3,6,6,9,0,1,3,0,0,2,4,3,S001;S004;S008;S009;S012;S013;S015,S002;S006;S007;S010;S014,S003;S005;S011
3,"1,4,7,8|2,6|3,5,9",False,False,14,5,8,4.417621168208925,0.3632384349524051,0.2626012859438492,2.5412122357882074,,0,0,0,4,3,5,6,3,6,6,10,0,1,3,0,0,2,4,4,S001;S004;S008;S009;S012;S013;S015,S002;S006;S007,S003;S005;S010;S011;S014
3,"1,4,7,9|2,6,8|3,5",False,False,14,6,7,3.8964181980361556,0.3542445591694697,0.3227573186671205,2.4525989486810933,,0,0,0,5,3,5,6,3,6,6,9,1,1,3,0,0,2,4,3,S001;S004;S008;S010;S013;S014;S015,S002;S006;S007;S009;S012,S003;S005;S011
3,"1,4,7|2,6,8,9|3,5",False,False,14,6,7,3.793641785025573,0.30137344015263046,0.31993995047600765,2.214311399244174,,0,0,0,5,3,5,6,3,6,6,9,1,1,3,0,0,2,4,3,S001;S004;S008;S013;S015,S002;S006;S007;S009;S010;S012;S014,S003;S005;S011
3,"1,4,7|2,6,8|3,5,9",False,False,15,6,8,4.822545151745993,0.06391823070896155,0.01941688238681174,1.1492763748611137,,0,0,0,5,3,5,6,3,6,6,10,1,1,3,0,0,2,4,4,S001;S004;S008;S013;S015,S002;S006;S007;S009;S012,S003;S005;S010;S011;S014
3,"1,4,7,9|2,6|3,5,8",False,False,15,5,7,4.149535836181135,0.36068210180469545,0.28821017190274045,2.531488494264253,,0,0,0,4,4,5,6,4,6,6,10,0,2,3,0,0,2,4,4,S001;S004;S008;S010;S013;S014;S015,S002;S006;S007,S003;S005;S009;S011;S012
3,"1,4,7|2,6,9|3,5,8",False,False,15,5,8,4.972886376880391,0.06445651099628256,0.0658715844821858,1.156099272291098,,0,0,0,4,4,5,6,4,6,6,10,0,2,3,0,0,2,4,4,S001;S004;S008;S013;S015,S002;S006;S007;S010;S014,S003;S005;S009;S011;S012
3,"1,4,7|2,6|3,5,8,9",False,False,15,5,6,3.628332866008366,0.31616702952512754,0.2456963892125769,2.317701953898658,,0,0,0,4,4,5,6,4,6,6,10,0,2,3,0,0,2,4,4,S001;S004;S008;S013;S015,S002;S006;S007,S003;S005;S009;S010;S011;S012;S014
3,"1,4,8,9|2,6,7|3,5",False,False,12,5,6,2.9923312231621098,0.33142284917905723,0.293041103160255,2.366256104370506,,0,0,0,4,3,4,6,3,7,6,8,0,1,2,0,0,3,4,2,S001;S004;S009;S010;S012;S013;S014,S002;S006;S007;S008;S015,S003;S005;S011
3,"1,4,8|2,6,7,9|3,5",False,False,11,5,8,4.336884734034134,0.31669878646286526,0.3550746064712943,2.300654243554762,,0,0,0,4,3,4,6,3,7,5,8,0,1,2,0,0,3,3,2,S001;S004;S009;S012;S013,S002;S006;S007;S008;S010;S014;S015,S003;S005;S011
3,"1,4,8|2,6,7|3,5,9",False,False,12,5,8,4.439661147044717,0.031584399696216,0.03291434975455791,1.0804696826991664,,0,0,0,4,3,4,6,3,7,5,9,0,1,2,0,0,3,3,3,S001;S004;S009;S012;S013,S002;S006;S007;S008;S015,S003;S005;S010;S011;S014
3,"1,4,9|2,6,7,8|3,5",False,False,12,5,7,3.918458176871948,0.31865963004667724,0.31656541880556477,2.310074961165342,,0,0,0,4,3,4,6,3,7,6,8,0,1,2,0,0,3,4,2,S001;S004;S010;S013;S014,S002;S006;S007;S008;S009;S012;S015,S003;S005;S011
3,"1,4|2,6,7,8,9|3,5",False,False,11,5,7,3.8156817638613654,0.5239736015983711,0.5114974861312223,2.9281019539947604,,0,0,0,4,3,4,6,3,7,5,8,0,1,2,0,0,3,3,2,S001;S004;S013,S002;S006;S007;S008;S009;S010;S012;S014;S015,S003;S005;S011
3,"1,4|2,6,7,8|3,5,9",False,False,12,5,8,4.844585130581786,0.2897828646562619,0.27059028029575627,2.061128922103681,,0,0,0,4,3,4,6,3,7,5,9,0,1,2,0,0,3,3,3,S001;S004;S013,S002;S006;S007;S008;S009;S012;S015,S003;S005;S010;S011;S014
3,"1,4,9|2,6,7|3,5,8",False,False,14,5,7,4.1715758150169275,0.027013946501800914,0.028620388414190488,1.0684265815584342,,0,0,0,4,4,4,6,4,7,6,9,0,2,2,0,0,3,4,3,S001;S004;S010;S013;S014,S002;S006;S007;S008;S015,S003;S005;S009;S011;S012
3,"1,4|2,6,7,9|3,5,8",False,False,13,5,8,4.994926355716183,0.2871592749248882,0.31596432665003643,2.052723431433221,,0,0,0,4,4,4,6,4,7,5,9,0,2,2,0,0,3,3,3,S001;S004;S013,S002;S006;S007;S008;S010;S014;S015,S003;S005;S009;S011;S012
3,"1,4|2,6,7|3,5,8,9",False,False,13,5,6,3.650372844844158,0.27282518507865866,0.24276277180824232,2.003490333675589,,0,0,0,4,4,4,6,4,7,5,9,0,2,2,0,0,3,3,3,S001;S004;S013,S002;S006;S007;S008;S015,S003;S005;S009;S010;S011;S012;S014
3,"1,4,8,9|2,6|3,5,7",False,False,14,5,6,2.9923312231621098,0.3392297250368766,0.25712549853410005,2.4423683725044993,,0,0,0,4,3,5,6,3,7,6,9,0,1,3,0,0,3,4,3,S001;S004;S009;S010;S012;S013;S014,S002;S006;S007,S003;S005;S008;S011;S015
3,"1,4,8|2,6,9|3,5,7",False,False,13,5,8,4.336884734034134,0.04123113418971359,0.08351530264407804,1.1016882696827686,,0,0,0,4,3,5,6,3,7,5,9,0,1,3,0,0,3,3,3,S001;S004;S009;S012;S013,S002;S006;S007;S010;S014,S003;S005;S008;S011;S015
3,"1,4,8|2,6|3,5,7,9",False,False,13,5,8,4.439661147044717,0.3317636086220326,0.2944059773212278,2.406822075658412,,0,0,0,4,3,5,6,3,7,5,9,0,1,3,0,0,3,3,3,S001;S004;S009;S012;S013,S002;S006;S007,S003;S005;S008;S010;S011;S014;S015
3,"1,4,9|2,6,8|3,5,7",False,False,15,6,7,3.918458176871948,0.036919965264774306,0.046019872518467314,1.0892848335440797,,0,0,0,5,3,5,6,3,7,6,9,1,1,3,0,0,3,4,3,S001;S004;S010;S013;S014,S002;S006;S007;S009;S012,S003;S005;S008;S011;S015
3,"1,4|2,6,8,9|3,5,7",False,False,14,6,7,3.8156817638613654,0.26558170658861924,0.2872924019664543,1.975685354047424,,0,0,0,5,3,5,6,3,7,5,9,1,1,3,0,0,3,3,3,S001;S004;S013,S002;S006;S007;S009;S010;S012;S014,S003;S005;S008;S011;S015
3,"1,4|2,6,8|3,5,7,9",False,False,14,6,8,4.844585130581786,0.2960186632176567,0.2866647263848884,2.0805284110613864,,0,0,0,5,3,5,6,3,7,5,9,1,1,3,0,0,3,3,3,S001;S004;S013,S002;S006;S007;S009;S012,S003;S005;S008;S010;S011;S014;S015
3,"1,4,9|2,6|3,5,7,8",False,False,15,5,7,4.1715758150169275,0.3337394673591914,0.25942175070980095,2.416545817182366,,0,0,0,4,4,5,6,4,7,6,9,0,2,3,0,0,3,4,3,S001;S004;S010;S013;S014,S002;S006;S007,S003;S005;S008;S009;S011;S012;S015
3,"1,4|2,6,9|3,5,7,8",False,False,14,5,8,4.994926355716183,0.29879576909968125,0.25555786987427326,2.088933901731846,,0,0,0,4,4,5,6,4,7,5,9,0,2,3,0,0,3,3,3,S001;S004;S013,S002;S006;S007;S010;S014,S003;S005;S008;S009;S011;S012;S015
3,"1,4|2,6|3,5,7,8,9",False,False,14,5,6,3.650372844844158,0.5375124898008521,0.4441377654354243,3.054452076717275,,0,0,0,4,4,5,6,4,7,5,9,0,2,3,0,0,3,3,3,S001;S004;S013,S002;S006;S007,S003;S005;S008;S009;S010;S011;S012;S014;S015
3,"1,4,7,8,9|2|3,5,6",False,False,10,4,5,2.4390013547011185,0.6487958500927994,0.5599079622395038,7.425557054658863,,0,0,0,4,2,4,6,2,6,6,8,0,0,2,0,0,2,4,2,S001;S004;S008;S009;S010;S012;S013;S014;S015,S002,S003;S005;S006;S007;S011
3,"1,4,7,8|2,9|3,5,6",False,False,10,4,7,3.783554865573143,0.35089780385378816,0.23660032940027978,2.383790867158573,,0,0,0,4,2,4,6,2,6,6,8,0,0,2,0,0,2,4,2,S001;S004;S008;S009;S012;S013;S015,S002;S010;S014,S003;S005;S006;S007;S011
3,"1,4,7,8|2|3,5,6,9",False,False,11,4,7,3.8863312785837256,0.53745221019903,0.46649338861033907,5.93558134828965,,0,0,0,4,2,4,6,2,6,6,9,0,0,2,0,0,2,4,3,S001;S004;S008;S009;S012;S013;S015,S002,S003;S005;S006;S007;S010;S011;S014
3,"1,4,7,9|2,8|3,5,6",False,False,12,6,6,3.3651283084109567,0.34638279465988747,0.30221739617265053,2.3532050051063687,,0,0,0,5,3,4,6,3,6,6,8,1,1,2,0,0,2,4,2,S001;S004;S008;S010;S013;S014;S015,S002;S009;S012,S003;S005;S006;S007;S011
3,"1,4,7|2,8,9|3,5,6",False,False,12,6,6,3.262351895400374,0.06871399456852338,0.08404733563267826,1.1805127455341256,,0,0,0,5,3,4,6,3,6,6,8,1,1,2,0,0,2,4,2,S001;S004;S008;S013;S015,S002;S009;S010;S012;S014,S003;S005;S006;S007;S011
3,"1,4,7|2,8|3,5,6,9",False,False,13,6,7,4.291255262120795,0.28137793635478237,0.2579017563668502,2.084048322184684,,0,0,0,5,3,4,6,3,6,6,9,1,1,2,0,0,2,4,3,S001;S004;S008;S013;S015,S002;S009;S012,S003;S005;S006;S007;S010;S011;S014
3,"1,4,7,9|2|3,5,6,8",False,False,12,5,6,3.618245946555936,0.5368732074141439,0.4673396594974389,5.912869329981083,,0,0,0,4,3,4,6,3,6,6,9,0,1,2,0,0,2,4,3,S001;S004;S008;S010;S013;S014;S015,S002,S003;S005;S006;S007;S009;S011;S012
3,"1,4,7|2,9|3,5,6,8",False,False,12,5,7,4.441596487255191,0.2858316532010087,0.17365153573147094,2.1121791034524637,,0,0,0,4,3,4,6,3,6,6,9,0,1,2,0,0,2,4,3,S001;S004;S008;S013;S015,S002;S010;S014,S003;S005;S006;S007;S009;S011;S012
3,"1,4,7|2|3,5,6,8,9",False,False,12,5,5,3.097042976383167,0.5819785416583078,0.5054691973934478,6.749250361466556,,0,0,0,4,3,4,6,3,6,6,9,0,1,2,0,0,2,4,3,S001;S004;S008;S013;S015,S002,S003;S005;S006;S007;S009;S010;S011;S012;S014
3,"1,4,8,9|2,7|3,5,6",False,False,10,4,6,2.9923312231621098,0.3050787920450905,0.23631970662988033,2.0966657073880883,,0,0,0,4,2,3,6,2,7,6,8,0,0,1,0,0,3,4,2,S001;S004;S009;S010;S012;S013;S014,S002;S008;S015,S003;S005;S006;S007;S011
3,"1,4,8|2,7,9|3,5,6",False,False,9,4,8,4.336884734034134,0.05416563144364692,0.14413040688083034,1.1249527399049113,,1,0,0,4,2,3,6,2,7,5,8,0,0,1,0,0,3,3,2,S001;S004;S009;S012;S013,S002;S008;S010;S014;S015,S003;S005;S006;S007;S011
3,"1,4,8|2,7|3,5,6,9",False,False,10,4,8,4.439661147044717,0.2546089331052384,0.23285284088906835,1.924606745493115,,0,0,0,4,2,3,6,2,7,5,9,0,0,1,0,0,3,3,3,S001;S004;S009;S012;S013,S002;S008;S015,S003;S005;S006;S007;S010;S011;S014
3,"1,4,9|2,7,8|3,5,6",False,False,11,5,7,3.918458176871948,0.05432503518981632,0.10328918712972089,1.1299713362919133,,0,0,0,4,3,3,6,3,7,6,8,0,1,1,0,0,3,4,2,S001;S004;S010;S013;S014,S002;S008;S009;S012;S015,S003;S005;S006;S007;S011
3,"1,4|2,7,8,9|3,5,6",False,False,10,5,7,3.8156817638613654,0.3088031973341082,0.33064605522474755,2.118214341596193,,0,0,0,4,3,3,6,3,7,5,8,0,1,1,0,0,3,3,2,S001;S004;S013,S002;S008;S009;S010;S012;S014;S015,S003;S005;S006;S007;S011
3,"1,4|2,7,8|3,5,6,9",False,False,11,5,8,4.844585130581786,0.25686091253900223,0.2597194517282225,1.937999423512617,,0,0,0,4,3,3,6,3,7,5,9,0,1,1,0,0,3,3,3,S001;S004;S013,S002;S008;S009;S012;S015,S003;S005;S006;S007;S010;S011;S014
3,"1,4,9|2,7|3,5,6,8",False,False,12,5,7,4.1715758150169275,0.256488659543005,0.19705866976976855,1.9329541494434348,,0,0,0,4,3,3,6,3,7,6,9,0,1,1,0,0,3,4,3,S001;S004;S010;S013;S014,S002;S008;S015,S003;S005;S006;S007;S009;S011;S012
3,"1,4|2,7,9|3,5,6,8",False,False,11,5,8,4.994926355716183,0.25869085455203655,0.2460987576901205,1.9464049141830768,,0,0,0,4,3,3,6,3,7,5,9,0,1,1,0,0,3,3,3,S001;S004;S013,S002;S008;S010;S014;S015,S003;S005;S006;S007;S009;S011;S012
3,"1,4|2,7|3,5,6,8,9",False,False,11,5,6,3.650372844844158,0.46913370258046877,0.38976300496079797,2.4978300111932965,,0,0,0,4,3,3,6,3,7,5,9,0,1,1,0,0,3,3,3,S001;S004;S013,S002;S008;S015,S003;S005;S006;S007;S009;S010;S011;S012;S014
3,"1,4,8,9|2|3,5,6,7",False,False,11,4,5,2.461041333536911,0.5333647316452289,0.45246803189584395,5.704708939036633,,0,0,0,4,2,4,6,2,7,6,8,0,0,2,0,0,3,4,2,S001;S004;S009;S010;S012;S013;S014,S002,S003;S005;S006;S007;S008;S011;S015
3,"1,4,8|2,9|3,5,6,7",False,False,10,4,7,3.8055948444089354,0.3008404343266915,0.16368914679073746,2.1957784696679608,,0,0,0,4,2,4,6,2,7,5,8,0,0,2,0,0,3,3,2,S001;S004;S009;S012;S013,S002;S010;S014,S003;S005;S006;S007;S008;S011;S015
3,"1,4,8|2|3,5,6,7,9",False,False,10,4,7,3.908371257419518,0.6000536582134928,0.5446748097892777,6.957410752411006,,0,0,0,4,2,4,6,2,7,5,8,0,0,2,0,0,3,3,2,S001;S004;S009;S012;S013,S002,S003;S005;S006;S007;S008;S010;S011;S014;S015
3,"1,4,9|2,8|3,5,6,7",False,False,13,6,6,3.387168287246749,0.2982272617966145,0.2181620176794396,2.175930973174521,,0,0,0,5,3,4,6,3,7,6,8,1,1,2,0,0,3,4,2,S001;S004;S010;S013;S014,S002;S009;S012,S003;S005;S006;S007;S008;S011;S015
3,"1,4|2,8,9|3,5,6,7",False,False,12,6,6,3.284391874236166,0.278413161691375,0.22341529062641796,2.0234429915688743,,0,0,0,5,3,4,6,3,7,5,8,1,1,2,0,0,3,3,2,S001;S004;S013,S002;S009;S010;S012;S014,S003;S005;S006;S007;S008;S011;S015
3,"1,4|2,8|3,5,6,7,9",False,False,12,6,7,4.313295240956586,0.5057663837502573,0.4590753812407813,2.7689118246093263,,0,0,0,5,3,4,6,3,7,5,8,1,1,2,0,0,3,3,2,S001;S004;S013,S002;S009;S012,S003;S005;S006;S007;S008;S010;S011;S014;S015
3,"1,4,9|2|3,5,6,7,8",False,False,12,5,6,3.640285925391728,0.6021693096284688,0.5138168458984551,6.980122770719572,,0,0,0,4,3,4,6,3,7,6,8,0,1,2,0,0,3,4,2,S001;S004;S010;S013;S014,S002,S003;S005;S006;S007;S008;S009;S011;S012;S015
3,"1,4|2,9|3,5,6,7,8",False,False,11,5,7,4.463636466090984,0.5098123055615764,0.38979874800153436,2.803289507148532,,0,0,0,4,3,4,6,3,7,5,8,0,1,2,0,0,3,3,2,S001;S004;S013,S002;S010;S014,S003;S005;S006;S007;S008;S009;S011;S012;S015
3,"1,4|2|3,5,6,7,8,9",False,False,11,5,5,3.119082955218959,0.7878716216441806,0.6812200502779587,8.470098477088786,,0,0,0,4,3,4,6,3,7,5,8,0,1,2,0,0,3,3,2,S001;S004;S013,S002,S003;S005;S006;S007;S008;S009;S010;S011;S012;S014;S015
3,"1,5,6,7,8,9|2,4|3",False,False,11,5,5,3.097042976383167,0.8568565725206234,0.6722226719147596,7.539762674998632,,0,0,0,4,3,4,6,3,6,6,8,0,1,2,0,0,2,4,2,S001;S005;S006;S007;S008;S009;S010;S011;S012;S013;S014;S015,S002;S004,S003
3,"1,5,6,7,8|2,4,9|3",False,False,11,5,6,3.515469533545353,0.6379088464815232,0.5052694688004961,6.284497522136898,,0,0,0,4,3,4,6,3,6,6,8,0,1,2,0,0,2,4,2,S001;S005;S006;S007;S008;S009;S011;S012;S013;S015,S002;S004;S010;S014,S003
3,"1,5,6,7,8|2,4|3,9",False,False,12,5,7,4.544372900265774,0.596424788778779,0.3803295042511036,3.6645434502920353,,0,0,0,4,3,4,6,3,6,6,9,0,1,2,0,0,2,4,3,S001;S005;S006;S007;S008;S009;S011;S012;S013;S015,S002;S004,S003;S010;S014
3,"1,5,6,7,9|2,4,8|3",False,False,11,5,6,3.3651283084109567,0.6350828846405528,0.548732669750012,6.265363246985948,,0,0,0,5,2,4,6,2,6,6,8,1,0,2,0,0,2,4,2,S001;S005;S006;S007;S008;S010;S011;S013;S014;S015,S002;S004;S009;S012,S003
3,"1,5,6,7|2,4,8,9|3",False,False,11,5,5,2.336224941690536,0.5085293893890099,0.44115376526486316,5.010098094124216,,0,0,0,5,2,4,6,2,6,6,8,1,0,2,0,0,2,4,2,S001;S005;S006;S007;S008;S011;S013;S015,S002;S004;S009;S010;S012;S014,S003
3,"1,5,6,7|2,4,8|3,9",False,False,12,5,6,3.3651283084109567,0.3407686790802304,0.1585884631121628,2.22151177557408,,0,0,0,5,2,4,6,2,6,6,9,1,0,2,0,0,2,4,3,S001;S005;S006;S007;S008;S011;S013;S015,S002;S004;S009;S012,S003;S010;S014
3,"1,5,6,7,9|2,4|3,8",False,False,12,5,8,4.812458232293563,0.5927432591705035,0.4285961744655932,3.653386093250599,,0,0,0,4,3,4,6,3,6,6,9,0,1,2,0,0,2,4,3,S001;S005;S006;S007;S008;S010;S011;S013;S014;S015,S002;S004,S003;S009;S012
3,"1,5,6,7|2,4,9|3,8",False,False,12,5,7,3.783554865573143,0.3396214971411057,0.17370621936935243,2.2028224384939827,,0,0,0,4,3,4,6,3,6,6,9,0,1,2,0,0,2,4,3,S001;S005;S006;S007;S008;S011;S013;S015,S002;S004;S010;S014,S003;S009;S012
3,"1,5,6,7|2,4|3,8,9",False,False,12,5,6,3.3651283084109567,0.39422236498134866,0.22334996689658992,2.921430407359076,,0,0,0,4,3,4,6,3,6,6,9,0,1,2,0,0,2,4,3,S001;S005;S006;S007;S008;S011;S013;S015,S002;S004,S003;S009;S010;S012;S014
3,"1,5,6,8,9|2,4,7|3",False,False,10,5,7,4.1816627344693575,0.6101682621688858,0.5018754825601921,6.089993619251967,,0,0,0,4,3,3,6,3,5,6,9,0,1,1,0,0,1,4,3,S001;S005;S006;S007;S009;S010;S011;S012;S013;S014,S002;S004;S008;S015,S003
3,"1,5,6,8|2,4,7,9|3",False,False,10,5,8,4.600089291631544,0.5026902140762438,0.46746609999349675,4.834728466390234,,0,0,0,4,3,3,6,3,5,6,9,0,1,1,0,0,1,4,3,S001;S005;S006;S007;S009;S011;S012;S013,S002;S004;S008;S010;S014;S015,S003
3,"1,5,6,8|2,4,7|3,9",False,False,11,5,9,5.628992658351965,0.31250354760759347,0.17897273464094862,2.1437516827036465,,0,0,0,4,3,3,6,3,5,6,10,0,1,1,0,0,1,4,4,S001;S005;S006;S007;S009;S011;S012;S013,S002;S004;S008;S015,S003;S010;S014
3,"1,5,6,9|2,4,7,8|3",False,False,9,4,8,4.449748066497147,0.5022604378245431,0.4633346543334129,4.815594191239285,,0,0,0,4,2,3,6,2,5,6,9,0,0,1,0,0,1,4,3,S001;S005;S006;S007;S010;S011;S013;S014,S002;S004;S008;S009;S012;S015,S003
3,"1,5,6|2,4,7,8,9|3",False,False,8,4,7,3.420844699776726,0.5614312509425526,0.5516484359740362,5.694380561765621,,0,0,0,4,2,3,6,2,5,6,8,0,0,1,0,0,1,4,2,S001;S005;S006;S007;S011;S013,S002;S004;S008;S009;S010;S012;S014;S015,S003
3,"1,5,6|2,4,7,8|3,9",False,False,9,4,8,4.449748066497147,0.26247359104019,0.21272968575397877,1.968334146107407,,0,0,0,4,2,3,6,2,5,6,9,0,0,1,0,0,1,4,3,S001;S005;S006;S007;S011;S013,S002;S004;S008;S009;S012;S015,S003;S010;S014
3,"1,5,6,9|2,4,7|3,8",False,False,11,5,10,5.8970779903797546,0.30799881648383415,0.23352422506998852,2.1173036415362803,,0,0,0,4,3,3,6,3,5,6,10,0,1,1,0,0,1,4,4,S001;S005;S006;S007;S010;S011;S013;S014,S002;S004;S008;S015,S003;S009;S012
3,"1,5,6|2,4,7,9|3,8",False,False,10,5,9,4.868174623659334,0.25793234307849444,0.27521784612265043,1.9433618736067904,,0,0,0,4,3,3,6,3,5,6,9,0,1,1,0,0,1,4,3,S001;S005;S006;S007;S011;S013,S002;S004;S008;S010;S014;S015,S003;S009;S012
3,"1,5,6|2,4,7|3,8,9",False,False,10,5,8,4.449748066497147,0.052571751216520475,0.07418409600441299,1.1250074445463945,,0,0,0,4,3,3,6,3,5,6,9,0,1,1,0,0,1,4,3,S001;S005;S006;S007;S011;S013,S002;S004;S008;S015,S003;S009;S010;S012;S014
3,"1,5,6,8,9|2,4|3,7",False,False,9,5,6,3.650372844844158,0.5596122555111425,0.43062719964938595,3.5511265858788477,,0,0,0,4,3,3,6,3,5,6,8,0,1,1,0,0,1,4,2,S001;S005;S006;S007;S009;S010;S011;S012;S013;S014,S002;S004,S003;S008;S015
3,"1,5,6,8|2,4,9|3,7",False,False,9,5,7,4.068799402006345,0.2995399862739158,0.2433410898644736,1.9735445898661093,,0,0,0,4,3,3,6,3,5,6,8,0,1,1,0,0,1,4,2,S001;S005;S006;S007;S009;S011;S012;S013,S002;S004;S010;S014,S003;S008;S015
3,"1,5,6,8|2,4|3,7,9",False,False,10,5,8,5.097702768726766,0.3772967690539019,0.2542549411176615,2.8191708999873244,,0,0,0,4,3,3,6,3,5,6,9,0,1,1,0,0,1,4,3,S001;S005;S006;S007;S009;S011;S012;S013,S002;S004,S003;S008;S010;S014;S015
3,"1,5,6,9|2,4,8|3,7",False,False,9,5,7,3.918458176871948,0.29615796188319476,0.28939925318203624,1.9657339453867595,,0,0,0,5,2,3,6,2,5,6,8,1,0,1,0,0,1,4,2,S001;S005;S006;S007;S010;S011;S013;S014,S002;S004;S009;S012,S003;S008;S015
3,"1,5,6|2,4,8,9|3,7",False,False,8,5,6,2.889554810151527,0.21636826062736958,0.24417461609857624,1.732657817708145,,1,0,0,5,2,3,6,2,5,6,7,1,0,1,0,0,1,4,1,S001;S005;S006;S007;S011;S013,S002;S004;S009;S010;S012;S014,S003;S008;S015
3,"1,5,6|2,4,8|3,7,9",False,False,9,5,7,3.918458176871948,0.09038912151222095,0.11893596833615813,1.2394128250462817,,0,0,0,5,2,3,6,2,5,6,8,1,0,1,0,0,1,4,2,S001;S005;S006;S007;S011;S013,S002;S004;S009;S012,S003;S008;S010;S014;S015
3,"1,5,6,9|2,4|3,7,8",False,False,10,5,9,5.365788100754555,0.3756865937087406,0.27656467394502104,2.808013542945889,,0,0,0,4,3,3,6,3,5,6,9,0,1,1,0,0,1,4,3,S001;S005;S006;S007;S010;S011;S013;S014,S002;S004,S003;S008;S009;S012;S015
3,"1,5,6|2,4,9|3,7,8",False,False,9,5,8,4.336884734034134,0.09472287491352774,0.07851028866629575,1.2538392498421043,,0,0,0,4,3,3,6,3,5,6,8,0,1,1,0,0,1,4,2,S001;S005;S006;S007;S011;S013,S002;S004;S010;S014,S003;S008;S009;S012;S015
3,"1,5,6|2,4|3,7,8,9",False,False,9,5,7,3.918458176871948,0.390992008964528,0.3033199597330173,2.9035497038495186,,0,0,0,4,3,3,6,3,5,6,8,0,1,1,0,0,1,4,2,S001;S005;S006;S007;S011;S013,S002;S004,S003;S008;S009;S010;S012;S014;S015
3,"1,5,7,8,9|2,4,6|3",False,False,14,5,5,2.928336260295192,0.6576205490932091,0.5306874350119568,6.4144468810144035,,0,0,0,4,3,5,6,3,7,6,9,0,1,3,0,0,3,4,3,S001;S005;S008;S009;S010;S011;S012;S013;S014;S015,S002;S004;S006;S007,S003
3,"1,5,7,8|2,4,6,9|3",False,False,14,5,6,3.3467628174573782,0.5161217272770361,0.45105377888333786,5.159181728152671,,0,0,0,4,3,5,6,3,7,6,9,0,1,3,0,0,3,4,3,S001;S005;S008;S009;S011;S012;S013;S015,S002;S004;S006;S007;S010;S014,S003
3,"1,5,7,8|2,4,6|3,9",False,False,15,5,7,4.375666184177799,0.36685187678784614,0.20242061151392898,2.2876164789785918,,0,0,0,4,3,5,6,3,7,6,10,0,1,3,0,0,3,4,4,S001;S005;S008;S009;S011;S012;S013;S015,S002;S004;S006;S007,S003;S010;S014
3,"1,5,7,9|2,4,6,8|3",False,False,14,5,6,3.1964215923229817,0.515015825604326,0.46046308073009584,5.1400474530017215,,0,0,0,5,2,5,6,2,7,6,9,1,0,3,0,0,3,4,3,S001;S005;S008;S010;S011;S013;S014;S015,S002;S004;S006;S007;S009;S012,S003
3,"1,5,7|2,4,6,8,9|3",False,False,14,5,5,2.167518225602561,0.5307593714312344,0.5075641279423732,5.369927300003185,,0,0,0,5,2,5,6,2,7,6,9,1,0,3,0,0,3,4,3,S001;S005;S008;S011;S013;S015,S002;S004;S006;S007;S009;S010;S012;S014,S003
3,"1,5,7|2,4,6,8|3,9",False,False,15,5,6,3.1964215923229817,0.242137343292427,0.1441330310968789,1.8244693498324616,,0,0,0,5,2,5,6,2,7,6,10,1,0,3,0,0,3,4,4,S001;S005;S008;S011;S013;S015,S002;S004;S006;S007;S009;S012,S003;S010;S014
3,"1,5,7,9|2,4,6|3,8",False,False,15,5,8,4.643751516205589,0.36253398017395877,0.2597568662312789,2.2599581189188815,,0,0,0,4,3,5,6,3,7,6,10,0,1,3,0,0,3,4,4,S001;S005;S008;S010;S011;S013;S014;S015,S002;S004;S006;S007,S003;S009;S012
3,"1,5,7|2,4,6,9|3,8",False,False,15,5,7,3.614848149485168,0.23795255207550875,0.21190457134666196,1.800707396224189,,0,0,0,4,3,5,6,3,7,6,10,0,1,3,0,0,3,4,4,S001;S005;S008;S011;S013;S015,S002;S004;S006;S007;S010;S014,S003;S009;S012
3,"1,5,7|2,4,6|3,8,9",False,False,15,5,6,3.1964215923229817,0.1268611786768489,0.06812187248925008,1.3677545650888305,,0,0,0,4,3,5,6,3,7,6,10,0,1,3,0,0,3,4,4,S001;S005;S008;S011;S013;S015,S002;S004;S006;S007,S003;S009;S010;S012;S014
3,"1,5,8,9|2,4,6,7|3",False,False,11,5,5,2.9503762391309842,0.5066913015759464,0.4458648047798621,4.9646778252677395,,0,0,0,4,3,4,6,3,6,6,8,0,1,2,0,0,2,4,2,S001;S005;S009;S010;S011;S012;S013;S014,S002;S004;S006;S007;S008;S015,S003
3,"1,5,8|2,4,6,7,9|3",False,False,10,5,6,3.3688027962931706,0.5461872925038885,0.5272365049637003,5.545296927737166,,0,0,0,4,3,4,6,3,6,5,8,0,1,2,0,0,2,3,2,S001;S005;S009;S011;S012;S013,S002;S004;S006;S007;S008;S010;S014;S015,S003
3,"1,5,8|2,4,6,7|3,9",False,False,11,5,7,4.397706163013591,0.2503705340429458,0.1801857922578796,1.9022294427028952,,0,0,0,4,3,4,6,3,6,5,9,0,1,2,0,0,2,3,3,S001;S005;S009;S011;S012;S013,S002;S004;S006;S007;S008;S015,S003;S010;S014
3,"1,5,9|2,4,6,7,8|3",False,False,10,4,6,3.218461571158774,0.5480380861581666,0.4870617628430389,5.564431202888115,,0,0,0,4,2,4,6,2,6,6,8,0,0,2,0,0,2,4,2,S001;S005;S010;S011;S013;S014,S002;S004;S006;S007;S008;S009;S012;S015,S003
3,"1,5|2,4,6,7,8,9|3",False,False,9,4,5,2.1895582044383533,0.7242082478412568,0.7088053515659448,6.819696355749847,,0,0,0,4,2,4,6,2,6,5,8,0,0,2,0,0,2,3,2,S001;S005;S011;S013,S002;S004;S006;S007;S008;S009;S010;S012;S014;S015,S003
3,"1,5|2,4,6,7,8|3,9",False,False,10,4,6,3.218461571158774,0.44448706683640105,0.40070838367729483,2.467306868918426,,0,0,0,4,2,4,6,2,6,5,9,0,0,2,0,0,2,3,3,S001;S005;S011;S013,S002;S004;S006;S007;S008;S009;S012;S015,S003;S010;S014
3,"1,5,9|2,4,6,7|3,8",False,False,12,5,8,4.665791495041381,0.24722207154865636,0.19663274321723168,1.886226193181891,,0,0,0,4,3,4,6,3,6,6,9,0,1,2,0,0,2,4,3,S001;S005;S010;S011;S013;S014,S002;S004;S006;S007;S008;S015,S003;S009;S012
3,"1,5|2,4,6,7,9|3,8",False,False,11,5,7,3.6368881283209604,0.44042810484971157,0.4534014823125761,2.438136793141264,,0,0,0,4,3,4,6,3,6,5,9,0,1,2,0,0,2,3,3,S001;S005;S011;S013,S002;S004;S006;S007;S008;S010;S014;S015,S003;S009;S012
3,"1,5|2,4,6,7|3,8,9",False,False,11,5,6,3.218461571158774,0.22274523753927505,0.2946431956111959,1.7618104479527288,,0,0,0,4,3,4,6,3,6,5,9,0,1,2,0,0,2,3,3,S001;S005;S011;S013,S002;S004;S006;S007;S008;S015,S003;S009;S010;S012;S014
3,"1,5,8,9|2,4,6|3,7",False,False,11,5,5,2.9503762391309842,0.3232832509494798,0.2395343390996335,2.0265901447410353,,0,0,0,4,3,4,6,3,6,6,8,0,1,2,0,0,2,4,2,S001;S005;S009;S010;S011;S012;S013;S014,S002;S004;S006;S007,S003;S008;S015
3,"1,5,8|2,4,6,9|3,7",False,False,10,5,6,3.3688027962931706,0.20557900533214427,0.2411756531218096,1.6718016183538693,,0,0,0,4,3,4,6,3,6,5,8,0,1,2,0,0,2,3,2,S001;S005;S009;S011;S012;S013,S002;S004;S006;S007;S010;S014,S003;S008;S015
3,"1,5,8|2,4,6|3,7,9",False,False,11,5,7,4.397706163013591,0.1195625605271129,0.10643329731325446,1.3060104079188295,,0,0,0,4,3,4,6,3,6,5,9,0,1,2,0,0,2,3,3,S001;S005;S009;S011;S012;S013,S002;S004;S006;S007,S003;S008;S010;S014;S015
3,"1,5,9|2,4,6,8|3,7",False,False,11,5,6,3.218461571158774,0.20665224836589555,0.20488324112505285,1.679612262833219,,0,0,0,5,2,4,6,2,6,6,8,1,0,2,0,0,2,4,2,S001;S005;S010;S011;S013;S014,S002;S004;S006;S007;S009;S012,S003;S008;S015
3,"1,5|2,4,6,8,9|3,7",False,False,10,5,5,2.1895582044383533,0.40373652027648593,0.4441495021353723,2.2052969577753085,,0,0,0,5,2,4,6,2,6,5,8,1,0,2,0,0,2,3,2,S001;S005;S011;S013,S002;S004;S006;S007;S009;S010;S012;S014,S003;S008;S015
3,"1,5|2,4,6,8|3,7,9",False,False,11,5,6,3.218461571158774,0.20919363463239737,0.2823937786883577,1.6897904586825376,,0,0,0,5,2,4,6,2,6,5,9,1,0,2,0,0,2,3,3,S001;S005;S011;S013,S002;S004;S006;S007;S009;S012,S003;S008;S010;S014;S015
3,"1,5,9|2,4,6|3,7,8",False,False,12,5,8,4.665791495041381,0.11962990967776568,0.07734900259966809,1.3112056355482877,,0,0,0,4,3,4,6,3,6,6,9,0,1,2,0,0,2,4,3,S001;S005;S010;S011;S013;S014,S002;S004;S006;S007,S003;S008;S009;S012;S015
3,"1,5|2,4,6,9|3,7,8",False,False,11,5,7,3.6368881283209604,0.20817219280945717,0.29768549021022095,1.6819324828809656,,0,0,0,4,3,4,6,3,6,5,9,0,1,2,0,0,2,3,3,S001;S005;S011;S013,S002;S004;S006;S007;S010;S014,S003;S008;S009;S012;S015
3,"1,5|2,4,6|3,7,8,9",False,False,11,5,6,3.218461571158774,0.32656059129393067,0.3481580317188588,2.044930822485808,,0,0,0,4,3,4,6,3,6,5,9,0,1,2,0,0,2,3,3,S001;S005;S011;S013,S002;S004;S006;S007,S003;S008;S009;S010;S012;S014;S015
3,"1,5,7,8,9|2,4|3,6",False,False,13,5,5,3.097042976383167,0.6217399405142873,0.464731757860915,3.7403180162405136,,0,0,0,4,4,4,6,4,7,6,8,0,2,2,0,0,3,4,2,S001;S005;S008;S009;S010;S011;S012;S013;S014;S015,S002;S004,S003;S006;S007
3,"1,5,7,8|2,4,9|3,6",False,False,13,5,6,3.515469533545353,0.37400699765298095,0.28618063765200025,2.42748947838994,,0,0,0,4,4,4,6,4,7,6,8,0,2,2,0,0,3,4,2,S001;S005;S008;S009;S011;S012;S013;S015,S002;S004;S010;S014,S003;S006;S007
3,"1,5,7,8|2,4|3,6,9",False,False,14,5,7,4.544372900265774,0.41142707331787304,0.2537828584293126,3.0083623303489904,,0,0,0,4,4,4,6,4,7,6,9,0,2,2,0,0,3,4,3,S001;S005;S008;S009;S011;S012;S013;S015,S002;S004,S003;S006;S007;S010;S014
3,"1,5,7,9|2,4,8|3,6",False,False,13,6,6,3.3651283084109567,0.37082658061838447,0.3288906158138538,2.4184864515432425,,0,0,0,5,3,4,6,3,7,6,8,1,1,2,0,0,3,4,2,S001;S005;S008;S010;S011;S013;S014;S015,S002;S004;S009;S012,S003;S006;S007
3,"1,5,7|2,4,8,9|3,6",False,False,13,6,5,2.336224941690536,0.2708881549961286,0.28196415597589186,1.9971674412026035,,0,0,0,5,3,4,6,3,7,6,8,1,1,2,0,0,3,4,2,S001;S005;S008;S011;S013;S015,S002;S004;S009;S010;S012;S014,S003;S006;S007
3,"1,5,7|2,4,8|3,6,9",False,False,14,6,6,3.3651283084109567,0.10722740042555441,0.08231476551049434,1.2995423886017896,,0,0,0,5,3,4,6,3,7,6,9,1,1,2,0,0,3,4,3,S001;S005;S008;S011;S013;S015,S002;S004;S009;S012,S003;S006;S007;S010;S014
3,"1,5,7,9|2,4|3,6,8",False,False,13,5,8,4.812458232293563,0.40908601612945134,0.28389826848204,2.997204973307555,,0,0,0,4,3,4,6,3,7,6,9,0,1,2,0,0,3,4,3,S001;S005;S008;S010;S011;S013;S014;S015,S002;S004,S003;S006;S007;S009;S012
3,"1,5,7|2,4,9|3,6,8",False,False,13,5,7,3.783554865573143,0.1092965174927872,0.049830822936723695,1.3079141145865956,,0,0,0,4,3,4,6,3,7,6,9,0,1,2,0,0,3,4,3,S001;S005;S008;S011;S013;S015,S002;S004;S010;S014,S003;S006;S007;S009;S012
3,"1,5,7|2,4|3,6,8,9",False,False,13,5,6,3.3651283084109567,0.3641571234814209,0.2746864225324162,2.7143582734878526,,0,0,0,4,3,4,6,3,7,6,9,0,1,2,0,0,3,4,3,S001;S005;S008;S011;S013;S015,S002;S004,S003;S006;S007;S009;S010;S012;S014
3,"1,5,8,9|2,4,7|3,6",False,False,11,5,6,3.650372844844158,0.34314320483647914,0.27286975409498626,2.335971830313602,,0,0,0,4,4,3,6,4,6,6,8,0,2,1,0,0,2,4,2,S001;S005;S009;S010;S011;S012;S013;S014,S002;S004;S008;S015,S003;S006;S007
3,"1,5,8|2,4,7,9|3,6",False,False,10,5,7,4.068799402006345,0.2805985964155229,0.3343861194385972,2.0796820624322443,,0,0,0,4,4,3,6,4,6,5,8,0,2,1,0,0,2,3,2,S001;S005;S009;S011;S012;S013,S002;S004;S008;S010;S014;S015,S003;S006;S007
3,"1,5,8|2,4,7|3,6,9",False,False,11,5,8,5.097702768726766,0.06551914502466442,0.05840444993688605,1.1721155057211203,,0,0,0,4,4,3,6,4,6,5,9,0,2,1,0,0,2,3,3,S001;S005;S009;S011;S012;S013,S002;S004;S008;S015,S003;S006;S007;S010;S014
3,"1,5,9|2,4,7,8|3,6",False,False,10,5,7,3.918458176871948,0.2820145617548699,0.291731962146364,2.0886850892789415,,0,0,0,4,3,3,6,3,6,6,8,0,1,1,0,0,2,4,2,S001;S005;S010;S011;S013;S014,S002;S004;S008;S009;S012;S015,S003;S006;S007
3,"1,5|2,4,7,8,9|3,6",False,False,9,5,6,2.889554810151527,0.4723006302008276,0.5288163046039756,2.6793103302030437,,0,0,0,4,3,3,6,3,6,5,8,0,1,1,0,0,2,3,2,S001;S005;S011;S013,S002;S004;S008;S009;S010;S012;S014;S015,S003;S006;S007
3,"1,5|2,4,7,8|3,6,9",False,False,10,5,7,3.918458176871948,0.23948150630435414,0.31027904923371835,1.8230354266552982,,0,0,0,4,3,3,6,3,6,5,9,0,1,1,0,0,2,3,3,S001;S005;S011;S013,S002;S004;S008;S009;S012;S015,S003;S006;S007;S010;S014
3,"1,5,9|2,4,7|3,6,8",False,False,11,5,9,5.365788100754555,0.06288601883065921,0.020973746309221206,1.1660693785910765,,0,0,0,4,3,3,6,3,6,6,9,0,1,1,0,0,2,4,3,S001;S005;S010;S011;S013;S014,S002;S004;S008;S015,S003;S006;S007;S009;S012
3,"1,5|2,4,7,9|3,6,8",False,False,10,5,8,4.336884734034134,0.23710049373626282,0.34298440938194463,1.8151774508537264,,0,0,0,4,3,3,6,3,6,5,9,0,1,1,0,0,2,3,3,S001;S005;S011;S013,S002;S004;S008;S010;S014;S015,S003;S006;S007;S009;S012
3,"1,5|2,4,7|3,6,8,9",False,False,10,5,7,3.918458176871948,0.27027302800146213,0.31084299762097606,1.911685854513047,,0,0,0,4,3,3,6,3,6,5,9,0,1,1,0,0,2,3,3,S001;S005;S011;S013,S002;S004;S008;S015,S003;S006;S007;S009;S010;S012;S014
3,"1,5,8,9|2,4|3,6,7",False,False,11,5,5,3.119082955218959,0.3894770988053754,0.24432507256271424,2.894945465935803,,0,0,0,4,4,4,6,4,6,6,7,0,2,2,0,0,2,4,1,S001;S005;S009;S010;S011;S012;S013;S014,S002;S004,S003;S006;S007;S008;S015
3,"1,5,8|2,4,9|3,6,7",False,False,10,5,6,3.5375095123811455,0.09405800055099862,0.03194482921393268,1.2488713179349515,,0,0,0,4,4,4,6,4,6,5,7,0,2,2,0,0,2,3,1,S001;S005;S009;S011;S012;S013,S002;S004;S010;S014,S003;S006;S007;S008;S015
3,"1,5,8|2,4|3,6,7,9",False,False,11,5,7,4.566412879101566,0.3769240323251853,0.30457491697949396,2.8166177808596036,,0,0,0,4,4,4,6,4,6,5,8,0,2,2,0,0,2,3,2,S001;S005;S009;S011;S012;S013,S002;S004,S003;S006;S007;S008;S010;S014;S015
3,"1,5,9|2,4,8|3,6,7",False,False,11,6,6,3.387168287246749,0.08978188644281049,0.059810616985028445,1.2344766919890489,,0,0,0,5,3,4,6,3,6,6,7,1,1,2,0,0,2,4,1,S001;S005;S010;S011;S013;S014,S002;S004;S009;S012,S003;S006;S007;S008;S015
3,"1,5|2,4,8,9|3,6,7",False,False,10,6,5,2.358264920526328,0.21854666107818985,0.29796330635986135,1.7431574615835348,,0,0,0,5,3,4,6,3,6,5,7,1,1,2,0,0,2,3,1,S001;S005;S011;S013,S002;S004;S009;S010;S012;S014,S003;S006;S007;S008;S015
3,"1,5|2,4,8|3,6,7,9",False,False,11,6,6,3.387168287246749,0.29952259057432185,0.35800278964464666,1.983705843783238,,0,0,0,5,3,4,6,3,6,5,8,1,1,2,0,0,2,3,2,S001;S005;S011;S013,S002;S004;S009;S012,S003;S006;S007;S008;S010;S014;S015
3,"1,5,9|2,4|3,6,7,8",False,False,11,5,8,4.834498211129356,0.3785714994683779,0.27580253704828783,2.8277751379010394,,0,0,0,4,3,4,6,3,6,6,8,0,1,2,0,0,2,4,2,S001;S005;S010;S011;S013;S014,S002;S004,S003;S006;S007;S008;S009;S012;S015
3,"1,5|2,4,9|3,6,7,8",False,False,10,5,7,3.8055948444089354,0.3028936391940801,0.3263276084431474,1.9915638195848098,,0,0,0,4,3,4,6,3,6,5,8,0,1,2,0,0,2,3,2,S001;S005;S011;S013,S002;S004;S010;S014,S003;S006;S007;S008;S009;S012;S015
3,"1,5|2,4|3,6,7,8,9",False,False,10,5,6,3.387168287246749,0.562354918909364,0.5036997099537727,3.5597308237925636,,0,0,0,4,3,4,6,3,6,5,8,0,1,2,0,0,2,3,2,S001;S005;S011;S013,S002;S004,S003;S006;S007;S008;S009;S010;S012;S014;S015
3,"1,6,7,8,9|2,4,5|3",False,False,10,4,6,3.3651283084109567,0.6724492442551027,0.5477587335525438,6.508678001633565,,0,0,0,4,2,4,6,2,6,6,8,0,0,2,0,0,2,4,2,S001;S006;S007;S008;S009;S010;S012;S013;S014;S015,S002;S004;S005;S011,S003
3,"1,6,7,8|2,4,5,9|3",False,False,10,4,7,3.783554865573143,0.5221177978356764,0.45775956539245666,5.2534128487718315,,0,0,0,4,2,4,6,2,6,6,8,0,0,2,0,0,2,4,2,S001;S006;S007;S008;S009;S012;S013;S015,S002;S004;S005;S010;S011;S014,S003
3,"1,6,7,8|2,4,5|3,9",False,False,11,4,8,4.812458232293563,0.38412833530246093,0.22791254935880798,2.3293992026195744,,0,0,0,4,2,4,6,2,6,6,9,0,0,2,0,0,2,4,3,S001;S006;S007;S008;S009;S012;S013;S015,S002;S004;S005;S011,S003;S010;S014
3,"1,6,7,9|2,4,5,8|3",False,False,12,6,5,3.097042976383167,0.5208271379059924,0.46618293076534567,5.234278573620882,,0,0,0,5,3,4,6,3,6,6,8,1,1,2,0,0,2,4,2,S001;S006;S007;S008;S010;S013;S014;S015,S002;S004;S005;S009;S011;S012,S003
3,"1,6,7|2,4,5,8,9|3",False,False,11,6,4,2.0681396096627456,0.5236671416637302,0.4920850850321572,5.275696179384024,,0,0,0,5,3,4,6,3,6,6,7,1,1,2,0,0,2,4,1,S001;S006;S007;S008;S013;S015,S002;S004;S005;S009;S010;S011;S012;S014,S003
3,"1,6,7|2,4,5,8|3,9",False,False,12,6,5,3.097042976383167,0.240626638057857,0.12309888615940033,1.7826866261914789,,0,0,0,5,3,4,6,3,6,6,8,1,1,2,0,0,2,4,2,S001;S006;S007;S008;S013;S015,S002;S004;S005;S009;S011;S012,S003;S010;S014
3,"1,6,7,9|2,4,5|3,8",False,False,12,5,8,4.812458232293563,0.37987141247242556,0.26968255919028666,2.301389329047833,,0,0,0,4,3,4,6,3,6,6,9,0,1,2,0,0,2,4,3,S001;S006;S007;S008;S010;S013;S014;S015,S002;S004;S005;S011,S003;S009;S012
3,"1,6,7|2,4,5,9|3,8",False,False,11,5,7,3.783554865573143,0.23663258062238893,0.2061680671657832,1.7592761860952375,,0,0,0,4,3,4,6,3,6,6,8,0,1,2,0,0,2,4,2,S001;S006;S007;S008;S013;S015,S002;S004;S005;S010;S011;S014,S003;S009;S012
3,"1,6,7|2,4,5|3,8,9",False,False,11,5,6,3.3651283084109567,0.1490511350448996,0.06437198497976028,1.449004965171826,,0,0,0,4,3,4,6,3,6,6,8,0,1,2,0,0,2,4,2,S001;S006;S007;S008;S013;S015,S002;S004;S005;S011,S003;S009;S010;S012;S014
3,"1,6,8,9|2,4,5,7|3",False,False,11,4,8,4.449748066497147,0.5107542812479071,0.46324904233278935,5.058908945886901,,0,0,0,4,2,4,6,2,6,6,9,0,0,2,0,0,2,4,3,S001;S006;S007;S009;S010;S012;S013;S014,S002;S004;S005;S008;S011;S015,S003
3,"1,6,8|2,4,5,7,9|3",False,False,11,4,9,4.868174623659334,0.537546813917456,0.5202262895550503,5.451065807118004,,0,0,0,4,2,4,6,2,6,6,9,0,0,2,0,0,2,4,3,S001;S006;S007;S009;S012;S013,S002;S004;S005;S008;S010;S011;S014;S015,S003
3,"1,6,8|2,4,5,7|3,9",False,False,12,4,10,5.8970779903797546,0.24509252132033635,0.18954521345283976,1.8604467190619125,,0,0,0,4,2,4,6,2,6,6,10,0,0,2,0,0,2,4,4,S001;S006;S007;S009;S012;S013,S002;S004;S005;S008;S011;S015,S003;S010;S014
3,"1,6,9|2,4,5,7,8|3",False,False,12,5,7,4.1816627344693575,0.5392365084516098,0.48422804487651594,5.4702000822689545,,0,0,0,4,3,4,6,3,6,6,9,0,1,2,0,0,2,4,3,S001;S006;S007;S010;S013;S014,S002;S004;S005;S008;S009;S011;S012;S015,S003
3,"1,6|2,4,5,7,8,9|3",False,False,11,5,6,3.1527593677489363,0.7081031085570947,0.6761400362131076,6.725465235130685,,0,0,0,4,3,4,6,3,6,6,8,0,1,2,0,0,2,4,2,S001;S006;S007;S013,S002;S004;S005;S008;S009;S010;S011;S012;S014;S015,S003
3,"1,6|2,4,5,7,8|3,9",False,False,12,5,7,4.1816627344693575,0.4257347762655458,0.36704702814391116,2.425524145277443,,0,0,0,4,3,4,6,3,6,6,9,0,1,2,0,0,2,4,3,S001;S006;S007;S013,S002;S004;S005;S008;S009;S011;S012;S015,S003;S010;S014
3,"1,6,9|2,4,5,7|3,8",False,False,13,5,10,5.8970779903797546,0.24166261006735643,0.21505384660974042,1.8447949830529398,,0,0,0,4,3,4,6,3,6,6,10,0,1,2,0,0,2,4,4,S001;S006;S007;S010;S013;S014,S002;S004;S005;S008;S011;S015,S003;S009;S012
3,"1,6|2,4,5,7,9|3,8",False,False,12,5,9,4.868174623659334,0.42161728845602026,0.43356640382404504,2.396705583012312,,0,0,0,4,3,4,6,3,6,6,9,0,1,2,0,0,2,4,3,S001;S006;S007;S013,S002;S004;S005;S008;S010;S011;S014;S015,S003;S009;S012
3,"1,6|2,4,5,7|3,8,9",False,False,12,5,8,4.449748066497147,0.20037111633181182,0.26158313820170565,1.6589146989106998,,0,0,0,4,3,4,6,3,6,6,9,0,1,2,0,0,2,4,3,S001;S006;S007;S013,S002;S004;S005;S008;S011;S015,S003;S009;S010;S012;S014
3,"1,6,8,9|2,4,5|3,7",False,False,8,4,7,3.918458176871948,0.34123392337139696,0.28828169389237196,2.065055452480193,,0,0,0,4,2,3,6,2,5,6,8,0,0,1,0,0,1,4,2,S001;S006;S007;S009;S010;S012;S013;S014,S002;S004;S005;S011,S003;S008;S015
3,"1,6,8|2,4,5,9|3,7",False,False,8,4,8,4.336884734034134,0.20172609025127652,0.2346410931055743,1.6333363106147119,,0,0,0,4,2,3,6,2,5,6,8,0,0,1,0,0,1,4,2,S001;S006;S007;S009;S012;S013,S002;S004;S005;S010;S011;S014,S003;S008;S015
3,"1,6,8|2,4,5|3,7,9",False,False,9,4,9,5.365788100754555,0.1395521944099832,0.09930049680850475,1.3851420337222529,,0,0,0,4,2,3,6,2,5,6,9,0,0,1,0,0,1,4,3,S001;S006;S007;S009;S012;S013,S002;S004;S005;S011,S003;S008;S010;S014;S015
3,"1,6,9|2,4,5,8|3,7",False,False,10,6,6,3.650372844844158,0.20231186153186692,0.2091150430717175,1.6411469550940616,,0,0,0,5,3,3,6,3,5,6,8,1,1,1,0,0,1,4,2,S001;S006;S007;S010;S013;S014,S002;S004;S005;S009;S011;S012,S003;S008;S015
3,"1,6|2,4,5,8,9|3,7",False,False,9,6,5,2.621469478123737,0.38435696078842535,0.3883599491091594,2.153548379186318,,0,0,0,5,3,3,6,3,5,6,7,1,1,1,0,0,1,4,1,S001;S006;S007;S013,S002;S004;S005;S009;S010;S011;S012;S014,S003;S008;S015
3,"1,6|2,4,5,8|3,7,9",False,False,10,6,6,3.650372844844158,0.18771785557690737,0.22328095333071088,1.5895779317086447,,0,0,0,5,3,3,6,3,5,6,8,1,1,1,0,0,1,4,2,S001;S006;S007;S013,S002;S004;S005;S009;S011;S012,S003;S008;S010;S014;S015
3,"1,6,9|2,4,5|3,7,8",False,False,10,5,9,5.365788100754555,0.13924097503214042,0.09606680587860253,1.3781740603160708,,0,0,0,4,3,3,6,3,5,6,9,0,1,1,0,0,1,4,3,S001;S006;S007;S010;S013;S014,S002;S004;S005;S011,S003;S008;S009;S012;S015
3,"1,6|2,4,5,9|3,7,8",False,False,9,5,8,4.336884734034134,0.18685436477971,0.2452033207889679,1.5820127176013652,,0,0,0,4,3,3,6,3,5,6,8,0,1,1,0,0,1,4,2,S001;S006;S007;S013,S002;S004;S005;S010;S011;S014,S003;S008;S009;S012;S015
3,"1,6|2,4,5|3,7,8,9",False,False,9,5,7,3.918458176871948,0.3239901736079392,0.3034414172541464,1.9687435921584024,,0,0,0,4,3,3,6,3,5,6,8,0,1,1,0,0,1,4,2,S001;S006;S007;S013,S002;S004;S005;S011,S003;S008;S009;S010;S012;S014;S015
3,"1,7,8,9|2,4,5,6|3",False,False,13,4,6,3.1964215923229817,0.5318404303849916,0.46009054850689446,5.383362207649338,,0,0,0,4,2,5,6,2,7,6,9,0,0,3,0,0,3,4,3,S001;S008;S009;S010;S012;S013;S014;S015,S002;S004;S005;S006;S007;S011,S003
3,"1,7,8|2,4,5,6,9|3",False,False,13,4,7,3.614848149485168,0.5142621824904011,0.484655532126009,5.1266125453555675,,0,0,0,4,2,5,6,2,7,6,9,0,0,3,0,0,3,4,3,S001;S008;S009;S012;S013;S015,S002;S004;S005;S006;S007;S010;S011;S014,S003
3,"1,7,8|2,4,5,6|3,9",False,False,14,4,8,4.643751516205589,0.2425221750483124,0.1419556469392028,1.830426479808556,,0,0,0,4,2,5,6,2,7,6,10,0,0,3,0,0,3,4,4,S001;S008;S009;S012;S013;S015,S002;S004;S005;S006;S007;S011,S003;S010;S014
3,"1,7,9|2,4,5,6,8|3",False,False,14,5,5,2.928336260295192,0.5153412407462243,0.4541945569803211,5.145746820506518,,0,0,0,5,2,5,6,2,7,6,9,1,0,3,0,0,3,4,3,S001;S008;S010;S013;S014;S015,S002;S004;S005;S006;S007;S009;S011;S012,S003
3,"1,7|2,4,5,6,8,9|3",False,False,13,5,4,1.899432893574771,0.6555419912735959,0.6299102381095768,6.401011973368249,,0,0,0,5,2,5,6,2,7,6,8,1,0,3,0,0,3,4,2,S001;S008;S013;S015,S002;S004;S005;S006;S007;S009;S010;S011;S012;S014,S003
3,"1,7|2,4,5,6,8|3,9",False,False,14,5,5,2.928336260295192,0.3644352286657084,0.30368038139446185,2.281659349002498,,0,0,0,5,2,5,6,2,7,6,9,1,0,3,0,0,3,4,3,S001;S008;S013;S015,S002;S004;S005;S006;S007;S009;S011;S012,S003;S010;S014
3,"1,7,9|2,4,5,6|3,8",False,False,14,4,8,4.643751516205589,0.23831336948956108,0.17851395911750734,1.8066144095133596,,0,0,0,4,2,5,6,2,7,6,10,0,0,3,0,0,3,4,4,S001;S008;S010;S013;S014;S015,S002;S004;S005;S006;S007;S011,S003;S009;S012
3,"1,7|2,4,5,6,9|3,8",False,False,13,4,7,3.614848149485168,0.36010872039685965,0.37508002931499745,2.2540511056297103,,0,0,0,4,2,5,6,2,7,6,9,0,0,3,0,0,3,4,3,S001;S008;S013;S015,S002;S004;S005;S006;S007;S010;S011;S014,S003;S009;S012
3,"1,7|2,4,5,6|3,8,9",False,False,13,4,6,3.1964215923229817,0.12370684312896855,0.21157165119280796,1.3566074261585306,,0,0,0,4,2,5,6,2,7,6,9,0,0,3,0,0,3,4,3,S001;S008;S013;S015,S002;S004;S005;S006;S007;S011,S003;S009;S010;S012;S014
3,"1,8,9|2,4,5,6,7|3",False,False,11,4,6,3.218461571158774,0.5269775700374403,0.4877303816646366,5.321116448240499,,0,0,0,4,2,4,6,2,7,6,8,0,0,2,0,0,3,4,2,S001;S009;S010;S012;S013;S014,S002;S004;S005;S006;S007;S008;S011;S015,S003
3,"1,8|2,4,5,6,7,9|3",False,False,10,4,7,3.6368881283209604,0.6833625252327545,0.6406093527675328,6.576381601102232,,0,0,0,4,2,4,6,2,7,5,8,0,0,2,0,0,3,3,2,S001;S009;S012;S013,S002;S004;S005;S006;S007;S008;S010;S011;S014;S015,S003
3,"1,8|2,4,5,6,7|3,9",False,False,11,4,8,4.665791495041381,0.39686513783872307,0.3266718892125667,2.359419441872931,,0,0,0,4,2,4,6,2,7,5,9,0,0,2,0,0,3,3,3,S001;S009;S012;S013,S002;S004;S005;S006;S007;S008;S011;S015,S003;S010;S014
3,"1,9|2,4,5,6,7,8|3",False,False,11,4,5,2.9503762391309842,0.6864844245124997,0.5847876913215685,6.595515876253182,,0,0,0,4,2,4,6,2,7,6,8,0,0,2,0,0,3,4,2,S001;S010;S013;S014,S002;S004;S005;S006;S007;S008;S009;S011;S012;S015,S003
3,"1|2,4,5,6,7,8,9|3",False,False,9,4,4,1.9214728724105632,0.918197803106485,0.8766448804636213,7.850781029114914,,0,0,0,4,2,4,6,2,7,5,7,0,0,2,0,0,3,3,1,S001;S013,S002;S004;S005;S006;S007;S008;S009;S010;S011;S012;S014;S015,S003
3,"1|2,4,5,6,7,8|3,9",False,False,10,4,5,2.9503762391309842,0.6650797868587943,0.5879485581911343,4.697899887757482,,0,0,0,4,2,4,6,2,7,5,8,0,0,2,0,0,3,3,2,S001;S013,S002;S004;S005;S006;S007;S008;S009;S011;S012;S015,S003;S010;S014
3,"1,9|2,4,5,6,7|3,8",False,False,12,4,8,4.665791495041381,0.3963091664154441,0.326088667043278,2.339569902587413,,0,0,0,4,2,4,6,2,7,6,9,0,0,2,0,0,3,4,3,S001;S010;S013;S014,S002;S004;S005;S006;S007;S008;S011;S015,S003;S009;S012
3,"1|2,4,5,6,7,9|3,8",False,False,10,4,7,3.6368881283209604,0.6615237081431956,0.6429942600124776,4.684270793268055,,0,0,0,4,2,4,6,2,7,5,8,0,0,2,0,0,3,3,2,S001;S013,S002;S004;S005;S006;S007;S008;S010;S011;S014;S015,S003;S009;S012
3,"1|2,4,5,6,7|3,8,9",False,False,10,4,6,3.218461571158774,0.46840675983111457,0.49325973214325314,3.7901618059836406,,0,0,0,4,2,4,6,2,7,5,8,0,0,2,0,0,3,3,2,S001;S013,S002;S004;S005;S006;S007;S008;S011;S015,S003;S009;S010;S012;S014
3,"1,8,9|2,4,5,6|3,7",False,False,10,4,6,3.218461571158774,0.2004780059273416,0.20526088951841687,1.6056995832628629,,1,0,0,4,2,4,6,2,6,6,8,0,0,2,0,0,2,4,2,S001;S009;S010;S012;S013;S014,S002;S004;S005;S006;S007;S011,S003;S008;S015
3,"1,8|2,4,5,6,9|3,7",False,False,9,4,7,3.6368881283209604,0.354452530135437,0.3746663350358741,2.0926921798320417,,0,0,0,4,2,4,6,2,6,5,8,0,0,2,0,0,2,3,2,S001;S009;S012;S013,S002;S004;S005;S006;S007;S010;S011;S014,S003;S008;S015
3,"1,8|2,4,5,6|3,7,9",False,False,10,4,8,4.665791495041381,0.15434320678571672,0.1857952967923358,1.44543438812576,,0,0,0,4,2,4,6,2,6,5,9,0,0,2,0,0,2,3,3,S001;S009;S012;S013,S002;S004;S005;S006;S007;S011,S003;S008;S010;S014;S015
3,"1,9|2,4,5,6,8|3,7",False,False,11,5,5,2.9503762391309842,0.3582322699860133,0.30232991912054413,2.100502824311392,,0,0,0,5,2,4,6,2,6,6,8,1,0,2,0,0,2,4,2,S001;S010;S013;S014,S002;S004;S005;S006;S007;S009;S011;S012,S003;S008;S015
3,"1|2,4,5,6,8,9|3,7",False,False,9,5,4,1.9214728724105632,0.6295418043939079,0.6325228807430894,4.55935729599124,,0,0,0,5,2,4,6,2,6,5,7,1,0,2,0,0,2,3,1,S001;S013,S002;S004;S005;S006;S007;S009;S010;S011;S012;S014,S003;S008;S015
3,"1|2,4,5,6,8|3,7,9",False,False,10,5,5,2.9503762391309842,0.45081529849853724,0.46117381144027886,3.665248308706826,,0,0,0,5,2,4,6,2,6,5,8,1,0,2,0,0,2,3,2,S001;S013,S002;S004;S005;S006;S007;S009;S011;S012,S003;S008;S010;S014;S015
3,"1,9|2,4,5,6|3,7,8",False,False,11,4,8,4.665791495041381,0.15799874777954998,0.1485406949569066,1.4558350366556403,,0,0,0,4,2,4,6,2,6,6,9,0,0,2,0,0,2,4,3,S001;S010;S013;S014,S002;S004;S005;S006;S007;S011,S003;S008;S009;S012;S015
3,"1|2,4,5,6,9|3,7,8",False,False,9,4,7,3.6368881283209604,0.44909069133017393,0.4904395955250089,3.6516192142173987,,0,0,0,4,2,4,6,2,6,5,8,0,0,2,0,0,2,3,2,S001;S013,S002;S004;S005;S006;S007;S010;S011;S014,S003;S008;S009;S012;S015
3,"1|2,4,5,6|3,7,8,9",False,False,9,4,6,3.218461571158774,0.4371971613375334,0.46861232288806837,3.5467855981975376,,0,0,0,4,2,4,6,2,6,5,8,0,0,2,0,0,2,3,2,S001;S013,S002;S004;S005;S006;S007;S011,S003;S008;S009;S010;S012;S014;S015
3,"1,7,8,9|2,4,5|3,6",False,False,12,5,6,3.3651283084109567,0.41321626558699664,0.3278415986622332,2.5329704992016313,,0,0,0,4,3,4,6,3,7,6,8,0,1,2,0,0,3,4,2,S001;S008;S009;S010;S012;S013;S014;S015,S002;S004;S005;S011,S003;S006;S007
3,"1,7,8|2,4,5,9|3,6",False,False,12,5,7,3.783554865573143,0.2678859103765462,0.27638153194289655,1.9423452582775296,,0,0,0,4,3,4,6,3,7,6,8,0,1,2,0,0,3,4,2,S001;S008;S009;S012;S013;S015,S002;S004;S005;S010;S011;S014,S003;S006;S007
3,"1,7,8|2,4,5|3,6,9",False,False,13,5,8,4.812458232293563,0.16524713086412243,0.08162869897787312,1.5032955400178585,,0,0,0,4,3,4,6,3,7,6,9,0,1,2,0,0,3,4,3,S001;S008;S009;S012;S013;S015,S002;S004;S005;S011,S003;S006;S007;S010;S014
3,"1,7,9|2,4,5,8|3,6",False,False,13,6,5,3.097042976383167,0.2676664312097993,0.25428367152878084,1.933342231430832,,0,0,0,5,3,4,6,3,7,6,8,1,1,2,0,0,3,4,2,S001;S008;S010;S013;S014;S015,S002;S004;S005;S009;S011;S012,S003;S006;S007
3,"1,7|2,4,5,8,9|3,6",False,False,12,6,4,2.0681396096627456,0.3939642828869058,0.41643806770773956,2.482311661315014,,0,0,0,5,3,4,6,3,7,6,7,1,1,2,0,0,3,4,1,S001;S008;S013;S015,S002;S004;S005;S009;S010;S011;S012;S014,S003;S006;S007
3,"1,7|2,4,5,8|3,6,9",False,False,13,6,5,3.097042976383167,0.1395633547549261,0.20446665504905878,1.40884969339444,,0,0,0,5,3,4,6,3,7,6,8,1,1,2,0,0,3,4,2,S001;S008;S013;S015,S002;S004;S005;S009;S011;S012,S003;S006;S007;S010;S014
3,"1,7,9|2,4,5|3,6,8",False,False,12,4,8,4.812458232293563,0.16282326492819185,0.09493535489976164,1.4963275666116764,,0,0,0,4,2,4,6,2,7,6,9,0,0,2,0,0,3,4,3,S001;S008;S010;S013;S014;S015,S002;S004;S005;S011,S003;S006;S007;S009;S012
3,"1,7|2,4,5,9|3,6,8",False,False,11,4,7,3.783554865573143,0.1371140908702742,0.2398015507812274,1.402144611898972,,0,0,0,4,2,4,6,2,7,6,8,0,0,2,0,0,3,4,2,S001;S008;S013;S015,S002;S004;S005;S010;S011;S014,S003;S006;S007;S009;S012
3,"1,7|2,4,5|3,6,8,9",False,False,11,4,6,3.3651283084109567,0.2561595336434569,0.2720885293323575,1.695166354744462,,0,0,0,4,2,4,6,2,7,6,8,0,0,2,0,0,3,4,2,S001;S008;S013;S015,S002;S004;S005;S011,S003;S006;S007;S009;S010;S012;S014
3,"1,8,9|2,4,5,7|3,6",False,False,12,5,7,3.918458176871948,0.2692846355955037,0.29237158723704504,1.9742010416205527,,0,0,0,4,3,4,6,3,7,6,8,0,1,2,0,0,3,4,2,S001;S009;S010;S012;S013;S014,S002;S004;S005;S008;S011;S015,S003;S006;S007
3,"1,8|2,4,5,7,9|3,6",False,False,11,5,8,4.336884734034134,0.42567244029022483,0.4613267170522509,2.5648262825446544,,0,0,0,4,3,4,6,3,7,5,8,0,1,2,0,0,3,3,2,S001;S009;S012;S013,S002;S004;S005;S008;S010;S011;S014;S015,S003;S006;S007
3,"1,8|2,4,5,7|3,6,9",False,False,12,5,9,5.365788100754555,0.18140276566821248,0.22033440037157018,1.5665746151176063,,0,0,0,4,3,4,6,3,7,5,9,0,1,2,0,0,3,3,3,S001;S009;S012;S013,S002;S004;S005;S008;S011;S015,S003;S006;S007;S010;S014
3,"1,9|2,4,5,7,8|3,6",False,False,12,5,6,3.650372844844158,0.4292377033447294,0.3955584492649626,2.573829309391352,,0,0,0,4,3,4,6,3,7,6,8,0,1,2,0,0,3,4,2,S001;S010;S013;S014,S002;S004;S005;S008;S009;S011;S012;S015,S003;S006;S007
3,"1|2,4,5,7,8,9|3,6",False,False,10,5,5,2.621469478123737,0.6895470806180571,0.7058079534035777,4.790461120258311,,0,0,0,4,3,4,6,3,7,5,7,0,1,2,0,0,3,3,1,S001;S013,S002;S004;S005;S008;S009;S010;S011;S012;S014;S015,S003;S006;S007
3,"1|2,4,5,7,8|3,6,9",False,False,11,5,6,3.650372844844158,0.4857071482669666,0.49549240614882656,3.896352132973898,,0,0,0,4,3,4,6,3,7,5,8,0,1,2,0,0,3,3,2,S001;S013,S002;S004;S005;S008;S009;S011;S012;S015,S003;S006;S007;S010;S014
3,"1,9|2,4,5,7|3,6,8",False,False,12,4,9,5.365788100754555,0.1835606869702223,0.19840131074636125,1.5778469302787237,,0,0,0,4,2,4,6,2,7,6,9,0,0,2,0,0,3,4,3,S001;S010;S013;S014,S002;S004;S005;S008;S011;S015,S003;S006;S007;S009;S012
3,"1|2,4,5,7,9|3,6,8",False,False,10,4,8,4.336884734034134,0.48337461325198877,0.5352584639633253,3.882723038484471,,0,0,0,4,2,4,6,2,7,5,8,0,0,2,0,0,3,3,2,S001;S013,S002;S004;S005;S008;S010;S011;S014;S015,S003;S006;S007;S009;S012
3,"1|2,4,5,7|3,6,8,9",False,False,10,4,7,3.918458176871948,0.42027923239989995,0.4646371091914355,3.315681773930465,,0,0,0,4,2,4,6,2,7,5,8,0,0,2,0,0,3,3,2,S001;S013,S002;S004;S005;S008;S011;S015,S003;S006;S007;S009;S010;S012;S014
3,"1,8,9|2,4,5|3,6,7",False,False,10,5,6,3.387168287246749,0.14549726018900055,0.058131901813416056,1.4324646351621033,,0,0,0,4,3,4,6,3,6,6,7,0,1,2,0,0,2,4,1,S001;S009;S010;S012;S013;S014,S002;S004;S005;S011,S003;S006;S007;S008;S015
3,"1,8|2,4,5,9|3,6,7",False,False,9,5,7,3.8055948444089354,0.16130234922723677,0.2096002358756047,1.4939532248492826,,1,0,0,4,3,4,6,3,6,5,7,0,1,2,0,0,2,3,1,S001;S009;S012;S013,S002;S004;S005;S010;S011;S014,S003;S006;S007;S008;S015
3,"1,8|2,4,5|3,6,7,9",False,False,10,5,8,4.834498211129356,0.29222596985533467,0.27751389786953434,1.8034945698668268,,0,0,0,4,3,4,6,3,6,5,8,0,1,2,0,0,2,3,2,S001;S009;S012;S013,S002;S004;S005;S011,S003;S006;S007;S008;S010;S014;S015
3,"1,9|2,4,5,8|3,6,7",False,False,11,6,5,3.119082955218959,0.1657819843963647,0.12730829598856966,1.5118985090868138,,0,0,0,5,3,4,6,3,6,6,7,1,1,2,0,0,2,4,1,S001;S010;S013;S014,S002;S004;S005;S009;S011;S012,S003;S006;S007;S008;S015
3,"1|2,4,5,8,9|3,6,7",False,False,9,5,4,2.090179588498538,0.46355152945008415,0.4973817695208335,3.7578095412076564,,0,0,0,5,3,4,6,3,6,5,6,1,1,2,0,0,2,3,0,S001;S013,S002;S004;S005;S009;S010;S011;S012;S014,S003;S006;S007;S008;S015
3,"1|2,4,5,8|3,6,7,9",False,False,10,6,5,3.119082955218959,0.42776618679657213,0.4749076121047088,3.4405952712072794,,0,0,0,5,3,4,6,3,6,5,7,1,1,2,0,0,2,3,1,S001;S013,S002;S004;S005;S009;S011;S012,S003;S006;S007;S008;S010;S014;S015
3,"1,9|2,4,5|3,6,7,8",False,False,10,4,8,4.834498211129356,0.2962538454309855,0.23557266696045545,1.8236671642897537,,0,0,0,4,2,4,6,2,6,6,8,0,0,2,0,0,2,4,2,S001;S010;S013;S014,S002;S004;S005;S011,S003;S006;S007;S008;S009;S012;S015
3,"1|2,4,5,9|3,6,7,8",False,False,8,4,7,3.8055948444089354,0.42882282536854777,0.46570459998834374,3.4542243656967058,,0,0,0,4,2,4,6,2,6,5,7,0,0,2,0,0,2,3,1,S001;S013,S002;S004;S005;S010;S011;S014,S003;S006;S007;S008;S009;S012;S015
3,"1|2,4,5|3,6,7,8,9",False,False,8,4,6,3.387168287246749,0.5783945579182325,0.5565494442333486,4.348333352981122,,0,0,0,4,2,4,6,2,6,5,7,0,0,2,0,0,2,3,1,S001;S013,S002;S004;S005;S011,S003;S006;S007;S008;S009;S010;S012;S014;S015
3,"1,6,7,8,9|2,4|3,5",False,False,11,5,6,3.3651283084109567,0.6404121004572513,0.49582459808532736,3.7952649765443836,,0,0,0,4,3,4,6,3,6,6,8,0,1,2,0,0,2,4,2,S001;S006;S007;S008;S009;S010;S012;S013;S014;S015,S002;S004,S003;S005;S011
3,"1,6,7,8|2,4,9|3,5",False,False,11,5,7,3.783554865573143,0.39585277319304707,0.31772706753081537,2.58650607611945,,0,0,0,4,3,4,6,3,6,6,8,0,1,2,0,0,2,4,2,S001;S006;S007;S008;S009;S012;S013;S015,S002;S004;S010;S014,S003;S005;S011
3,"1,6,7,8|2,4|3,5,9",False,False,12,5,8,4.812458232293563,0.42348730722420685,0.2722340315781119,3.06330929065286,,0,0,0,4,3,4,6,3,6,6,9,0,1,2,0,0,2,4,3,S001;S006;S007;S008;S009;S012;S013;S015,S002;S004,S003;S005;S010;S011;S014
3,"1,6,7,9|2,4,8|3,5",False,False,12,6,6,3.3651283084109567,0.3927182977630414,0.34931740808629075,2.5770853585088696,,0,0,0,5,3,4,6,3,6,6,8,1,1,2,0,0,2,4,2,S001;S006;S007;S008;S010;S013;S014;S015,S002;S004;S009;S012,S003;S005;S011
3,"1,6,7|2,4,8,9|3,5",False,False,11,6,5,2.336224941690536,0.28869842395110923,0.2928019690087875,2.089824989416398,,0,0,0,5,3,4,6,3,6,6,7,1,1,2,0,0,2,4,1,S001;S006;S007;S008;S013;S015,S002;S004;S009;S010;S012;S014,S003;S005;S011
3,"1,6,7|2,4,8|3,5,9",False,False,12,6,6,3.3651283084109567,0.12130614925279001,0.06600822019235174,1.3310647046825734,,0,0,0,5,3,4,6,3,6,6,8,1,1,2,0,0,2,4,2,S001;S006;S007;S008;S013;S015,S002;S004;S009;S012,S003;S005;S010;S011;S014
3,"1,6,7,9|2,4|3,5,8",False,False,13,5,7,4.544372900265774,0.42096897845430625,0.299578594007792,3.0521519336114245,,0,0,0,4,4,4,6,4,6,6,9,0,2,2,0,0,2,4,3,S001;S006;S007;S008;S010;S013;S014;S015,S002;S004,S003;S005;S009;S011;S012
3,"1,6,7|2,4,9|3,5,8",False,False,12,5,6,3.515469533545353,0.12272049516734236,0.032871162486539554,1.339639499220548,,0,0,0,4,4,4,6,4,6,6,8,0,2,2,0,0,2,4,2,S001;S006;S007;S008;S013;S015,S002;S004;S010;S014,S003;S005;S009;S011;S012
3,"1,6,7|2,4|3,5,8,9",False,False,12,5,5,3.097042976383167,0.35913240002845676,0.2490177053258971,2.6594113131839827,,0,0,0,4,4,4,6,4,6,6,8,0,2,2,0,0,2,4,2,S001;S006;S007;S008;S013;S015,S002;S004,S003;S005;S009;S010;S011;S012;S014
3,"1,6,8,9|2,4,7|3,5",False,False,10,5,8,4.449748066497147,0.36540346798050005,0.31985443702448985,2.4907425141982817,,0,0,0,4,3,3,6,3,5,6,9,0,1,1,0,0,1,4,3,S001;S006;S007;S009;S010;S012;S013;S014,S002;S004;S008;S015,S003;S005;S011
3,"1,6,8|2,4,7,9|3,5",False,False,10,5,9,4.868174623659334,0.29624160185051324,0.3328170919118838,2.1761678337269856,,0,0,0,4,3,3,6,3,5,6,9,0,1,1,0,0,1,4,3,S001;S006;S007;S009;S012;S013,S002;S004;S008;S010;S014;S015,S003;S005;S011
3,"1,6,8|2,4,7|3,5,9",False,False,11,5,10,5.8970779903797546,0.08103919848585428,0.01090496766578224,1.2018910436171388,,0,0,0,4,3,3,6,3,5,6,10,0,1,1,0,0,1,4,4,S001;S006;S007;S009;S012;S013,S002;S004;S008;S015,S003;S005;S010;S011;S014
3,"1,6,9|2,4,7,8|3,5",False,False,10,5,8,4.449748066497147,0.29741024217725986,0.3051381821699885,2.185588551337566,,0,0,0,4,3,3,6,3,5,6,9,0,1,1,0,0,1,4,3,S001;S006;S007;S010;S013;S014,S002;S004;S008;S009;S012;S015,S003;S005;S011
3,"1,6|2,4,7,8,9|3,5",False,False,9,5,7,3.420844699776726,0.47459414594800287,0.5007372872950085,2.8036155441669846,,0,0,0,4,3,3,6,3,5,6,8,0,1,1,0,0,1,4,2,S001;S006;S007;S013,S002;S004;S008;S009;S010;S012;S014;S015,S003;S005;S011
3,"1,6|2,4,7,8|3,5,9",False,False,10,5,8,4.449748066497147,0.22972633482404192,0.2609269982124881,1.7551152709129292,,0,0,0,4,3,3,6,3,5,6,9,0,1,1,0,0,1,4,3,S001;S006;S007;S013,S002;S004;S008;S009;S012;S015,S003;S005;S010;S011;S014
3,"1,6,9|2,4,7|3,5,8",False,False,12,5,9,5.628992658351965,0.07761117315138226,0.06926749488544526,1.1958449164870946,,0,0,0,4,4,3,6,4,5,6,10,0,2,1,0,0,1,4,4,S001;S006;S007;S010;S013;S014,S002;S004;S008;S015,S003;S005;S009;S011;S012
3,"1,6|2,4,7,9|3,5,8",False,False,11,5,8,4.600089291631544,0.22701666443988996,0.3047586268633045,1.7475500568056497,,0,0,0,4,4,3,6,4,5,6,9,0,2,1,0,0,1,4,3,S001;S006;S007;S013,S002;S004;S008;S010;S014;S015,S003;S005;S009;S011;S012
3,"1,6|2,4,7|3,5,8,9",False,False,11,5,7,4.1816627344693575,0.24823076045966433,0.24395375180038306,1.8032062529541177,,0,0,0,4,4,3,6,4,5,6,9,0,2,1,0,0,1,4,3,S001;S006;S007;S013,S002;S004;S008;S015,S003;S005;S009;S010;S011;S012;S014
3,"1,6,8,9|2,4|3,5,7",False,False,12,5,7,3.918458176871948,0.39958750792028763,0.29336391160474234,2.949892426239673,,0,0,0,4,3,4,6,3,6,6,9,0,1,2,0,0,2,4,3,S001;S006;S007;S009;S010;S012;S013;S014,S002;S004,S003;S005;S008;S011;S015
3,"1,6,8|2,4,9|3,5,7",False,False,12,5,8,4.336884734034134,0.10037804754833392,0.06337495629669863,1.2805967025689042,,0,0,0,4,3,4,6,3,6,6,9,0,1,2,0,0,2,4,3,S001;S006;S007;S009;S012;S013,S002;S004;S010;S014,S003;S005;S008;S011;S015
3,"1,6,8|2,4|3,5,7,9",False,False,12,5,9,5.365788100754555,0.36952895701975974,0.2825223206379913,2.7616708205557345,,0,0,0,4,3,4,6,3,6,6,9,0,1,2,0,0,2,4,3,S001;S006;S007;S009;S012;S013,S002;S004,S003;S005;S008;S010;S011;S014;S015
3,"1,6,9|2,4,8|3,5,7",False,False,13,6,7,3.918458176871948,0.09584757090684255,0.1058725137517818,1.2659990080698327,,0,0,0,5,3,4,6,3,6,6,9,1,1,2,0,0,2,4,3,S001;S006;S007;S010;S013;S014,S002;S004;S009;S012,S003;S005;S008;S011;S015
3,"1,6|2,4,8,9|3,5,7",False,False,12,6,6,2.889554810151527,0.2052795453858174,0.2508297446914556,1.6782132896035942,,0,0,0,5,3,4,6,3,6,6,8,1,1,2,0,0,2,4,2,S001;S006;S007;S013,S002;S004;S009;S010;S012;S014,S003;S005;S008;S011;S015
3,"1,6|2,4,8|3,5,7,9",False,False,12,6,7,3.918458176871948,0.27810413502788073,0.3045458812739878,1.8725430201561732,,0,0,0,5,3,4,6,3,6,6,8,1,1,2,0,0,2,4,2,S001;S006;S007;S013,S002;S004;S009;S012,S003;S005;S008;S010;S011;S014;S015
3,"1,6,9|2,4|3,5,7,8",False,False,13,5,8,5.097702768726766,0.3709320067730303,0.2575140200489306,2.77282817759717,,0,0,0,4,4,4,6,4,6,6,9,0,2,2,0,0,2,4,3,S001;S006;S007;S010;S013;S014,S002;S004,S003;S005;S008;S009;S011;S012;S015
3,"1,6|2,4,9|3,5,7,8",False,False,12,5,7,4.068799402006345,0.2815489461408709,0.2586960623292048,1.8801082342634527,,0,0,0,4,4,4,6,4,6,6,8,0,2,2,0,0,2,4,2,S001;S006;S007;S013,S002;S004;S010;S014,S003;S005;S008;S009;S011;S012;S015
3,"1,6|2,4|3,5,7,8,9",False,False,12,5,6,3.650372844844158,0.5449948497006453,0.444130457353341,3.5047838634886936,,0,0,0,4,4,4,6,4,6,6,8,0,2,2,0,0,2,4,2,S001;S006;S007;S013,S002;S004,S003;S005;S008;S009;S010;S011;S012;S014;S015
3,"1,7,8,9|2,4,6|3,5",False,False,14,5,6,3.1964215923229817,0.4178415817237648,0.33938728792714656,2.650486352560711,,0,0,0,4,3,5,6,3,7,6,9,0,1,3,0,0,3,4,3,S001;S008;S009;S010;S012;S013;S014;S015,S002;S004;S006;S007,S003;S005;S011
3,"1,7,8|2,4,6,9|3,5",False,False,14,5,7,3.614848149485168,0.28697680617108257,0.29123867888769106,2.0324593597312934,,0,0,0,4,3,5,6,3,7,6,9,0,1,3,0,0,3,4,3,S001;S008;S009;S012;S013;S015,S002;S004;S006;S007;S010;S014,S003;S005;S011
3,"1,7,8|2,4,6|3,5,9",False,False,15,5,8,4.643751516205589,0.15621011010958563,0.07552319924784187,1.453420849763458,,0,0,0,4,3,5,6,3,7,6,10,0,1,3,0,0,3,4,4,S001;S008;S009;S012;S013;S015,S002;S004;S006;S007,S003;S005;S010;S011;S014
3,"1,7,9|2,4,6,8|3,5",False,False,14,5,6,3.1964215923229817,0.28695125011912004,0.2746305707154279,2.0258447129751365,,0,0,0,5,2,5,6,2,7,6,9,1,0,3,0,0,3,4,3,S001;S008;S010;S013;S014;S015,S002;S004;S006;S007;S009;S012,S003;S005;S011
3,"1,7|2,4,6,8,9|3,5",False,False,13,5,5,2.167518225602561,0.415514715466323,0.4429009883334613,2.643871705804555,,0,0,0,5,2,5,6,2,7,6,8,1,0,3,0,0,3,4,2,S001;S008;S013;S015,S002;S004;S006;S007;S009;S010;S012;S014,S003;S005;S011
3,"1,7|2,4,6,8|3,5,9",False,False,14,5,6,3.1964215923229817,0.1530513329202169,0.21124254759280786,1.4418704029941656,,0,0,0,5,2,5,6,2,7,6,9,1,0,3,0,0,3,4,3,S001;S008;S013;S015,S002;S004;S006;S007;S009;S012,S003;S005;S010;S011;S014
3,"1,7,9|2,4,6|3,5,8",False,False,15,5,7,4.375666184177799,0.15330859270454864,0.10010611366885831,1.4466840521348148,,0,0,0,4,3,5,6,3,7,6,10,0,1,3,0,0,3,4,4,S001;S008;S010;S013;S014;S015,S002;S004;S006;S007,S003;S005;S009;S011;S012
3,"1,7|2,4,6,9|3,5,8",False,False,14,5,6,3.3467628174573782,0.15013761667378592,0.24505431138198974,1.4351653214986975,,0,0,0,4,3,5,6,3,7,6,9,0,1,3,0,0,3,4,3,S001;S008;S013;S015,S002;S004;S006;S007;S010;S014,S003;S005;S009;S011;S012
3,"1,7|2,4,6|3,5,8,9",False,False,14,5,5,2.928336260295192,0.2363490948607091,0.24830072696136044,1.6057490821266207,,0,0,0,4,3,5,6,3,7,6,9,0,1,3,0,0,3,4,3,S001;S008;S013;S015,S002;S004;S006;S007,S003;S005;S009;S010;S011;S012;S014
3,"1,8,9|2,4,6,7|3,5",False,False,11,5,6,3.218461571158774,0.2900910023323545,0.2884829545171539,2.1121875572857243,,0,0,0,4,3,4,6,3,6,6,8,0,1,2,0,0,2,4,2,S001;S009;S010;S012;S013;S014,S002;S004;S006;S007;S008;S015,S003;S005;S011
3,"1,8|2,4,6,7,9|3,5",False,False,10,5,7,3.6368881283209604,0.4467488356102921,0.4519688015940095,2.7302145501151425,,0,0,0,4,3,4,6,3,6,5,8,0,1,2,0,0,2,3,2,S001;S009;S012;S013,S002;S004;S006;S007;S008;S010;S014;S015,S003;S005;S011
3,"1,8|2,4,6,7|3,5,9",False,False,11,5,8,4.665791495041381,0.194413520693221,0.2016721112153319,1.601757430908989,,0,0,0,4,3,4,6,3,6,5,9,0,1,2,0,0,2,3,3,S001;S009;S012;S013,S002;S004;S006;S007;S008;S015,S003;S005;S010;S011;S014
3,"1,9|2,4,6,7,8|3,5",False,False,10,4,6,3.218461571158774,0.4502614539527296,0.3984863683483449,2.7396352677257227,,0,0,0,4,2,4,6,2,6,6,8,0,0,2,0,0,2,4,2,S001;S010;S013;S014,S002;S004;S006;S007;S008;S009;S012;S015,S003;S005;S011
3,"1|2,4,6,7,8,9|3,5",False,False,8,4,5,2.1895582044383533,0.7076118062624335,0.7102128364055642,4.857580717767568,,0,0,0,4,2,4,6,2,6,5,7,0,0,2,0,0,2,3,1,S001;S013,S002;S004;S006;S007;S008;S009;S010;S012;S014;S015,S003;S005;S011
3,"1|2,4,6,7,8|3,5,9",False,False,9,4,6,3.218461571158774,0.49764734882290623,0.49261451945525025,3.9634717304831533,,0,0,0,4,2,4,6,2,6,5,8,0,0,2,0,0,2,3,2,S001;S013,S002;S004;S006;S007;S008;S009;S012;S015,S003;S005;S010;S011;S014
3,"1,9|2,4,6,7|3,5,8",False,False,12,5,7,4.397706163013591,0.19616652158506953,0.1829555576523605,1.6132829046391455,,0,0,0,4,3,4,6,3,6,6,9,0,1,2,0,0,2,4,3,S001;S010;S013;S014,S002;S004;S006;S007;S008;S015,S003;S005;S009;S011;S012
3,"1|2,4,6,7,9|3,5,8",False,False,10,5,6,3.3688027962931706,0.4951633227092302,0.5316372450452364,3.9498426359937264,,0,0,0,4,3,4,6,3,6,5,8,0,1,2,0,0,2,3,2,S001;S013,S002;S004;S006;S007;S008;S010;S014;S015,S003;S005;S009;S011;S012
3,"1|2,4,6,7|3,5,8,9",False,False,10,5,5,2.9503762391309842,0.41793838127925614,0.4538103006980543,3.24856217642121,,0,0,0,4,3,4,6,3,6,5,8,0,1,2,0,0,2,3,2,S001;S013,S002;S004;S006;S007;S008;S015,S003;S005;S009;S010;S011;S012;S014
3,"1,8,9|2,4,6|3,5,7",False,False,14,5,6,3.218461571158774,0.13122000076065937,0.06072590598596094,1.384939894964814,,0,0,0,4,3,5,6,3,7,6,9,0,1,3,0,0,3,4,3,S001;S009;S010;S012;S013;S014,S002;S004;S006;S007,S003;S005;S008;S011;S015
3,"1,8|2,4,6,9|3,5,7",False,False,13,5,7,3.6368881283209604,0.16975454271823479,0.21489312298846894,1.5291360406406656,,0,0,0,4,3,5,6,3,7,5,9,0,1,3,0,0,3,3,3,S001;S009;S012;S013,S002;S004;S006;S007;S010;S014,S003;S005;S008;S011;S015
3,"1,8|2,4,6|3,5,7,9",False,False,13,5,8,4.665791495041381,0.2733062975946271,0.26768047365864306,1.7683117540754443,,0,0,0,4,3,5,6,3,7,5,9,0,1,3,0,0,3,3,3,S001;S009;S012;S013,S002;S004;S006;S007,S003;S005;S008;S010;S011;S014;S015
3,"1,9|2,4,6,8|3,5,7",False,False,14,5,6,3.218461571158774,0.1743120721697137,0.14712723728611757,1.5473344834472356,,0,0,0,5,2,5,6,2,7,6,9,1,0,3,0,0,3,4,3,S001;S010;S013;S014,S002;S004;S006;S007;S009;S012,S003;S005;S008;S011;S015
3,"1|2,4,6,8,9|3,5,7",False,False,12,5,5,2.1895582044383533,0.4738459387177916,0.5124577504337732,3.824929138716912,,0,0,0,5,2,5,6,2,7,5,8,1,0,3,0,0,3,3,2,S001;S013,S002;S004;S006;S007;S009;S010;S012;S014,S003;S005;S008;S011;S015
3,"1|2,4,6,8|3,5,7,9",False,False,12,5,6,3.218461571158774,0.4232446357487037,0.46899377265865805,3.373475673698025,,0,0,0,5,2,5,6,2,7,5,8,1,0,3,0,0,3,3,2,S001;S013,S002;S004;S006;S007;S009;S012,S003;S005;S008;S010;S011;S014;S015
3,"1,9|2,4,6|3,5,7,8",False,False,14,5,7,4.397706163013591,0.2774234678847244,0.21032228980264792,1.7882311899293322,,0,0,0,4,3,5,6,3,7,6,9,0,1,3,0,0,3,4,3,S001;S010;S013;S014,S002;S004;S006;S007,S003;S005;S008;S009;S011;S012;S015
3,"1|2,4,6,9|3,5,7,8",False,False,12,5,6,3.3688027962931706,0.42407001330880995,0.45893558878005497,3.3871047681874513,,0,0,0,4,3,5,6,3,7,5,8,0,1,3,0,0,3,3,2,S001;S013,S002;S004;S006;S007;S010;S014,S003;S005;S008;S009;S011;S012;S015
3,"1|2,4,6|3,5,7,8,9",False,False,12,5,5,2.9503762391309842,0.5630175691750998,0.5396764262811159,4.2812137554718666,,0,0,0,4,3,5,6,3,7,5,8,0,1,3,0,0,3,3,2,S001;S013,S002;S004;S006;S007,S003;S005;S008;S009;S010;S011;S012;S014;S015
3,"1,7,8,9|2,4|3,5,6",False,False,12,5,6,3.3651283084109567,0.4414631159518974,0.3124156014507917,3.139083856601339,,0,0,0,4,3,4,6,3,7,6,8,0,1,2,0,0,3,4,2,S001;S008;S009;S010;S012;S013;S014;S015,S002;S004,S003;S005;S006;S007;S011
3,"1,7,8|2,4,9|3,5,6",False,False,12,5,7,3.783554865573143,0.14851805443650923,0.10238980664007513,1.389832424881441,,0,0,0,4,3,4,6,3,7,6,8,0,1,2,0,0,3,4,2,S001;S008;S009;S012;S013;S015,S002;S004;S010;S014,S003;S005;S006;S007;S011
3,"1,7,8|2,4|3,5,6,9",False,False,13,5,8,4.812458232293563,0.3539715581004774,0.2611723091922718,2.5724793901940686,,0,0,0,4,3,4,6,3,7,6,9,0,1,2,0,0,3,4,3,S001;S008;S009;S012;S013;S015,S002;S004,S003;S005;S006;S007;S010;S011;S014
3,"1,7,9|2,4,8|3,5,6",False,False,12,5,6,3.3651283084109567,0.1442719671406358,0.13313951546286784,1.3745355319222001,,0,0,0,5,2,4,6,2,7,6,8,1,0,2,0,0,3,4,2,S001;S008;S010;S013;S014;S015,S002;S004;S009;S012,S003;S005;S006;S007;S011
3,"1,7|2,4,8,9|3,5,6",False,False,11,5,5,2.336224941690536,0.1747274712564462,0.25922118530928134,1.4874075887346065,,0,0,0,5,2,4,6,2,7,6,7,1,0,2,0,0,3,4,1,S001;S008;S013;S015,S002;S004;S009;S010;S012;S014,S003;S005;S006;S007;S011
3,"1,7|2,4,8|3,5,6,9",False,False,12,5,6,3.3651283084109567,0.20614136213154305,0.27317483373812945,1.54594711745856,,0,0,0,5,2,4,6,2,7,6,8,1,0,2,0,0,3,4,2,S001;S008;S013;S015,S002;S004;S009;S012,S003;S005;S006;S007;S010;S011;S014
3,"1,7,9|2,4|3,5,6,8",False,False,13,5,7,4.544372900265774,0.35443805480849244,0.2412457352150406,2.5836367472355044,,0,0,0,4,3,4,6,3,7,6,9,0,1,2,0,0,3,4,3,S001;S008;S010;S013;S014;S015,S002;S004,S003;S005;S006;S007;S009;S011;S012
3,"1,7|2,4,9|3,5,6,8",False,False,12,5,6,3.515469533545353,0.20992366213643812,0.23057060861580017,1.552652198954028,,0,0,0,4,3,4,6,3,7,6,8,0,1,2,0,0,3,4,2,S001;S008;S013;S015,S002;S004;S010;S014,S003;S005;S006;S007;S009;S011;S012
3,"1,7|2,4|3,5,6,8,9",False,False,12,5,5,3.097042976383167,0.4884463889271218,0.41461363865646417,3.3155924331270277,,0,0,0,4,3,4,6,3,7,6,8,0,1,2,0,0,3,4,2,S001;S008;S013;S015,S002;S004,S003;S005;S006;S007;S009;S010;S011;S012;S014
3,"1,8,9|2,4,7|3,5,6",False,False,10,5,7,3.918458176871948,0.10661285970462756,0.10130036023062292,1.2462275280316564,,0,0,0,4,3,3,6,3,6,6,8,0,1,1,0,0,2,4,2,S001;S009;S010;S012;S013;S014,S002;S004;S008;S015,S003;S005;S006;S007;S011
3,"1,8|2,4,7,9|3,5,6",False,False,9,5,8,4.336884734034134,0.21494618913642147,0.2939716506797292,1.6502762676325118,,0,0,0,4,3,3,6,3,6,5,8,0,1,1,0,0,2,3,2,S001;S009;S012;S013,S002;S004;S008;S010;S014;S015,S003;S005;S006;S007;S011
3,"1,8|2,4,7|3,5,6,9",False,False,10,5,9,5.365788100754555,0.21355631426776384,0.22104748637085717,1.647171527083598,,0,0,0,4,3,3,6,3,6,5,9,0,1,1,0,0,2,3,3,S001;S009;S012;S013,S002;S004;S008;S015,S003;S005;S006;S007;S010;S011;S014
3,"1,9|2,4,7,8|3,5,6",False,False,9,4,7,3.918458176871948,0.21937222787991323,0.23147299164124469,1.669346377070319,,0,0,0,4,2,3,6,2,6,6,8,0,0,1,0,0,2,4,2,S001;S010;S013;S014,S002;S004;S008;S009;S012;S015,S003;S005;S006;S007;S011
3,"1|2,4,7,8,9|3,5,6",False,False,7,4,6,2.889554810151527,0.5152738065303382,0.5723091767620948,4.056032962983984,,0,0,0,4,2,3,6,2,6,5,7,0,0,1,0,0,2,3,1,S001;S013,S002;S004;S008;S009;S010;S012;S014;S015,S003;S005;S006;S007;S011
3,"1|2,4,7,8|3,5,6,9",False,False,8,4,7,3.918458176871948,0.41669875372375176,0.464640360199208,3.161923975699569,,0,0,0,4,2,3,6,2,6,5,8,0,0,1,0,0,2,3,2,S001;S013,S002;S004;S008;S009;S012;S015,S003;S005;S006;S007;S010;S011;S014
3,"1,9|2,4,7|3,5,6,8",False,False,11,5,8,5.097702768726766,0.21798975017608496,0.16630722414111562,1.6662192963062488,,0,0,0,4,3,3,6,3,6,6,9,0,1,1,0,0,2,4,3,S001;S010;S013;S014,S002;S004;S008;S015,S003;S005;S006;S007;S009;S011;S012
3,"1|2,4,7,9|3,5,6,8",False,False,9,5,7,4.068799402006345,0.4166878604332044,0.4731597973624942,3.156000943920379,,0,0,0,4,3,3,6,3,6,5,8,0,1,1,0,0,2,3,2,S001;S013,S002;S004;S008;S010;S014;S015,S003;S005;S006;S007;S009;S011;S012
3,"1|2,4,7|3,5,6,8,9",False,False,9,5,6,3.650372844844158,0.5141078560501301,0.49616113094495645,4.050109931204794,,0,0,0,4,3,3,6,3,6,5,8,0,1,1,0,0,2,3,2,S001;S013,S002;S004;S008;S015,S003;S005;S006;S007;S009;S010;S011;S012;S014
3,"1,8,9|2,4|3,5,6,7",False,False,12,5,6,3.387168287246749,0.36138811136574567,0.2254361126709104,2.6858962546072562,,0,0,0,4,3,4,6,3,7,6,8,0,1,2,0,0,3,4,2,S001;S009;S010;S012;S013;S014,S002;S004,S003;S005;S006;S007;S008;S011;S015
3,"1,8|2,4,9|3,5,6,7",False,False,11,5,7,3.8055948444089354,0.2481997443497076,0.18223317688940538,1.719792917351922,,0,0,0,4,3,4,6,3,7,5,8,0,1,2,0,0,3,3,2,S001;S009;S012;S013,S002;S004;S010;S014,S003;S005;S006;S007;S008;S011;S015
3,"1,8|2,4|3,5,6,7,9",False,False,11,5,8,4.834498211129356,0.5183388668205827,0.4353448673682393,3.4178519404987786,,0,0,0,4,3,4,6,3,7,5,8,0,1,2,0,0,3,3,2,S001;S009;S012;S013,S002;S004,S003;S005;S006;S007;S008;S010;S011;S014;S015
3,"1,9|2,4,8|3,5,6,7",False,False,12,5,6,3.387168287246749,0.2488828281945839,0.16692880190675904,1.732167717498159,,0,0,0,5,2,4,6,2,7,6,8,1,0,2,0,0,3,4,2,S001;S010;S013;S014,S002;S004;S009;S012,S003;S005;S006;S007;S008;S011;S015
3,"1|2,4,8,9|3,5,6,7",False,False,10,5,5,2.358264920526328,0.41891737513534855,0.44891194457940164,3.2809144411971944,,0,0,0,5,2,4,6,2,7,5,7,1,0,2,0,0,3,3,1,S001;S013,S002;S004;S009;S010;S012;S014,S003;S005;S006;S007;S008;S011;S015
3,"1|2,4,8|3,5,6,7,9",False,False,10,5,6,3.387168287246749,0.5397130306664626,0.5575213899975281,4.175023428481608,,0,0,0,5,2,4,6,2,7,5,7,1,0,2,0,0,3,3,1,S001;S013,S002;S004;S009;S012,S003;S005;S006;S007;S008;S010;S011;S014;S015
3,"1,9|2,4|3,5,6,7,8",False,False,12,5,7,4.566412879101566,0.5217002719386848,0.38679553651913623,3.429009297540215,,0,0,0,4,3,4,6,3,7,6,8,0,1,2,0,0,3,4,2,S001;S010;S013;S014,S002;S004,S003;S005;S006;S007;S008;S009;S011;S012;S015
3,"1|2,4,9|3,5,6,7,8",False,False,10,5,6,3.5375095123811455,0.5426293387574573,0.514036411497326,4.188652522971036,,0,0,0,4,3,4,6,3,7,5,7,0,1,2,0,0,3,3,1,S001;S013,S002;S004;S010;S014,S003;S005;S006;S007;S008;S009;S011;S012;S015
3,"1|2,4|3,5,6,7,8,9",False,False,10,5,5,3.119082955218959,0.7699300919711083,0.6807122900778315,5.08276151025545,,0,0,0,4,3,4,6,3,7,5,7,0,1,2,0,0,3,3,1,S001;S013,S002;S004,S003;S005;S006;S007;S008;S009;S010;S011;S012;S014;S015
3,"1,5,6,7,8,9|2|3,4",False,False,12,5,5,3.097042976383167,0.8614202714220277,0.6746720365331778,8.949553958321948,,0,0,0,4,3,4,6,3,6,6,9,0,1,2,0,0,2,4,3,S001;S005;S006;S007;S008;S009;S010;S011;S012;S013;S014;S015,S002,S003;S004
3,"1,5,6,7,8|2,9|3,4",False,False,12,5,7,4.441596487255191,0.5935335176015422,0.38211670508789425,3.3562547128130578,,0,0,0,4,3,4,6,3,6,6,9,0,1,2,0,0,2,4,3,S001;S005;S006;S007;S008;S009;S011;S012;S013;S015,S002;S010;S014,S003;S004
3,"1,5,6,7,8|2|3,4,9",False,False,12,5,6,3.618245946555936,0.6527262710070416,0.5101875895651985,7.459578251952732,,0,0,0,4,3,4,6,3,6,6,9,0,1,2,0,0,2,4,3,S001;S005;S006;S007;S008;S009;S011;S012;S013;S015,S002,S003;S004;S010;S014
3,"1,5,6,7,9|2,8|3,4",False,False,13,6,7,4.291255262120795,0.589688139866674,0.45178771195499323,3.3460359958948906,,0,0,0,5,3,4,6,3,6,6,9,1,1,2,0,0,2,4,3,S001;S005;S006;S007;S008;S010;S011;S013;S014;S015,S002;S009;S012,S003;S004
3,"1,5,6,7|2,8,9|3,4",False,False,13,6,6,3.262351895400374,0.3748554571571216,0.21480927932507812,2.6756578836779474,,0,0,0,5,3,4,6,3,6,6,9,1,1,2,0,0,2,4,3,S001;S005;S006;S007;S008;S011;S013;S015,S002;S009;S010;S012;S014,S003;S004
3,"1,5,6,7|2,8|3,4,9",False,False,13,6,6,3.3651283084109567,0.35073135392501553,0.2157879249226608,2.3667447685078207,,0,0,0,5,3,4,6,3,6,6,9,1,1,2,0,0,2,4,3,S001;S005;S006;S007;S008;S011;S013;S015,S002;S009;S012,S003;S004;S010;S014
3,"1,5,6,7,9|2|3,4,8",False,False,11,4,7,3.8863312785837256,0.650097020179325,0.5403558844802788,7.436866233644166,,0,0,0,4,2,4,6,2,6,6,9,0,0,2,0,0,2,4,3,S001;S005;S006;S007;S008;S010;S011;S013;S014;S015,S002,S003;S004;S009;S012
3,"1,5,6,7|2,9|3,4,8",False,False,11,4,7,3.783554865573143,0.3523307645187914,0.15935889511791362,2.388332750421279,,0,0,0,4,2,4,6,2,6,6,9,0,0,2,0,0,2,4,3,S001;S005;S006;S007;S008;S011;S013;S015,S002;S010;S014,S003;S004;S009;S012
3,"1,5,6,7|2|3,4,8,9",False,False,11,4,5,2.4390013547011185,0.5377547725993624,0.4533051913052308,5.946890527274953,,0,0,0,4,2,4,6,2,6,6,9,0,0,2,0,0,2,4,3,S001;S005;S006;S007;S008;S011;S013;S015,S002,S003;S004;S009;S010;S012;S014
3,"1,5,6,8,9|2,7|3,4",False,False,12,5,7,4.1816627344693575,0.5549569387601299,0.4052846764831412,3.2523793212772025,,0,0,0,4,3,3,6,3,6,6,10,0,1,1,0,0,2,4,4,S001;S005;S006;S007;S009;S010;S011;S012;S013;S014,S002;S008;S015,S003;S004
3,"1,5,6,8|2,7,9|3,4",False,False,12,5,9,5.526216245341383,0.3547985188806444,0.25070639241094167,2.582001209060259,,0,0,0,4,3,3,6,3,6,6,10,0,1,1,0,0,2,4,4,S001;S005;S006;S007;S009;S011;S012;S013,S002;S008;S010;S014;S015,S003;S004
3,"1,5,6,8|2,7|3,4,9",False,False,12,5,8,4.702865704642127,0.30954437651988576,0.21497920145464838,2.109169601706382,,0,0,0,4,3,3,6,3,6,6,10,0,1,1,0,0,2,4,4,S001;S005;S006;S007;S009;S011;S012;S013,S002;S008;S015,S003;S004;S010;S014
3,"1,5,6,9|2,7,8|3,4",False,False,12,5,9,5.375875020206985,0.352842141636399,0.27020733299321353,2.571782492142092,,0,0,0,4,3,3,6,3,6,6,10,0,1,1,0,0,2,4,4,S001;S005;S006;S007;S010;S011;S013;S014,S002;S008;S009;S012;S015,S003;S004
3,"1,5,6|2,7,8,9|3,4",False,False,11,5,8,4.346971653486564,0.353482278194878,0.31253661878517236,2.5751539770120315,,0,0,0,4,3,3,6,3,6,6,9,0,1,1,0,0,2,4,3,S001;S005;S006;S007;S011;S013,S002;S008;S009;S010;S012;S014;S015,S003;S004
3,"1,5,6|2,7,8|3,4,9",False,False,11,5,8,4.449748066497147,0.06009803284907856,0.07618849242980323,1.1403261637971593,,0,0,0,4,3,3,6,3,6,6,9,0,1,1,0,0,2,4,3,S001;S005;S006;S007;S011;S013,S002;S008;S009;S012;S015,S003;S004;S010;S014
3,"1,5,6,9|2,7|3,4,8",False,False,11,4,9,4.970951036669916,0.30655347475475836,0.2514118795894696,2.1008221977560626,,0,0,0,4,2,3,6,2,6,6,10,0,0,1,0,0,2,4,4,S001;S005;S006;S007;S010;S011;S013;S014,S002;S008;S015,S003;S004;S009;S012
3,"1,5,6|2,7,9|3,4,8",False,False,10,4,9,4.868174623659334,0.05615601024644403,0.12029102347894641,1.1313863902169048,,0,0,0,4,2,3,6,2,6,6,9,0,0,1,0,0,2,4,3,S001;S005;S006;S007;S011;S013,S002;S008;S010;S014;S015,S003;S004;S009;S012
3,"1,5,6|2,7|3,4,8,9",False,False,10,4,7,3.5236211127873087,0.2536984607810669,0.22818708685958186,1.9204502551251408,,0,0,0,4,2,3,6,2,6,6,9,0,0,1,0,0,2,4,3,S001;S005;S006;S007;S011;S013,S002;S008;S015,S003;S004;S009;S010;S012;S014
3,"1,5,6,8,9|2|3,4,7",False,False,10,5,6,3.650372844844158,0.6270385770337192,0.5172225860420324,7.228705842699716,,0,0,0,4,3,3,6,3,5,6,9,0,1,1,0,0,1,4,3,S001;S005;S006;S007;S009;S010;S011;S012;S013;S014,S002,S003;S004;S008;S015
3,"1,5,6,8|2,9|3,4,7",False,False,10,5,8,4.994926355716183,0.3274879324482716,0.19285648049076787,2.304733384205782,,0,0,0,4,3,3,6,3,5,6,9,0,1,1,0,0,1,4,3,S001;S005;S006;S007;S009;S011;S012;S013,S002;S010;S014,S003;S004;S008;S015
3,"1,5,6,8|2|3,4,7,9",False,False,10,5,7,4.1715758150169275,0.5337150087421692,0.47054930919837445,5.738730136330501,,0,0,0,4,3,3,6,3,5,6,9,0,1,1,0,0,1,4,3,S001;S005;S006;S007;S009;S011;S012;S013,S002,S003;S004;S008;S010;S014;S015
3,"1,5,6,9|2,8|3,4,7",False,False,11,6,8,4.844585130581786,0.3229259555193011,0.2751994679722858,2.2748621175179835,,0,0,0,5,3,3,6,3,5,6,9,1,1,1,0,0,1,4,3,S001;S005;S006;S007;S010;S011;S013;S014,S002;S009;S012,S003;S004;S008;S015
3,"1,5,6|2,8,9|3,4,7",False,False,10,6,7,3.8156817638613654,0.029991674181712558,0.05659212439232773,1.0716644357209426,,0,0,0,5,3,3,6,3,5,6,8,1,1,1,0,0,1,4,2,S001;S005;S006;S007;S011;S013,S002;S009;S010;S012;S014,S003;S004;S008;S015
3,"1,5,6|2,8|3,4,7,9",False,False,10,6,7,3.918458176871948,0.29534587469090207,0.29314340430730557,2.162391209773069,,0,0,0,5,3,3,6,3,5,6,8,1,1,1,0,0,1,4,2,S001;S005;S006;S007;S011;S013,S002;S009;S012,S003;S004;S008;S010;S014;S015
3,"1,5,6,9|2|3,4,7,8",False,False,9,4,8,4.439661147044717,0.5334714457884667,0.47232292029541517,5.716018118021936,,0,0,0,4,2,3,6,2,5,6,9,0,0,1,0,0,1,4,3,S001;S005;S006;S007;S010;S011;S013;S014,S002,S003;S004;S008;S009;S012;S015
3,"1,5,6|2,9|3,4,7,8",False,False,8,4,8,4.336884734034134,0.299894034223936,0.22603105810611018,2.191236586405254,,0,0,0,4,2,3,6,2,5,6,8,0,0,1,0,0,1,4,2,S001;S005;S006;S007;S011;S013,S002;S010;S014,S003;S004;S008;S009;S012;S015
3,"1,5,6|2|3,4,7,8,9",False,False,8,4,6,2.9923312231621098,0.5990104138503899,0.5486100647194231,6.946101573425703,,0,0,0,4,2,3,6,2,5,6,8,0,0,1,0,0,1,4,2,S001;S005;S006;S007;S011;S013,S002,S003;S004;S008;S009;S010;S012;S014;S015
3,"1,5,7,8,9|2,6|3,4",False,False,16,5,6,3.628332866008366,0.6199096970988152,0.4367189860339191,3.4256545568934103,,0,0,0,4,4,5,6,4,7,6,10,0,2,3,0,0,3,4,4,S001;S005;S008;S009;S010;S011;S012;S013;S014;S015,S002;S006;S007,S003;S004
3,"1,5,7,8|2,6,9|3,4",False,False,16,5,8,4.972886376880391,0.394610599562385,0.24757166359065297,2.755276444676467,,0,0,0,4,4,5,6,4,7,6,10,0,2,3,0,0,3,4,4,S001;S005;S008;S009;S011;S012;S013;S015,S002;S006;S007;S010;S014,S003;S004
3,"1,5,7,8|2,6|3,4,9",False,False,16,5,7,4.149535836181135,0.38586384064614415,0.25606576422619604,2.6218160449716814,,0,0,0,4,4,5,6,4,7,6,10,0,2,3,0,0,3,4,4,S001;S005;S008;S009;S011;S012;S013;S015,S002;S006;S007,S003;S004;S010;S014
3,"1,5,7,9|2,6,8|3,4",False,False,16,6,8,4.822545151745993,0.39194984421662793,0.2784250006391194,2.7450577277583004,,0,0,0,5,3,5,6,3,7,6,10,1,1,3,0,0,3,4,4,S001;S005;S008;S010;S011;S013;S014;S015,S002;S006;S007;S009;S012,S003;S004
3,"1,5,7|2,6,8,9|3,4",False,False,16,6,7,3.793641785025573,0.3280267246318128,0.284050550557546,2.401878741395824,,0,0,0,5,3,5,6,3,7,6,10,1,1,3,0,0,3,4,4,S001;S005;S008;S011;S013;S015,S002;S006;S007;S009;S010;S012;S014,S003;S004
3,"1,5,7|2,6,8|3,4,9",False,False,16,6,7,3.8964181980361556,0.09747425723330805,0.05393475060162061,1.2420419067799087,,0,0,0,5,3,5,6,3,7,6,10,1,1,3,0,0,3,4,4,S001;S005;S008;S011;S013;S015,S002;S006;S007;S009;S012,S003;S004;S010;S014
3,"1,5,7,9|2,6|3,4,8",False,False,15,5,8,4.417621168208925,0.3830065259982139,0.2897893957419984,2.6120923034477275,,0,0,0,4,3,5,6,3,7,6,10,0,1,3,0,0,3,4,4,S001;S005;S008;S010;S011;S013;S014;S015,S002;S006;S007,S003;S004;S009;S012
3,"1,5,7|2,6,9|3,4,8",False,False,15,5,8,4.314844755198342,0.09693900746221164,0.08565445879678166,1.2344897833759774,,0,0,0,4,3,5,6,3,7,6,10,0,1,3,0,0,3,4,4,S001;S005;S008;S011;S013;S015,S002;S006;S007;S010;S014,S003;S004;S009;S012
3,"1,5,7|2,6|3,4,8,9",False,False,15,5,6,2.9702912443263174,0.30634005431817873,0.26229360776752564,2.237098144715184,,0,0,0,4,3,5,6,3,7,6,10,0,1,3,0,0,3,4,4,S001;S005;S008;S011;S013;S015,S002;S006;S007,S003;S004;S009;S010;S012;S014
3,"1,5,8,9|2,6,7|3,4",False,False,14,5,6,3.650372844844158,0.3693095160363784,0.23387548623918603,2.6514010531406114,,0,0,0,4,4,4,6,4,7,6,9,0,2,2,0,0,3,4,3,S001;S005;S009;S010;S011;S012;S013;S014,S002;S006;S007;S008;S015,S003;S004
3,"1,5,8|2,6,7,9|3,4",False,False,13,5,8,4.994926355716183,0.3398332590949398,0.3130220398329737,2.4955354160135124,,0,0,0,4,4,4,6,4,7,5,9,0,2,2,0,0,3,3,3,S001;S005;S009;S011;S012;S013,S002;S006;S007;S008;S010;S014;S015,S003;S004
3,"1,5,8|2,6,7|3,4,9",False,False,13,5,7,4.1715758150169275,0.06947089971480376,0.03725109881439049,1.1859727605592445,,0,0,0,4,4,4,6,4,7,5,9,0,2,2,0,0,3,3,3,S001;S005;S009;S011;S012;S013,S002;S006;S007;S008;S015,S003;S004;S010;S014
3,"1,5,9|2,6,7,8|3,4",False,False,13,5,8,4.844585130581786,0.3414078517158707,0.2659179221869417,2.505754132931679,,0,0,0,4,3,4,6,3,7,6,9,0,1,2,0,0,3,4,3,S001;S005;S010;S011;S013;S014,S002;S006;S007;S008;S009;S012;S015,S003;S004
3,"1,5|2,6,7,8,9|3,4",False,False,12,5,7,3.8156817638613654,0.5274502872562554,0.5121855885839114,3.1761322451486227,,0,0,0,4,3,4,6,3,7,5,9,0,1,2,0,0,3,3,3,S001;S005;S011;S013,S002;S006;S007;S008;S009;S010;S012;S014;S015,S003;S004
3,"1,5|2,6,7,8|3,4,9",False,False,12,5,7,3.918458176871948,0.27616967242277746,0.3217207699143333,1.926871592485449,,0,0,0,4,3,4,6,3,7,5,9,0,1,2,0,0,3,3,3,S001;S005;S011;S013,S002;S006;S007;S008;S009;S012;S015,S003;S004;S010;S014
3,"1,5,9|2,6,7|3,4,8",False,False,13,5,8,4.439661147044717,0.06490040378968123,0.024399376167847733,1.1726811510287933,,0,0,0,4,3,4,6,3,7,6,9,0,1,2,0,0,3,4,3,S001;S005;S010;S011;S013;S014,S002;S006;S007;S008;S015,S003;S004;S009;S012
3,"1,5|2,6,7,9|3,4,8",False,False,12,5,8,4.336884734034134,0.27309864013727,0.358972122861238,1.9190136166838772,,0,0,0,4,3,4,6,3,7,5,9,0,1,2,0,0,3,3,3,S001;S005;S011;S013,S002;S006;S007;S008;S010;S014;S015,S003;S004;S009;S012
3,"1,5|2,6,7|3,4,8,9",False,False,12,5,6,2.9923312231621098,0.23493852099138599,0.30210804312669803,1.807849688682896,,0,0,0,4,3,4,6,3,7,5,9,0,1,2,0,0,3,3,3,S001;S005;S011;S013,S002;S006;S007;S008;S015,S003;S004;S009;S010;S012;S014
3,"1,5,8,9|2,6|3,4,7",False,False,13,5,6,3.650372844844158,0.3584760922811291,0.24221467685639966,2.5229721816879733,,0,0,0,4,4,4,6,4,6,6,9,0,2,2,0,0,2,4,3,S001;S005;S009;S010;S011;S012;S013;S014,S002;S006;S007,S003;S004;S008;S015
3,"1,5,8|2,6,9|3,4,7",False,False,12,5,8,4.994926355716183,0.06138743990508851,0.069004395328147,1.1508997607032385,,0,0,0,4,4,4,6,4,6,5,9,0,2,2,0,0,2,3,3,S001;S005;S009;S011;S012;S013,S002;S006;S007;S010;S014,S003;S004;S008;S015
3,"1,5,8|2,6|3,4,7,9",False,False,12,5,7,4.1715758150169275,0.31745174801916104,0.2930868646538935,2.3262182664749376,,0,0,0,4,4,4,6,4,6,5,9,0,2,2,0,0,2,3,3,S001;S005;S009;S011;S012;S013,S002;S006;S007,S003;S004;S008;S010;S014;S015
3,"1,5,9|2,6,8|3,4,7",False,False,13,6,8,4.844585130581786,0.05708181793186499,0.012756818494770658,1.138205895391505,,0,0,0,5,3,4,6,3,6,6,9,1,1,2,0,0,2,4,3,S001;S005;S010;S011;S013;S014,S002;S006;S007;S009;S012,S003;S004;S008;S015
3,"1,5|2,6,8,9|3,4,7",False,False,12,6,7,3.8156817638613654,0.2471214315690869,0.3249351147057269,1.8469936274136856,,0,0,0,5,3,4,6,3,6,5,9,1,1,2,0,0,2,3,3,S001;S005;S011;S013,S002;S006;S007;S009;S010;S012;S014,S003;S004;S008;S015
3,"1,5|2,6,8|3,4,7,9",False,False,12,6,7,3.918458176871948,0.2584618289078233,0.3313252977301876,1.8798696779530877,,0,0,0,5,3,4,6,3,6,5,9,1,1,2,0,0,2,3,3,S001;S005;S011;S013,S002;S006;S007;S009;S012,S003;S004;S008;S010;S014;S015
3,"1,5,9|2,6|3,4,7,8",False,False,12,5,8,4.439661147044717,0.3189737134798916,0.265909964422308,2.3359420079988915,,0,0,0,4,3,4,6,3,6,6,9,0,1,2,0,0,2,4,3,S001;S005;S010;S011;S013;S014,S002;S006;S007,S003;S004;S008;S009;S012;S015
3,"1,5|2,6,9|3,4,7,8",False,False,11,5,8,4.336884734034134,0.26130675156375555,0.3130924030856607,1.8877276537546595,,0,0,0,4,3,4,6,3,6,5,9,0,1,2,0,0,2,3,3,S001;S005;S011;S013,S002;S006;S007;S010;S014,S003;S004;S008;S009;S012;S015
3,"1,5|2,6|3,4,7,8,9",False,False,11,5,6,2.9923312231621098,0.5065195874157488,0.4926064026523166,2.973848267533801,,0,0,0,4,3,4,6,3,6,5,9,0,1,2,0,0,2,3,3,S001;S005;S011;S013,S002;S006;S007,S003;S004;S008;S009;S010;S012;S014;S015
3,"1,5,7,8,9|2|3,4,6",False,False,14,5,4,2.397046370669993,0.6711338942068402,0.551509285569484,7.613825653264179,,0,0,0,4,3,5,6,3,7,6,9,0,1,3,0,0,3,4,3,S001;S005;S008;S009;S010;S011;S012;S013;S014;S015,S002,S003;S004;S006;S007
3,"1,5,7,8|2,9|3,4,6",False,False,14,5,6,3.7415998815420175,0.3758377662875147,0.22479054253751293,2.4594014838098657,,0,0,0,4,3,5,6,3,7,6,9,0,1,3,0,0,3,4,3,S001;S005;S008;S009;S011;S012;S013;S015,S002;S010;S014,S003;S004;S006;S007
3,"1,5,7,8|2|3,4,6,9",False,False,14,5,5,2.918249340842762,0.5437092467756792,0.4568925157822203,6.123849946894964,,0,0,0,4,3,5,6,3,7,6,9,0,1,3,0,0,3,4,3,S001;S005;S008;S009;S011;S012;S013;S015,S002,S003;S004;S006;S007;S010;S014
3,"1,5,7,9|2,8|3,4,6",False,False,15,6,6,3.591258656407621,0.3713928338117129,0.3056390326993476,2.428132182389992,,0,0,0,5,3,5,6,3,7,6,9,1,1,3,0,0,3,4,3,S001;S005;S008;S010;S011;S013;S014;S015,S002;S009;S012,S003;S004;S006;S007
3,"1,5,7|2,8,9|3,4,6",False,False,15,6,5,2.5623552896872,0.10636408502328594,0.07609392941097773,1.295882434404382,,0,0,0,5,3,5,6,3,7,6,9,1,1,3,0,0,3,4,3,S001;S005;S008;S011;S013;S015,S002;S009;S010;S012;S014,S003;S004;S006;S007
3,"1,5,7|2,8|3,4,6,9",False,False,15,6,5,2.6651317026977828,0.2727734546533638,0.23189967220720867,2.0091211449010604,,0,0,0,5,3,5,6,3,7,6,9,1,1,3,0,0,3,4,3,S001;S005;S008;S011;S013;S015,S002;S009;S012,S003;S004;S006;S007;S010;S014
3,"1,5,7,9|2|3,4,6,8",False,False,13,4,6,3.1863346728705517,0.5428180036846162,0.4690036130782384,6.101137928586399,,0,0,0,4,2,5,6,2,7,6,9,0,0,3,0,0,3,4,3,S001;S005;S008;S010;S011;S013;S014;S015,S002,S003;S004;S006;S007;S009;S012
3,"1,5,7|2,9|3,4,6,8",False,False,13,4,6,3.083558259859969,0.27705304044460544,0.15875659191494482,2.03656848680117,,0,0,0,4,2,5,6,2,7,6,9,0,0,3,0,0,3,4,3,S001;S005;S008;S011;S013;S015,S002;S010;S014,S003;S004;S006;S007;S009;S012
3,"1,5,7|2|3,4,6,8,9",False,False,13,4,4,1.7390047489879445,0.5678008323009804,0.5046166357666634,6.560981762861242,,0,0,0,4,2,5,6,2,7,6,9,0,0,3,0,0,3,4,3,S001;S005;S008;S011;S013;S015,S002,S003;S004;S006;S007;S009;S010;S012;S014
3,"1,5,8,9|2,7|3,4,6",False,False,13,5,5,2.9503762391309842,0.33081355311230104,0.22465214308564693,2.1658605284897656,,0,0,0,4,3,4,6,3,7,6,9,0,1,2,0,0,3,4,3,S001;S005;S009;S010;S011;S012;S013;S014,S002;S008;S015,S003;S004;S006;S007
3,"1,5,8|2,7,9|3,4,6",False,False,12,5,7,4.294929750003009,0.08909860919093884,0.1444681885343316,1.2373827804854707,,0,0,0,4,3,4,6,3,7,5,9,0,1,2,0,0,3,3,3,S001;S005;S009;S011;S012;S013,S002;S008;S010;S014;S015,S003;S004;S006;S007
3,"1,5,8|2,7|3,4,6,9",False,False,12,5,6,3.471579209303753,0.24180666721584712,0.198680624687157,1.8554119243914378,,0,0,0,4,3,4,6,3,7,5,9,0,1,2,0,0,3,3,3,S001;S005;S009;S011;S012;S013,S002;S008;S015,S003;S004;S006;S007;S010;S014
3,"1,5,9|2,7,8|3,4,6",False,False,13,5,7,4.144588524868612,0.08821958246426471,0.10087543102301665,1.2309999849650415,,0,0,0,4,3,4,6,3,7,6,9,0,1,2,0,0,3,4,3,S001;S005;S010;S011;S013;S014,S002;S008;S009;S012;S015,S003;S004;S006;S007
3,"1,5|2,7,8,9|3,4,6",False,False,12,5,6,3.1156851581481915,0.2980453135490301,0.37382416571924104,1.9802385953864463,,0,0,0,4,3,4,6,3,7,5,9,0,1,2,0,0,3,3,3,S001;S005;S011;S013,S002;S008;S009;S010;S012;S014;S015,S003;S004;S006;S007
3,"1,5|2,7,8|3,4,6,9",False,False,12,5,6,3.218461571158774,0.21929257077730066,0.2872708373347793,1.746624709980327,,0,0,0,4,3,4,6,3,7,5,9,0,1,2,0,0,3,3,3,S001;S005;S011;S013,S002;S008;S009;S012;S015,S003;S004;S006;S007;S010;S014
3,"1,5,9|2,7|3,4,6,8",False,False,12,4,7,3.739664541331543,0.24307378606230398,0.1782030068701554,1.8637593283417573,,0,0,0,4,2,4,6,2,7,6,9,0,0,2,0,0,3,4,3,S001;S005;S010;S011;S013;S014,S002;S008;S015,S003;S004;S006;S007;S009;S012
3,"1,5|2,7,9|3,4,6,8",False,False,11,4,7,3.6368881283209604,0.22104185166690754,0.29083692667025296,1.7544826857818987,,1,0,0,4,2,4,6,2,7,5,9,0,0,2,0,0,3,3,3,S001;S005;S011;S013,S002;S008;S010;S014;S015,S003;S004;S006;S007;S009;S012
3,"1,5|2,7|3,4,6,8,9",False,False,11,4,5,2.292334617448936,0.43665212906764705,0.40969986243616224,2.411373764375234,,0,0,0,4,2,4,6,2,7,5,9,0,0,2,0,0,3,3,3,S001;S005;S011;S013,S002;S008;S015,S003;S004;S006;S007;S009;S010;S012;S014
3,"1,5,8,9|2|3,4,6,7",False,False,11,5,4,2.4190863495057853,0.5363975794516361,0.4501537614992727,5.892977537641948,,0,0,0,4,3,4,6,3,6,6,8,0,1,2,0,0,2,4,2,S001;S005;S009;S010;S011;S012;S013;S014,S002,S003;S004;S006;S007;S008;S015
3,"1,5,8|2,9|3,4,6,7",False,False,10,5,6,3.76363986037781,0.2870357158393999,0.16912324104109341,2.120167853016667,,0,0,0,4,3,4,6,3,6,5,8,0,1,2,0,0,2,3,2,S001;S005;S009;S011;S012;S013,S002;S010;S014,S003;S004;S006;S007;S008;S015
3,"1,5,8|2|3,4,6,7,9",False,False,10,5,5,2.9402893196785542,0.5836000659183793,0.5245843167747529,6.769142153805691,,0,0,0,4,3,4,6,3,6,5,8,0,1,2,0,0,2,3,2,S001;S005;S009;S011;S012;S013,S002,S003;S004;S006;S007;S008;S010;S014;S015
3,"1,5,9|2,8|3,4,6,7",False,False,12,6,6,3.613298635243413,0.2839909746312275,0.22090011500363052,2.1010037958908976,,0,0,0,5,3,4,6,3,6,6,8,1,1,2,0,0,2,4,2,S001;S005;S010;S011;S013;S014,S002;S009;S012,S003;S004;S006;S007;S008;S015
3,"1,5|2,8,9|3,4,6,7",False,False,11,6,5,2.584395268522992,0.2405522221041677,0.2800411879493038,1.8265026750520899,,0,0,0,5,3,4,6,3,6,5,8,1,1,2,0,0,2,3,2,S001;S005;S011;S013,S002;S009;S010;S012;S014,S003;S004;S006;S007;S008;S015
3,"1,5|2,8|3,4,6,7,9",False,False,11,6,5,2.687171681533575,0.4741215317311109,0.46635443348414257,2.6939846473257036,,0,0,0,5,3,4,6,3,6,5,8,1,1,2,0,0,2,3,2,S001;S005;S011;S013,S002;S009;S012,S003;S004;S006;S007;S008;S010;S014;S015
3,"1,5,9|2|3,4,6,7,8",False,False,10,4,6,3.208374651706344,0.5854794609261846,0.49783180008583944,6.791854172114256,,0,0,0,4,2,4,6,2,6,6,8,0,0,2,0,0,2,4,2,S001;S005;S010;S011;S013;S014,S002,S003;S004;S006;S007;S008;S009;S012;S015
3,"1,5|2,9|3,4,6,7,8",False,False,9,4,6,3.1055982386957615,0.4782541349251212,0.41105810520300823,2.7276788904972387,,0,0,0,4,2,4,6,2,6,5,8,0,0,2,0,0,2,3,2,S001;S005;S011;S013,S002;S010;S014,S003;S004;S006;S007;S008;S009;S012;S015
3,"1,5|2|3,4,6,7,8,9",False,False,9,4,4,1.7610447278237367,0.7603947868220652,0.7054570097245337,8.281829878483471,,0,0,0,4,2,4,6,2,6,5,8,0,0,2,0,0,2,3,2,S001;S005;S011;S013,S002,S003;S004;S006;S007;S008;S009;S010;S012;S014;S015
3,"1,6,7,8,9|2,5|3,4",False,False,13,5,6,3.3651283084109567,0.6392981125221097,0.49675793307515703,3.47597896891803,,0,0,0,4,3,4,6,3,7,6,9,0,1,2,0,0,3,4,3,S001;S006;S007;S008;S009;S010;S012;S013;S014;S015,S002;S005;S011,S003;S004
3,"1,6,7,8|2,5,9|3,4",False,False,13,5,8,4.709681819282981,0.4082079462037853,0.26712416595807587,2.8056008567010857,,0,0,0,4,3,4,6,3,7,6,9,0,1,2,0,0,3,4,3,S001;S006;S007;S008;S009;S012;S013;S015,S002;S005;S010;S011;S014,S003;S004
3,"1,6,7,8|2,5|3,4,9",False,False,13,5,7,3.8863312785837256,0.4081127621200423,0.323475544066149,2.8039762664463224,,0,0,0,4,3,4,6,3,7,6,9,0,1,2,0,0,3,4,3,S001;S006;S007;S008;S009;S012;S013;S015,S002;S005;S011,S003;S004;S010;S014
3,"1,6,7,9|2,5,8|3,4",False,False,15,6,6,4.023169930093005,0.4053826981328429,0.30843560827487554,2.795382139782919,,0,0,0,5,4,4,6,4,7,6,9,1,2,2,0,0,3,4,3,S001;S006;S007;S008;S010;S013;S014;S015,S002;S005;S009;S011;S012,S003;S004
3,"1,6,7|2,5,8,9|3,4",False,False,14,6,5,2.9942665633725842,0.3237501221257533,0.2336235669404888,2.3515543293712047,,0,0,0,5,4,4,6,4,7,6,8,1,2,2,0,0,3,4,2,S001;S006;S007;S008;S013;S015,S002;S005;S009;S010;S011;S012;S014,S003;S004
3,"1,6,7|2,5,8|3,4,9",False,False,14,6,5,3.097042976383167,0.11602914012040243,0.06875133988448356,1.2721694639219425,,0,0,0,5,4,4,6,4,7,6,8,1,2,2,0,0,3,4,2,S001;S006;S007;S008;S013;S015,S002;S005;S009;S011;S012,S003;S004;S010;S014
3,"1,6,7,9|2,5|3,4,8",False,False,13,5,7,3.8863312785837256,0.40528538932192765,0.34432881243548,2.7937634667019697,,0,0,0,4,3,4,6,3,7,6,9,0,1,2,0,0,3,4,3,S001;S006;S007;S008;S010;S013;S014;S015,S002;S005;S011,S003;S004;S009;S012
3,"1,6,7|2,5,9|3,4,8",False,False,12,5,7,3.783554865573143,0.11602403607918933,0.03739370297123809,1.2717283517179385,,0,0,0,4,3,4,6,3,7,6,8,0,1,2,0,0,3,4,2,S001;S006;S007;S008;S013;S015,S002;S005;S010;S011;S014,S003;S004;S009;S012
3,"1,6,7|2,5|3,4,8,9",False,False,12,5,5,2.4390013547011185,0.3235082003445056,0.30818207302661277,2.3496136033806203,,0,0,0,4,3,4,6,3,7,6,8,0,1,2,0,0,3,4,2,S001;S006;S007;S008;S013;S015,S002;S005;S011,S003;S004;S009;S010;S012;S014
3,"1,6,8,9|2,5,7|3,4",False,False,14,5,8,4.449748066497147,0.3810698413190765,0.27869552844520484,2.7017254651652305,,0,0,0,4,3,4,6,3,7,6,10,0,1,2,0,0,3,4,4,S001;S006;S007;S009;S010;S012;S013;S014,S002;S005;S008;S011;S015,S003;S004
3,"1,6,8|2,5,7,9|3,4",False,False,14,5,10,5.794301577369172,0.33288662823061976,0.28845135748594114,2.4452110039888932,,0,0,0,4,3,4,6,3,7,6,10,0,1,2,0,0,3,4,4,S001;S006;S007;S009;S012;S013,S002;S005;S008;S010;S011;S014;S015,S003;S004
3,"1,6,8|2,5,7|3,4,9",False,False,14,5,9,4.970951036669916,0.08307821739166397,0.03998126127162949,1.2161003177012786,,0,0,0,4,3,4,6,3,7,6,10,0,1,2,0,0,3,4,4,S001;S006;S007;S009;S012;S013,S002;S005;S008;S011;S015,S003;S004;S010;S014
3,"1,6,9|2,5,7,8|3,4",False,False,15,5,8,5.107789688179196,0.3341862265085225,0.24794742437456757,2.4554297209070604,,0,0,0,4,4,4,6,4,7,6,10,0,2,2,0,0,3,4,4,S001;S006;S007;S010;S013;S014,S002;S005;S008;S009;S011;S012;S015,S003;S004
3,"1,6|2,5,7,8,9|3,4",False,False,14,5,7,4.078886321458775,0.5097323574594869,0.45332271555841763,3.1258078331240036,,0,0,0,4,4,4,6,4,7,6,9,0,2,2,0,0,3,4,3,S001;S006;S007;S013,S002;S005;S008;S009;S010;S011;S012;S014;S015,S003;S004
3,"1,6|2,5,7,8|3,4,9",False,False,14,5,7,4.1816627344693575,0.25424767395343845,0.2543744239926846,1.8178262215108147,,0,0,0,4,4,4,6,4,7,6,9,0,2,2,0,0,3,4,3,S001;S006;S007;S013,S002;S005;S008;S009;S011;S012;S015,S003;S004;S010;S014
3,"1,6,9|2,5,7|3,4,8",False,False,14,5,9,4.970951036669916,0.0786445895367538,0.07038702353988686,1.2026255202863012,,0,0,0,4,3,4,6,3,7,6,10,0,1,2,0,0,3,4,4,S001;S006;S007;S010;S013;S014,S002;S005;S008;S011;S015,S003;S004;S009;S012
3,"1,6|2,5,7,9|3,4,8",False,False,13,5,9,4.868174623659334,0.2511133892007895,0.30579350491818413,1.8102610074035348,,0,0,0,4,3,4,6,3,7,6,9,0,1,2,0,0,3,4,3,S001;S006;S007;S013,S002;S005;S008;S010;S011;S014;S015,S003;S004;S009;S012
3,"1,6|2,5,7|3,4,8,9",False,False,13,5,7,3.5236211127873087,0.22454419757996621,0.2536658562355566,1.7404953023562322,,0,0,0,4,3,4,6,3,7,6,9,0,1,2,0,0,3,4,3,S001;S006;S007;S013,S002;S005;S008;S011;S015,S003;S004;S009;S010;S012;S014
3,"1,6,8,9|2,5|3,4,7",False,False,11,5,7,3.918458176871948,0.3809520750169281,0.330341626008285,2.7001610242180196,,0,0,0,4,3,3,6,3,6,6,9,0,1,1,0,0,2,4,3,S001;S006;S007;S009;S010;S012;S013;S014,S002;S005;S011,S003;S004;S008;S015
3,"1,6,8|2,5,9|3,4,7",False,False,11,5,9,5.2630116877439725,0.08300572534708586,0.025177915247062803,1.215678646920267,,0,0,0,4,3,3,6,3,6,6,9,0,1,1,0,0,2,4,3,S001;S006;S007;S009;S012;S013,S002;S005;S010;S011;S014,S003;S004;S008;S015
3,"1,6,8|2,5|3,4,7,9",False,False,11,5,8,4.439661147044717,0.3326350342535279,0.3285585492280695,2.4432160458645704,,0,0,0,4,3,3,6,3,6,6,9,0,1,1,0,0,2,4,3,S001;S006;S007;S009;S012;S013,S002;S005;S011,S003;S004;S008;S010;S014;S015
3,"1,6,9|2,5,8|3,4,7",False,False,13,6,7,4.576499798553996,0.07857554395483823,0.10320735299739595,1.2022110564062691,,0,0,0,5,4,3,6,4,6,6,9,1,2,1,0,0,2,4,3,S001;S006;S007;S010;S013;S014,S002;S005;S009;S011;S012,S003;S004;S008;S015
3,"1,6|2,5,8,9|3,4,7",False,False,12,6,6,3.5475964318335755,0.22469299510640595,0.23663999952170672,1.7409242402014797,,0,0,0,5,4,3,6,4,6,6,8,1,2,1,0,0,2,4,2,S001;S006;S007;S013,S002;S005;S009;S010;S011;S012;S014,S003;S004;S008;S015
3,"1,6|2,5,8|3,4,7,9",False,False,12,6,6,3.650372844844158,0.25093700034398914,0.30432005869302275,1.8098320695582877,,0,0,0,5,4,3,6,4,6,6,8,1,2,1,0,0,2,4,2,S001;S006;S007;S013,S002;S005;S009;S011;S012,S003;S004;S008;S010;S014;S015
3,"1,6,9|2,5|3,4,7,8",False,False,11,5,8,4.439661147044717,0.33393383826309875,0.3149662965069345,2.4534288456089235,,0,0,0,4,3,3,6,3,6,6,9,0,1,1,0,0,2,4,3,S001;S006;S007;S010;S013;S014,S002;S005;S011,S003;S004;S008;S009;S012;S015
3,"1,6|2,5,9|3,4,7,8",False,False,10,5,8,4.336884734034134,0.2540687993408794,0.2652039129986052,1.8173972836655672,,0,0,0,4,3,3,6,3,6,6,8,0,1,1,0,0,2,4,2,S001;S006;S007;S013,S002;S005;S010;S011;S014,S003;S004;S008;S009;S012;S015
3,"1,6|2,5|3,4,7,8,9",False,False,10,5,6,2.9923312231621098,0.5094906769035759,0.49280242142879815,3.1234187736885857,,0,0,0,4,3,3,6,3,6,6,8,0,1,1,0,0,2,4,2,S001;S006;S007;S013,S002;S005;S011,S003;S004;S008;S009;S010;S012;S014;S015
3,"1,7,8,9|2,5,6|3,4",False,False,16,5,7,3.8964181980361556,0.4281937432864328,0.29423068146165693,2.8750007007814387,,0,0,0,4,3,5,6,3,8,6,10,0,1,3,0,0,4,4,4,S001;S008;S009;S010;S012;S013;S014;S015,S002;S005;S006;S007;S011,S003;S004
3,"1,7,8|2,5,6,9|3,4",False,False,16,5,9,5.24097170890818,0.3201154052672378,0.2663810615211971,2.271935768372685,,0,0,0,4,3,5,6,3,8,6,10,0,1,3,0,0,4,4,4,S001;S008;S009;S012;S013;S015,S002;S005;S006;S007;S010;S011;S014,S003;S004
3,"1,7,8|2,5,6|3,4,9",False,False,16,5,8,4.417621168208925,0.14764823681864875,0.0777665985828149,1.37654899908899,,0,0,0,4,3,5,6,3,8,6,10,0,1,3,0,0,4,4,4,S001;S008;S009;S012;S013;S015,S002;S005;S006;S007;S011,S003;S004;S010;S014
3,"1,7,9|2,5,6,8|3,4",False,False,17,6,7,4.554459819718204,0.320362867078029,0.23180932303247206,2.282154485290852,,0,0,0,5,3,5,6,3,8,6,10,1,1,3,0,0,4,4,4,S001;S008;S010;S013;S014;S015,S002;S005;S006;S007;S009;S011;S012,S003;S004
3,"1,7|2,5,6,8,9|3,4",False,False,16,6,6,3.525556452997783,0.4519996863534435,0.4245560431582954,2.9525325975077954,,0,0,0,5,3,5,6,3,8,6,9,1,1,3,0,0,4,4,3,S001;S008;S013;S015,S002;S005;S006;S007;S009;S010;S011;S012;S014,S003;S004
3,"1,7|2,5,6,8|3,4,9",False,False,16,6,6,3.628332866008366,0.17987819803734198,0.22753281112358614,1.4974513856939797,,0,0,0,5,3,5,6,3,8,6,9,1,1,3,0,0,4,4,3,S001;S008;S013;S015,S002;S005;S006;S007;S009;S011;S012,S003;S004;S010;S014
3,"1,7,9|2,5,6|3,4,8",False,False,15,4,8,4.417621168208925,0.14397488212872359,0.09937432267925313,1.3701685126426293,,0,0,0,4,2,5,6,2,8,6,10,0,0,3,0,0,4,4,4,S001;S008;S010;S013;S014;S015,S002;S005;S006;S007;S011,S003;S004;S009;S012
3,"1,7|2,5,6,9|3,4,8",False,False,14,4,8,4.314844755198342,0.17642686038253447,0.2768508259060184,1.4907463041985114,,0,0,0,4,2,5,6,2,8,6,9,0,0,3,0,0,4,4,3,S001;S008;S013;S015,S002;S005;S006;S007;S010;S011;S014,S003;S004;S009;S012
3,"1,7|2,5,6|3,4,8,9",False,False,14,4,6,2.9702912443263174,0.20427003130998964,0.25838464121875315,1.5426084019946549,,0,0,0,4,2,5,6,2,8,6,9,0,0,3,0,0,4,4,3,S001;S008;S013;S015,S002;S005;S006;S007;S011,S003;S004;S009;S010;S012;S014
3,"1,8,9|2,5,6,7|3,4",False,False,14,5,7,3.918458176871948,0.32562431619110743,0.23371023561291018,2.3758111599085407,,0,0,0,4,3,4,6,3,8,6,9,0,1,2,0,0,4,4,3,S001;S009;S010;S012;S013;S014,S002;S005;S006;S007;S008;S011;S015,S003;S004
3,"1,8|2,5,6,7,9|3,4",False,False,13,5,9,5.2630116877439725,0.4825171694529749,0.44384403154541924,3.046189272125484,,0,0,0,4,3,4,6,3,8,5,9,0,1,2,0,0,4,3,3,S001;S009;S012;S013,S002;S005;S006;S007;S008;S010;S011;S014;S015,S003;S004
3,"1,8|2,5,6,7|3,4,9",False,False,13,5,8,4.439661147044717,0.21980703276293656,0.19938447914965318,1.6609777050804402,,0,0,0,4,3,4,6,3,8,5,9,0,1,2,0,0,4,3,3,S001;S009;S012;S013,S002;S005;S006;S007;S008;S011;S015,S003;S004;S010;S014
3,"1,9|2,5,6,7,8|3,4",False,False,14,5,7,4.576499798553996,0.48594941594950136,0.377666658647897,3.056407989043651,,0,0,0,4,3,4,6,3,8,6,9,0,1,2,0,0,4,4,3,S001;S010;S013;S014,S002;S005;S006;S007;S008;S009;S011;S012;S015,S003;S004
3,"1|2,5,6,7,8,9|3,4",False,False,12,5,6,3.5475964318335755,0.738570116742508,0.6861890292516306,4.970557490017533,,0,0,0,4,3,4,6,3,8,5,8,0,1,2,0,0,4,3,2,S001;S013,S002;S005;S006;S007;S008;S009;S010;S011;S012;S014;S015,S003;S004
3,"1|2,5,6,7,8|3,4,9",False,False,12,5,6,3.650372844844158,0.5193307719550998,0.5082860874694689,4.076448502733118,,0,0,0,4,3,4,6,3,8,5,8,0,1,2,0,0,4,3,2,S001;S013,S002;S005;S006;S007;S008;S009;S011;S012;S015,S003;S004;S010;S014
3,"1,9|2,5,6,7|3,4,8",False,False,13,4,8,4.439661147044717,0.2209675486722485,0.1769168204098512,1.672929299333645,,0,0,0,4,2,4,6,2,8,6,9,0,0,2,0,0,4,4,3,S001;S010;S013;S014,S002;S005;S006;S007;S008;S011;S015,S003;S004;S009;S012
3,"1|2,5,6,7,9|3,4,8",False,False,11,4,8,4.336884734034134,0.5166158733226314,0.5511842742940313,4.062819408243691,,0,0,0,4,2,4,6,2,8,5,8,0,0,2,0,0,4,3,2,S001;S013,S002;S005;S006;S007;S008;S010;S011;S014;S015,S003;S004;S009;S012
3,"1|2,5,6,7|3,4,8,9",False,False,11,4,6,2.9923312231621098,0.4167228730040372,0.4554504183939537,3.1687104209592762,,0,0,0,4,2,4,6,2,8,5,8,0,0,2,0,0,4,3,2,S001;S013,S002;S005;S006;S007;S008;S011;S015,S003;S004;S009;S010;S012;S014
3,"1,8,9|2,5,6|3,4,7",False,False,13,5,7,3.918458176871948,0.11338814613243774,0.06148949615957603,1.311690021869781,,0,0,0,4,3,4,6,3,7,6,9,0,1,2,0,0,3,4,3,S001;S009;S010;S012;S013;S014,S002;S005;S006;S007;S011,S003;S004;S008;S015
3,"1,8|2,5,6,9|3,4,7",False,False,12,5,9,5.2630116877439725,0.18924766549213645,0.2387291436265257,1.5883563148121163,,0,0,0,4,3,4,6,3,7,5,9,0,1,2,0,0,3,3,3,S001;S009;S012;S013,S002;S005;S006;S007;S010;S011;S014,S003;S004;S008;S015
3,"1,8|2,5,6|3,4,7,9",False,False,12,5,8,4.439661147044717,0.2428469154664796,0.26412237999194677,1.7090914799039931,,0,0,0,4,3,4,6,3,7,5,9,0,1,2,0,0,3,3,3,S001;S009;S012;S013,S002;S005;S006;S007;S011,S003;S004;S008;S010;S014;S015
3,"1,9|2,5,6,8|3,4,7",False,False,14,6,7,4.576499798553996,0.19379353413651945,0.1632087027878288,1.606980878141735,,0,0,0,5,3,4,6,3,7,6,9,1,1,2,0,0,3,4,3,S001;S010;S013;S014,S002;S005;S006;S007;S009;S011;S012,S003;S004;S008;S015
3,"1|2,5,6,8,9|3,4,7",False,False,12,6,6,3.5475964318335755,0.49301227169857637,0.5124119537827264,3.937905910966876,,0,0,0,5,3,4,6,3,7,5,8,1,1,2,0,0,3,3,2,S001;S013,S002;S005;S006;S007;S009;S010;S011;S012;S014,S003;S004;S008;S015
3,"1|2,5,6,8|3,4,7,9",False,False,12,6,6,3.650372844844158,0.4182670988997973,0.46668197404873835,3.26049890144806,,0,0,0,5,3,4,6,3,7,5,8,1,1,2,0,0,3,3,2,S001;S013,S002;S005;S006;S007;S009;S011;S012,S003;S004;S008;S010;S014;S015
3,"1,9|2,5,6|3,4,7,8",False,False,12,4,8,4.439661147044717,0.2471212482398288,0.2214720726732843,1.7285847952348325,,0,0,0,4,2,4,6,2,7,6,9,0,0,2,0,0,3,4,3,S001;S010;S013;S014,S002;S005;S006;S007;S011,S003;S004;S008;S009;S012;S015
3,"1|2,5,6,9|3,4,7,8",False,False,10,4,8,4.336884734034134,0.4186889036303466,0.46928809404864413,3.2741279959374867,,0,0,0,4,2,4,6,2,7,5,8,0,0,2,0,0,3,3,2,S001;S013,S002;S005;S006;S007;S010;S011;S014,S003;S004;S008;S009;S012;S015
3,"1|2,5,6|3,4,7,8,9",False,False,10,4,6,2.9923312231621098,0.5382694705825695,0.5475338111818449,4.1682369832219015,,0,0,0,4,2,4,6,2,7,5,8,0,0,2,0,0,3,3,2,S001;S013,S002;S005;S006;S007;S011,S003;S004;S008;S009;S010;S012;S014;S015
3,"1,7,8,9|2,5|3,4,6",False,False,15,5,5,2.6651317026977828,0.4281123975059069,0.35681547025137805,2.8733359243718612,,0,0,0,4,3,5,6,3,8,6,9,0,1,3,0,0,4,4,3,S001;S008;S009;S010;S012;S013;S014;S015,S002;S005;S011,S003;S004;S006;S007
3,"1,7,8|2,5,9|3,4,6",False,False,15,5,7,4.009685213569807,0.14767547420924765,0.09960427149273225,1.3770471669990234,,0,0,0,4,3,5,6,3,8,6,9,0,1,3,0,0,4,4,3,S001;S008;S009;S012;S013;S015,S002;S005;S010;S011;S014,S003;S004;S006;S007
3,"1,7,8|2,5|3,4,6,9",False,False,15,5,6,3.1863346728705517,0.3198851591733413,0.2889683996626479,2.2700411457107292,,0,0,0,4,3,5,6,3,8,6,9,0,1,3,0,0,4,4,3,S001;S008;S009;S012;S013;S015,S002;S005;S011,S003;S004;S006;S007;S010;S014
3,"1,7,9|2,5,8|3,4,6",False,False,16,6,5,3.323173324379831,0.1440069267091871,0.13604245540038107,1.370664371478594,,0,0,0,5,3,5,6,3,8,6,9,1,1,3,0,0,4,4,3,S001;S008;S010;S013;S014;S015,S002;S005;S009;S011;S012,S003;S004;S006;S007
3,"1,7|2,5,8,9|3,4,6",False,False,15,6,4,2.2942699576594103,0.20448270021273612,0.24809119038468824,1.542988571434421,,0,0,0,5,3,5,6,3,8,6,8,1,1,3,0,0,4,4,2,S001;S008;S013;S015,S002;S005;S009;S010;S011;S012;S014,S003;S004;S006;S007
3,"1,7|2,5,8|3,4,6,9",False,False,15,6,4,2.397046370669993,0.17623270009286432,0.23870613882427685,1.4903661347587456,,0,0,0,5,3,5,6,3,8,6,8,1,1,3,0,0,4,4,2,S001;S008;S013;S015,S002;S005;S009;S011;S012,S003;S004;S006;S007;S010;S014
3,"1,7,9|2,5|3,4,6,8",False,False,14,4,6,3.1863346728705517,0.3201309490871289,0.28420110729235415,2.280253945455082,,0,0,0,4,2,5,6,2,8,6,9,0,0,3,0,0,4,4,3,S001;S008;S010;S013;S014;S015,S002;S005;S011,S003;S004;S006;S007;S009;S012
3,"1,7|2,5,9|3,4,6,8",False,False,13,4,6,3.083558259859969,0.17968117549925602,0.21228307372601932,1.4970712162542137,,1,0,0,4,2,5,6,2,8,6,8,0,0,3,0,0,4,4,2,S001;S008;S013;S015,S002;S005;S010;S011;S014,S003;S004;S006;S007;S009;S012
3,"1,7|2,5|3,4,6,8,9",False,False,13,4,4,1.7390047489879445,0.45174934829606594,0.43346251568240807,2.950243873534745,,0,0,0,4,2,5,6,2,8,6,8,0,0,3,0,0,4,4,2,S001;S008;S013;S015,S002;S005;S011,S003;S004;S006;S007;S009;S010;S012;S014
3,"1,8,9|2,5,7|3,4,6",False,False,15,5,6,3.218461571158774,0.11347667291211071,0.08010658703585678,1.312164717559683,,0,0,0,4,3,5,6,3,8,6,9,0,1,3,0,0,4,4,3,S001;S009;S010;S012;S013;S014,S002;S005;S008;S011;S015,S003;S004;S006;S007
3,"1,8|2,5,7,9|3,4,6",False,False,14,5,8,4.563015082030798,0.24304816128104487,0.2970933634540931,1.7094965418039623,,0,0,0,4,3,5,6,3,8,5,9,0,1,3,0,0,4,3,3,S001;S009;S012;S013,S002;S005;S008;S010;S011;S014;S015,S003;S004;S006;S007
3,"1,8|2,5,7|3,4,6,9",False,False,14,5,7,3.739664541331543,0.18909537743533683,0.19234643344460328,1.5879512529121471,,0,0,0,4,3,5,6,3,8,5,9,0,1,3,0,0,4,3,3,S001;S009;S012;S013,S002;S005;S008;S011;S015,S003;S004;S006;S007;S010;S014
3,"1,9|2,5,7,8|3,4,6",False,False,15,5,6,3.8765031928408225,0.24732141049876655,0.21957931000109823,1.7289927717648186,,0,0,0,4,3,5,6,3,8,6,9,0,1,3,0,0,4,4,3,S001;S010;S013;S014,S002;S005;S008;S009;S011;S012;S015,S003;S004;S006;S007
3,"1|2,5,7,8,9|3,4,6",False,False,13,5,5,2.8475998261204016,0.5384335543587435,0.5639652739520117,4.169009735233948,,0,0,0,4,3,5,6,3,8,5,8,0,1,3,0,0,4,3,2,S001;S013,S002;S005;S008;S009;S010;S011;S012;S014;S015,S003;S004;S006;S007
3,"1|2,5,7,8|3,4,6,9",False,False,13,5,5,2.9503762391309842,0.41871430121743836,0.4549430752181383,3.274900747949534,,0,0,0,4,3,5,6,3,8,5,8,0,1,3,0,0,4,3,2,S001;S013,S002;S005;S008;S009;S011;S012;S015,S003;S004;S006;S007;S010;S014
3,"1,9|2,5,7|3,4,6,8",False,False,14,4,7,3.739664541331543,0.19364176289565294,0.14614573251732205,1.6065729016117491,,0,0,0,4,2,5,6,2,8,6,9,0,0,3,0,0,4,4,3,S001;S010;S013;S014,S002;S005;S008;S011;S015,S003;S004;S006;S007;S009;S012
3,"1|2,5,7,9|3,4,6,8",False,False,12,4,7,3.6368881283209604,0.418289690555396,0.4763519343541211,3.2612716534601067,,0,0,0,4,2,5,6,2,8,5,8,0,0,3,0,0,4,3,2,S001;S013,S002;S005;S008;S010;S011;S014;S015,S003;S004;S006;S007;S009;S012
3,"1|2,5,7|3,4,6,8,9",False,False,12,4,5,2.292334617448936,0.49287381526202295,0.4928615652709992,3.93713315895483,,0,0,0,4,2,5,6,2,8,5,8,0,0,3,0,0,4,3,2,S001;S013,S002;S005;S008;S011;S015,S003;S004;S006;S007;S009;S010;S012;S014
3,"1,8,9|2,5|3,4,6,7",False,False,12,5,5,2.687171681533575,0.3253794675456513,0.2821859078805522,2.373856387939032,,0,0,0,4,3,4,6,3,7,6,8,0,1,2,0,0,3,4,2,S001;S009;S010;S012;S013;S014,S002;S005;S011,S003;S004;S006;S007;S008;S015
3,"1,8|2,5,9|3,4,6,7",False,False,11,5,7,4.0317251924056,0.21962111691746333,0.1848138417206551,1.6605726431804706,,0,0,0,4,3,4,6,3,7,5,8,0,1,2,0,0,3,3,2,S001;S009;S012;S013,S002;S005;S010;S011;S014,S003;S004;S006;S007;S008;S015
3,"1,8|2,5|3,4,6,7,9",False,False,11,5,6,3.208374651706344,0.4822714180662316,0.4437817913551089,3.0438463160186946,,0,0,0,4,3,4,6,3,7,5,8,0,1,2,0,0,3,3,2,S001;S009;S012;S013,S002;S005;S011,S003;S004;S006;S007;S008;S010;S014;S015
3,"1,9|2,5,8|3,4,6,7",False,False,13,6,5,3.345213303215623,0.22078529235260422,0.1753009952523055,1.672521322803659,,0,0,0,5,3,4,6,3,7,6,8,1,1,2,0,0,3,4,2,S001;S010;S013;S014,S002;S005;S009;S011;S012,S003;S004;S006;S007;S008;S015
3,"1|2,5,8,9|3,4,6,7",False,False,11,6,4,2.3163099364952022,0.4167194996354305,0.44674779562316497,3.167937668947229,,0,0,0,5,3,4,6,3,7,5,7,1,1,2,0,0,3,3,1,S001;S013,S002;S005;S009;S010;S011;S012;S014,S003;S004;S006;S007;S008;S015
3,"1|2,5,8|3,4,6,7,9",False,False,11,6,4,2.4190863495057853,0.516462726228375,0.5367685693147862,4.062046656231644,,0,0,0,5,3,4,6,3,7,5,7,1,1,2,0,0,3,3,1,S001;S013,S002;S005;S009;S011;S012,S003;S004;S006;S007;S008;S010;S014;S015
3,"1,9|2,5|3,4,6,7,8",False,False,11,4,6,3.208374651706344,0.48570418190436604,0.4085610391575401,3.0540591157630472,,0,0,0,4,2,4,6,2,7,6,8,0,0,2,0,0,3,4,2,S001;S010;S013;S014,S002;S005;S011,S003;S004;S006;S007;S008;S009;S012;S015
3,"1|2,5,9|3,4,6,7,8",False,False,9,4,6,3.1055982386957615,0.5191761443824919,0.4976311743407762,4.075675750721071,,0,0,0,4,2,4,6,2,7,5,7,0,0,2,0,0,3,3,1,S001;S013,S002;S005;S010;S011;S014,S003;S004;S006;S007;S008;S009;S012;S015
3,"1|2,5|3,4,6,7,8,9",False,False,9,4,4,1.7610447278237367,0.738356170194377,0.705065530063011,4.969784738005486,,0,0,0,4,2,4,6,2,7,5,7,0,0,2,0,0,3,3,1,S001;S013,S002;S005;S011,S003;S004;S006;S007;S008;S009;S010;S012;S014;S015
3,"1,6,7,8,9|2|3,4,5",False,False,11,4,6,3.3651283084109567,0.6850525265459683,0.5527533851779196,7.725676189532481,,0,0,0,4,2,4,6,2,6,6,9,0,0,2,0,0,2,4,3,S001;S006;S007;S008;S009;S010;S012;S013;S014;S015,S002,S003;S004;S005;S011
3,"1,6,7,8|2,9|3,4,5",False,False,11,4,8,4.709681819282981,0.39163933116023336,0.23401474278280618,2.5043218161577654,,0,0,0,4,2,4,6,2,6,6,9,0,0,2,0,0,2,4,3,S001;S006;S007;S008;S009;S012;S013;S015,S002;S010;S014,S003;S004;S005;S011
3,"1,6,7,8|2|3,4,5,9",False,False,11,4,7,3.8863312785837256,0.5486329949455219,0.46750649957567575,6.235700483163266,,0,0,0,4,2,4,6,2,6,6,9,0,0,2,0,0,2,4,3,S001;S006;S007;S008;S009;S012;S013;S015,S002,S003;S004;S005;S010;S011;S014
3,"1,6,7,9|2,8|3,4,5",False,False,13,6,7,4.291255262120795,0.38724294816547605,0.3006157401724902,2.47264648282207,,0,0,0,5,3,4,6,3,6,6,9,1,1,2,0,0,2,4,3,S001;S006;S007;S008;S010;S013;S014;S015,S002;S009;S012,S003;S004;S005;S011
3,"1,6,7|2,8,9|3,4,5",False,False,12,6,6,3.262351895400374,0.12879775405614033,0.048580270753650755,1.370392250462717,,0,0,0,5,3,4,6,3,6,6,8,1,1,2,0,0,2,4,2,S001;S006;S007;S008;S013;S015,S002;S009;S010;S012;S014,S003;S004;S005;S011
3,"1,6,7|2,8|3,4,5,9",False,False,12,6,6,3.3651283084109567,0.2700592146186945,0.25196691129024196,1.9646068444689824,,0,0,0,5,3,4,6,3,6,6,8,1,1,2,0,0,2,4,2,S001;S006;S007;S008;S013;S015,S002;S009;S012,S003;S004;S005;S010;S011;S014
3,"1,6,7,9|2|3,4,5,8",False,False,12,5,6,3.618245946555936,0.5475619168137661,0.4727266678462577,6.212988464854701,,0,0,0,4,3,4,6,3,6,6,9,0,1,2,0,0,2,4,3,S001;S006;S007;S008;S010;S013;S014;S015,S002,S003;S004;S005;S009;S011;S012
3,"1,6,7|2,9|3,4,5,8",False,False,11,5,6,3.515469533545353,0.2741936064354603,0.16549807625809726,1.9916481544532705,,0,0,0,4,3,4,6,3,6,6,8,0,1,2,0,0,2,4,2,S001;S006;S007;S008;S013;S015,S002;S010;S014,S003;S004;S005;S009;S011;S012
3,"1,6,7|2|3,4,5,8,9",False,False,11,5,4,2.1709160226733286,0.5604218149947772,0.5068697633563399,6.4491312265929395,,0,0,0,4,3,4,6,3,6,6,8,0,1,2,0,0,2,4,2,S001;S006;S007;S008;S013;S015,S002,S003;S004;S005;S009;S010;S011;S012;S014
3,"1,6,8,9|2,7|3,4,5",False,False,11,4,8,4.449748066497147,0.34715875000052787,0.26158946103374475,2.20696923118658,,0,0,0,4,2,3,6,2,6,6,10,0,0,1,0,0,2,4,4,S001;S006;S007;S009;S010;S012;S013;S014,S002;S008;S015,S003;S004;S005;S011
3,"1,6,8|2,7,9|3,4,5",False,False,11,4,10,5.794301577369172,0.11077559256791887,0.10713990582503019,1.3099940679485884,,0,0,0,4,2,3,6,2,6,6,10,0,0,1,0,0,2,4,4,S001;S006;S007;S009;S012;S013,S002;S008;S010;S014;S015,S003;S004;S005;S011
3,"1,6,8|2,7|3,4,5,9",False,False,11,4,9,4.970951036669916,0.2367577095448414,0.21334205657271596,1.8143032216946235,,0,0,0,4,2,3,6,2,6,6,10,0,0,1,0,0,2,4,4,S001;S006;S007;S009;S012;S013,S002;S008;S015,S003;S004;S005;S010;S011;S014
3,"1,6,9|2,7,8|3,4,5",False,False,12,5,9,5.375875020206985,0.10960150196384932,0.08839741603450342,1.303404127274279,,0,0,0,4,3,3,6,3,6,6,10,0,1,1,0,0,2,4,4,S001;S006;S007;S010;S013;S014,S002;S008;S009;S012;S015,S003;S004;S005;S011
3,"1,6|2,7,8,9|3,4,5",False,False,11,5,8,4.346971653486564,0.29378883981692067,0.3159898432742052,1.9064615794057642,,0,0,0,4,3,3,6,3,6,6,9,0,1,1,0,0,2,4,3,S001;S006;S007;S013,S002;S008;S009;S010;S012;S014;S015,S003;S004;S005;S011
3,"1,6|2,7,8|3,4,5,9",False,False,11,5,8,4.449748066497147,0.197030921533703,0.25107667096455255,1.6442947303540032,,0,0,0,4,3,3,6,3,6,6,9,0,1,1,0,0,2,4,3,S001;S006;S007;S013,S002;S008;S009;S012;S015,S003;S004;S005;S010;S011;S014
3,"1,6,9|2,7|3,4,5,8",False,False,12,5,8,4.702865704642127,0.23761915683850895,0.1932701556819501,1.822650625644943,,0,0,0,4,3,3,6,3,6,6,10,0,1,1,0,0,2,4,4,S001;S006;S007;S010;S013;S014,S002;S008;S015,S003;S004;S005;S009;S011;S012
3,"1,6|2,7,9|3,4,5,8",False,False,11,5,8,4.600089291631544,0.1987173303569332,0.2419268961171466,1.6518599444612827,,0,0,0,4,3,3,6,3,6,6,9,0,1,1,0,0,2,4,3,S001;S006;S007;S013,S002;S008;S010;S014;S015,S003;S004;S005;S009;S011;S012
3,"1,6|2,7|3,4,5,8,9",False,False,11,5,6,3.255535780759519,0.4177861151175689,0.37733605084802646,2.3702650616784195,,0,0,0,4,3,3,6,3,6,6,9,0,1,1,0,0,2,4,3,S001;S006;S007;S013,S002;S008;S015,S003;S004;S005;S009;S010;S011;S012;S014
3,"1,6,8,9|2|3,4,5,7",False,False,10,4,7,3.918458176871948,0.539452764036005,0.4689851899418025,6.00482807391025,,0,0,0,4,2,4,6,2,5,6,9,0,0,2,0,0,1,4,3,S001;S006;S007;S009;S010;S012;S013;S014,S002,S003;S004;S005;S008;S011;S015
3,"1,6,8|2,9|3,4,5,7",False,False,10,4,9,5.2630116877439725,0.280940389623525,0.1839167898457182,2.0752475206687673,,0,0,0,4,2,4,6,2,5,6,9,0,0,2,0,0,1,4,3,S001;S006;S007;S009;S012;S013,S002;S010;S014,S003;S004;S005;S008;S011;S015
3,"1,6,8|2|3,4,5,7,9",False,False,10,4,8,4.439661147044717,0.5747852783989759,0.5188505405579928,6.657291617537389,,0,0,0,4,2,4,6,2,5,6,9,0,0,2,0,0,1,4,3,S001;S006;S007;S009;S012;S013,S002,S003;S004;S005;S008;S010;S011;S014;S015
3,"1,6,9|2,8|3,4,5,7",False,False,12,6,8,4.844585130581786,0.27764365431236565,0.2417443891691247,2.0564894954588193,,0,0,0,5,3,4,6,3,5,6,9,1,1,2,0,0,1,4,3,S001;S006;S007;S010;S013;S014,S002;S009;S012,S003;S004;S005;S008;S011;S015
3,"1,6|2,8,9|3,4,5,7",False,False,11,6,7,3.8156817638613654,0.21806323770194025,0.24613716212907924,1.7211967116633378,,0,0,0,5,3,4,6,3,5,6,8,1,1,2,0,0,1,4,2,S001;S006;S007;S013,S002;S009;S010;S012;S014,S003;S004;S005;S008;S011;S015
3,"1,6|2,8|3,4,5,7,9",False,False,11,6,7,3.918458176871948,0.45577243213990576,0.44782680509383177,2.649470346893625,,0,0,0,5,3,4,6,3,5,6,8,1,1,2,0,0,1,4,2,S001;S006;S007;S013,S002;S009;S012,S003;S004;S005;S008;S010;S011;S014;S015
3,"1,6,9|2|3,4,5,7,8",False,False,11,5,7,4.1715758150169275,0.5765149850591609,0.4945001788073673,6.680003635845956,,0,0,0,4,3,4,6,3,5,6,9,0,1,2,0,0,1,4,3,S001;S006;S007;S010;S013;S014,S002,S003;S004;S005;S008;S009;S011;S012;S015
3,"1,6|2,9|3,4,5,7,8",False,False,10,5,7,4.068799402006345,0.45995806914782456,0.37793759426843615,2.6827585581493394,,0,0,0,4,3,4,6,3,5,6,8,0,1,2,0,0,1,4,2,S001;S006;S007;S013,S002;S010;S014,S003;S004;S005;S008;S009;S011;S012;S015
3,"1,6|2|3,4,5,7,8,9",False,False,10,5,5,2.72424589113432,0.7445036726553221,0.6728194108542291,8.169979342215168,,0,0,0,4,3,4,6,3,5,6,8,0,1,2,0,0,1,4,2,S001;S006;S007;S013,S002,S003;S004;S005;S008;S009;S010;S011;S012;S014;S015
3,"1,7,8,9|2,6|3,4,5",False,False,15,5,7,3.8964181980361556,0.42159511495609714,0.29880273023305454,2.7357410836859626,,0,0,0,4,3,5,6,3,7,6,10,0,1,3,0,0,3,4,4,S001;S008;S009;S010;S012;S013;S014;S015,S002;S006;S007,S003;S004;S005;S011
3,"1,7,8|2,6,9|3,4,5",False,False,15,5,9,5.24097170890818,0.15172073941833092,0.08487895060440155,1.421737404434185,,0,0,0,4,3,5,6,3,7,6,10,0,1,3,0,0,3,4,4,S001;S008;S009;S012;S013;S015,S002;S006;S007;S010;S014,S003;S004;S005;S011
3,"1,7,8|2,6|3,4,5,9",False,False,15,5,8,4.417621168208925,0.30006634280740846,0.2525814830784008,2.1134493644769488,,0,0,0,4,3,5,6,3,7,6,10,0,1,3,0,0,3,4,4,S001;S008;S009;S012;S013;S015,S002;S006;S007,S003;S004;S005;S010;S011;S014
3,"1,7,9|2,6,8|3,4,5",False,False,15,5,8,4.822545151745993,0.14849918273645657,0.08996229569098332,1.4151474637598755,,0,0,0,5,2,5,6,2,7,6,10,1,0,3,0,0,3,4,4,S001;S008;S010;S013;S014;S015,S002;S006;S007;S009;S012,S003;S004;S005;S011
3,"1,7|2,6,8,9|3,4,5",False,False,14,5,7,3.793641785025573,0.22332959510461636,0.28551002706388584,1.5760092810341464,,0,0,0,5,2,5,6,2,7,6,9,1,0,3,0,0,3,4,3,S001;S008;S013;S015,S002;S006;S007;S009;S010;S012;S014,S003;S004;S005;S011
3,"1,7|2,6,8|3,4,5,9",False,False,14,5,7,3.8964181980361556,0.1600720334257735,0.24770429174268346,1.45734542515902,,0,0,0,5,2,5,6,2,7,6,9,1,0,3,0,0,3,4,3,S001;S008;S013;S015,S002;S006;S007;S009;S012,S003;S004;S005;S010;S011;S014
3,"1,7,9|2,6|3,4,5,8",False,False,15,5,7,4.149535836181135,0.3001570328068855,0.23548948552900134,2.1231731060009027,,0,0,0,4,3,5,6,3,7,6,10,0,1,3,0,0,3,4,4,S001;S008;S010;S013;S014;S015,S002;S006;S007,S003;S004;S005;S009;S011;S012
3,"1,7|2,6,9|3,4,5,8",False,False,14,5,7,4.046759423170553,0.16323193817060455,0.22632087822130778,1.4640505066544882,,0,0,0,4,3,5,6,3,7,6,9,0,1,3,0,0,3,4,3,S001;S008;S013;S015,S002;S006;S007;S010;S014,S003;S004;S005;S009;S011;S012
3,"1,7|2,6|3,4,5,8,9",False,False,14,5,5,2.7022059122985276,0.43004531439814364,0.40210493822908766,2.761079365535813,,0,0,0,4,3,5,6,3,7,6,9,0,1,3,0,0,3,4,3,S001;S008;S013;S015,S002;S006;S007,S003;S004;S005;S009;S010;S011;S012;S014
3,"1,8,9|2,6,7|3,4,5",False,False,13,5,7,3.918458176871948,0.12301967625718989,0.05124888066617864,1.354749281245747,,0,0,0,4,3,4,6,3,7,6,9,0,1,2,0,0,3,4,3,S001;S009;S010;S012;S013;S014,S002;S006;S007;S008;S015,S003;S004;S005;S011
3,"1,8|2,6,7,9|3,4,5",False,False,12,5,9,5.2630116877439725,0.26091802387617513,0.2900648697983786,1.7446793575953454,,0,0,0,4,3,4,6,3,7,5,9,0,1,2,0,0,3,3,3,S001;S009;S012;S013,S002;S006;S007;S008;S010;S014;S015,S003;S004;S005;S011
3,"1,8|2,6,7|3,4,5,9",False,False,12,5,8,4.439661147044717,0.1768191906680502,0.21253455780481176,1.5527684371207642,,0,0,0,4,3,4,6,3,7,5,9,0,1,2,0,0,3,3,3,S001;S009;S012;S013,S002;S006;S007;S008;S015,S003;S004;S005;S010;S011;S014
3,"1,9|2,6,7,8|3,4,5",False,False,12,4,8,4.844585130581786,0.2650972685994752,0.22848478198683944,1.7644287461252404,,0,0,0,4,2,4,6,2,7,6,9,0,0,2,0,0,3,4,3,S001;S010;S013;S014,S002;S006;S007;S008;S009;S012;S015,S003;S004;S005;S011
3,"1|2,6,7,8,9|3,4,5",False,False,10,4,7,3.8156817638613654,0.5529631951742565,0.5642698091003496,4.236129332743204,,0,0,0,4,2,4,6,2,7,5,8,0,0,2,0,0,3,3,2,S001;S013,S002;S006;S007;S008;S009;S010;S012;S014;S015,S003;S004;S005;S011
3,"1|2,6,7,8|3,4,5,9",False,False,10,4,7,3.918458176871948,0.4215227475969485,0.4656341221340122,3.342020345458789,,0,0,0,4,2,4,6,2,7,5,8,0,0,2,0,0,3,3,2,S001;S013,S002;S006;S007;S008;S009;S012;S015,S003;S004;S005;S010;S011;S014
3,"1,9|2,6,7|3,4,5,8",False,False,13,5,7,4.1715758150169275,0.18138969516479334,0.15404188912957753,1.5711369272513274,,0,0,0,4,3,4,6,3,7,6,9,0,1,2,0,0,3,4,3,S001;S010;S013;S014,S002;S006;S007;S008;S015,S003;S004;S005;S009;S011;S012
3,"1|2,6,7,9|3,4,5,8",False,False,11,5,7,4.068799402006345,0.4208565972272494,0.4797655345167895,3.3283912509693625,,0,0,0,4,3,4,6,3,7,5,8,0,1,2,0,0,3,3,2,S001;S013,S002;S006;S007;S008;S010;S014;S015,S003;S004;S005;S009;S011;S012
3,"1|2,6,7|3,4,5,8,9",False,False,11,5,5,2.72424589113432,0.4812283926738458,0.49561038158898657,3.8700135614455746,,0,0,0,4,3,4,6,3,7,5,8,0,1,2,0,0,3,3,2,S001;S013,S002;S006;S007;S008;S015,S003;S004;S005;S009;S010;S011;S012;S014
3,"1,8,9|2,6|3,4,5,7",False,False,13,5,7,3.918458176871948,0.3042028017001948,0.2473874861534261,2.2122932277606564,,0,0,0,4,3,5,6,3,6,6,9,0,1,3,0,0,2,4,3,S001;S009;S010;S012;S013;S014,S002;S006;S007,S003;S004;S005;S008;S011;S015
3,"1,8|2,6,9|3,4,5,7",False,False,12,5,9,5.2630116877439725,0.20408307790740618,0.20562014684155358,1.6253898273890879,,0,0,0,4,3,5,6,3,6,5,9,0,1,3,0,0,2,3,3,S001;S009;S012;S013,S002;S006;S007;S010;S014,S003;S004;S005;S008;S011;S015
3,"1,8|2,6|3,4,5,7,9",False,False,12,5,8,4.439661147044717,0.46098193708153096,0.42414894003282233,2.8501994872955656,,0,0,0,4,3,5,6,3,6,5,9,0,1,3,0,0,2,3,3,S001;S009;S012;S013,S002;S006;S007,S003;S004;S005;S008;S010;S011;S014;S015
3,"1,9|2,6,8|3,4,5,7",False,False,13,5,8,4.844585130581786,0.20558571997530045,0.18026243437343037,1.6370853484432373,,0,0,0,5,2,5,6,2,6,6,9,1,0,3,0,0,2,4,3,S001;S010;S013;S014,S002;S006;S007;S009;S012,S003;S004;S005;S008;S011;S015
3,"1|2,6,8,9|3,4,5,7",False,False,11,5,7,3.8156817638613654,0.41704125137097786,0.46557252410454,3.2034777536925474,,0,0,0,5,2,5,6,2,6,5,8,1,0,3,0,0,2,3,2,S001;S013,S002;S006;S007;S009;S010;S012;S014,S003;S004;S005;S008;S011;S015
3,"1|2,6,8|3,4,5,7,9",False,False,11,5,7,3.918458176871948,0.5034919755980757,0.5270618114901398,3.9949270587223884,,0,0,0,5,2,5,6,2,6,5,8,1,0,3,0,0,2,3,2,S001;S013,S002;S006;S007;S009;S012,S003;S004;S005;S008;S010;S011;S014;S015
3,"1,9|2,6|3,4,5,7,8",False,False,13,5,7,4.1715758150169275,0.464461303775422,0.3750039500774983,2.8599232288195204,,0,0,0,4,3,5,6,3,6,6,9,0,1,3,0,0,2,4,3,S001;S010;S013;S014,S002;S006;S007,S003;S004;S005;S008;S009;S011;S012;S015
3,"1|2,6,9|3,4,5,7,8",False,False,11,5,7,4.068799402006345,0.5060716750731808,0.49378602760415263,4.008556153211816,,0,0,0,4,3,5,6,3,6,5,8,0,1,3,0,0,2,3,2,S001;S013,S002;S006;S007;S010;S014,S003;S004;S005;S008;S009;S011;S012;S015
3,"1|2,6|3,4,5,7,8,9",False,False,11,5,5,2.72424589113432,0.7198865628828984,0.6722949704375071,4.90266514049623,,0,0,0,4,3,5,6,3,6,5,8,0,1,3,0,0,2,3,2,S001;S013,S002;S006;S007,S003;S004;S005;S008;S009;S010;S011;S012;S014;S015
3,"1,7,8,9|2|3,4,5,6",False,False,13,4,5,2.6651317026977828,0.5568459756866556,0.4702074523918358,6.389947884474713,,0,0,0,4,2,5,6,2,7,6,9,0,0,3,0,0,3,4,3,S001;S008;S009;S010;S012;S013;S014;S015,S002,S003;S004;S005;S006;S007;S011
3,"1,7,8|2,9|3,4,5,6",False,False,13,4,7,4.009685213569807,0.27341911480021647,0.1421842597630401,1.9678795120657815,,0,0,0,4,2,5,6,2,7,6,9,0,0,3,0,0,3,4,3,S001;S008;S009;S012;S013;S015,S002;S010;S014,S003;S004;S005;S006;S007;S011
3,"1,7,8|2|3,4,5,6,9",False,False,13,4,6,3.1863346728705517,0.5504279970027705,0.4841186768612087,6.272171806972926,,0,0,0,4,2,5,6,2,7,6,9,0,0,3,0,0,3,4,3,S001;S008;S009;S012;S013;S015,S002,S003;S004;S005;S006;S007;S010;S011;S014
3,"1,7,9|2,8|3,4,5,6",False,False,14,5,6,3.591258656407621,0.2693738892063157,0.21280539468973797,1.941053045269436,,0,0,0,5,2,5,6,2,7,6,9,1,0,3,0,0,3,4,3,S001;S008;S010;S013;S014;S015,S002;S009;S012,S003;S004;S005;S006;S007;S011
3,"1,7|2,8,9|3,4,5,6",False,False,13,5,5,2.5623552896872,0.14067772690530242,0.19551845495471876,1.4118082394185791,,0,0,0,5,2,5,6,2,7,6,8,1,0,3,0,0,3,4,2,S001;S008;S013;S015,S002;S009;S010;S012;S014,S003;S004;S005;S006;S007;S011
3,"1,7|2,8|3,4,5,6,9",False,False,13,5,5,2.6651317026977828,0.39589078154573487,0.3875421455267795,2.4962002820216163,,0,0,0,5,2,5,6,2,7,6,8,1,0,3,0,0,3,4,2,S001;S008;S013;S015,S002;S009;S012,S003;S004;S005;S006;S007;S010;S011;S014
3,"1,7,9|2|3,4,5,6,8",False,False,13,4,5,2.918249340842762,0.5515922033512171,0.46473801683947225,6.294883825281491,,0,0,0,4,2,5,6,2,7,6,9,0,0,3,0,0,3,4,3,S001;S008;S010;S013;S014;S015,S002,S003;S004;S005;S006;S007;S009;S011;S012
3,"1,7|2,9|3,4,5,6,8",False,False,12,4,5,2.8154729278321793,0.40026017785717677,0.31451487377383736,2.5280904585452544,,0,0,0,4,2,5,6,2,7,6,8,0,0,3,0,0,3,4,2,S001;S008;S013;S015,S002;S010;S014,S003;S004;S005;S006;S007;S009;S011;S012
3,"1,7|2|3,4,5,6,8,9",False,False,12,4,3,1.4709194169601547,0.692600070029815,0.6257701028463435,7.784859531650705,,0,0,0,4,2,5,6,2,7,6,8,0,0,3,0,0,3,4,2,S001;S008;S013;S015,S002,S003;S004;S005;S006;S007;S009;S010;S011;S012;S014
3,"1,8,9|2,7|3,4,5,6",False,False,12,4,6,3.218461571158774,0.23320432526364143,0.16110669306851594,1.75761229491124,,0,0,0,4,2,4,6,2,7,6,9,0,0,2,0,0,3,4,3,S001;S009;S010;S012;S013;S014,S002;S008;S015,S003;S004;S005;S006;S007;S011
3,"1,8|2,7,9|3,4,5,6",False,False,11,4,8,4.563015082030798,0.16350064722686827,0.1887494870325525,1.504249600397242,,0,0,0,4,2,4,6,2,7,5,9,0,0,2,0,0,3,3,3,S001;S009;S012;S013,S002;S008;S010;S014;S015,S003;S004;S005;S006;S007;S011
3,"1,8|2,7|3,4,5,6,9",False,False,11,4,7,3.739664541331543,0.388730771715902,0.33794712864829146,2.305226730944716,,0,0,0,4,2,4,6,2,7,5,9,0,0,2,0,0,3,3,3,S001;S009;S012;S013,S002;S008;S015,S003;S004;S005;S006;S007;S010;S011;S014
3,"1,9|2,7,8|3,4,5,6",False,False,12,4,7,4.144588524868612,0.16643997002916958,0.13493123724063463,1.515073454820154,,0,0,0,4,2,4,6,2,7,6,9,0,0,2,0,0,3,4,3,S001;S010;S013;S014,S002;S008;S009;S012;S015,S003;S004;S005;S006;S007;S011
3,"1|2,7,8,9|3,4,5,6",False,False,10,4,6,3.1156851581481915,0.4273146696600076,0.47890311886599607,3.4345815779596194,,0,0,0,4,2,4,6,2,7,5,8,0,0,2,0,0,3,3,2,S001;S013,S002;S008;S009;S010;S012;S014;S015,S003;S004;S005;S006;S007;S011
3,"1|2,7,8|3,4,5,6,9",False,False,10,4,6,3.218461571158774,0.4644386920371507,0.4823812458360446,3.7638232344553164,,0,0,0,4,2,4,6,2,7,5,8,0,0,2,0,0,3,3,2,S001;S013,S002;S008;S009;S012;S015,S003;S004;S005;S006;S007;S010;S011;S014
3,"1,9|2,7|3,4,5,6,8",False,False,12,4,6,3.471579209303753,0.3923994812153311,0.28430763862802805,2.3135741348950356,,0,0,0,4,2,4,6,2,7,6,9,0,0,2,0,0,3,4,3,S001;S010;S013;S014,S002;S008;S015,S003;S004;S005;S006;S007;S009;S011;S012
3,"1|2,7,9|3,4,5,6,8",False,False,10,4,6,3.3688027962931706,0.4664753333893375,0.46338325526494906,3.777452328944743,,0,0,0,4,2,4,6,2,7,5,8,0,0,2,0,0,3,3,2,S001;S013,S002;S008;S010;S014;S015,S003;S004;S005;S006;S007;S009;S011;S012
3,"1|2,7|3,4,5,6,8,9",False,False,10,4,4,2.024249285421146,0.6582188597849711,0.6010735267712676,4.671561316229157,,0,0,0,4,2,4,6,2,7,5,8,0,0,2,0,0,3,3,2,S001;S013,S002;S008;S015,S003;S004;S005;S006;S007;S009;S010;S011;S012;S014
3,"1,8,9|2|3,4,5,6,7",False,False,10,4,5,2.687171681533575,0.563878468603084,0.4841832432099743,6.503044216225943,,0,0,0,4,2,4,6,2,6,6,8,0,0,2,0,0,2,4,2,S001;S009;S010;S012;S013;S014,S002,S003;S004;S005;S006;S007;S008;S011;S015
3,"1,8|2,9|3,4,5,6,7",False,False,9,4,7,4.0317251924056,0.4318255612686466,0.31437671114726434,2.611689824760752,,0,0,0,4,2,4,6,2,6,5,8,0,0,2,0,0,2,3,2,S001;S009;S012;S013,S002;S010;S014,S003;S004;S005;S006;S007;S008;S011;S015
3,"1,8|2|3,4,5,6,7,9",False,False,9,4,6,3.208374651706344,0.720083397407857,0.6372700299483014,7.993019922595157,,0,0,0,4,2,4,6,2,6,5,8,0,0,2,0,0,2,3,2,S001;S009;S012;S013,S002,S003;S004;S005;S006;S007;S008;S010;S011;S014;S015
3,"1,9|2,8|3,4,5,6,7",False,False,11,5,6,3.613298635243413,0.4311152470962213,0.33711402903755405,2.5880829330114534,,0,0,0,5,2,4,6,2,6,6,8,1,0,2,0,0,2,4,2,S001;S010;S013;S014,S002;S009;S012,S003;S004;S005;S006;S007;S008;S011;S015
3,"1|2,8,9|3,4,5,6,7",False,False,9,5,5,2.584395268522992,0.4867464465726015,0.483647407210705,3.902365826221558,,0,0,0,5,2,4,6,2,6,5,7,1,0,2,0,0,2,3,1,S001;S013,S002;S009;S010;S012;S014,S003;S004;S005;S006;S007;S008;S011;S015
3,"1|2,8|3,4,5,6,7,9",False,False,9,5,5,2.687171681533575,0.6911549809035716,0.6603337778464123,4.796474813505973,,0,0,0,5,2,4,6,2,6,5,7,1,0,2,0,0,2,3,1,S001;S013,S002;S009;S012,S003;S004;S005;S006;S007;S008;S010;S011;S014;S015
3,"1,9|2|3,4,5,6,7,8",False,False,10,4,5,2.9402893196785542,0.7231656796803301,0.5955070324802519,8.015731940903724,,0,0,0,4,2,4,6,2,6,6,8,0,0,2,0,0,2,4,2,S001;S010;S013;S014,S002,S003;S004;S005;S006;S007;S008;S009;S011;S012;S015
3,"1|2,9|3,4,5,6,7,8",False,False,8,4,5,2.8375129066679716,0.6948069284045995,0.5979527016600118,4.8101039079954,,0,0,0,4,2,4,6,2,6,5,7,0,0,2,0,0,2,3,1,S001;S013,S002;S010;S014,S003;S004;S005;S006;S007;S008;S009;S011;S012;S015
3,"1|2|3,4,5,6,7,8,9",False,False,8,4,3,1.4929593957959468,0.9518808387068164,0.875734125222334,9.505707647272937,,0,0,0,4,2,4,6,2,6,5,7,0,0,2,0,0,2,3,1,S001;S013,S002,S003;S004;S005;S006;S007;S008;S009;S010;S011;S012;S014;S015
