K,canonical_units,transport_zero_augmentation,all_inventory_feasible,total_shortage,shortage_resource_types,relay_copy_count,relay_delta_energy_kWh,CV_transport_workload,CV_joint_workload,max_min_transport_workload_ratio,geo_compactness_km,pareto,selected,theoretical_relay_min,total_A_drone,total_B_drone,total_C_drone,total_A_battery,total_B_battery,total_C_battery,total_relay_drone,total_relay_energy,shortage_A_drone,shortage_B_drone,shortage_C_drone,shortage_A_battery,shortage_B_battery,shortage_C_battery,shortage_relay_drone,shortage_relay_energy,group_1_services,group_2_services,group_3_services
3,"1,2,3,4,5,6,7|8|9",False,False,6,3,6,3.581171736955191,0.8909224023485354,0.7370125028235486,6.154114134099342,,0,0,0,5,2,2,6,2,4,5,8,1,0,0,0,0,0,3,2,S001;S002;S003;S004;S005;S006;S007;S008;S011;S013;S015,S009;S012,S010;S014
3,"1,2,3,4,5,6,8|7|9",False,False,9,4,5,2.9503762391309842,0.854957628846233,0.722114783739863,6.01440689588423,,0,0,0,4,2,3,6,2,5,6,9,0,0,1,0,0,1,4,3,S001;S002;S003;S004;S005;S006;S007;S009;S011;S012;S013,S008;S015,S010;S014
3,"1,2,3,4,5,6|7,8|9",False,False,9,4,8,4.665791495041381,0.6165039017823685,0.4977807586644041,4.999163682044248,,0,0,0,4,2,3,6,2,5,6,9,0,0,1,0,0,1,4,3,S001;S002;S003;S004;S005;S006;S007;S011;S013,S008;S009;S012;S015,S010;S014
3,"1,2,3,4,5,6,9|7|8",False,False,7,5,5,2.8000350139965877,0.850941607734754,0.7993594511047217,5.909090157178638,,0,0,0,5,2,3,6,2,5,5,7,1,0,1,0,0,1,3,1,S001;S002;S003;S004;S005;S006;S007;S010;S011;S013;S014,S008;S015,S009;S012
3,"1,2,3,4,5,6|7,9|8",False,False,9,5,8,4.665791495041381,0.6152189040065595,0.5259739938179093,4.924104504117563,,0,0,0,5,2,3,6,2,5,5,9,1,0,1,0,0,1,3,3,S001;S002;S003;S004;S005;S006;S007;S011;S013,S008;S010;S014;S015,S009;S012
3,"1,2,3,4,5,6|7|8,9",False,False,10,5,6,3.218461571158774,0.6049249234546533,0.5760251888684812,4.328465929554681,,0,0,0,5,2,3,6,2,5,6,9,1,0,1,0,0,1,4,3,S001;S002;S003;S004;S005;S006;S007;S011;S013,S008;S015,S009;S010;S012;S014
3,"1,2,3,4,5,7,8|6|9",False,False,8,5,5,3.097042976383167,0.9218900158793646,0.7864435551631894,6.997261298020656,,0,0,0,4,3,3,6,3,5,5,8,0,1,1,0,0,1,3,2,S001;S002;S003;S004;S005;S008;S009;S011;S012;S013;S015,S006;S007,S010;S014
3,"1,2,3,4,5,7|6,8|9",False,False,10,5,8,4.812458232293563,0.6721770525362453,0.5493994257083491,5.25763756783862,,0,0,0,5,2,3,6,2,5,6,9,1,0,1,0,0,1,4,3,S001;S002;S003;S004;S005;S008;S011;S013;S015,S006;S007;S009;S012,S010;S014
3,"1,2,3,4,5,7,9|6|8",False,False,6,5,5,2.9467017512487703,0.9179738872210833,0.8615959743416458,6.980257826414517,,0,0,0,5,3,3,6,3,5,4,6,1,1,1,0,0,1,2,0,S001;S002;S003;S004;S005;S008;S010;S011;S013;S014;S015,S006;S007,S009;S012
3,"1,2,3,4,5,7|6,9|8",False,False,10,6,8,4.812458232293563,0.671262575525082,0.5700517885264619,5.178697573315965,,0,0,0,5,3,3,6,3,5,5,9,1,1,1,0,0,1,3,3,S001;S002;S003;S004;S005;S008;S011;S013;S015,S006;S007;S010;S014,S009;S012
3,"1,2,3,4,5,7|6|8,9",False,False,9,6,6,3.3651283084109567,0.6791693122235238,0.6442373203662342,5.864779700565582,,0,0,0,5,3,3,6,3,5,5,8,1,1,1,0,0,1,3,2,S001;S002;S003;S004;S005;S008;S011;S013;S015,S006;S007,S009;S010;S012;S014
3,"1,2,3,4,5,8|6,7|9",False,False,12,5,6,3.650372844844158,0.6415228341588403,0.5550981815346363,5.117930329623508,,0,0,0,4,3,4,6,3,6,6,9,0,1,2,0,0,2,4,3,S001;S002;S003;S004;S005;S009;S011;S012;S013,S006;S007;S008;S015,S010;S014
3,"1,2,3,4,5|6,7,8|9",False,False,11,4,9,5.365788100754555,0.47363011948077965,0.3976165845263868,4.102687115783526,,0,0,0,4,2,4,6,2,6,6,9,0,0,2,0,0,2,4,3,S001;S002;S003;S004;S005;S011;S013,S006;S007;S008;S009;S012;S015,S010;S014
3,"1,2,3,4,5,9|6,7|8",False,False,10,6,6,3.5000316197097616,0.6371257050651572,0.6365693589451152,5.02607360110637,,0,0,0,5,3,4,6,3,6,5,7,1,1,2,0,0,2,3,1,S001;S002;S003;S004;S005;S010;S011;S013;S014,S006;S007;S008;S015,S009;S012
3,"1,2,3,4,5|6,7,9|8",False,False,12,6,9,5.365788100754555,0.47065293407964415,0.4504518134326953,4.041087948045296,,0,0,0,5,3,4,6,3,6,5,9,1,1,2,0,0,2,3,3,S001;S002;S003;S004;S005;S011;S013,S006;S007;S008;S010;S014;S015,S009;S012
3,"1,2,3,4,5|6,7|8,9",False,False,13,6,7,3.918458176871948,0.3582706761825113,0.39646855464113734,2.0358272825868915,,0,0,0,5,3,4,6,3,6,6,9,1,1,2,0,0,2,4,3,S001;S002;S003;S004;S005;S011;S013,S006;S007;S008;S015,S009;S010;S012;S014
3,"1,2,3,4,5,8,9|6|7",False,False,9,5,4,2.315906253424563,0.8823749822171718,0.8495686949254025,6.824417458162796,,0,0,0,4,3,4,6,3,6,5,7,0,1,2,0,0,2,3,1,S001;S002;S003;S004;S005;S009;S010;S011;S012;S013;S014,S006;S007,S008;S015
3,"1,2,3,4,5,8|6,9|7",False,False,13,5,7,4.1816627344693575,0.6317144400391274,0.5537269569268447,4.43129860724049,,0,0,0,4,3,4,6,3,6,6,10,0,1,2,0,0,2,4,4,S001;S002;S003;S004;S005;S009;S011;S012;S013,S006;S007;S010;S014,S008;S015
3,"1,2,3,4,5,8|6|7,9",False,False,11,5,7,4.1816627344693575,0.6498467357384897,0.5773481287500004,5.708939332313859,,0,0,0,4,3,4,6,3,6,5,9,0,1,2,0,0,2,3,3,S001;S002;S003;S004;S005;S009;S011;S012;S013,S006;S007,S008;S010;S014;S015
3,"1,2,3,4,5,9|6,8|7",False,False,11,5,7,4.03132150933496,0.6282271052074077,0.6123554953888957,4.418100453317212,,0,0,0,5,2,4,6,2,6,6,8,1,0,2,0,0,2,4,2,S001;S002;S003;S004;S005;S010;S011;S013;S014,S006;S007;S009;S012,S008;S015
3,"1,2,3,4,5|6,8,9|7",False,False,13,5,8,4.449748066497147,0.444628135850476,0.46073003128046186,3.5522624442315216,,0,0,0,5,2,4,6,2,6,6,10,1,0,2,0,0,2,4,4,S001;S002;S003;S004;S005;S011;S013,S006;S007;S009;S010;S012;S014,S008;S015
3,"1,2,3,4,5|6,8|7,9",False,False,13,5,10,5.8970779903797546,0.3600807491455124,0.31878941805780303,2.1460713847755484,,0,0,0,5,2,4,6,2,6,6,10,1,0,2,0,0,2,4,4,S001;S002;S003;S004;S005;S011;S013,S006;S007;S009;S012,S008;S010;S014;S015
3,"1,2,3,4,5,9|6|7,8",False,False,9,5,7,4.03132150933496,0.6467311329473827,0.6295051587487758,5.691935860707721,,0,0,0,4,3,4,6,3,6,5,7,0,1,2,0,0,2,3,1,S001;S002;S003;S004;S005;S010;S011;S013;S014,S006;S007,S008;S009;S012;S015
3,"1,2,3,4,5|6,9|7,8",False,False,13,5,10,5.8970779903797546,0.3605722705856585,0.31098143555315805,2.163320754272637,,0,0,0,4,3,4,6,3,6,6,10,0,1,2,0,0,2,4,4,S001;S002;S003;S004;S005;S011;S013,S006;S007;S010;S014,S008;S009;S012;S015
3,"1,2,3,4,5|6|7,8,9",False,False,11,5,8,4.449748066497147,0.4944933649625821,0.5000451804532009,4.576457734858785,,0,0,0,4,3,4,6,3,6,5,9,0,1,2,0,0,2,3,3,S001;S002;S003;S004;S005;S011;S013,S006;S007,S008;S009;S010;S012;S014;S015
3,"1,2,3,4,6,7,8|5|9",False,False,7,4,4,2.133841813072584,0.9416330291405088,0.8365520870368179,7.728133275331009,,0,0,0,4,2,3,6,2,5,5,8,0,0,1,0,0,1,3,2,S001;S002;S003;S004;S006;S007;S008;S009;S012;S013;S015,S005;S011,S010;S014
3,"1,2,3,4,6,7|5,8|9",False,False,9,6,5,3.313086404927401,0.689137110881011,0.5813995917450342,5.332706265798037,,0,0,0,5,3,3,6,3,5,5,8,1,1,1,0,0,1,3,2,S001;S002;S003;S004;S006;S007;S008;S013;S015,S005;S009;S011;S012,S010;S014
3,"1,2,3,4,6,7,9|5|8",False,False,6,5,3,1.7154152559103972,0.9377444974851146,0.9054620686030537,7.709575851634172,,1,0,1,5,3,3,6,3,5,4,6,1,1,1,0,0,1,2,0,S001;S002;S003;S004;S006;S007;S008;S010;S013;S014;S015,S005;S011,S009;S012
3,"1,2,3,4,6,7|5,9|8",False,False,9,6,6,3.581171736955191,0.6883199025047368,0.5817082428368647,5.252639163799967,,0,0,0,5,3,3,6,3,5,5,8,1,1,1,0,0,1,3,2,S001;S002;S003;S004;S006;S007;S008;S013;S015,S005;S010;S011;S014,S009;S012
3,"1,2,3,4,6,7|5|8,9",False,False,9,6,4,2.133841813072584,0.7008642654465045,0.6854147876189931,6.492153863617391,,0,0,0,5,3,3,6,3,5,5,8,1,1,1,0,0,1,3,2,S001;S002;S003;S004;S006;S007;S008;S013;S015,S005;S011,S009;S010;S012;S014
3,"1,2,3,4,6,8|5,7|9",False,False,12,4,6,3.218461571158774,0.6578402299557248,0.5573029805900328,5.1929990275829265,,0,0,0,4,2,4,6,2,6,6,10,0,0,2,0,0,2,4,4,S001;S002;S003;S004;S006;S007;S009;S012;S013,S005;S008;S011;S015,S010;S014
3,"1,2,3,4,6|5,7,8|9",False,False,13,5,7,4.397706163013591,0.4814811719342981,0.38791942170323307,4.1777558137429445,,0,0,0,4,3,4,6,3,6,6,10,0,1,2,0,0,2,4,4,S001;S002;S003;S004;S006;S007;S013,S005;S008;S009;S011;S012;S015,S010;S014
3,"1,2,3,4,6,9|5,7|8",False,False,11,6,5,2.8000350139965877,0.6534741848071217,0.6292361036591249,5.100015191590373,,0,0,0,5,3,4,6,3,6,5,8,1,1,2,0,0,2,3,2,S001;S002;S003;S004;S006;S007;S010;S013;S014,S005;S008;S011;S015,S009;S012
3,"1,2,3,4,6|5,7,9|8",False,False,12,6,8,4.665791495041381,0.4786603059081428,0.43931834093575917,4.115029538529297,,0,0,0,5,3,4,6,3,6,5,9,1,1,2,0,0,2,3,3,S001;S002;S003;S004;S006;S007;S013,S005;S008;S010;S011;S014;S015,S009;S012
3,"1,2,3,4,6|5,7|8,9",False,False,14,6,6,3.218461571158774,0.37776752446008727,0.3845692502850962,2.113865573217294,,0,0,0,5,3,4,6,3,6,6,10,1,1,2,0,0,2,4,4,S001;S002;S003;S004;S006;S007;S013,S005;S008;S011;S015,S009;S010;S012;S014
3,"1,2,3,4,6,8,9|5|7",False,False,8,4,3,1.3527050901139803,0.902403136668156,0.90157200402284,7.539493187945999,,1,0,0,4,2,4,6,2,6,5,7,0,0,2,0,0,2,3,1,S001;S002;S003;S004;S006;S007;S009;S010;S012;S013;S014,S005;S011,S008;S015
3,"1,2,3,4,6,8|5,9|7",False,False,11,4,6,3.218461571158774,0.649084819973061,0.5748059054468546,4.496295939226328,,0,0,0,4,2,4,6,2,6,6,9,0,0,2,0,0,2,4,3,S001;S002;S003;S004;S006;S007;S009;S012;S013,S005;S010;S011;S014,S008;S015
3,"1,2,3,4,6,8|5|7,9",False,False,10,4,6,3.218461571158774,0.6717869236190989,0.6280721229728288,6.322071199929218,,0,0,0,4,2,4,6,2,6,5,9,0,0,2,0,0,2,3,3,S001;S002;S003;S004;S006;S007;S009;S012;S013,S005;S011,S008;S010;S014;S015
3,"1,2,3,4,6,9|5,8|7",False,False,10,6,4,2.531949681968798,0.6455319627949411,0.6458048052691108,4.48309778530305,,0,0,0,5,3,4,6,3,6,5,7,1,1,2,0,0,2,3,1,S001;S002;S003;S004;S006;S007;S010;S013;S014,S005;S009;S011;S012,S008;S015
3,"1,2,3,4,6|5,8,9|7",False,False,13,6,5,2.9503762391309842,0.4541349539533591,0.4617289782120621,3.6172597762173595,,0,0,0,5,3,4,6,3,6,6,9,1,1,2,0,0,2,4,3,S001;S002;S003;S004;S006;S007;S013,S005;S009;S010;S011;S012;S014,S008;S015
3,"1,2,3,4,6|5,8|7,9",False,False,12,6,7,4.397706163013591,0.38072489299712675,0.35613219108498884,2.274659489962702,,0,0,0,5,3,4,6,3,6,5,9,1,1,2,0,0,2,3,3,S001;S002;S003;S004;S006;S007;S013,S005;S009;S011;S012,S008;S010;S014;S015
3,"1,2,3,4,6,9|5|7,8",False,False,9,5,5,2.8000350139965877,0.6686966231951499,0.6703216167714021,6.303513776232381,,0,0,0,4,3,4,6,3,6,5,7,0,1,2,0,0,2,3,1,S001;S002;S003;S004;S006;S007;S010;S013;S014,S005;S011,S008;S009;S012;S015
3,"1,2,3,4,6|5,9|7,8",False,False,12,5,8,4.665791495041381,0.3813247117670567,0.3195303925060067,2.2936959296432797,,0,0,0,4,3,4,6,3,6,6,9,0,1,2,0,0,2,4,3,S001;S002;S003;S004;S006;S007;S013,S005;S010;S011;S014,S008;S009;S012;S015
3,"1,2,3,4,6|5|7,8,9",False,False,11,5,6,3.218461571158774,0.5163998281478014,0.5486908515277018,5.0860917882156,,0,0,0,4,3,4,6,3,6,5,9,0,1,2,0,0,2,3,3,S001;S002;S003;S004;S006;S007;S013,S005;S011,S008;S009;S010;S012;S014;S015
3,"1,2,3,4,7,8|5,6|9",False,False,8,4,6,3.3651283084109567,0.7165942028452741,0.6172581142837934,5.451472913377297,,0,0,0,4,2,3,6,2,6,5,8,0,0,1,0,0,2,3,2,S001;S002;S003;S004;S008;S009;S012;S013;S015,S005;S006;S007;S011,S010;S014
3,"1,2,3,4,7|5,6,8|9",False,False,12,6,7,4.544372900265774,0.5151639322761506,0.4272894705612294,4.436229699537315,,0,0,0,5,3,3,6,3,6,6,9,1,1,1,0,0,2,4,3,S001;S002;S003;S004;S008;S013;S015,S005;S006;S007;S009;S011;S012,S010;S014
3,"1,2,3,4,7,9|5,6|8",False,False,7,5,5,2.9467017512487703,0.7123396501687111,0.6871964676856606,5.354608260788774,,0,0,0,5,3,3,6,3,6,4,6,1,1,1,0,0,2,2,0,S001;S002;S003;S004;S008;S010;S013;S014;S015,S005;S006;S007;S011,S009;S012
3,"1,2,3,4,7|5,6,9|8",False,False,11,6,8,4.812458232293563,0.5128739251055584,0.4650774207547269,4.3696226077277,,0,0,0,5,3,3,6,3,6,5,9,1,1,1,0,0,2,3,3,S001;S002;S003;S004;S008;S013;S015,S005;S006;S007;S010;S011;S014,S009;S012
3,"1,2,3,4,7|5,6|8,9",False,False,10,6,6,3.3651283084109567,0.44706814171201,0.45200714642199963,2.5823795886877163,,0,0,0,5,3,3,6,3,6,5,8,1,1,1,0,0,2,3,2,S001;S002;S003;S004;S008;S013;S015,S005;S006;S007;S011,S009;S010;S012;S014
3,"1,2,3,4,8|5,6,7|9",False,False,13,4,7,3.918458176871948,0.49573927053239286,0.42399365126476063,4.296522461322204,,0,0,0,4,2,4,6,2,7,6,10,0,0,2,0,0,3,4,4,S001;S002;S003;S004;S009;S012;S013,S005;S006;S007;S008;S011;S015,S010;S014
3,"1,2,3,4|5,6,7,8|9",False,False,14,5,8,5.097702768726766,0.45659304053904404,0.3504979662052195,3.888078100457102,,0,0,0,4,3,4,6,3,7,6,10,0,1,2,0,0,3,4,4,S001;S002;S003;S004;S013,S005;S006;S007;S008;S009;S011;S012;S015,S010;S014
3,"1,2,3,4,9|5,6,7|8",False,False,12,6,6,3.5000316197097616,0.4911829710656392,0.4997343817468754,4.216998635518105,,0,0,0,5,3,4,6,3,7,5,8,1,1,2,0,0,3,3,2,S001;S002;S003;S004;S010;S013;S014,S005;S006;S007;S008;S011;S015,S009;S012
3,"1,2,3,4|5,6,7,9|8",False,False,13,6,9,5.365788100754555,0.4522612403664424,0.43196018824274873,3.8146867999922787,,0,0,0,5,3,4,6,3,7,5,9,1,1,2,0,0,3,3,3,S001;S002;S003;S004;S013,S005;S006;S007;S008;S010;S011;S014;S015,S009;S012
3,"1,2,3,4|5,6,7|8,9",False,False,15,6,7,3.918458176871948,0.19374383475953183,0.23329535897920717,1.6282298955022145,,0,0,0,5,3,4,6,3,7,6,10,1,1,2,0,0,3,4,4,S001;S002;S003;S004;S013,S005;S006;S007;S008;S011;S015,S009;S010;S012;S014
3,"1,2,3,4,8,9|5,6|7",False,False,9,4,5,2.583991585452353,0.6735386581666212,0.6808196209182559,4.585930462988858,,0,0,0,4,2,4,6,2,7,5,7,0,0,2,0,0,3,3,1,S001;S002;S003;S004;S009;S010;S012;S013;S014,S005;S006;S007;S011,S008;S015
3,"1,2,3,4,8|5,6,9|7",False,False,13,4,8,4.449748066497147,0.4709844442505581,0.46008218091829683,3.7200924539031677,,0,0,0,4,2,4,6,2,7,6,10,0,0,2,0,0,3,4,4,S001;S002;S003;S004;S009;S012;S013,S005;S006;S007;S010;S011;S014,S008;S015
3,"1,2,3,4,8|5,6|7,9",False,False,11,4,8,4.449748066497147,0.4137834504146692,0.39628394400437733,2.5010544218695365,,0,0,0,4,2,4,6,2,7,5,9,0,0,2,0,0,3,3,3,S001;S002;S003;S004;S009;S012;S013,S005;S006;S007;S011,S008;S010;S014;S015
3,"1,2,3,4,9|5,6,8|7",False,False,13,6,6,3.7632361773071707,0.46870443512722476,0.49535597340220094,3.70689429997989,,0,0,0,5,3,4,6,3,7,6,8,1,1,2,0,0,3,4,2,S001;S002;S003;S004;S010;S013;S014,S005;S006;S007;S009;S011;S012,S008;S015
3,"1,2,3,4|5,6,8,9|7",False,False,15,6,7,4.1816627344693575,0.4127992601137281,0.41922117386891067,3.2322838107551406,,0,0,0,5,3,4,6,3,7,6,10,1,1,2,0,0,3,4,4,S001;S002;S003;S004;S013,S005;S006;S007;S009;S010;S011;S012;S014,S008;S015
3,"1,2,3,4|5,6,8|7,9",False,False,15,6,9,5.628992658351965,0.16887849709422828,0.1645679961049963,1.522670391030565,,0,0,0,5,3,4,6,3,7,6,10,1,1,2,0,0,3,4,4,S001;S002;S003;S004;S013,S005;S006;S007;S009;S011;S012,S008;S010;S014;S015
3,"1,2,3,4,9|5,6|7,8",False,False,10,5,7,4.03132150933496,0.4102472323121757,0.4400579865538741,2.4921811743254616,,0,0,0,4,3,4,6,3,7,5,7,0,1,2,0,0,3,3,1,S001;S002;S003;S004;S010;S013;S014,S005;S006;S007;S011,S008;S009;S012;S015
3,"1,2,3,4|5,6,9|7,8",False,False,14,5,10,5.8970779903797546,0.16657879151204272,0.1854776417747228,1.511975313101326,,0,0,0,4,3,4,6,3,7,6,10,0,1,2,0,0,3,4,4,S001;S002;S003;S004;S013,S005;S006;S007;S010;S011;S014,S008;S009;S012;S015
3,"1,2,3,4|5,6|7,8,9",False,False,12,5,8,4.449748066497147,0.26155796752034266,0.31560524176532284,1.9100698402443947,,0,0,0,4,3,4,6,3,7,5,9,0,1,2,0,0,3,3,3,S001;S002;S003;S004;S013,S005;S006;S007;S011,S008;S009;S010;S012;S014;S015
3,"1,2,3,4,7,8,9|5|6",False,False,7,4,3,1.499371827366163,0.9681994299182458,0.9639390838065407,7.854164979840204,,0,0,0,4,3,4,6,3,6,4,6,0,1,2,0,0,2,2,0,S001;S002;S003;S004;S008;S009;S010;S012;S013;S014;S015,S005;S011,S006;S007
3,"1,2,3,4,7,8|5,9|6",False,False,10,5,6,3.3651283084109567,0.7219087008402992,0.6430534615265644,6.080998788530347,,0,0,0,4,3,4,6,3,6,5,8,0,1,2,0,0,2,3,2,S001;S002;S003;S004;S008;S009;S012;S013;S015,S005;S010;S011;S014,S006;S007
3,"1,2,3,4,7,8|5|6,9",False,False,11,5,6,3.3651283084109567,0.7265680239172781,0.6694382433645731,6.636742991823423,,0,0,0,4,3,4,6,3,6,5,9,0,1,2,0,0,2,3,3,S001;S002;S003;S004;S008;S009;S012;S013;S015,S005;S011,S006;S007;S010;S014
3,"1,2,3,4,7,9|5,8|6",False,False,9,5,4,2.6786164192209805,0.7184694617095794,0.7136598226864347,6.063995316924209,,0,0,0,5,4,4,6,4,6,4,6,1,2,2,0,0,2,2,0,S001;S002;S003;S004;S008;S010;S013;S014;S015,S005;S009;S011;S012,S006;S007
3,"1,2,3,4,7|5,8,9|6",False,False,12,6,5,3.097042976383167,0.5314957785585519,0.5326987108445488,4.948517191075273,,0,0,0,5,4,4,6,4,6,5,8,1,2,2,0,0,2,3,2,S001;S002;S003;S004;S008;S013;S015,S005;S009;S010;S011;S012;S014,S006;S007
3,"1,2,3,4,7|5,8|6,9",False,False,13,6,7,4.544372900265774,0.4449303363168138,0.40451788497079116,2.415390567469827,,0,0,0,5,4,4,6,4,6,5,9,1,2,2,0,0,2,3,3,S001;S002;S003;S004;S008;S013;S015,S005;S009;S011;S012,S006;S007;S010;S014
3,"1,2,3,4,7,9|5|6,8",False,False,10,6,5,2.9467017512487703,0.7232220707955711,0.7176075242355727,6.618185568126587,,0,0,0,5,3,4,6,3,6,5,7,1,1,2,0,0,2,3,1,S001;S002;S003;S004;S008;S010;S013;S014;S015,S005;S011,S006;S007;S009;S012
3,"1,2,3,4,7|5,9|6,8",False,False,13,6,8,4.812458232293563,0.4450459295639546,0.3787942699388566,2.4356047740557236,,0,0,0,5,3,4,6,3,6,6,9,1,1,2,0,0,2,4,3,S001;S002;S003;S004;S008;S013;S015,S005;S010;S011;S014,S006;S007;S009;S012
3,"1,2,3,4,7|5|6,8,9",False,False,12,6,6,3.3651283084109567,0.5441401289486673,0.5717508347309255,5.400763580109806,,0,0,0,5,3,4,6,3,6,5,9,1,1,2,0,0,2,3,3,S001;S002;S003;S004;S008;S013;S015,S005;S011,S006;S007;S009;S010;S012;S014
3,"1,2,3,4,8,9|5,7|6",False,False,12,5,5,2.583991585452353,0.6875622949748679,0.6909286256809104,5.908154948672486,,0,0,0,4,3,5,6,3,7,5,8,0,1,3,0,0,3,3,2,S001;S002;S003;S004;S009;S010;S012;S013;S014,S005;S008;S011;S015,S006;S007
3,"1,2,3,4,8|5,7,9|6",False,False,13,5,8,4.449748066497147,0.5139567864599547,0.4995496225331611,4.79267682282355,,0,0,0,4,3,5,6,3,7,5,9,0,1,3,0,0,3,3,3,S001;S002;S003;S004;S009;S012;S013,S005;S008;S010;S011;S014;S015,S006;S007
3,"1,2,3,4,8|5,7|6,9",False,False,16,5,8,4.449748066497147,0.40873791488833205,0.377934460153803,2.2655288959323374,,0,0,0,4,3,5,6,3,7,6,11,0,1,3,0,0,3,4,5,S001;S002;S003;S004;S009;S012;S013,S005;S008;S011;S015,S006;S007;S010;S014
3,"1,2,3,4,9|5,7,8|6",False,False,13,5,6,3.7632361773071707,0.51221411103197,0.5270508737139361,4.775673351217412,,0,0,0,4,4,5,6,4,7,5,8,0,2,3,0,0,3,3,2,S001;S002;S003;S004;S010;S013;S014,S005;S008;S009;S011;S012;S015,S006;S007
3,"1,2,3,4|5,7,8,9|6",False,False,14,5,7,4.1816627344693575,0.48612788788425193,0.4739857170645003,4.452544198501116,,0,0,0,4,4,5,6,4,7,5,9,0,2,3,0,0,3,3,3,S001;S002;S003;S004;S013,S005;S008;S009;S010;S011;S012;S014;S015,S006;S007
3,"1,2,3,4|5,7,8|6,9",False,False,17,5,9,5.628992658351965,0.21900170916484546,0.1763716248640812,1.7301976232439884,,0,0,0,4,4,5,6,4,7,6,11,0,2,3,0,0,3,4,5,S001;S002;S003;S004;S013,S005;S008;S009;S011;S012;S015,S006;S007;S010;S014
3,"1,2,3,4,9|5,7|6,8",False,False,15,6,7,4.03132150933496,0.40472029160877115,0.4296824144924214,2.2394910028376094,,0,0,0,5,3,5,6,3,7,6,9,1,1,3,0,0,3,4,3,S001;S002;S003;S004;S010;S013;S014,S005;S008;S011;S015,S006;S007;S009;S012
3,"1,2,3,4|5,7,9|6,8",False,False,16,6,10,5.8970779903797546,0.2155965277960738,0.22335688702179166,1.7164017873526276,,0,0,0,5,3,5,6,3,7,6,10,1,1,3,0,0,3,4,4,S001;S002;S003;S004;S013,S005;S008;S010;S011;S014;S015,S006;S007;S009;S012
3,"1,2,3,4|5,7|6,8,9",False,False,17,6,8,4.449748066497147,0.20166964818097682,0.27141757477041467,1.6602653545590396,,0,0,0,5,3,5,6,3,7,6,11,1,1,3,0,0,3,4,5,S001;S002;S003;S004;S013,S005;S008;S011;S015,S006;S007;S009;S010;S012;S014
3,"1,2,3,4,8,9|5|6,7",False,False,11,5,4,2.052701695827154,0.6932074573067862,0.7375751013834607,6.448102904438413,,0,0,0,4,3,5,6,3,7,5,7,0,1,3,0,0,3,3,1,S001;S002;S003;S004;S009;S010;S012;S013;S014,S005;S011,S006;S007;S008;S015
3,"1,2,3,4,8|5,9|6,7",False,False,14,5,7,3.918458176871948,0.4100151600023639,0.3951028392764451,2.358901889080594,,0,0,0,4,3,5,6,3,7,6,9,0,1,3,0,0,3,4,3,S001;S002;S003;S004;S009;S012;S013,S005;S010;S011;S014,S006;S007;S008;S015
3,"1,2,3,4,8|5|6,7,9",False,False,13,5,7,3.918458176871948,0.527915872817825,0.5563765425029102,5.2306809164216315,,0,0,0,4,3,5,6,3,7,5,9,0,1,3,0,0,3,3,3,S001;S002;S003;S004;S009;S012;S013,S005;S011,S006;S007;S008;S010;S014;S015
3,"1,2,3,4,9|5,8|6,7",False,False,13,6,5,3.231946287681972,0.40588346548971427,0.47079901663095053,2.3310248141910703,,0,0,0,5,4,5,6,4,7,5,7,1,2,3,0,0,3,3,1,S001;S002;S003;S004;S010;S013;S014,S005;S009;S011;S012,S006;S007;S008;S015
3,"1,2,3,4|5,8,9|6,7",False,False,16,6,6,3.650372844844158,0.18672064450767212,0.2661501264786737,1.5995105934483076,,0,0,0,5,4,5,6,4,7,6,9,1,2,3,0,0,3,4,3,S001;S002;S003;S004;S013,S005;S009;S010;S011;S012;S014,S006;S007;S008;S015
3,"1,2,3,4|5,8|6,7,9",False,False,15,6,8,5.097702768726766,0.2327523511071464,0.29352688964178814,1.7865555844481324,,0,0,0,5,4,5,6,4,7,5,9,1,2,3,0,0,3,3,3,S001;S002;S003;S004;S013,S005;S009;S011;S012,S006;S007;S008;S010;S014;S015
3,"1,2,3,4,9|5|6,7,8",False,False,11,5,6,3.5000316197097616,0.5263171678859481,0.5764063314058803,5.212123492724795,,0,0,0,4,3,5,6,3,7,5,7,0,1,3,0,0,3,3,1,S001;S002;S003;S004;S010;S013;S014,S005;S011,S006;S007;S008;S009;S012;S015
3,"1,2,3,4|5,9|6,7,8",False,False,14,5,9,5.365788100754555,0.2363457070864786,0.21324105672517998,1.801507122368168,,0,0,0,4,3,5,6,3,7,6,9,0,1,3,0,0,3,4,3,S001;S002;S003;S004;S013,S005;S010;S011;S014,S006;S007;S008;S009;S012;S015
3,"1,2,3,4|5|6,7,8,9",False,False,13,5,7,3.918458176871948,0.5076570792179969,0.5398103861162725,4.950853758639776,,0,0,0,4,3,5,6,3,7,5,9,0,1,3,0,0,3,3,3,S001;S002;S003;S004;S013,S005;S011,S006;S007;S008;S009;S010;S012;S014;S015
3,"1,2,3,5,6,7,8|4|9",False,False,8,5,5,3.4918800404678056,0.9751354120536346,0.7929505457889708,9.314864512844867,,0,0,0,4,3,3,6,3,5,5,8,0,1,1,0,0,1,3,2,S001;S002;S003;S005;S006;S007;S008;S009;S011;S012;S013;S015,S004,S010;S014
3,"1,2,3,5,6,7|4,8|9",False,False,8,5,6,3.3550413889585267,0.7183732757386719,0.5691357909393179,5.459063090141227,,0,0,0,5,2,3,6,2,5,5,8,1,0,1,0,0,1,3,2,S001;S002;S003;S005;S006;S007;S008;S011;S013;S015,S004;S009;S012,S010;S014
3,"1,2,3,5,6,7,9|4|8",False,False,6,5,5,3.3415388153334096,0.9712918673539974,0.8672082651533817,9.292933441778235,,0,0,0,5,3,3,6,3,5,4,6,1,1,1,0,0,1,2,0,S001;S002;S003;S005;S006;S007;S008;S010;S011;S013;S014;S015,S004,S009;S012
3,"1,2,3,5,6,7|4,9|8",False,False,9,6,6,3.3550413889585267,0.7177100076872899,0.5843775769672119,5.377098822944368,,0,0,0,5,3,3,6,3,5,5,8,1,1,1,0,0,1,3,2,S001;S002;S003;S005;S006;S007;S008;S011;S013;S015,S004;S010;S014,S009;S012
3,"1,2,3,5,6,7|4|8,9",False,False,9,6,5,2.8338384187857577,0.7374916789817024,0.624274114006725,7.854190188757146,,0,0,0,5,3,3,6,3,5,5,8,1,1,1,0,0,1,3,2,S001;S002;S003;S005;S006;S007;S008;S011;S013;S015,S004,S009;S010;S012;S014
3,"1,2,3,5,6,8|4,7|9",False,False,9,4,7,4.576499798553996,0.6860975556317552,0.540239094662159,5.319355851926117,,0,0,0,4,3,3,6,3,4,6,9,0,1,1,0,0,0,4,3,S001;S002;S003;S005;S006;S007;S009;S011;S012;S013,S004;S008;S015,S010;S014
3,"1,2,3,5,6|4,7,8|9",False,False,8,3,8,4.439661147044717,0.4967233657200912,0.3831102391745306,4.304112638086134,,0,0,0,4,2,3,6,2,4,6,9,0,0,1,0,0,0,4,3,S001;S002;S003;S005;S006;S007;S011;S013,S004;S008;S009;S012;S015,S010;S014
3,"1,2,3,5,6,9|4,7|8",False,False,7,5,7,4.4261585734196,0.6817854770063123,0.6202493312984584,5.224474850734773,,0,0,0,5,3,3,6,3,4,5,7,1,1,1,0,0,0,3,1,S001;S002;S003;S005;S006;S007;S010;S011;S013;S014,S004;S008;S015,S009;S012
3,"1,2,3,5,6|4,7,9|8",False,False,9,5,8,4.439661147044717,0.49416478306878914,0.4382999596041441,4.239489197673698,,0,0,0,5,3,3,6,3,4,5,9,1,1,1,0,0,0,3,3,S001;S002;S003;S005;S006;S007;S011;S013,S004;S008;S010;S014;S015,S009;S012
3,"1,2,3,5,6|4,7|8,9",False,False,10,5,7,3.918458176871948,0.41128012102102895,0.3435002369014863,2.326545490563975,,0,0,0,5,3,3,6,3,4,6,9,1,1,1,0,0,0,4,3,S001;S002;S003;S005;S006;S007;S011;S013,S004;S008;S015,S009;S010;S012;S014
3,"1,2,3,5,6,8,9|4|7",False,False,8,5,4,2.7107433175092024,0.9363693240862415,0.8555217367035486,9.091930595398033,,0,0,0,4,3,4,6,3,5,5,7,0,1,2,0,0,1,3,1,S001;S002;S003;S005;S006;S007;S009;S010;S011;S012;S013;S014,S004,S008;S015
3,"1,2,3,5,6,8|4,9|7",False,False,11,5,6,3.650372844844158,0.6790047212402969,0.5969475726801743,4.605700480450025,,0,0,0,4,3,4,6,3,5,6,9,0,1,2,0,0,1,4,3,S001;S002;S003;S005;S006;S007;S009;S011;S012;S013,S004;S010;S014,S008;S015
3,"1,2,3,5,6,8|4|7,9",False,False,10,5,7,4.576499798553996,0.7087974814640555,0.5845628690552637,7.6531873423769445,,0,0,0,4,3,4,6,3,5,5,9,0,1,2,0,0,1,3,3,S001;S002;S003;S005;S006;S007;S009;S011;S012;S013,S004,S008;S010;S014;S015
3,"1,2,3,5,6,9|4,8|7",False,False,8,5,6,3.5000316197097616,0.6753528710537098,0.662704395284725,4.5925023265267475,,0,0,0,5,2,4,6,2,5,5,7,1,0,2,0,0,1,3,1,S001;S002;S003;S005;S006;S007;S010;S011;S013;S014,S004;S009;S012,S008;S015
3,"1,2,3,5,6|4,8,9|7",False,False,11,5,6,2.9923312231621098,0.4721321422851587,0.45609811100083136,3.7266643174410574,,0,0,0,5,2,4,6,2,5,6,9,1,0,2,0,0,1,4,3,S001;S002;S003;S005;S006;S007;S011;S013,S004;S009;S010;S012;S014,S008;S015
3,"1,2,3,5,6|4,8|7,9",False,False,10,5,8,4.439661147044717,0.4159104934493121,0.342017167265764,2.5165918779540473,,0,0,0,5,2,4,6,2,5,5,9,1,0,2,0,0,1,3,3,S001;S002;S003;S005;S006;S007;S011;S013,S004;S009;S012,S008;S010;S014;S015
3,"1,2,3,5,6,9|4|7,8",False,False,8,5,7,4.4261585734196,0.7057465632991032,0.6368778207079887,7.6312562713103125,,0,0,0,4,3,4,6,3,5,5,7,0,1,2,0,0,1,3,1,S001;S002;S003;S005;S006;S007;S010;S011;S013;S014,S004,S008;S009;S012;S015
3,"1,2,3,5,6|4,9|7,8",False,False,11,5,8,4.439661147044717,0.41666748309183155,0.3220504918192718,2.5392230242433294,,0,0,0,4,3,4,6,3,5,6,9,0,1,2,0,0,1,4,3,S001;S002;S003;S005;S006;S007;S011;S013,S004;S010;S014,S008;S009;S012;S015
3,"1,2,3,5,6|4|7,8,9",False,False,10,5,7,3.918458176871948,0.5533822631869897,0.485310572303916,6.192513018289224,,0,0,0,4,3,4,6,3,5,5,9,0,1,2,0,0,1,3,3,S001;S002;S003;S005;S006;S007;S011;S013,S004,S008;S009;S010;S012;S014;S015
3,"1,2,3,5,7,8|4,6|9",False,False,12,5,5,3.323173324379831,0.7465626628784772,0.6070112695785927,5.577829737720488,,0,0,0,4,3,4,6,3,6,6,9,0,1,2,0,0,2,4,3,S001;S002;S003;S005;S008;S009;S011;S012;S013;S015,S004;S006;S007,S010;S014
3,"1,2,3,5,7|4,6,8|9",False,False,12,5,6,3.1863346728705517,0.5349545126460535,0.4115266860246409,4.562586523880506,,0,0,0,5,2,4,6,2,6,6,9,1,0,2,0,0,2,4,3,S001;S002;S003;S005;S008;S011;S013;S015,S004;S006;S007;S009;S012,S010;S014
3,"1,2,3,5,7,9|4,6|8",False,False,10,6,5,3.1728320992454346,0.7423632358939619,0.6872889398970409,5.4790679199331755,,0,0,0,5,3,4,6,3,6,5,7,1,1,2,0,0,2,3,1,S001;S002;S003;S005;S008;S010;S011;S013;S014;S015,S004;S006;S007,S009;S012
3,"1,2,3,5,7|4,6,9|8",False,False,12,6,6,3.1863346728705517,0.5329120732199716,0.4544785222773601,4.494082266872101,,0,0,0,5,3,4,6,3,6,5,9,1,1,2,0,0,2,3,3,S001;S002;S003;S005;S008;S011;S013;S015,S004;S006;S007;S010;S014,S009;S012
3,"1,2,3,5,7|4,6|8,9",False,False,13,6,5,2.6651317026977828,0.4818562328135637,0.41596171004384713,2.8667969657486165,,0,0,0,5,3,4,6,3,6,6,9,1,1,2,0,0,2,4,3,S001;S002;S003;S005;S008;S011;S013;S015,S004;S006;S007,S009;S010;S012;S014
3,"1,2,3,5,8|4,6,7|9",False,False,11,5,6,3.8765031928408225,0.513191737875548,0.41511812937159565,4.4228792856653945,,0,0,0,4,3,4,6,3,5,6,9,0,1,2,0,0,1,4,3,S001;S002;S003;S005;S009;S011;S012;S013,S004;S006;S007;S008;S015,S010;S014
3,"1,2,3,5|4,6,7,8|9",False,False,10,4,7,3.739664541331543,0.45057678099723125,0.33096090728241834,3.7617212761139114,,0,0,0,4,2,4,6,2,5,6,9,0,0,2,0,0,1,4,3,S001;S002;S003;S005;S011;S013,S004;S006;S007;S008;S009;S012;S015,S010;S014
3,"1,2,3,5,9|4,6,7|8",False,False,9,6,6,3.726161967706426,0.5086215540972763,0.501904444398051,4.341458294662506,,0,0,0,5,3,4,6,3,5,5,7,1,1,2,0,0,1,3,1,S001;S002;S003;S005;S010;S011;S013;S014,S004;S006;S007;S008;S015,S009;S012
3,"1,2,3,5|4,6,7,9|8",False,False,11,6,7,3.739664541331543,0.4463805794288176,0.4133776038731856,3.6902271408478775,,0,0,0,5,3,4,6,3,5,5,9,1,1,2,0,0,1,3,3,S001;S002;S003;S005;S011;S013,S004;S006;S007;S008;S010;S014;S015,S009;S012
3,"1,2,3,5|4,6,7|8,9",False,False,12,6,6,3.218461571158774,0.20883475931407047,0.1945045999201992,1.6909304288549216,,0,0,0,5,3,4,6,3,5,6,9,1,1,2,0,0,1,4,3,S001;S002;S003;S005;S011;S013,S004;S006;S007;S008;S015,S009;S010;S012;S014
3,"1,2,3,5,8,9|4,6|7",False,False,12,5,4,2.542036601421228,0.7040899529507277,0.6709194325149844,4.695335004212557,,0,0,0,4,3,5,6,3,6,6,8,0,1,3,0,0,2,4,2,S001;S002;S003;S005;S009;S010;S011;S012;S013;S014,S004;S006;S007,S008;S015
3,"1,2,3,5,8|4,6,9|7",False,False,14,5,6,3.481666128756183,0.4911159765811192,0.46680300554909565,3.829496995126866,,0,0,0,4,3,5,6,3,6,6,10,0,1,3,0,0,2,4,4,S001;S002;S003;S005;S009;S011;S012;S013,S004;S006;S007;S010;S014,S008;S015
3,"1,2,3,5,8|4,6|7,9",False,False,14,5,7,4.407793082466021,0.4493831222924504,0.38493055770097206,2.779015115582724,,0,0,0,4,3,5,6,3,6,6,10,0,1,3,0,0,2,4,4,S001;S002;S003;S005;S009;S011;S012;S013,S004;S006;S007,S008;S010;S014;S015
3,"1,2,3,5,9|4,6,8|7",False,False,12,5,6,3.3313249036217867,0.4885755629773125,0.5131855456948643,3.8162988412035883,,0,0,0,5,2,5,6,2,6,6,8,1,0,3,0,0,2,4,2,S001;S002;S003;S005;S010;S011;S013;S014,S004;S006;S007;S009;S012,S008;S015
3,"1,2,3,5|4,6,8,9|7",False,False,14,5,6,2.823624507074135,0.40829606942396873,0.40294381009705793,3.1228792695314427,,0,0,0,5,2,5,6,2,6,6,10,1,0,3,0,0,2,4,4,S001;S002;S003;S005;S011;S013,S004;S006;S007;S009;S010;S012;S014,S008;S015
3,"1,2,3,5|4,6,8|7,9",False,False,14,5,8,4.270954430956742,0.19021642666828043,0.1447052021700909,1.5813059964212546,,0,0,0,5,2,5,6,2,6,6,10,1,0,3,0,0,2,4,4,S001;S002;S003;S005;S011;S013,S004;S006;S007;S009;S012,S008;S010;S014;S015
3,"1,2,3,5,9|4,6|7,8",False,False,12,5,7,4.257451857331625,0.4459350593256449,0.440819825590397,2.7694373905454017,,0,0,0,4,3,5,6,3,6,6,8,0,1,3,0,0,2,4,2,S001;S002;S003;S005;S010;S011;S013;S014,S004;S006;S007,S008;S009;S012;S015
3,"1,2,3,5|4,6,9|7,8",False,False,14,5,8,4.270954430956742,0.18863721060154823,0.158647642991072,1.570199068118635,,0,0,0,4,3,5,6,3,6,6,10,0,1,3,0,0,2,4,4,S001;S002;S003;S005;S011;S013,S004;S006;S007;S010;S014,S008;S009;S012;S015
3,"1,2,3,5|4,6|7,8,9",False,False,14,5,7,3.749751460783973,0.2959864268041963,0.29341924290832966,2.1411102452422175,,0,0,0,4,3,5,6,3,6,6,10,0,1,3,0,0,2,4,4,S001;S002;S003;S005;S011;S013,S004;S006;S007,S008;S009;S010;S012;S014;S015
3,"1,2,3,5,7,8,9|4|6",False,False,8,4,3,2.157413449048211,1.001400250296431,0.9003929996984766,9.463808154666829,,0,0,0,4,4,4,6,4,6,4,6,0,2,2,0,0,2,2,0,S001;S002;S003;S005;S008;S009;S010;S011;S012;S013;S014;S015,S004,S006;S007
3,"1,2,3,5,7,8|4,9|6",False,False,11,5,5,3.097042976383167,0.7508826242993114,0.6420335480171048,6.221947062136913,,0,0,0,4,4,4,6,4,6,5,8,0,2,2,0,0,2,3,2,S001;S002;S003;S005;S008;S009;S011;S012;S013;S015,S004;S010;S014,S006;S007
3,"1,2,3,5,7,8|4|6,9",False,False,12,5,6,4.023169930093005,0.7628456774091164,0.6065807921041357,8.02506490164574,,0,0,0,4,4,4,6,4,6,5,9,0,2,2,0,0,2,3,3,S001;S002;S003;S005;S008;S009;S011;S012;S013;S015,S004,S006;S007;S010;S014
3,"1,2,3,5,7,9|4,8|6",False,False,8,5,5,2.9467017512487703,0.7473450261013267,0.7070486824642771,6.204943590530775,,0,0,0,5,3,4,6,3,6,4,6,1,1,2,0,0,2,2,0,S001;S002;S003;S005;S008;S010;S011;S013;S014;S015,S004;S009;S012,S006;S007
3,"1,2,3,5,7|4,8,9|6",False,False,11,6,5,2.4390013547011185,0.5496309681783359,0.5056838527108012,5.0894654646818385,,0,0,0,5,3,4,6,3,6,5,8,1,1,2,0,0,2,3,2,S001;S002;S003;S005;S008;S011;S013;S015,S004;S009;S010;S012;S014,S006;S007
3,"1,2,3,5,7|4,8|6,9",False,False,12,6,7,3.8863312785837256,0.47846560353604284,0.3618571500059342,2.6677201908837422,,0,0,0,5,3,4,6,3,6,5,9,1,1,2,0,0,2,3,3,S001;S002;S003;S005;S008;S011;S013;S015,S004;S009;S012,S006;S007;S010;S014
3,"1,2,3,5,7,9|4|6,8",False,False,10,6,6,3.8728287049586085,0.7595455460999512,0.6641807350188587,8.003133830579108,,0,0,0,5,3,4,6,3,6,5,7,1,1,2,0,0,2,3,1,S001;S002;S003;S005;S008;S010;S011;S013;S014;S015,S004,S006;S007;S009;S012
3,"1,2,3,5,7|4,9|6,8",False,False,13,6,7,3.8863312785837256,0.4787539767582484,0.3504845324555494,2.691710400193265,,0,0,0,5,3,4,6,3,6,6,9,1,1,2,0,0,2,4,3,S001;S002;S003;S005;S008;S011;S013;S015,S004;S010;S014,S006;S007;S009;S012
3,"1,2,3,5,7|4|6,8,9",False,False,12,6,6,3.3651283084109567,0.5818830310377578,0.49162192346383693,6.564390577558019,,0,0,0,5,3,4,6,3,6,5,9,1,1,2,0,0,2,3,3,S001;S002;S003;S005;S008;S011;S013;S015,S004,S006;S007;S009;S010;S012;S014
3,"1,2,3,5,8,9|4,7|6",False,False,9,5,5,3.242033207134402,0.71546768766579,0.6486628106008064,6.049103222279052,,0,0,0,4,4,4,6,4,5,5,7,0,2,2,0,0,1,3,1,S001;S002;S003;S005;S009;S010;S011;S012;S013;S014,S004;S008;S015,S006;S007
3,"1,2,3,5,8|4,7,9|6",False,False,11,5,7,4.1816627344693575,0.5297017074702735,0.49612506946167667,4.933625096430116,,0,0,0,4,4,4,6,4,5,5,9,0,2,2,0,0,1,3,3,S001;S002;S003;S005;S009;S011;S012;S013,S004;S008;S010;S014;S015,S006;S007
3,"1,2,3,5,8|4,7|6,9",False,False,13,5,8,5.107789688179196,0.4414282440589453,0.3300386912939207,2.3907436265304622,,0,0,0,4,4,4,6,4,5,6,10,0,2,2,0,0,1,4,4,S001;S002;S003;S005;S009;S011;S012;S013,S004;S008;S015,S006;S007;S010;S014
3,"1,2,3,5,9|4,7,8|6",False,False,8,5,7,4.03132150933496,0.5276829479833495,0.5266534791231536,4.916621624823978,,0,0,0,4,3,4,6,3,5,5,7,0,1,2,0,0,1,3,1,S001;S002;S003;S005;S010;S011;S013;S014,S004;S008;S009;S012;S015,S006;S007
3,"1,2,3,5|4,7,8,9|6",False,False,10,5,7,3.5236211127873087,0.47925623559520314,0.4735952998213793,4.311595924894551,,0,0,0,4,3,4,6,3,5,5,9,0,1,2,0,0,1,3,3,S001;S002;S003;S005;S011;S013,S004;S008;S009;S010;S012;S014;S015,S006;S007
3,"1,2,3,5|4,7,8|6,9",False,False,12,5,9,4.970951036669916,0.22953835329248923,0.14041899066847288,1.7968247709721188,,0,0,0,4,3,4,6,3,5,6,10,0,1,2,0,0,1,4,4,S001;S002;S003;S005;S011;S013,S004;S008;S009;S012;S015,S006;S007;S010;S014
3,"1,2,3,5,9|4,7|6,8",False,False,11,6,8,4.957448463044798,0.4375129309829767,0.3971419156331977,2.382504058144798,,0,0,0,5,3,4,6,3,5,6,8,1,1,2,0,0,1,4,2,S001;S002;S003;S005;S010;S011;S013;S014,S004;S008;S015,S006;S007;S009;S012
3,"1,2,3,5|4,7,9|6,8",False,False,13,6,9,4.970951036669916,0.22667406349448874,0.20081983868934716,1.7824976794694807,,0,0,0,5,3,4,6,3,5,6,10,1,1,2,0,0,1,4,4,S001;S002;S003;S005;S011;S013,S004;S008;S010;S014;S015,S006;S007;S009;S012
3,"1,2,3,5|4,7|6,8,9",False,False,13,6,8,4.449748066497147,0.2385996779080857,0.19586930839088057,1.8419639547151403,,0,0,0,5,3,4,6,3,5,6,10,1,1,2,0,0,1,4,4,S001;S002;S003;S005;S011;S013,S004;S008;S015,S006;S007;S009;S010;S012;S014
3,"1,2,3,5,8,9|4|6,7",False,False,11,5,4,2.7107433175092024,0.7299375266260609,0.6732694570835599,7.802130984198907,,0,0,0,4,4,5,6,4,6,5,7,0,2,3,0,0,2,3,1,S001;S002;S003;S005;S009;S010;S011;S012;S013;S014,S004,S006;S007;S008;S015
3,"1,2,3,5,8|4,9|6,7",False,False,14,5,6,3.650372844844158,0.44459516784255537,0.39170444410421934,2.6092897328552005,,0,0,0,4,4,5,6,4,6,6,9,0,2,3,0,0,2,4,3,S001;S002;S003;S005;S009;S011;S012;S013,S004;S010;S014,S006;S007;S008;S015
3,"1,2,3,5,8|4|6,7,9",False,False,13,5,7,4.576499798553996,0.5653383868509326,0.4920212685592189,6.363387731177818,,0,0,0,4,4,5,6,4,6,5,9,0,2,3,0,0,2,3,3,S001;S002;S003;S005;S009;S011;S012;S013,S004,S006;S007;S008;S010;S014;S015
3,"1,2,3,5,9|4,8|6,7",False,False,11,6,6,3.5000316197097616,0.4403947058021627,0.46535818553422253,2.577121481715074,,0,0,0,5,3,5,6,3,6,5,7,1,1,3,0,0,2,3,1,S001;S002;S003;S005;S010;S011;S013;S014,S004;S009;S012,S006;S007;S008;S015
3,"1,2,3,5|4,8,9|6,7",False,False,14,6,6,2.9923312231621098,0.20334927182546741,0.23214321055974535,1.6611051923372933,,0,0,0,5,3,5,6,3,6,6,9,1,1,3,0,0,2,4,3,S001;S002;S003;S005;S011;S013,S004;S009;S010;S012;S014,S006;S007;S008;S015
3,"1,2,3,5|4,8|6,7,9",False,False,13,6,8,4.439661147044717,0.26836519008529164,0.2634261990209613,1.9924267746841087,,0,0,0,5,3,5,6,3,6,5,9,1,1,3,0,0,2,3,3,S001;S002;S003;S005;S011;S013,S004;S009;S012,S006;S007;S008;S010;S014;S015
3,"1,2,3,5,9|4|6,7,8",False,False,10,5,7,4.4261585734196,0.5636922235026999,0.5193820242264751,6.341456660111186,,0,0,0,4,3,5,6,3,6,5,7,0,1,3,0,0,2,3,1,S001;S002;S003;S005;S010;S011;S013;S014,S004,S006;S007;S008;S009;S012;S015
3,"1,2,3,5|4,9|6,7,8",False,False,13,5,8,4.439661147044717,0.2718063148826645,0.193102617914257,2.0103442217694174,,0,0,0,4,3,5,6,3,6,6,9,0,1,3,0,0,2,4,3,S001;S002;S003;S005;S011;S013,S004;S010;S014,S006;S007;S008;S009;S012;S015
3,"1,2,3,5|4|6,7,8,9",False,False,12,5,7,3.918458176871948,0.5358124491546058,0.4772544443397038,5.850894358775857,,0,0,0,4,3,5,6,3,6,5,9,0,1,3,0,0,2,3,3,S001;S002;S003;S005;S011;S013,S004,S006;S007;S008;S009;S010;S012;S014;S015
3,"1,2,3,6,7,8|4,5|9",False,False,7,4,6,3.7599653724955955,0.7646997322997522,0.6263798784762588,5.652898435679906,,0,0,0,4,2,3,6,2,5,5,8,0,0,1,0,0,1,3,2,S001;S002;S003;S006;S007;S008;S009;S012;S013;S015,S004;S005;S011,S010;S014
3,"1,2,3,6,7|4,5,8|9",False,False,9,6,5,3.086956056930737,0.5476153842089574,0.4294595106152603,4.637655221839923,,0,0,0,5,3,3,6,3,5,5,8,1,1,1,0,0,1,3,2,S001;S002;S003;S006;S007;S008;S013;S015,S004;S005;S009;S011;S012,S010;S014
3,"1,2,3,6,7,9|4,5|8",False,False,6,5,5,3.3415388153334096,0.7605328196308246,0.6954809953792124,5.553009510417177,,0,0,0,5,3,3,6,3,5,4,6,1,1,1,0,0,1,2,0,S001;S002;S003;S006;S007;S008;S010;S013;S014;S015,S004;S005;S011,S009;S012
3,"1,2,3,6,7|4,5,9|8",False,False,9,6,6,3.3550413889585267,0.5457146062293068,0.4614140885627868,4.568023857356103,,0,0,0,5,3,3,6,3,5,5,8,1,1,1,0,0,1,3,2,S001;S002;S003;S006;S007;S008;S013;S015,S004;S005;S010;S011;S014,S009;S012
3,"1,2,3,6,7|4,5|8,9",False,False,9,6,5,2.8338384187857577,0.5027360180052828,0.42661707767656154,3.0582135686948093,,0,0,0,5,3,3,6,3,5,5,8,1,1,1,0,0,1,3,2,S001;S002;S003;S006;S007;S008;S013;S015,S004;S005;S011,S009;S010;S012;S014
3,"1,2,3,6,8|4,5,7|9",False,False,11,4,8,4.844585130581786,0.5245820164755651,0.42152083889102876,4.4979479836248135,,0,0,0,4,2,4,6,2,5,6,10,0,0,2,0,0,1,4,4,S001;S002;S003;S006;S007;S009;S012;S013,S004;S005;S008;S011;S015,S010;S014
3,"1,2,3,6|4,5,7,8|9",False,False,12,5,7,4.1715758150169275,0.4484823019992084,0.3371709278248287,3.6866525781544937,,0,0,0,4,3,4,6,3,5,6,10,0,1,2,0,0,1,4,4,S001;S002;S003;S006;S007;S013,S004;S005;S008;S009;S011;S012;S015,S010;S014
3,"1,2,3,6,9|4,5,7|8",False,False,10,6,7,4.4261585734196,0.5200130212136248,0.49550350928385384,4.415399885146508,,0,0,0,5,3,4,6,3,5,5,8,1,1,2,0,0,1,3,2,S001;S002;S003;S006;S007;S010;S013;S014,S004;S005;S008;S011;S015,S009;S012
3,"1,2,3,6|4,5,7,9|8",False,False,11,6,8,4.439661147044717,0.4443820839889257,0.42385627413353416,3.616285550363876,,0,0,0,5,3,4,6,3,5,5,9,1,1,2,0,0,1,3,3,S001;S002;S003;S006;S007;S013,S004;S005;S008;S010;S011;S014;S015,S009;S012
3,"1,2,3,6|4,5,7|8,9",False,False,13,6,7,3.918458176871948,0.220410282443967,0.19610501786882242,1.7281808696175418,,0,0,0,5,3,4,6,3,5,6,10,1,1,2,0,0,1,4,4,S001;S002;S003;S006;S007;S013,S004;S005;S008;S011;S015,S009;S010;S012;S014
3,"1,2,3,6,8,9|4,5|7",False,False,7,4,5,2.9788286495369922,0.7225695706689876,0.689313468407696,4.7603323361983945,,0,0,0,4,2,4,6,2,5,5,7,0,0,2,0,0,1,3,1,S001;S002;S003;S006;S007;S009;S010;S012;S013;S014,S004;S005;S011,S008;S015
3,"1,2,3,6,8|4,5,9|7",False,False,10,4,7,3.918458176871948,0.5040448224152035,0.48353324831154865,3.894494327112704,,0,0,0,4,2,4,6,2,5,6,9,0,0,2,0,0,1,4,3,S001;S002;S003;S006;S007;S009;S012;S013,S004;S005;S010;S011;S014,S008;S015
3,"1,2,3,6,8|4,5|7,9",False,False,9,4,8,4.844585130581786,0.470702020583924,0.4063891224814383,2.966086286454794,,0,0,0,4,2,4,6,2,5,5,9,0,0,2,0,0,1,3,3,S001;S002;S003;S006;S007;S009;S012;S013,S004;S005;S011,S008;S010;S014;S015
3,"1,2,3,6,9|4,5,8|7",False,False,9,6,5,3.231946287681972,0.5013647482582343,0.5309792090075358,3.8812961731894258,,0,0,0,5,3,4,6,3,5,5,7,1,1,2,0,0,1,3,1,S001;S002;S003;S006;S007;S010;S013;S014,S004;S005;S009;S011;S012,S008;S015
3,"1,2,3,6|4,5,8,9|7",False,False,12,6,5,2.72424589113432,0.4072694050677602,0.40150373994817934,3.057881937545605,,0,0,0,5,3,4,6,3,5,6,9,1,1,2,0,0,1,4,3,S001;S002;S003;S006;S007;S013,S004;S005;S009;S010;S011;S012;S014,S008;S015
3,"1,2,3,6|4,5,8|7,9",False,False,11,6,7,4.1715758150169275,0.20516797508813162,0.17041554235290327,1.616141459987402,,0,0,0,5,3,4,6,3,5,5,9,1,1,2,0,0,1,3,3,S001;S002;S003;S006;S007;S013,S004;S005;S009;S011;S012,S008;S010;S014;S015
3,"1,2,3,6,9|4,5|7,8",False,False,8,5,7,4.4261585734196,0.46730119138494863,0.4506125713501057,2.9560344388796618,,0,0,0,4,3,4,6,3,5,5,7,0,1,2,0,0,1,3,1,S001;S002;S003;S006;S007;S010;S013;S014,S004;S005;S011,S008;S009;S012;S015
3,"1,2,3,6|4,5,9|7,8",False,False,11,5,8,4.439661147044717,0.20395705797372932,0.16820934503153295,1.6047898510239278,,0,0,0,4,3,4,6,3,5,6,9,0,1,2,0,0,1,4,3,S001;S002;S003;S006;S007;S013,S004;S005;S010;S011;S014,S008;S009;S012;S015
3,"1,2,3,6|4,5|7,8,9",False,False,10,5,7,3.918458176871948,0.31681440964105784,0.30033722193642937,2.296603450070298,,0,0,0,4,3,4,6,3,5,5,9,0,1,2,0,0,1,3,3,S001;S002;S003;S006;S007;S013,S004;S005;S011,S008;S009;S010;S012;S014;S015
3,"1,2,3,7,8|4,5,6|9",False,False,11,4,6,3.591258656407621,0.5688910923168636,0.4613975826954145,4.756421869419184,,0,0,0,4,2,4,6,2,6,6,9,0,0,2,0,0,2,4,3,S001;S002;S003;S008;S009;S012;S013;S015,S004;S005;S006;S007;S011,S010;S014
3,"1,2,3,7|4,5,6,8|9",False,False,12,5,5,2.918249340842762,0.4498926904297973,0.32481798143901075,3.7411786555792013,,0,0,0,5,2,4,6,2,6,6,9,1,0,2,0,0,2,4,3,S001;S002;S003;S008;S013;S015,S004;S005;S006;S007;S009;S011;S012,S010;S014
3,"1,2,3,7,9|4,5,6|8",False,False,9,5,5,3.1728320992454346,0.5643669982640039,0.536262428344887,4.66999295434491,,0,0,0,5,2,4,6,2,6,5,7,1,0,2,0,0,2,3,1,S001;S002;S003;S008;S010;S013;S014;S015,S004;S005;S006;S007;S011,S009;S012
3,"1,2,3,7|4,5,6,9|8",False,False,11,5,6,3.1863346728705517,0.44620254445273705,0.403555471411255,3.685007301283835,,0,0,0,5,2,4,6,2,6,5,9,1,0,2,0,0,2,3,3,S001;S002;S003;S008;S013;S015,S004;S005;S006;S007;S010;S011;S014,S009;S012
3,"1,2,3,7|4,5,6|8,9",False,False,12,5,5,2.6651317026977828,0.2709974407790737,0.23055988864122964,1.856440269782873,,0,0,0,5,2,4,6,2,6,6,9,1,0,2,0,0,2,4,3,S001;S002;S003;S008;S013;S015,S004;S005;S006;S007;S011,S009;S010;S012;S014
3,"1,2,3,8|4,5,6,7|9",False,False,12,4,7,4.144588524868612,0.447467152497696,0.3433686604674826,3.6014714173640905,,0,0,0,4,2,4,6,2,6,6,10,0,0,2,0,0,2,4,4,S001;S002;S003;S009;S012;S013,S004;S005;S006;S007;S008;S011;S015,S010;S014
3,"1,2,3|4,5,6,7,8|9",False,False,12,4,6,3.471579209303753,0.5383552408057445,0.3756227103756659,4.583129144415215,,0,0,0,4,2,4,6,2,6,6,10,0,0,2,0,0,2,4,4,S001;S002;S003;S013,S004;S005;S006;S007;S008;S009;S011;S012;S015,S010;S014
3,"1,2,3,9|4,5,6,7|8",False,False,10,5,6,3.726161967706426,0.4434891739854492,0.4197377664238077,3.53238332907424,,0,0,0,5,2,4,6,2,6,5,8,1,0,2,0,0,2,3,2,S001;S002;S003;S010;S013;S014,S004;S005;S006;S007;S008;S011;S015,S009;S012
3,"1,2,3|4,5,6,7,9|8",False,False,11,5,7,3.739664541331543,0.533794793915316,0.4786827342057436,4.499302106436143,,0,0,0,5,2,4,6,2,6,5,9,1,0,2,0,0,2,3,3,S001;S002;S003;S013,S004;S005;S006;S007;S008;S010;S011;S014;S015,S009;S012
3,"1,2,3|4,5,6,7|8,9",False,False,13,5,6,3.218461571158774,0.23546967518704703,0.16768226161616998,1.7704492966765728,,0,0,0,5,2,4,6,2,6,6,10,1,0,2,0,0,2,4,4,S001;S002;S003;S013,S004;S005;S006;S007;S008;S011;S015,S009;S010;S012;S014
3,"1,2,3,8,9|4,5,6|7",False,False,11,4,5,2.8101219334490177,0.5229403329139657,0.529086993569993,3.9841288508752344,,0,0,0,4,2,5,6,2,6,6,8,0,0,3,0,0,2,4,2,S001;S002;S003;S009;S010;S012;S013;S014,S004;S005;S006;S007;S011,S008;S015
3,"1,2,3,8|4,5,6,9|7",False,False,13,4,7,3.749751460783973,0.4081829621201232,0.4161007154812561,3.118290841789544,,0,0,0,4,2,5,6,2,6,6,10,0,0,3,0,0,2,4,4,S001;S002;S003;S009;S012;S013,S004;S005;S006;S007;S010;S011;S014,S008;S015
3,"1,2,3,8|4,5,6|7,9",False,False,13,4,8,4.675878414493811,0.23133605345532027,0.2112155603168113,1.6712548606068904,,0,0,0,4,2,5,6,2,6,6,10,0,0,3,0,0,2,4,4,S001;S002;S003;S009;S012;S013,S004;S005;S006;S007;S011,S008;S010;S014;S015
3,"1,2,3,9|4,5,6,8|7",False,False,12,5,5,3.063239571593997,0.4078919558769484,0.4243140694021296,3.105092687866266,,0,0,0,5,2,5,6,2,6,6,8,1,0,3,0,0,2,4,2,S001;S002;S003;S010;S013;S014,S004;S005;S006;S007;S009;S011;S012,S008;S015
3,"1,2,3|4,5,6,8,9|7",False,False,14,5,5,2.555539175046345,0.4920060420436999,0.4447633216895818,3.8340854228687644,,0,0,0,5,2,5,6,2,6,6,10,1,0,3,0,0,2,4,4,S001;S002;S003;S013,S004;S005;S006;S007;S009;S010;S011;S012;S014,S008;S015
3,"1,2,3|4,5,6,8|7,9",False,False,14,5,7,4.002869098928953,0.19416308863925158,0.0620318226782643,1.5908387541304256,,0,0,0,5,2,5,6,2,6,6,10,1,0,3,0,0,2,4,4,S001;S002;S003;S013,S004;S005;S006;S007;S009;S011;S012,S008;S010;S014;S015
3,"1,2,3,9|4,5,6|7,8",False,False,11,4,7,4.257451857331625,0.22705709760329956,0.26195280147192207,1.652492245223194,,0,0,0,4,2,5,6,2,6,6,8,0,0,3,0,0,2,4,2,S001;S002;S003;S010;S013;S014,S004;S005;S006;S007;S011,S008;S009;S012;S015
3,"1,2,3|4,5,6,9|7,8",False,False,13,4,8,4.270954430956742,0.18967167376738395,0.16661301135920326,1.5726409730868451,,0,0,0,4,2,5,6,2,6,6,10,0,0,3,0,0,2,4,4,S001;S002;S003;S013,S004;S005;S006;S007;S010;S011;S014,S008;S009;S012;S015
3,"1,2,3|4,5,6|7,8,9",False,False,13,4,7,3.749751460783973,0.118962441020449,0.146252900929031,1.3138327543840354,,0,0,0,4,2,5,6,2,6,6,10,0,0,3,0,0,2,4,4,S001;S002;S003;S013,S004;S005;S006;S007;S011,S008;S009;S010;S012;S014;S015
3,"1,2,3,7,8,9|4,5|6",False,False,7,4,4,2.425498781076001,0.7931167311528489,0.7340996680593327,6.42116267849554,,1,0,0,4,3,4,6,3,6,4,6,0,1,2,0,0,2,2,0,S001;S002;S003;S008;S009;S010;S012;S013;S014;S015,S004;S005;S011,S006;S007
3,"1,2,3,7,8|4,5,9|6",False,False,10,5,6,3.3651283084109567,0.5811634035151965,0.5310202849094664,5.305684552646604,,0,0,0,4,3,4,6,3,6,5,8,0,1,2,0,0,2,3,2,S001;S002;S003;S008;S009;S012;S013;S015,S004;S005;S010;S011;S014,S006;S007
3,"1,2,3,7,8|4,5|6,9",False,False,11,5,7,4.291255262120795,0.5310484578337082,0.4269484902051002,3.1365319765455744,,0,0,0,4,3,4,6,3,6,5,9,0,1,2,0,0,2,3,3,S001;S002;S003;S008;S009;S012;S013;S015,S004;S005;S011,S006;S007;S010;S014
3,"1,2,3,7,9|4,5,8|6",False,False,8,5,4,2.6786164192209805,0.5785344527059144,0.5780344184364722,5.288681081040466,,1,0,0,5,3,4,6,3,6,4,6,1,1,2,0,0,2,2,0,S001;S002;S003;S008;S010;S013;S014;S015,S004;S005;S009;S011;S012,S006;S007
3,"1,2,3,7|4,5,8,9|6",False,False,11,6,4,2.1709160226733286,0.47535904775223803,0.4532213390040044,4.17320295519153,,0,0,0,5,3,4,6,3,6,5,8,1,1,2,0,0,2,3,2,S001;S002;S003;S008;S013;S015,S004;S005;S009;S010;S011;S012;S014,S006;S007
3,"1,2,3,7|4,5,8|6,9",False,False,12,6,6,3.618245946555936,0.2809877359982268,0.19262685420574419,1.9726996484621337,,0,0,0,5,3,4,6,3,6,5,9,1,1,2,0,0,2,3,3,S001;S002;S003;S008;S013;S015,S004;S005;S009;S011;S012,S006;S007;S010;S014
3,"1,2,3,7,9|4,5|6,8",False,False,9,5,6,3.8728287049586085,0.5273651894421508,0.477220012254234,3.1264801289704423,,0,0,0,5,2,4,6,2,6,5,7,1,0,2,0,0,2,3,1,S001;S002;S003;S008;S010;S013;S014;S015,S004;S005;S011,S006;S007;S009;S012
3,"1,2,3,7|4,5,9|6,8",False,False,12,5,7,3.8863312785837256,0.2794717783012094,0.20615315515367771,1.9569702079360842,,0,0,0,5,2,4,6,2,6,6,9,1,0,2,0,0,2,4,3,S001;S002;S003;S008;S013;S015,S004;S005;S010;S011;S014,S006;S007;S009;S012
3,"1,2,3,7|4,5|6,8,9",False,False,11,5,6,3.3651283084109567,0.3371049055260558,0.2966471045605591,2.4670491401610786,,0,0,0,5,2,4,6,2,6,5,9,1,0,2,0,0,2,3,3,S001;S002;S003;S008;S013;S015,S004;S005;S011,S006;S007;S009;S010;S012;S014
3,"1,2,3,8,9|4,5,7|6",False,False,11,5,6,3.5101185391621916,0.5556127495495925,0.5365687480194026,5.132840712788743,,0,0,0,4,3,5,6,3,6,5,8,0,1,3,0,0,2,3,2,S001;S002;S003;S009;S010;S012;S013;S014,S004;S005;S008;S011;S015,S006;S007
3,"1,2,3,8|4,5,7,9|6",False,False,12,5,8,4.449748066497147,0.4744364155870299,0.4772504159760527,4.095376836929785,,0,0,0,4,3,5,6,3,6,5,9,0,1,3,0,0,2,3,3,S001;S002;S003;S009;S012;S013,S004;S005;S008;S010;S011;S014;S015,S006;S007
3,"1,2,3,8|4,5,7|6,9",False,False,15,5,9,5.375875020206985,0.2559641754350589,0.18692774728045805,1.8990329126318193,,0,0,0,4,3,5,6,3,6,6,11,0,1,3,0,0,2,4,5,S001;S002;S003;S009;S012;S013,S004;S005;S008;S011;S015,S006;S007;S010;S014
3,"1,2,3,9|4,5,7,8|6",False,False,11,5,6,3.7632361773071707,0.47455942299056414,0.47223272111173314,4.112380308535923,,0,0,0,4,3,5,6,3,6,5,8,0,1,3,0,0,2,3,2,S001;S002;S003;S010;S013;S014,S004;S005;S008;S009;S011;S012;S015,S006;S007
3,"1,2,3|4,5,7,8,9|6",False,False,12,5,6,3.255535780759519,0.5693315289737114,0.5327260592636412,5.227858434384859,,0,0,0,4,3,5,6,3,6,5,9,0,1,3,0,0,2,3,3,S001;S002;S003;S013,S004;S005;S008;S009;S010;S011;S012;S014;S015,S006;S007
3,"1,2,3|4,5,7,8|6,9",False,False,15,5,8,4.702865704642127,0.2707257968386585,0.15884202266548134,1.9439483955361794,,0,0,0,4,3,5,6,3,6,6,11,0,1,3,0,0,2,4,5,S001;S002;S003;S013,S004;S005;S008;S009;S011;S012;S015,S006;S007;S010;S014
3,"1,2,3,9|4,5,7|6,8",False,False,13,5,8,4.957448463044798,0.25140007684922705,0.2522277041899389,1.8759172975315421,,0,0,0,5,2,5,6,2,6,6,9,1,0,3,0,0,2,4,3,S001;S002;S003;S010;S013;S014,S004;S005;S008;S011;S015,S006;S007;S009;S012
3,"1,2,3|4,5,7,9|6,8",False,False,14,5,9,4.970951036669916,0.2661955354499884,0.25914550639958045,1.920474644103494,,0,0,0,5,2,5,6,2,6,6,10,1,0,3,0,0,2,4,4,S001;S002;S003;S013,S004;S005;S008;S010;S011;S014;S015,S006;S007;S009;S012
3,"1,2,3|4,5,7|6,8,9",False,False,15,5,8,4.449748066497147,0.050611157320146684,0.05301685606150594,1.1258557060560503,,0,0,0,5,2,5,6,2,6,6,11,1,0,3,0,0,2,4,5,S001;S002;S003;S013,S004;S005;S008;S011;S015,S006;S007;S009;S010;S012;S014
3,"1,2,3,8,9|4,5|6,7",False,False,10,5,5,2.9788286495369922,0.4942978802619907,0.49247681786525155,3.0343528467304264,,0,0,0,4,3,5,6,3,6,5,7,0,1,3,0,0,2,3,1,S001;S002;S003;S009;S010;S012;S013;S014,S004;S005;S011,S006;S007;S008;S015
3,"1,2,3,8|4,5,9|6,7",False,False,13,5,7,3.918458176871948,0.23849730206733158,0.2675199361948932,1.7555932456816494,,0,0,0,4,3,5,6,3,6,6,9,0,1,3,0,0,2,4,3,S001;S002;S003;S009;S012;S013,S004;S005;S010;S011;S014,S006;S007;S008;S015
3,"1,2,3,8|4,5|6,7,9",False,False,12,5,8,4.844585130581786,0.32400052837410737,0.317688980762406,2.3749218579210627,,0,0,0,4,3,5,6,3,6,5,9,0,1,3,0,0,2,3,3,S001;S002;S003;S009;S012;S013,S004;S005;S011,S006;S007;S008;S010;S014;S015
3,"1,2,3,9|4,5,8|6,7",False,False,11,6,5,3.231946287681972,0.235403771298619,0.31369313477458033,1.7481627040616523,,0,0,0,5,3,5,6,3,6,5,7,1,1,3,0,0,2,3,1,S001;S002;S003;S010;S013;S014,S004;S005;S009;S011;S012,S006;S007;S008;S015
3,"1,2,3|4,5,8,9|6,7",False,False,14,6,5,2.72424589113432,0.2247506688864512,0.22301777524163524,1.7215831197343128,,0,0,0,5,3,5,6,3,6,6,9,1,1,3,0,0,2,4,3,S001;S002;S003;S013,S004;S005;S009;S010;S011;S012;S014,S006;S007;S008;S015
3,"1,2,3|4,5,8|6,7,9",False,False,13,6,7,4.1715758150169275,0.08564206313204958,0.1475854501222663,1.205286746358726,,0,0,0,5,3,5,6,3,6,5,9,1,1,3,0,0,2,3,3,S001;S002;S003;S013,S004;S005;S009;S011;S012,S006;S007;S008;S010;S014;S015
3,"1,2,3,9|4,5|6,7,8",False,False,9,4,7,4.4261585734196,0.3228675316382869,0.32857902440332043,2.3648700103459306,,0,0,0,4,2,5,6,2,6,5,7,0,0,3,0,0,2,3,1,S001;S002;S003;S010;S013;S014,S004;S005;S011,S006;S007;S008;S009;S012;S015
3,"1,2,3|4,5,9|6,7,8",False,False,12,4,8,4.439661147044717,0.0898203269243487,0.04871341603000372,1.2186450639888928,,0,0,0,4,2,5,6,2,6,6,9,0,0,3,0,0,2,4,3,S001;S002;S003;S013,S004;S005;S010;S011;S014,S006;S007;S008;S009;S012;S015
3,"1,2,3|4,5|6,7,8,9",False,False,11,4,7,3.918458176871948,0.38397493395116256,0.3532250792324179,2.6816883723521023,,0,0,0,4,2,5,6,2,6,5,9,0,0,3,0,0,2,3,3,S001;S002;S003;S013,S004;S005;S011,S006;S007;S008;S009;S010;S012;S014;S015
3,"1,2,3,6,7,8,9|4|5",False,False,7,4,3,1.894208891450802,1.020613588929021,0.9684409070003506,9.571812737369019,,0,0,0,4,3,4,6,3,6,4,6,0,1,2,0,0,2,2,0,S001;S002;S003;S006;S007;S008;S009;S010;S012;S013;S014;S015,S004,S005;S011
3,"1,2,3,6,7,8|4,9|5",False,False,10,5,5,2.8338384187857577,0.7719620658149683,0.7128976524668077,6.881962851622383,,0,0,0,4,3,4,6,3,6,5,8,0,1,2,0,0,2,3,2,S001;S002;S003;S006;S007;S008;S009;S012;S013;S015,S004;S010;S014,S005;S011
3,"1,2,3,6,7,8|4|5,9",False,False,10,5,6,3.7599653724955955,0.7792851352966617,0.6506873731989029,8.13306948434793,,0,0,0,4,3,4,6,3,6,5,8,0,1,2,0,0,2,3,2,S001;S002;S003;S006;S007;S008;S009;S012;S013;S015,S004,S005;S010;S011;S014
3,"1,2,3,6,7,9|4,8|5",False,False,8,5,4,2.4154118616235714,0.7684545714449448,0.7683027272926076,6.863405427925547,,0,0,0,5,3,4,6,3,6,4,6,1,1,2,0,0,2,2,0,S001;S002;S003;S006;S007;S008;S010;S013;S014;S015,S004;S009;S012,S005;S011
3,"1,2,3,6,7|4,8,9|5",False,False,11,6,4,1.9077114650759193,0.5721390744275086,0.5726123928096212,5.645983439908766,,0,0,0,5,3,4,6,3,6,5,8,1,1,2,0,0,2,3,2,S001;S002;S003;S006;S007;S008;S013;S015,S004;S009;S010;S012;S014,S005;S011
3,"1,2,3,6,7|4,8|5,9",False,False,11,6,6,3.3550413889585267,0.4974226895137487,0.3969023801983979,2.71161246124432,,0,0,0,5,3,4,6,3,6,5,8,1,1,2,0,0,2,3,2,S001;S002;S003;S006;S007;S008;S013;S015,S004;S009;S012,S005;S010;S011;S014
3,"1,2,3,6,7,9|4|5,8",False,False,9,5,4,3.0734534833056197,0.775922341900227,0.7211130606332126,8.111138413281298,,0,0,0,5,4,4,6,4,6,4,6,1,2,2,0,0,2,2,0,S001;S002;S003;S006;S007;S008;S010;S013;S014;S015,S004,S005;S009;S011;S012
3,"1,2,3,6,7|4,9|5,8",False,False,12,6,5,3.086956056930737,0.49759671752471135,0.41232046677992945,2.735997383896201,,0,0,0,5,4,4,6,4,6,5,8,1,2,2,0,0,2,3,2,S001;S002;S003;S006;S007;S008;S013;S015,S004;S010;S014,S005;S009;S011;S012
3,"1,2,3,6,7|4|5,8,9",False,False,12,6,4,2.565753086757968,0.5918074550131052,0.513191870199538,6.672395160260209,,0,0,0,5,4,4,6,4,6,5,8,1,2,2,0,0,2,3,2,S001;S002;S003;S006;S007;S008;S013;S015,S004,S005;S009;S010;S011;S012;S014
3,"1,2,3,6,8,9|4,7|5",False,False,8,5,5,2.9788286495369922,0.7368507171144114,0.7190359168391903,6.693322764237373,,0,0,0,4,3,4,6,3,5,5,7,0,1,2,0,0,1,3,1,S001;S002;S003;S006;S007;S009;S010;S012;S013;S014,S004;S008;S015,S005;S011
3,"1,2,3,6,8|4,7,9|5",False,False,10,5,7,3.918458176871948,0.5521684028310412,0.5655565700334829,5.475900776220592,,0,0,0,4,3,4,6,3,5,5,9,0,1,2,0,0,1,3,3,S001;S002;S003;S006;S007;S009;S012;S013,S004;S008;S010;S014;S015,S005;S011
3,"1,2,3,6,8|4,7|5,9",False,False,11,5,8,4.844585130581786,0.46088612455886974,0.38065336921332665,2.469489707332672,,0,0,0,4,3,4,6,3,5,6,9,0,1,2,0,0,1,4,3,S001;S002;S003;S006;S007;S009;S012;S013,S004;S008;S015,S005;S010;S011;S014
3,"1,2,3,6,9|4,7,8|5",False,False,8,5,6,3.5000316197097616,0.5501385866615855,0.5895026395023302,5.457343352523756,,0,0,0,4,3,4,6,3,5,5,7,0,1,2,0,0,1,3,1,S001;S002;S003;S006;S007;S010;S013;S014,S004;S008;S009;S012;S015,S005;S011
3,"1,2,3,6|4,7,8,9|5",False,False,10,5,6,2.9923312231621098,0.49713256709690984,0.5350091215445631,4.705633898840817,,0,0,0,4,3,4,6,3,5,5,9,0,1,2,0,0,1,3,3,S001;S002;S003;S006;S007;S013,S004;S008;S009;S010;S012;S014;S015,S005;S011
3,"1,2,3,6|4,7,8|5,9",False,False,11,5,8,4.439661147044717,0.25178003199931587,0.19204489356808963,1.9120949406202457,,0,0,0,4,3,4,6,3,5,6,9,0,1,2,0,0,1,4,3,S001;S002;S003;S006;S007;S013,S004;S008;S009;S012;S015,S005;S010;S011;S014
3,"1,2,3,6,9|4,7|5,8",False,False,10,6,6,4.15807324139181,0.4569123979958766,0.4572771160947203,2.440694813169741,,0,0,0,5,4,4,6,4,5,5,7,1,2,2,0,0,1,3,1,S001;S002;S003;S006;S007;S010;S013;S014,S004;S008;S015,S005;S009;S011;S012
3,"1,2,3,6|4,7,9|5,8",False,False,12,6,7,4.1715758150169275,0.2489650270540041,0.27663928887624417,1.896225583426803,,0,0,0,5,4,4,6,4,5,5,9,1,2,2,0,0,1,3,3,S001;S002;S003;S006;S007;S013,S004;S008;S010;S014;S015,S005;S009;S011;S012
3,"1,2,3,6|4,7|5,8,9",False,False,13,6,6,3.650372844844158,0.24654277296771426,0.2062031395128292,1.8825415964744538,,0,0,0,5,4,4,6,4,5,6,9,1,2,2,0,0,1,4,3,S001;S002;S003;S006;S007;S013,S004;S008;S015,S005;S009;S010;S011;S012;S014
3,"1,2,3,6,8,9|4|5,7",False,False,11,5,5,2.9788286495369922,0.74570040270911,0.6985946294290996,7.910135566901098,,0,0,0,4,3,5,6,3,6,5,8,0,1,3,0,0,2,3,2,S001;S002;S003;S006;S007;S009;S010;S012;S013;S014,S004,S005;S008;S011;S015
3,"1,2,3,6,8|4,9|5,7",False,False,14,5,7,3.918458176871948,0.46279178910431995,0.42324383708477065,2.653576716558137,,0,0,0,4,3,5,6,3,6,6,10,0,1,3,0,0,2,4,4,S001;S002;S003;S006;S007;S009;S012;S013,S004;S010;S014,S005;S008;S011;S015
3,"1,2,3,6,8|4|5,7,9",False,False,12,5,8,4.844585130581786,0.5739076122604686,0.5046222842381445,6.47139231388001,,0,0,0,4,3,5,6,3,6,5,9,0,1,3,0,0,2,3,3,S001;S002;S003;S006;S007;S009;S012;S013,S004,S005;S008;S010;S011;S014;S015
3,"1,2,3,6,9|4,8|5,7",False,False,12,6,6,3.5000316197097616,0.45864583116556223,0.48292344862832765,2.621013752075652,,0,0,0,5,3,5,6,3,6,5,8,1,1,3,0,0,2,3,2,S001;S002;S003;S006;S007;S010;S013;S014,S004;S009;S012,S005;S008;S011;S015
3,"1,2,3,6|4,8,9|5,7",False,False,15,6,6,2.9923312231621098,0.22585505721323576,0.2529851190452353,1.7621828662915708,,0,0,0,5,3,5,6,3,6,6,10,1,1,3,0,0,2,4,4,S001;S002;S003;S006;S007;S013,S004;S009;S010;S012;S014,S005;S008;S011;S015
3,"1,2,3,6|4,8|5,7,9",False,False,13,6,8,4.439661147044717,0.2737344237326228,0.26467517932019097,2.036319045044687,,0,0,0,5,3,5,6,3,6,5,9,1,1,3,0,0,2,3,3,S001;S002;S003;S006;S007;S013,S004;S009;S012,S005;S008;S010;S011;S014;S015
3,"1,2,3,6,9|4|5,7,8",False,False,12,5,6,4.15807324139181,0.5721063083971479,0.5338311618221667,6.449461242813377,,0,0,0,4,4,5,6,4,6,5,8,0,2,3,0,0,2,3,2,S001;S002;S003;S006;S007;S010;S013;S014,S004,S005;S008;S009;S011;S012;S015
3,"1,2,3,6|4,9|5,7,8",False,False,15,5,7,4.1715758150169275,0.2769231970246607,0.1997714301132824,2.054631205472354,,0,0,0,4,4,5,6,4,6,6,10,0,2,3,0,0,2,4,4,S001;S002;S003;S006;S007;S013,S004;S010;S014,S005;S008;S009;S011;S012;S015
3,"1,2,3,6|4|5,7,8,9",False,False,13,5,6,3.650372844844158,0.532122019727799,0.4687258773365613,5.7428897760736675,,0,0,0,4,4,5,6,4,6,5,9,0,2,3,0,0,2,3,3,S001;S002;S003;S006;S007;S013,S004,S005;S008;S009;S010;S011;S012;S014;S015
3,"1,2,3,7,8,9|4,6|5",False,False,11,5,3,1.725502175362827,0.7960684605246983,0.788530694693946,7.007994556131578,,0,0,0,4,3,5,6,3,7,5,7,0,1,3,0,0,3,3,1,S001;S002;S003;S008;S009;S010;S012;S013;S014;S015,S004;S006;S007,S005;S011
3,"1,2,3,7,8|4,6,9|5",False,False,13,5,5,2.6651317026977828,0.5909235713889568,0.5892206899425647,5.790572568114797,,0,0,0,4,3,5,6,3,7,5,9,0,1,3,0,0,3,3,3,S001;S002;S003;S008;S009;S012;S013;S015,S004;S006;S007;S010;S014,S005;S011
3,"1,2,3,7,8|4,6|5,9",False,False,14,5,6,3.591258656407621,0.5291071613057345,0.45164145854465415,2.9885889750697907,,0,0,0,4,3,5,6,3,7,6,9,0,1,3,0,0,3,4,3,S001;S002;S003;S008;S009;S012;S013;S015,S004;S006;S007,S005;S010;S011;S014
3,"1,2,3,7,9|4,6,8|5",False,False,11,5,4,2.2467051455355964,0.5884256570306021,0.6252462858963538,5.772015144417961,,0,0,0,5,2,5,6,2,7,5,7,1,0,3,0,0,3,3,1,S001;S002;S003;S008;S010;S013;S014;S015,S004;S006;S007;S009;S012,S005;S011
3,"1,2,3,7|4,6,8,9|5",False,False,13,5,4,1.7390047489879445,0.49422442897352636,0.5207719743824796,4.55459315640118,,0,0,0,5,2,5,6,2,7,5,9,1,0,3,0,0,3,3,3,S001;S002;S003;S008;S013;S015,S004;S006;S007;S009;S010;S012;S014,S005;S011
3,"1,2,3,7|4,6,8|5,9",False,False,14,5,6,3.1863346728705517,0.2893921692711176,0.21379992019459734,2.0540037850326893,,0,0,0,5,2,5,6,2,7,6,9,1,0,3,0,0,3,4,3,S001;S002;S003;S008;S013;S015,S004;S006;S007;S009;S012,S005;S010;S011;S014
3,"1,2,3,7,9|4,6|5,8",False,False,12,6,4,2.904746767217645,0.525312375036375,0.524999547281981,2.9790112500324684,,0,0,0,5,3,5,6,3,7,5,7,1,1,3,0,0,3,3,1,S001;S002;S003;S008;S010;S013;S014;S015,S004;S006;S007,S005;S009;S011;S012
3,"1,2,3,7|4,6,9|5,8",False,False,14,6,5,2.918249340842762,0.28756293959405044,0.27382105139300356,2.036956660933928,,0,0,0,5,3,5,6,3,7,5,9,1,1,3,0,0,3,3,3,S001;S002;S003;S008;S013;S015,S004;S006;S007;S010;S014,S005;S009;S011;S012
3,"1,2,3,7|4,6|5,8,9",False,False,15,6,4,2.397046370669993,0.32361990765495646,0.2949259056087453,2.350684104729284,,0,0,0,5,3,5,6,3,7,6,9,1,1,3,0,0,3,4,3,S001;S002;S003;S008;S013;S015,S004;S006;S007,S005;S009;S010;S011;S012;S014
3,"1,2,3,8,9|4,6,7|5",False,False,10,5,4,2.2788320438238183,0.5667371890605675,0.6082921017506411,5.601932480729787,,0,0,0,4,3,5,6,3,6,5,7,0,1,3,0,0,2,3,1,S001;S002;S003;S009;S010;S012;S013;S014,S004;S006;S007;S008;S015,S005;S011
3,"1,2,3,8|4,6,7,9|5",False,False,12,5,6,3.218461571158774,0.4942917635035142,0.5322763455293069,4.561044770634784,,0,0,0,4,3,5,6,3,6,5,9,0,1,3,0,0,2,3,3,S001;S002;S003;S009;S012;S013,S004;S006;S007;S008;S010;S014;S015,S005;S011
3,"1,2,3,8|4,6,7|5,9",False,False,13,5,7,4.144588524868612,0.26693492105424294,0.23561318376392437,1.97730090005756,,0,0,0,4,3,5,6,3,6,6,9,0,1,3,0,0,2,4,3,S001;S002;S003;S009;S012;S013,S004;S006;S007;S008;S015,S005;S010;S011;S014
3,"1,2,3,9|4,6,7,8|5",False,False,9,4,5,2.8000350139965877,0.49451385847914686,0.5332432853147007,4.5796021943316205,,0,0,0,4,2,5,6,2,6,5,7,0,0,3,0,0,2,3,1,S001;S002;S003;S010;S013;S014,S004;S006;S007;S008;S009;S012;S015,S005;S011
3,"1,2,3|4,6,7,8,9|5",False,False,11,4,5,2.292334617448936,0.5917977874176874,0.5865647782777517,5.797024182348402,,0,0,0,4,2,5,6,2,6,5,9,0,0,3,0,0,2,3,3,S001;S002;S003;S013,S004;S006;S007;S008;S009;S010;S012;S014;S015,S005;S011
3,"1,2,3|4,6,7,8|5,9",False,False,12,4,7,3.739664541331543,0.29305434022138827,0.18956387111923684,2.0652822146981267,,0,0,0,4,2,5,6,2,6,6,9,0,0,3,0,0,2,4,3,S001;S002;S003;S013,S004;S006;S007;S008;S009;S012;S015,S005;S010;S011;S014
3,"1,2,3,9|4,6,7|5,8",False,False,11,6,5,3.458076635678636,0.2623656158215691,0.32429931510236976,1.9525909076551715,,0,0,0,5,3,5,6,3,6,5,7,1,1,3,0,0,2,3,1,S001;S002;S003;S010;S013;S014,S004;S006;S007;S008;S015,S005;S009;S011;S012
3,"1,2,3|4,6,7,9|5,8",False,False,13,6,6,3.471579209303753,0.28851811355488544,0.30128857809425297,2.039842024815101,,0,0,0,5,3,5,6,3,6,5,9,1,1,3,0,0,2,3,3,S001;S002;S003;S013,S004;S006;S007;S008;S010;S014;S015,S005;S009;S011;S012
3,"1,2,3|4,6,7|5,8,9",False,False,14,6,5,2.9503762391309842,0.03803006627378826,0.025346458617343037,1.0968293819841348,,0,0,0,5,3,5,6,3,6,6,9,1,1,3,0,0,2,4,3,S001;S002;S003;S013,S004;S006;S007;S008;S015,S005;S009;S010;S011;S012;S014
3,"1,2,3,8,9|4,6|5,7",False,False,15,5,5,2.8101219334490177,0.4911482155566152,0.49986474466001385,2.891229399866576,,0,0,0,4,3,6,6,3,7,6,9,0,1,4,0,0,3,4,3,S001;S002;S003;S009;S010;S012;S013;S014,S004;S006;S007,S005;S008;S011;S015
3,"1,2,3,8|4,6,9|5,7",False,False,17,5,7,3.749751460783973,0.24602044495625944,0.2794069512298428,1.8222765478653873,,0,0,0,4,3,6,6,3,7,6,11,0,1,4,0,0,3,4,5,S001;S002;S003;S009;S012;S013,S004;S006;S007;S010;S014,S005;S008;S011;S015
3,"1,2,3,8|4,6|5,7,9",False,False,16,5,8,4.675878414493811,0.3084211350888927,0.31369354223160334,2.2629022545633917,,0,0,0,4,3,6,6,3,7,6,10,0,1,4,0,0,3,4,4,S001;S002;S003;S009;S012;S013,S004;S006;S007,S005;S008;S010;S011;S014;S015
3,"1,2,3,9|4,6,8|5,7",False,False,15,5,6,3.3313249036217867,0.24323426368656165,0.3148394519717727,1.8145637694268935,,0,0,0,5,2,6,6,2,7,6,9,1,0,4,0,0,3,4,3,S001;S002;S003;S010;S013;S014,S004;S006;S007;S009;S012,S005;S008;S011;S015
3,"1,2,3|4,6,8,9|5,7",False,False,17,5,6,2.823624507074135,0.24700152972110992,0.25028624527824694,1.824957947609626,,0,0,0,5,2,6,6,2,7,6,11,1,0,4,0,0,3,4,5,S001;S002;S003;S013,S004;S006;S007;S009;S010;S012;S014,S005;S008;S011;S015
3,"1,2,3|4,6,8|5,7,9",False,False,16,5,8,4.270954430956742,0.0658301863654922,0.12016482071626837,1.1508490690421986,,0,0,0,5,2,6,6,2,7,6,10,1,0,4,0,0,3,4,4,S001;S002;S003;S013,S004;S006;S007;S009;S012,S005;S008;S010;S011;S014;S015
3,"1,2,3,9|4,6|5,7,8",False,False,15,5,6,3.989366525303835,0.3070632213772418,0.3296608547896869,2.2533245295260693,,0,0,0,4,3,6,6,3,7,6,9,0,1,4,0,0,3,4,3,S001;S002;S003;S010;S013;S014,S004;S006;S007,S005;S008;S009;S011;S012;S015
3,"1,2,3|4,6,9|5,7,8",False,False,17,5,7,4.002869098928953,0.0697208081945089,0.01951697863552974,1.156743063168166,,0,0,0,4,3,6,6,3,7,6,11,0,1,4,0,0,3,4,5,S001;S002;S003;S013,S004;S006;S007;S010;S014,S005;S008;S009;S011;S012;S015
3,"1,2,3|4,6|5,7,8,9",False,False,16,5,6,3.481666128756183,0.3615690913353057,0.3314624793423641,2.508031597169422,,0,0,0,4,3,6,6,3,7,6,10,0,1,4,0,0,3,4,4,S001;S002;S003;S013,S004;S006;S007,S005;S008;S009;S010;S011;S012;S014;S015
3,"1,2,3,7,8,9|4|5,6",False,False,8,4,4,2.425498781076001,0.8024393247792193,0.733687343071028,8.282013126169891,,0,0,0,4,3,4,6,3,7,4,6,0,1,2,0,0,3,2,0,S001;S002;S003;S008;S009;S010;S012;S013;S014;S015,S004,S005;S006;S007;S011
3,"1,2,3,7,8|4,9|5,6",False,False,11,5,6,3.3651283084109567,0.5279946715810264,0.4601698131246618,2.806064092508072,,0,0,0,4,3,4,6,3,7,5,8,0,1,2,0,0,3,3,2,S001;S002;S003;S008;S009;S012;S013;S015,S004;S010;S014,S005;S006;S007;S011
3,"1,2,3,7,8|4|5,6,9",False,False,12,5,7,4.291255262120795,0.6088796550797777,0.513629577076439,6.843269873148803,,0,0,0,4,3,4,6,3,7,5,9,0,1,2,0,0,3,3,3,S001;S002;S003;S008;S009;S012;S013;S015,S004,S005;S006;S007;S010;S011;S014
3,"1,2,3,7,9|4,8|5,6",False,False,8,4,5,2.9467017512487703,0.5240266359556777,0.51864640692944,2.772142065005347,,1,0,0,5,2,4,6,2,7,4,6,1,0,2,0,0,3,2,0,S001;S002;S003;S008;S010;S013;S014;S015,S004;S009;S012,S005;S006;S007;S011
3,"1,2,3,7|4,8,9|5,6",False,False,11,5,5,2.4390013547011185,0.3033492663881795,0.2982714422472774,2.1777824982348206,,0,0,0,5,2,4,6,2,7,5,8,1,0,2,0,0,3,3,2,S001;S002;S003;S008;S013;S015,S004;S009;S010;S012;S014,S005;S006;S007;S011
3,"1,2,3,7|4,8|5,6,9",False,False,12,5,7,3.8863312785837256,0.3044719348144614,0.26079300303772984,2.1874473579743814,,0,0,0,5,2,4,6,2,7,5,9,1,0,2,0,0,3,3,3,S001;S002;S003;S008;S013;S015,S004;S009;S012,S005;S006;S007;S010;S011;S014
3,"1,2,3,7,9|4|5,6,8",False,False,11,6,5,3.6047433729308187,0.6065984522294475,0.5501841555599031,6.821338802082171,,0,0,0,5,3,4,6,3,7,5,7,1,1,2,0,0,3,3,1,S001;S002;S003;S008;S010;S013;S014;S015,S004,S005;S006;S007;S009;S011;S012
3,"1,2,3,7|4,9|5,6,8",False,False,14,6,6,3.618245946555936,0.30676516261414977,0.20916191741669846,2.207118581422289,,0,0,0,5,3,4,6,3,7,6,9,1,1,2,0,0,3,4,3,S001;S002;S003;S008;S013;S015,S004;S010;S014,S005;S006;S007;S009;S011;S012
3,"1,2,3,7|4|5,6,8,9",False,False,13,6,5,3.097042976383167,0.5266256788521585,0.46021389983549316,5.382595549061083,,0,0,0,5,3,4,6,3,7,5,9,1,1,2,0,0,3,3,3,S001;S002;S003;S008;S013;S015,S004,S005;S006;S007;S009;S010;S011;S012;S014
3,"1,2,3,8,9|4,7|5,6",False,False,9,5,6,3.5101185391621916,0.4881499098288428,0.4681859689159481,2.6785686654977074,,0,0,0,4,3,4,6,3,6,5,7,0,1,2,0,0,2,3,1,S001;S002;S003;S009;S010;S012;S013;S014,S004;S008;S015,S005;S006;S007;S011
3,"1,2,3,8|4,7,9|5,6",False,False,11,5,8,4.449748066497147,0.2843017241487607,0.31757403754594515,2.096457331416641,,0,0,0,4,3,4,6,3,6,5,9,0,1,2,0,0,2,3,3,S001;S002;S003;S009;S012;S013,S004;S008;S010;S014;S015,S005;S006;S007;S011
3,"1,2,3,8|4,7|5,6,9",False,False,13,5,9,5.375875020206985,0.26258277779580075,0.2259639434507767,1.9467397324409408,,0,0,0,4,3,4,6,3,6,6,10,0,1,2,0,0,2,4,4,S001;S002;S003;S009;S012;S013,S004;S008;S015,S005;S006;S007;S010;S011;S014
3,"1,2,3,9|4,7,8|5,6",False,False,8,4,7,4.03132150933496,0.2825217415682018,0.3322981465402834,2.087584083872566,,1,0,0,4,2,4,6,2,6,5,7,0,0,2,0,0,2,3,1,S001;S002;S003;S010;S013;S014,S004;S008;S009;S012;S015,S005;S006;S007;S011
3,"1,2,3|4,7,8,9|5,6",False,False,10,4,7,3.5236211127873087,0.3238873713317277,0.3431368860192138,2.2500027546024257,,0,0,0,4,2,4,6,2,6,5,9,0,0,2,0,0,2,3,3,S001;S002;S003;S013,S004;S008;S009;S010;S012;S014;S015,S005;S006;S007;S011
3,"1,2,3|4,7,8|5,6,9",False,False,12,4,9,4.970951036669916,0.041852056920529936,0.04736874330945867,1.1078854936114613,,0,0,0,4,2,4,6,2,6,6,10,0,0,2,0,0,2,4,4,S001;S002;S003;S013,S004;S008;S009;S012;S015,S005;S006;S007;S010;S011;S014
3,"1,2,3,9|4,7|5,6,8",False,False,12,6,7,4.689363131017009,0.26030698057851426,0.2590308430384005,1.9385001640552761,,0,0,0,5,3,4,6,3,6,6,8,1,1,2,0,0,2,4,2,S001;S002;S003;S010;S013;S014,S004;S008;S015,S005;S006;S007;S009;S011;S012
3,"1,2,3|4,7,9|5,6,8",False,False,14,6,8,4.702865704642127,0.0396300328873406,0.0913657919470552,1.1019914994854938,,0,0,0,5,3,4,6,3,6,6,10,1,1,2,0,0,2,4,4,S001;S002;S003;S013,S004;S008;S010;S014;S015,S005;S006;S007;S009;S011;S012
3,"1,2,3|4,7|5,6,8,9",False,False,14,6,7,4.1816627344693575,0.2845460662675739,0.22401526902981678,2.017905205183336,,0,0,0,5,3,4,6,3,6,6,10,1,1,2,0,0,2,4,4,S001;S002;S003;S013,S004;S008;S015,S005;S006;S007;S009;S010;S011;S012;S014
3,"1,2,3,8,9|4|5,6,7",False,False,12,5,5,2.9788286495369922,0.5869369888350419,0.5489947969038967,6.620335955701971,,0,0,0,4,3,5,6,3,7,5,8,0,1,3,0,0,3,3,2,S001;S002;S003;S009;S010;S012;S013;S014,S004,S005;S006;S007;S008;S011;S015
3,"1,2,3,8|4,9|5,6,7",False,False,15,5,7,3.918458176871948,0.2884412391453146,0.24334731626926298,2.124697914084224,,0,0,0,4,3,5,6,3,7,6,10,0,1,3,0,0,3,4,4,S001;S002;S003;S009;S012;S013,S004;S010;S014,S005;S006;S007;S008;S011;S015
3,"1,2,3,8|4|5,6,7,9",False,False,13,5,8,4.844585130581786,0.5281933603358807,0.479317952666607,5.572015063185073,,0,0,0,4,3,5,6,3,7,5,9,0,1,3,0,0,3,3,3,S001;S002;S003;S009;S012;S013,S004,S005;S006;S007;S008;S010;S011;S014;S015
3,"1,2,3,9|4,8|5,6,7",False,False,12,5,6,3.5000316197097616,0.28391310550695714,0.3137754733554873,2.096848648805713,,0,0,0,5,2,5,6,2,7,5,8,1,0,3,0,0,3,3,2,S001;S002;S003;S010;S013;S014,S004;S009;S012,S005;S006;S007;S008;S011;S015
3,"1,2,3|4,8,9|5,6,7",False,False,15,5,6,2.9923312231621098,0.043096751814250815,0.0346524929849631,1.110820337780892,,0,0,0,5,2,5,6,2,7,6,10,1,0,3,0,0,3,4,4,S001;S002;S003;S013,S004;S009;S010;S012;S014,S005;S006;S007;S008;S011;S015
3,"1,2,3|4,8|5,6,7,9",False,False,13,5,8,4.439661147044717,0.32614954851948846,0.3216886583895201,2.264426059409898,,0,0,0,5,2,5,6,2,7,5,9,1,0,3,0,0,3,3,3,S001;S002;S003;S013,S004;S009;S012,S005;S006;S007;S008;S010;S011;S014;S015
3,"1,2,3,9|4|5,6,7,8",False,False,12,5,6,4.15807324139181,0.5285650347040614,0.4716088493761273,5.593946134251706,,0,0,0,4,3,5,6,3,7,5,8,0,1,3,0,0,3,3,2,S001;S002;S003;S010;S013;S014,S004,S005;S006;S007;S008;S009;S011;S012;S015
3,"1,2,3|4,9|5,6,7,8",False,False,15,5,7,4.1715758150169275,0.33069320369391036,0.2193040983400727,2.293782310754519,,0,0,0,4,3,5,6,3,7,6,10,0,1,3,0,0,3,4,4,S001;S002;S003;S013,S004;S010;S014,S005;S006;S007;S008;S009;S011;S012;S015
3,"1,2,3|4|5,6,7,8,9",False,False,13,5,6,3.650372844844158,0.6296201647924446,0.5399525928589498,7.032689387272794,,0,0,0,4,3,5,6,3,7,5,9,0,1,3,0,0,3,3,3,S001;S002;S003;S013,S004,S005;S006;S007;S008;S009;S010;S011;S012;S014;S015
3,"1,2,4,5,6,7,8|3|9",False,False,9,4,5,2.8154729278321793,0.9481728251380168,0.7636542805368571,7.999444447281441,,0,0,0,4,2,3,6,2,5,6,9,0,0,1,0,0,1,4,3,S001;S002;S004;S005;S006;S007;S008;S009;S011;S012;S013;S015,S003,S010;S014
3,"1,2,4,5,6,7|3,8|9",False,False,10,4,8,4.530888183742577,0.694800981021802,0.5280544450100235,5.357469697885832,,0,0,0,4,2,3,6,2,5,6,10,0,0,1,0,0,1,4,4,S001;S002;S004;S005;S006;S007;S008;S011;S013;S015,S003;S009;S012,S010;S014
3,"1,2,4,5,6,7,9|3|8",False,False,7,5,5,2.6651317026977828,0.9442932548495606,0.8399765702616657,7.9803101721304905,,0,0,0,5,2,3,6,2,5,5,7,1,0,1,0,0,1,3,1,S001;S002;S004;S005;S006;S007;S008;S010;S011;S013;S014;S015,S003,S009;S012
3,"1,2,4,5,6,7|3,9|8",False,False,9,5,7,4.11246162658039,0.6940148917643428,0.5666139389901648,5.277030789126997,,0,0,0,5,2,3,6,2,5,5,9,1,0,1,0,0,1,3,3,S001;S002;S004;S005;S006;S007;S008;S011;S013;S015,S003;S010;S014,S009;S012
3,"1,2,4,5,6,7|3|8,9",False,False,10,5,6,3.083558259859969,0.7080320711511047,0.6196860826497388,6.725045019268758,,0,0,0,5,2,3,6,2,5,6,9,1,0,1,0,0,1,4,3,S001;S002;S004;S005;S006;S007;S008;S011;S013;S015,S003,S009;S010;S012;S014
3,"1,2,4,5,6,8|3,7|9",False,False,9,4,6,3.3688027962931706,0.6633024570984232,0.5320934949799508,5.217762459670721,,0,0,0,4,2,3,6,2,5,6,9,0,0,1,0,0,1,4,3,S001;S002;S004;S005;S006;S007;S009;S011;S012;S013,S003;S008;S015,S010;S014
3,"1,2,4,5,6|3,7,8|9",False,False,10,4,9,5.084218052203568,0.48427265176280915,0.3828695970276245,4.2025192458307385,,0,0,0,4,2,3,6,2,5,6,10,0,0,1,0,0,1,4,4,S001;S002;S004;S005;S006;S007;S011;S013,S003;S008;S009;S012;S015,S010;S014
3,"1,2,4,5,6,9|3,7|8",False,False,7,5,6,3.218461571158774,0.6589468533067186,0.6151494589545925,5.124406816917403,,0,0,0,5,2,3,6,2,5,5,7,1,0,1,0,0,1,3,1,S001;S002;S004;S005;S006;S007;S010;S011;S013;S014,S003;S008;S015,S009;S012
3,"1,2,4,5,6|3,7,9|8",False,False,9,5,8,4.665791495041381,0.4815033820663626,0.4418703496174018,4.139421163856327,,0,0,0,5,2,3,6,2,5,5,9,1,0,1,0,0,1,3,3,S001;S002;S004;S005;S006;S007;S011;S013,S003;S008;S010;S014;S015,S009;S012
3,"1,2,4,5,6|3,7|8,9",False,False,10,5,7,3.6368881283209604,0.3842713031415226,0.3701683159623789,2.1533768463387855,,0,0,0,5,2,3,6,2,5,6,9,1,0,1,0,0,1,4,3,S001;S002;S004;S005;S006;S007;S011;S013,S003;S008;S015,S009;S010;S012;S014
3,"1,2,4,5,6,8,9|3|7",False,False,10,4,4,2.0343362048735756,0.9090354215122096,0.8271862277221221,7.80494054439651,,0,0,0,4,2,4,6,2,6,6,8,0,0,2,0,0,2,4,2,S001;S002;S004;S005;S006;S007;S009;S010;S011;S012;S013;S014,S003,S008;S015
3,"1,2,4,5,6,8|3,9|7",False,False,12,4,6,3.481666128756183,0.6548835417313447,0.5495062894154011,4.517737059963352,,0,0,0,4,2,4,6,2,6,6,10,0,0,2,0,0,2,4,4,S001;S002;S004;S005;S006;S007;S009;S011;S012;S013,S003;S010;S014,S008;S015
3,"1,2,4,5,6,8|3|7,9",False,False,12,4,7,3.9000926859183696,0.6790326456429429,0.55333714734529,6.549675391534777,,0,0,0,4,2,4,6,2,6,6,10,0,0,2,0,0,2,4,4,S001;S002;S004;S005;S006;S007;S009;S011;S012;S013,S003,S008;S010;S014;S015
3,"1,2,4,5,6,9|3,8|7",False,False,11,4,7,3.749751460783973,0.6513102120793105,0.5919842411450644,4.504538906040074,,0,0,0,4,2,4,6,2,6,6,9,0,0,2,0,0,2,4,3,S001;S002;S004;S005;S006;S007;S010;S011;S013;S014,S003;S009;S012,S008;S015
3,"1,2,4,5,6|3,8,9|7",False,False,12,4,7,3.749751460783973,0.4574706624330151,0.4522005986741417,3.6387008969543837,,0,0,0,4,2,4,6,2,6,6,10,0,0,2,0,0,2,4,4,S001;S002;S004;S005;S006;S007;S011;S013,S003;S009;S010;S012;S014,S008;S015
3,"1,2,4,5,6|3,8|7,9",False,False,13,4,10,5.615507941828767,0.3875804537440817,0.2932667153609635,2.319414918307251,,0,0,0,4,2,4,6,2,6,6,11,0,0,2,0,0,2,4,5,S001;S002;S004;S005;S006;S007;S011;S013,S003;S009;S012,S008;S010;S014;S015
3,"1,2,4,5,6,9|3|7,8",False,False,10,4,7,3.749751460783973,0.6759503685957475,0.6055183713879433,6.530541116383827,,0,0,0,4,2,4,6,2,6,6,8,0,0,2,0,0,2,4,2,S001;S002;S004;S005;S006;S007;S010;S011;S013;S014,S003,S008;S009;S012;S015
3,"1,2,4,5,6|3,9|7,8",False,False,12,4,9,5.19708138466658,0.3882133897125835,0.303528672549409,2.339093457294028,,0,0,0,4,2,4,6,2,6,6,10,0,0,2,0,0,2,4,4,S001;S002;S004;S005;S006;S007;S011;S013,S003;S010;S014,S008;S009;S012;S015
3,"1,2,4,5,6|3|7,8,9",False,False,12,4,8,4.168178017946159,0.5236374662408113,0.47857417033033783,5.275275963522095,,0,0,0,4,2,4,6,2,6,6,10,0,0,2,0,0,2,4,4,S001;S002;S004;S005;S006;S007;S011;S013,S003,S008;S009;S010;S012;S014;S015
3,"1,2,4,5,7,8|3,6|9",False,False,11,5,6,3.515469533545353,0.7224088321324493,0.5905618097282335,5.476236345465092,,0,0,0,4,3,3,6,3,6,6,9,0,1,1,0,0,2,4,3,S001;S002;S004;S005;S008;S009;S011;S012;S013;S015,S003;S006;S007,S010;S014
3,"1,2,4,5,7|3,6,8|9",False,False,11,4,9,5.23088478945575,0.5188840402086916,0.4161306048502014,4.460993131625109,,0,0,0,4,2,3,6,2,6,6,10,0,0,1,0,0,2,4,4,S001;S002;S004;S005;S008;S011;S013;S015,S003;S006;S007;S009;S012,S010;S014
3,"1,2,4,5,7,9|3,6|8",False,False,9,6,6,3.3651283084109567,0.718165099557815,0.6708732241026049,5.378999886115804,,0,0,0,5,3,3,6,3,6,5,7,1,1,1,0,0,2,3,1,S001;S002;S004;S005;S008;S010;S011;S013;S014;S015,S003;S006;S007,S009;S012
3,"1,2,4,5,7|3,6,9|8",False,False,11,6,8,4.812458232293563,0.5166433676041543,0.46873438388857064,4.394014233054729,,0,0,0,5,3,3,6,3,6,5,9,1,1,1,0,0,2,3,3,S001;S002;S004;S005;S008;S011;S013;S015,S003;S006;S007;S010;S014,S009;S012
3,"1,2,4,5,7|3,6|8,9",False,False,12,6,7,3.783554865573143,0.4538468276435585,0.4354638845397067,2.6347751431268436,,0,0,0,5,3,3,6,3,6,6,9,1,1,1,0,0,2,4,3,S001;S002;S004;S005;S008;S011;S013;S015,S003;S006;S007,S009;S010;S012;S014
3,"1,2,4,5,8|3,6,7|9",False,False,11,5,6,3.5375095123811455,0.498981092048818,0.38717110812122113,4.321285893409999,,0,0,0,4,3,4,6,3,6,6,8,0,1,2,0,0,2,4,2,S001;S002;S004;S005;S009;S011;S012;S013,S003;S006;S007;S008;S015,S010;S014
3,"1,2,4,5|3,6,7,8|9",False,False,11,4,9,5.2529247682915425,0.45517184822491424,0.356081511118924,3.863314668369308,,0,0,0,4,2,4,6,2,6,6,9,0,0,2,0,0,2,4,3,S001;S002;S004;S005;S011;S013,S003;S006;S007;S008;S009;S012;S015,S010;S014
3,"1,2,4,5,9|3,6,7|8",False,False,9,5,6,3.387168287246749,0.49442034825439746,0.4756226402452662,4.241390260845135,,0,0,0,5,3,4,6,3,6,5,6,1,1,2,0,0,2,3,0,S001;S002;S004;S005;S010;S011;S013;S014,S003;S006;S007;S008;S015,S009;S012
3,"1,2,4,5|3,6,7,9|8",False,False,11,6,8,4.834498211129356,0.4508640287899434,0.42849317855045277,3.790295174665249,,0,0,0,5,3,4,6,3,6,5,8,1,1,2,0,0,2,3,2,S001;S002;S004;S005;S011;S013,S003;S006;S007;S008;S010;S014;S015,S009;S012
3,"1,2,4,5|3,6,7|8,9",False,False,12,6,7,3.8055948444089354,0.19621704772610196,0.20423417157547172,1.640517956773295,,0,0,0,5,3,4,6,3,6,6,8,1,1,2,0,0,2,4,2,S001;S002;S004;S005;S011;S013,S003;S006;S007;S008;S015,S009;S010;S012;S014
3,"1,2,4,5,8,9|3,6|7",False,False,11,5,4,2.2030429209615505,0.6794678984101338,0.6358136051349461,4.607371583725883,,0,0,0,4,3,4,6,3,7,6,7,0,1,2,0,0,3,4,1,S001;S002;S004;S005;S009;S010;S011;S012;S013;S014,S003;S006;S007,S008;S015
3,"1,2,4,5,8|3,6,9|7",False,False,13,5,6,3.650372844844158,0.47475890814893945,0.4396219768085677,3.7415335746401928,,0,0,0,4,3,4,6,3,7,6,9,0,1,2,0,0,3,4,3,S001;S002;S004;S005;S009;S011;S012;S013,S003;S006;S007;S010;S014,S008;S015
3,"1,2,4,5,8|3,6|7,9",False,False,13,5,7,4.068799402006345,0.4207288097693664,0.3444438561662311,2.552260521897203,,0,0,0,4,3,4,6,3,7,6,9,0,1,2,0,0,3,4,3,S001;S002;S004;S005;S009;S011;S012;S013,S003;S006;S007,S008;S010;S014;S015
3,"1,2,4,5,9|3,6,8|7",False,False,11,4,7,3.918458176871948,0.4724252843640732,0.4671774659396924,3.7283354207169146,,0,0,0,4,2,4,6,2,7,6,8,0,0,2,0,0,3,4,2,S001;S002;S004;S005;S010;S011;S013;S014,S003;S006;S007;S009;S012,S008;S015
3,"1,2,4,5|3,6,8,9|7",False,False,12,4,7,3.918458176871948,0.41164596945040116,0.4172050766353412,3.210842690018116,,0,0,0,4,2,4,6,2,7,6,9,0,0,2,0,0,3,4,3,S001;S002;S004;S005;S011;S013,S003;S006;S007;S009;S010;S012;S014,S008;S015
3,"1,2,4,5|3,6,8|7,9",False,False,13,4,10,5.784214657916742,0.17261354288478417,0.12477995446462627,1.5341618070230667,,0,0,0,4,2,4,6,2,7,6,10,0,0,2,0,0,3,4,4,S001;S002;S004;S005;S011;S013,S003;S006;S007;S009;S012,S008;S010;S014;S015
3,"1,2,4,5,9|3,6|7,8",False,False,11,5,7,3.918458176871948,0.4172107896274594,0.4010145264392901,2.543257495050506,,0,0,0,4,3,4,6,3,7,6,7,0,1,2,0,0,3,4,1,S001;S002;S004;S005;S010;S011;S013;S014,S003;S006;S007,S008;S009;S012;S015
3,"1,2,4,5|3,6,9|7,8",False,False,13,5,9,5.365788100754555,0.17046383299443707,0.1679263857594464,1.5233860145870763,,0,0,0,4,3,4,6,3,7,6,9,0,1,2,0,0,3,4,3,S001;S002;S004;S005;S011;S013,S003;S006;S007;S010;S014,S008;S009;S012;S015
3,"1,2,4,5|3,6|7,8,9",False,False,13,5,8,4.336884734034134,0.26823181828975456,0.2798388402275823,1.952632254126404,,0,0,0,4,3,4,6,3,7,6,9,0,1,2,0,0,3,4,3,S001;S002;S004;S005;S011;S013,S003;S006;S007,S008;S009;S010;S012;S014;S015
3,"1,2,4,5,7,8,9|3|6",False,False,9,5,4,2.181002942125758,0.9746792069511002,0.8902071843677429,8.129393806158946,,0,0,0,4,3,4,6,3,6,5,7,0,1,2,0,0,2,3,1,S001;S002;S004;S005;S008;S009;S010;S011;S012;S013;S014;S015,S003,S006;S007
3,"1,2,4,5,7,8|3,9|6",False,False,11,5,6,3.628332866008366,0.7275224848302029,0.6178248427014953,6.108621855345227,,0,0,0,4,3,4,6,3,6,5,9,0,1,2,0,0,2,3,3,S001;S002;S004;S005;S008;S009;S011;S012;S013;S015,S003;S010;S014,S006;S007
3,"1,2,4,5,7,8|3|6,9",False,False,13,5,7,4.046759423170553,0.7336649101297917,0.5964009886553564,6.8741286532972135,,0,0,0,4,3,4,6,3,6,6,10,0,1,2,0,0,2,4,4,S001;S002;S004;S005;S008;S009;S011;S012;S013;S015,S003,S006;S007;S010;S014
3,"1,2,4,5,7,9|3,8|6",False,False,10,5,7,3.8964181980361556,0.7240630419042361,0.6583750278259343,6.091618383739089,,0,0,0,4,3,4,6,3,6,5,8,0,1,2,0,0,2,3,2,S001;S002;S004;S005;S008;S010;S011;S013;S014;S015,S003;S009;S012,S006;S007
3,"1,2,4,5,7|3,8,9|6",False,False,11,5,7,3.8964181980361556,0.5348869572944348,0.5198914176088699,4.976140257890153,,0,0,0,4,3,4,6,3,6,5,9,0,1,2,0,0,2,3,3,S001;S002;S004;S005;S008;S011;S013;S015,S003;S009;S010;S012;S014,S006;S007
3,"1,2,4,5,7|3,8|6,9",False,False,14,5,10,5.76217467908095,0.4514483492330469,0.34580892968480487,2.462069395689853,,0,0,0,4,3,4,6,3,6,6,11,0,1,2,0,0,2,4,5,S001;S002;S004;S005;S008;S011;S013;S015,S003;S009;S012,S006;S007;S010;S014
3,"1,2,4,5,7,9|3|6,8",False,False,11,5,7,3.8964181980361556,0.7303282375010707,0.6541866571060961,6.854994378146264,,0,0,0,5,2,4,6,2,6,6,8,1,0,2,0,0,2,4,2,S001;S002;S004;S005;S008;S010;S011;S013;S014;S015,S003,S006;S007;S009;S012
3,"1,2,4,5,7|3,9|6,8",False,False,13,5,9,5.343748121918763,0.45159984880733217,0.3635763804368967,2.4829582535689734,,0,0,0,5,2,4,6,2,6,6,10,1,0,2,0,0,2,4,4,S001;S002;S004;S005;S008;S011;S013;S015,S003;S010;S014,S006;S007;S009;S012
3,"1,2,4,5,7|3|6,8,9",False,False,13,5,8,4.314844755198342,0.5515354361650262,0.5037339716448223,5.599729225284531,,0,0,0,5,2,4,6,2,6,6,10,1,0,2,0,0,2,4,4,S001;S002;S004;S005;S008;S011;S013;S015,S003,S006;S007;S009;S010;S012;S014
3,"1,2,4,5,8,9|3,7|6",False,False,8,4,4,2.2030429209615505,0.6929565401398871,0.6490982155760789,5.935778015487367,,1,0,0,4,3,4,6,3,6,5,6,0,1,2,0,0,2,3,0,S001;S002;S004;S005;S009;S010;S011;S012;S013;S014,S003;S008;S015,S006;S007
3,"1,2,4,5,8|3,7,9|6",False,False,10,5,6,3.650372844844158,0.5168614984844145,0.48309828062934035,4.820299889638431,,0,0,0,4,3,4,6,3,6,5,8,0,1,2,0,0,2,3,2,S001;S002;S004;S005;S009;S011;S012;S013,S003;S008;S010;S014;S015,S006;S007
3,"1,2,4,5,8|3,7|6,9",False,False,12,5,7,4.068799402006345,0.4150749651890423,0.3258889104813797,2.2785864957615938,,0,0,0,4,3,4,6,3,6,6,9,0,1,2,0,0,2,4,3,S001;S002;S004;S005;S009;S011;S012;S013,S003;S008;S015,S006;S007;S010;S014
3,"1,2,4,5,9|3,7,8|6",False,False,9,5,7,3.918458176871948,0.5150627665298283,0.5044127047438027,4.803296418032293,,0,0,0,4,3,4,6,3,6,5,7,0,1,2,0,0,2,3,1,S001;S002;S004;S005;S010;S011;S013;S014,S003;S008;S009;S012;S015,S006;S007
3,"1,2,4,5|3,7,8,9|6",False,False,10,5,7,3.918458176871948,0.48455552263870416,0.47478163363831893,4.424921131686236,,0,0,0,4,3,4,6,3,6,5,8,0,1,2,0,0,2,3,2,S001;S002;S004;S005;S011;S013,S003;S008;S009;S010;S012;S014;S015,S006;S007
3,"1,2,4,5|3,7,8|6,9",False,False,13,5,10,5.784214657916742,0.22059418204046113,0.1524683094170828,1.7432552230732448,,0,0,0,4,3,4,6,3,6,6,10,0,1,2,0,0,2,4,4,S001;S002;S004;S005;S011;S013,S003;S008;S009;S012;S015,S006;S007;S010;S014
3,"1,2,4,5,9|3,7|6,8",False,False,10,5,7,3.918458176871948,0.4110779998104998,0.3924305901353396,2.2524444871011298,,0,0,0,5,2,4,6,2,6,6,7,1,0,2,0,0,2,4,1,S001;S002;S004;S005;S010;S011;S013;S014,S003;S008;S015,S006;S007;S009;S012
3,"1,2,4,5|3,7,9|6,8",False,False,12,5,9,5.365788100754555,0.21729206957873676,0.20943469958100364,1.7293552716161478,,0,0,0,5,2,4,6,2,6,6,9,1,0,2,0,0,2,4,3,S001;S002;S004;S005;S011;S013,S003;S008;S010;S014;S015,S006;S007;S009;S012
3,"1,2,4,5|3,7|6,8,9",False,False,12,5,8,4.336884734034134,0.2088802075200973,0.23312944009555966,1.6940209771214556,,0,0,0,5,2,4,6,2,6,6,9,1,0,2,0,0,2,4,3,S001;S002;S004;S005;S011;S013,S003;S008;S015,S006;S007;S009;S010;S012;S014
3,"1,2,4,5,8,9|3|6,7",False,False,12,5,4,2.2030429209615505,0.700396114763576,0.645039018128431,6.679624750412283,,0,0,0,4,3,5,6,3,7,6,7,0,1,3,0,0,3,4,1,S001;S002;S004;S005;S009;S010;S011;S012;S013;S014,S003,S006;S007;S008;S015
3,"1,2,4,5,8|3,9|6,7",False,False,14,5,6,3.650372844844158,0.41674685764587543,0.34371982193092115,2.40519816069854,,0,0,0,4,3,5,6,3,7,6,9,0,1,3,0,0,3,4,3,S001;S002;S004;S005;S009;S011;S012;S013,S003;S010;S014,S006;S007;S008;S015
3,"1,2,4,5,8|3|6,7,9",False,False,14,5,7,4.068799402006345,0.5352447982849212,0.46991033537413013,5.42435959755055,,0,0,0,4,3,5,6,3,7,6,9,0,1,3,0,0,3,4,3,S001;S002;S004;S005;S009;S011;S012;S013,S003,S006;S007;S008;S010;S014;S015
3,"1,2,4,5,9|3,8|6,7",False,False,13,5,7,3.918458176871948,0.4126003237294731,0.3936792546407013,2.3765505987321505,,0,0,0,4,3,5,6,3,7,6,8,0,1,3,0,0,3,4,2,S001;S002;S004;S005;S010;S011;S013;S014,S003;S009;S012,S006;S007;S008;S015
3,"1,2,4,5|3,8,9|6,7",False,False,14,5,7,3.918458176871948,0.18949831631141523,0.2427444890699697,1.6115819134936704,,0,0,0,4,3,5,6,3,7,6,9,0,1,3,0,0,3,4,3,S001;S002;S004;S005;S011;S013,S003;S009;S010;S012;S014,S006;S007;S008;S015
3,"1,2,4,5|3,8|6,7,9",False,False,15,5,10,5.784214657916742,0.23967683062306558,0.203128363471312,1.8246399987727784,,0,0,0,4,3,5,6,3,7,6,10,0,1,3,0,0,3,4,4,S001;S002;S004;S005;S011;S013,S003;S009;S012,S006;S007;S008;S010;S014;S015
3,"1,2,4,5,9|3|6,7,8",False,False,11,4,7,3.918458176871948,0.5336362528524786,0.49438147179828185,5.405225322399601,,0,0,0,4,2,5,6,2,7,6,7,0,0,3,0,0,3,4,1,S001;S002;S004;S005;S010;S011;S013;S014,S003,S006;S007;S008;S009;S012;S015
3,"1,2,4,5|3,9|6,7,8",False,False,13,4,9,5.365788100754555,0.2432376525559553,0.16861172282929798,1.8401207344830097,,0,0,0,4,2,5,6,2,7,6,9,0,0,3,0,0,3,4,3,S001;S002;S004;S005;S011;S013,S003;S010;S014,S006;S007;S008;S009;S012;S015
3,"1,2,4,5|3|6,7,8,9",False,False,13,4,8,4.336884734034134,0.5130762963098023,0.46726019953396664,5.104749430605304,,0,0,0,4,2,5,6,2,7,6,9,0,0,3,0,0,3,4,3,S001;S002;S004;S005;S011;S013,S003,S006;S007;S008;S009;S010;S012;S014;S015
3,"1,2,4,6,7,8|3,5|9",False,False,9,4,6,3.083558259859969,0.7402115239274852,0.5938498286889815,5.55130504342451,,0,0,0,4,2,3,6,2,5,6,9,0,0,1,0,0,1,4,3,S001;S002;S004;S006;S007;S008;S009;S012;S013;S015,S003;S005;S011,S010;S014
3,"1,2,4,6,7|3,5,8|9",False,False,11,5,7,4.2628028517147865,0.5306370077955486,0.4085137190458854,4.536061829584527,,0,0,0,4,3,3,6,3,5,6,10,0,1,1,0,0,1,4,4,S001;S002;S004;S006;S007;S008;S013;S015,S003;S005;S009;S011;S012,S010;S014
3,"1,2,4,6,7,9|3,5|8",False,False,8,6,5,2.6651317026977828,0.7360005532528597,0.6648884827630863,5.452941476599807,,0,0,0,5,3,3,6,3,5,5,7,1,1,1,0,0,1,3,1,S001;S002;S004;S006;S007;S008;S010;S013;S014;S015,S003;S005;S011,S009;S012
3,"1,2,4,6,7|3,5,9|8",False,False,10,6,7,4.11246162658039,0.528543500002347,0.456829376825049,4.467955823538731,,0,0,0,5,3,3,6,3,5,5,9,1,1,1,0,0,1,3,3,S001;S002;S004;S006;S007;S008;S013;S015,S003;S005;S010;S011;S014,S009;S012
3,"1,2,4,6,7|3,5|8,9",False,False,11,6,6,3.083558259859969,0.4745142001011363,0.42534615092484385,2.8034086518264334,,0,0,0,5,3,3,6,3,5,6,9,1,1,1,0,0,1,4,3,S001;S002;S004;S006;S007;S008;S013;S015,S003;S005;S011,S009;S010;S012;S014
3,"1,2,4,6,8|3,5,7|9",False,False,12,4,7,3.6368881283209604,0.5093440593989945,0.40427678060380756,4.396354591369417,,0,0,0,4,2,4,6,2,6,6,10,0,0,2,0,0,2,4,4,S001;S002;S004;S006;S007;S009;S012;S013,S003;S005;S008;S011;S015,S010;S014
3,"1,2,4,6|3,5,7,8|9",False,False,13,5,8,4.816132720175778,0.4515828379003539,0.3470100352415291,3.7882459704098896,,0,0,0,4,3,4,6,3,6,6,10,0,1,2,0,0,2,4,4,S001;S002;S004;S006;S007;S013,S003;S005;S008;S009;S011;S012;S015,S010;S014
3,"1,2,4,6,9|3,5,7|8",False,False,11,6,6,3.218461571158774,0.5047750450887639,0.4814108665550772,4.3153318513291365,,0,0,0,5,3,4,6,3,6,5,8,1,1,2,0,0,2,3,2,S001;S002;S004;S006;S007;S010;S013;S014,S003;S005;S008;S011;S015,S009;S012
3,"1,2,4,6|3,5,7,9|8",False,False,12,6,8,4.665791495041381,0.4473554467901373,0.4250439808376098,3.7163535841812467,,0,0,0,5,3,4,6,3,6,5,9,1,1,2,0,0,2,3,3,S001;S002;S004;S006;S007;S013,S003;S005;S008;S010;S011;S014;S015,S009;S012
3,"1,2,4,6|3,5,7|8,9",False,False,14,6,7,3.6368881283209604,0.20517937070909825,0.20953958066523523,1.6777683975359148,,0,0,0,5,3,4,6,3,6,6,10,1,1,2,0,0,2,4,4,S001;S002;S004;S006;S007;S013,S003;S005;S008;S011;S015,S009;S010;S012;S014
3,"1,2,4,6,8,9|3,5|7",False,False,10,4,5,2.302421536901366,0.6976169837507269,0.6581823633033755,4.67236891571172,,0,0,0,4,2,4,6,2,6,6,8,0,0,2,0,0,2,4,2,S001;S002;S004;S006;S007;S009;S010;S012;S013;S014,S003;S005;S011,S008;S015
3,"1,2,4,6,8|3,5,9|7",False,False,12,4,7,3.749751460783973,0.48671450548970835,0.4515277422012868,3.8065309066260298,,0,0,0,4,2,4,6,2,6,6,10,0,0,2,0,0,2,4,4,S001;S002;S004;S006;S007;S009;S012;S013,S003;S005;S010;S011;S014,S008;S015
3,"1,2,4,6,8|3,5|7,9",False,False,12,4,8,4.168178017946159,0.4418785369164198,0.3703025195610819,2.717065807515845,,0,0,0,4,2,4,6,2,6,6,10,0,0,2,0,0,2,4,4,S001;S002;S004;S006;S007;S009;S012;S013,S003;S005;S011,S008;S010;S014;S015
3,"1,2,4,6,9|3,5,8|7",False,False,12,5,6,3.481666128756183,0.48422607096364695,0.47795647289916077,3.793332752702752,,0,0,0,4,3,4,6,3,6,6,9,0,1,2,0,0,2,4,3,S001;S002;S004;S006;S007;S010;S013;S014,S003;S005;S009;S011;S012,S008;S015
3,"1,2,4,6|3,5,8,9|7",False,False,13,5,6,3.481666128756183,0.4089545214310711,0.4104355649534245,3.1458453580322785,,0,0,0,4,3,4,6,3,6,6,10,0,1,2,0,0,2,4,4,S001;S002;S004;S006;S007;S013,S003;S005;S009;S010;S011;S012;S014,S008;S015
3,"1,2,4,6|3,5,8|7,9",False,False,14,5,9,5.347422609800978,0.185299089721247,0.13856341651567933,1.568997270589214,,0,0,0,4,3,4,6,3,6,6,11,0,1,2,0,0,2,4,5,S001;S002;S004;S006;S007;S013,S003;S005;S009;S011;S012,S008;S010;S014;S015
3,"1,2,4,6,9|3,5|7,8",False,False,11,5,7,3.749751460783973,0.4384129078306942,0.4138875770781252,2.7076450899052653,,0,0,0,4,3,4,6,3,6,6,8,0,1,2,0,0,2,4,2,S001;S002;S004;S006;S007;S010;S013;S014,S003;S005;S011,S008;S009;S012;S015
3,"1,2,4,6|3,5,9|7,8",False,False,13,5,9,5.19708138466658,0.18357862367359737,0.16978205182784484,1.5579767974923688,,0,0,0,4,3,4,6,3,6,6,10,0,1,2,0,0,2,4,4,S001;S002;S004;S006;S007;S013,S003;S005;S010;S011;S014,S008;S009;S012;S015
3,"1,2,4,6|3,5|7,8,9",False,False,13,5,8,4.168178017946159,0.28868741240984985,0.29442850701324425,2.089618097075847,,0,0,0,4,3,4,6,3,6,6,10,0,1,2,0,0,2,4,4,S001;S002;S004;S006;S007;S013,S003;S005;S011,S008;S009;S010;S012;S014;S015
3,"1,2,4,7,8|3,5,6|9",False,False,10,4,7,3.783554865573143,0.5506001917387802,0.4506112708102462,4.654828477163788,,0,0,0,4,2,3,6,2,6,6,9,0,0,1,0,0,2,4,3,S001;S002;S004;S008;S009;S012;S013;S015,S003;S005;S006;S007;S011,S010;S014
3,"1,2,4,7|3,5,6,8|9",False,False,12,5,8,4.962799457427961,0.44774159352423404,0.3524318796553545,3.6395852633238057,,0,0,0,4,3,3,6,3,6,6,10,0,1,1,0,0,2,4,4,S001;S002;S004;S008;S013;S015,S003;S005;S006;S007;S009;S011;S012,S010;S014
3,"1,2,4,7,9|3,5,6|8",False,False,9,6,6,3.3651283084109567,0.5460520396738712,0.5254302749227033,4.569924920527539,,0,0,0,5,3,3,6,3,6,5,7,1,1,1,0,0,2,3,1,S001;S002;S004;S008;S010;S013;S014;S015,S003;S005;S006;S007;S011,S009;S012
3,"1,2,4,7|3,5,6,9|8",False,False,11,6,8,4.812458232293563,0.4438767703635664,0.42331924639316815,3.584939267466464,,0,0,0,5,3,3,6,3,6,5,9,1,1,1,0,0,2,3,3,S001;S002;S004;S008;S013;S015,S003;S005;S006;S007;S010;S011;S014,S009;S012
3,"1,2,4,7|3,5,6|8,9",False,False,12,6,7,3.783554865573143,0.24947126459011393,0.2635856237803832,1.8060277977012464,,0,0,0,5,3,3,6,3,6,6,9,1,1,1,0,0,2,4,3,S001;S002;S004;S008;S013;S015,S003;S005;S006;S007;S011,S009;S010;S012;S014
3,"1,2,4,8|3,5,6,7|9",False,False,12,4,7,3.8055948444089354,0.44816069444948275,0.3329081746018639,3.669479322830629,,0,0,0,4,2,4,6,2,7,6,9,0,0,2,0,0,3,4,3,S001;S002;S004;S009;S012;S013,S003;S005;S006;S007;S008;S011;S015,S010;S014
3,"1,2,4|3,5,6,7,8|9",False,False,13,5,8,4.984839436263753,0.5558715015470834,0.41150292656916604,4.684722536670612,,0,0,0,4,3,4,6,3,7,6,9,0,1,2,0,0,3,4,3,S001;S002;S004;S013,S003;S005;S006;S007;S008;S009;S011;S012;S015,S010;S014
3,"1,2,4,9|3,5,6,7|8",False,False,11,6,6,3.387168287246749,0.4443456177397363,0.4085452245436714,3.614384487192439,,0,0,0,5,3,4,6,3,7,5,7,1,1,2,0,0,3,3,1,S001;S002;S004;S010;S013;S014,S003;S005;S006;S007;S008;S011;S015,S009;S012
3,"1,2,4|3,5,6,7,9|8",False,False,12,6,8,4.834498211129356,0.5513296816453176,0.4950300352605125,4.599370140253514,,0,0,0,5,3,4,6,3,7,5,8,1,1,2,0,0,3,3,2,S001;S002;S004;S013,S003;S005;S006;S007;S008;S010;S011;S014;S015,S009;S012
3,"1,2,4|3,5,6,7|8,9",False,False,14,6,7,3.8055948444089354,0.25561675637527287,0.17903092373575002,1.8208617687581994,,0,0,0,5,3,4,6,3,7,6,9,1,1,2,0,0,3,4,3,S001;S002;S004;S013,S003;S005;S006;S007;S008;S011;S015,S009;S010;S012;S014
3,"1,2,4,8,9|3,5,6|7",False,False,10,4,5,2.471128252989341,0.5043861021067448,0.49900586025790333,3.8961654303885607,,0,0,0,4,2,4,6,2,7,6,7,0,0,2,0,0,3,4,1,S001;S002;S004;S009;S010;S012;S013;S014,S003;S005;S006;S007;S011,S008;S015
3,"1,2,4,8|3,5,6,9|7",False,False,12,4,7,3.918458176871948,0.40720907905552045,0.41732081264244547,3.04301268034647,,0,0,0,4,2,4,6,2,7,6,9,0,0,2,0,0,3,4,3,S001;S002;S004;S009;S012;S013,S003;S005;S006;S007;S010;S011;S014,S008;S015
3,"1,2,4,8|3,5,6|7,9",False,False,12,4,8,4.336884734034134,0.20877905901564842,0.16943709719268268,1.6241106712087026,,0,0,0,4,2,4,6,2,7,6,9,0,0,2,0,0,3,4,3,S001;S002;S004;S009;S012;S013,S003;S005;S006;S007;S011,S008;S010;S014;S015
3,"1,2,4,9|3,5,6,8|7",False,False,12,5,6,3.650372844844158,0.40725937843534116,0.4137062737506558,3.056210834269748,,0,0,0,4,3,4,6,3,7,6,8,0,1,2,0,0,3,4,2,S001;S002;S004;S010;S013;S014,S003;S005;S006;S007;S009;S011;S012,S008;S015
3,"1,2,4|3,5,6,8,9|7",False,False,13,5,6,3.650372844844158,0.5097268428793464,0.46310720605815675,3.9220488433554386,,0,0,0,4,3,4,6,3,7,6,9,0,1,2,0,0,3,4,3,S001;S002;S004;S013,S003;S005;S006;S007;S009;S010;S011;S012;S014,S008;S015
3,"1,2,4|3,5,6,8|7,9",False,False,14,5,9,5.5161293258889526,0.2152143961013351,0.11735331751845225,1.637982943528614,,0,0,0,4,3,4,6,3,7,6,10,0,1,2,0,0,3,4,4,S001;S002;S004;S013,S003;S005;S006;S007;S009;S011;S012,S008;S010;S014;S015
3,"1,2,4,9|3,5,6|7,8",False,False,11,5,7,3.918458176871948,0.20436848216977235,0.22249918573370173,1.6056791916916353,,0,0,0,4,3,4,6,3,7,6,7,0,1,2,0,0,3,4,1,S001;S002;S004;S010;S013;S014,S003;S005;S006;S007;S011,S008;S009;S012;S015
3,"1,2,4|3,5,6,9|7,8",False,False,13,5,9,5.365788100754555,0.21084129114545846,0.19560589164136577,1.619454026618404,,0,0,0,4,3,4,6,3,7,6,9,0,1,2,0,0,3,4,3,S001;S002;S004;S013,S003;S005;S006;S007;S010;S011;S014,S008;S009;S012;S015
3,"1,2,4|3,5,6|7,8,9",False,False,13,5,8,4.336884734034134,0.11617741153424124,0.1278463749204667,1.2759193630859182,,0,0,0,4,3,4,6,3,7,6,9,0,1,2,0,0,3,4,3,S001;S002;S004;S013,S003;S005;S006;S007;S011,S008;S009;S010;S012;S014;S015
3,"1,2,4,7,8,9|3,5|6",False,False,9,5,5,2.4490882741535485,0.7689187404987554,0.7259043958765755,6.307837471703856,,0,0,0,4,3,4,6,3,6,5,7,0,1,2,0,0,2,3,1,S001;S002;S004;S008;S009;S010;S012;S013;S014;S015,S003;S005;S011,S006;S007
3,"1,2,4,7,8|3,5,9|6",False,False,11,5,7,3.8964181980361556,0.5641098626427301,0.5191852325515292,5.1923593458549195,,0,0,0,4,3,4,6,3,6,5,9,0,1,2,0,0,2,3,3,S001;S002;S004;S008;S009;S012;S013;S015,S003;S005;S010;S011;S014,S006;S007
3,"1,2,4,7,8|3,5|6,9",False,False,13,5,8,4.314844755198342,0.503336788311844,0.4180633931037764,2.876809645878275,,0,0,0,4,3,4,6,3,6,6,10,0,1,2,0,0,2,4,4,S001;S002;S004;S008;S009;S012;S013;S015,S003;S005;S011,S006;S007;S010;S014
3,"1,2,4,7,9|3,5,8|6",False,False,11,5,6,3.628332866008366,0.5616489995250553,0.5472771864534604,5.1753558742487815,,0,0,0,4,4,4,6,4,6,5,8,0,2,2,0,0,2,3,2,S001;S002;S004;S008;S010;S013;S014;S015,S003;S005;S009;S011;S012,S006;S007
3,"1,2,4,7|3,5,8,9|6",False,False,12,5,6,3.628332866008366,0.4743214788194805,0.4697236868469817,4.059877748399845,,0,0,0,4,4,4,6,4,6,5,9,0,2,2,0,0,2,3,3,S001;S002;S004;S008;S013;S015,S003;S005;S009;S010;S011;S012;S014,S006;S007
3,"1,2,4,7|3,5,8|6,9",False,False,15,5,9,5.49408934705316,0.26236457673642455,0.20202739433953246,1.9191301005632597,,0,0,0,4,4,4,6,4,6,6,11,0,2,2,0,0,2,4,5,S001;S002;S004;S008;S013;S015,S003;S005;S009;S011;S012,S006;S007;S010;S014
3,"1,2,4,7,9|3,5|6,8",False,False,12,6,7,3.8964181980361556,0.49958855672747704,0.46862575027805875,2.8673889282676948,,0,0,0,5,3,4,6,3,6,6,8,1,1,2,0,0,2,4,2,S001;S002;S004;S008;S010;S013;S014;S015,S003;S005;S011,S006;S007;S009;S012
3,"1,2,4,7|3,5,9|6,8",False,False,14,6,9,5.343748121918763,0.2604732484044166,0.23609062226528507,1.903827800082751,,0,0,0,5,3,4,6,3,6,6,10,1,1,2,0,0,2,4,4,S001;S002;S004;S008;S013;S015,S003;S005;S010;S011;S014,S006;S007;S009;S012
3,"1,2,4,7|3,5|6,8,9",False,False,14,6,8,4.314844755198342,0.3069983354227335,0.3133778601199523,2.249361935438277,,0,0,0,5,3,4,6,3,6,6,10,1,1,2,0,0,2,4,4,S001;S002;S004;S008;S013;S015,S003;S005;S011,S006;S007;S009;S010;S012;S014
3,"1,2,4,8,9|3,5,7|6",False,False,11,5,5,2.471128252989341,0.5403749318551049,0.5287810048321607,5.019515505997059,,0,0,0,4,3,5,6,3,7,5,7,0,1,3,0,0,3,3,1,S001;S002;S004;S009;S010;S012;S013;S014,S003;S005;S008;S011;S015,S006;S007
3,"1,2,4,8|3,5,7,9|6",False,False,12,5,7,3.918458176871948,0.4760846639414473,0.47499484594533414,4.20870204372147,,0,0,0,4,3,5,6,3,7,5,8,0,1,3,0,0,3,3,2,S001;S002;S004;S009;S012;S013,S003;S005;S008;S010;S011;S014;S015,S006;S007
3,"1,2,4,8|3,5,7|6,9",False,False,15,5,8,4.336884734034134,0.2407296746693498,0.16890422859376605,1.8454633647329453,,0,0,0,4,3,5,6,3,7,6,10,0,1,3,0,0,3,4,4,S001;S002;S004;S009;S012;S013,S003;S005;S008;S011;S015,S006;S007;S010;S014
3,"1,2,4,9|3,5,7,8|6",False,False,12,5,6,3.650372844844158,0.47649951826695475,0.4679050022516771,4.225705515327608,,0,0,0,4,4,5,6,4,7,5,7,0,2,3,0,0,3,3,1,S001;S002;S004;S010;S013;S014,S003;S005;S008;S009;S011;S012;S015,S006;S007
3,"1,2,4|3,5,7,8,9|6",False,False,13,5,6,3.650372844844158,0.5867288045876625,0.5271001344416407,5.341183641176544,,0,0,0,4,4,5,6,4,7,5,8,0,2,3,0,0,3,3,2,S001;S002;S004;S013,S003;S005;S008;S009;S010;S011;S012;S014;S015,S006;S007
3,"1,2,4|3,5,7,8|6,9",False,False,16,5,9,5.5161293258889526,0.290294987346216,0.1754376544883851,1.9975179434350534,,0,0,0,4,4,5,6,4,7,6,10,0,2,3,0,0,3,4,4,S001;S002;S004;S013,S003;S005;S008;S009;S011;S012;S015,S006;S007;S010;S014
3,"1,2,4,9|3,5,7|6,8",False,False,14,6,7,3.918458176871948,0.23616591811102658,0.23469505098877058,1.822774889678209,,0,0,0,5,3,5,6,3,7,6,8,1,1,3,0,0,3,4,2,S001;S002;S004;S010;S013;S014,S003;S005;S008;S011;S015,S006;S007;S009;S012
3,"1,2,4|3,5,7,9|6,8",False,False,15,6,9,5.365788100754555,0.2858313499613953,0.25487287768627376,1.9736170519568272,,0,0,0,5,3,5,6,3,7,6,9,1,1,3,0,0,3,4,3,S001;S002;S004;S013,S003;S005;S008;S010;S011;S014;S015,S006;S007;S009;S012
3,"1,2,4|3,5,7|6,8,9",False,False,16,6,8,4.336884734034134,0.06532540950979084,0.0657676507169652,1.1718904391482439,,0,0,0,5,3,5,6,3,7,6,10,1,1,3,0,0,3,4,4,S001;S002;S004;S013,S003;S005;S008;S011;S015,S006;S007;S009;S010;S012;S014
3,"1,2,4,8,9|3,5|6,7",False,False,12,5,5,2.471128252989341,0.46591963289496485,0.4611454745964027,2.781046083957107,,0,0,0,4,3,5,6,3,7,6,7,0,1,3,0,0,3,4,1,S001;S002;S004;S009;S010;S012;S013;S014,S003;S005;S011,S006;S007;S008;S015
3,"1,2,4,8|3,5,9|6,7",False,False,14,5,7,3.918458176871948,0.21885800937753744,0.24219742438951541,1.7060699668380266,,0,0,0,4,3,5,6,3,7,6,9,0,1,3,0,0,3,4,3,S001;S002;S004;S009;S012;S013,S003;S005;S010;S011;S014,S006;S007;S008;S015
3,"1,2,4,8|3,5|6,7,9",False,False,14,5,8,4.336884734034134,0.2947212749651655,0.2957787209034299,2.1630190911276888,,0,0,0,4,3,5,6,3,7,6,9,0,1,3,0,0,3,4,3,S001;S002;S004;S009;S012;S013,S003;S005;S011,S006;S007;S008;S010;S014;S015
3,"1,2,4,9|3,5,8|6,7",False,False,14,5,6,3.650372844844158,0.21612785769364778,0.2642693248238663,1.6986394252180295,,0,0,0,4,4,5,6,4,7,6,8,0,2,3,0,0,3,4,2,S001;S002;S004;S010;S013;S014,S003;S005;S009;S011;S012,S006;S007;S008;S015
3,"1,2,4|3,5,8,9|6,7",False,False,15,5,6,3.650372844844158,0.24510474043633088,0.24476495955791708,1.7711063985779356,,0,0,0,4,4,5,6,4,7,6,9,0,2,3,0,0,3,4,3,S001;S002;S004;S013,S003;S005;S009;S010;S011;S012;S014,S006;S007;S008;S015
3,"1,2,4|3,5,8|6,7,9",False,False,16,5,9,5.5161293258889526,0.08811615034746752,0.09415988808395644,1.2281189189157684,,0,0,0,4,4,5,6,4,7,6,10,0,2,3,0,0,3,4,4,S001;S002;S004;S013,S003;S005;S009;S011;S012,S006;S007;S008;S010;S014;S015
3,"1,2,4,9|3,5|6,7,8",False,False,12,5,7,3.918458176871948,0.2937123688130235,0.3013075177091615,2.1535983735171085,,0,0,0,4,3,5,6,3,7,6,7,0,1,3,0,0,3,4,1,S001;S002;S004;S010;S013;S014,S003;S005;S011,S006;S007;S008;S009;S012;S015
3,"1,2,4|3,5,9|6,7,8",False,False,14,5,9,5.365788100754555,0.09142406152744997,0.02812422504805734,1.2342539105736368,,0,0,0,4,3,5,6,3,7,6,9,0,1,3,0,0,3,4,3,S001;S002;S004;S013,S003;S005;S010;S011;S014,S006;S007;S008;S009;S012;S015
3,"1,2,4|3,5|6,7,8,9",False,False,14,5,8,4.336884734034134,0.3722819363805707,0.3399551223594121,2.513311974408159,,0,0,0,4,3,5,6,3,7,6,9,0,1,3,0,0,3,4,3,S001;S002;S004;S013,S003;S005;S011,S006;S007;S008;S009;S010;S012;S014;S015
3,"1,2,4,6,7,8,9|3|5",False,False,8,4,3,1.2178017788151754,0.994064156528206,0.9429690889437615,8.223624926778108,,0,0,0,4,2,4,6,2,6,5,7,0,0,2,0,0,2,3,1,S001;S002;S004;S006;S007;S008;S009;S010;S012;S013;S014;S015,S003,S005;S011
3,"1,2,4,6,7,8|3,9|5",False,False,10,4,5,2.6651317026977828,0.7488017332610086,0.6681647928957112,6.75828082205345,,0,0,0,4,2,4,6,2,6,5,9,0,0,2,0,0,2,3,3,S001;S002;S004;S006;S007;S008;S009;S012;S013;S015,S003;S010;S014,S005;S011
3,"1,2,4,6,7,8|3|5,9",False,False,11,4,6,3.083558259859969,0.750286844564666,0.6184898053679206,6.968359773916374,,0,0,0,4,2,4,6,2,6,6,9,0,0,2,0,0,2,4,3,S001;S002;S004;S006;S007;S008;S009;S012;S013;S015,S003,S005;S010;S011;S014
3,"1,2,4,6,7,9|3,8|5",False,False,10,5,5,2.6651317026977828,0.7453720434832137,0.6988643891221297,6.739723398356614,,0,0,0,4,3,4,6,3,6,5,8,0,1,2,0,0,2,3,2,S001;S002;S004;S006;S007;S008;S010;S013;S014;S015,S003;S009;S012,S005;S011
3,"1,2,4,6,7|3,8,9|5",False,False,11,5,5,2.6651317026977828,0.5573753946922085,0.5662330265055362,5.522301410339833,,0,0,0,4,3,4,6,3,6,5,9,0,1,2,0,0,2,3,3,S001;S002;S004;S006;S007;S008;S013;S015,S003;S009;S010;S012;S014,S005;S011
3,"1,2,4,6,7|3,8|5,9",False,False,13,5,8,4.530888183742577,0.47076529663911065,0.3537453084698294,2.5035006058188043,,0,0,0,4,3,4,6,3,6,6,10,0,1,2,0,0,2,4,4,S001;S002;S004;S006;S007;S008;S013;S015,S003;S009;S012,S005;S010;S011;S014
3,"1,2,4,6,7,9|3|5,8",False,False,10,6,4,2.397046370669993,0.7468866933943631,0.6892542594843233,6.949225498765424,,0,0,0,5,3,4,6,3,6,5,7,1,1,2,0,0,2,3,1,S001;S002;S004;S006;S007;S008;S010;S013;S014;S015,S003,S005;S009;S011;S012
3,"1,2,4,6,7|3,9|5,8",False,False,12,6,6,3.8443762945526,0.4708013388795965,0.3968042448398807,2.524740977209956,,0,0,0,5,3,4,6,3,6,5,9,1,1,2,0,0,2,3,3,S001;S002;S004;S006;S007;S008;S013;S015,S003;S010;S014,S005;S009;S011;S012
3,"1,2,4,6,7|3|5,8,9",False,False,13,6,5,2.8154729278321793,0.5613856905583107,0.5076749852544337,5.693960345903692,,0,0,0,5,3,4,6,3,6,6,9,1,1,2,0,0,2,4,3,S001;S002;S004;S006;S007;S008;S013;S015,S003,S005;S009;S010;S011;S012;S014
3,"1,2,4,6,8,9|3,7|5",False,False,8,4,4,1.7711316472761667,0.7145334757443617,0.7175343622057139,6.56964073466844,,0,0,0,4,2,4,6,2,6,5,7,0,0,2,0,0,2,3,1,S001;S002;S004;S006;S007;S009;S010;S012;S013;S014,S003;S008;S015,S005;S011
3,"1,2,4,6,8|3,7,9|5",False,False,10,4,6,3.218461571158774,0.5392274186482914,0.5505647568324535,5.352218746651658,,0,0,0,4,2,4,6,2,6,5,9,0,0,2,0,0,2,3,3,S001;S002;S004;S006;S007;S009;S012;S013,S003;S008;S010;S014;S015,S005;S011
3,"1,2,4,6,8|3,7|5,9",False,False,11,4,7,3.6368881283209604,0.4349237934432883,0.36877315456094145,2.4137123089676664,,0,0,0,4,2,4,6,2,6,6,9,0,0,2,0,0,2,4,3,S001;S002;S004;S006;S007;S009;S012;S013,S003;S008;S015,S005;S010;S011;S014
3,"1,2,4,6,9|3,7,8|5",False,False,10,5,6,3.218461571158774,0.5374078326796646,0.564499160793594,5.333661322954822,,0,0,0,4,3,4,6,3,6,5,8,0,1,2,0,0,2,3,2,S001;S002;S004;S006;S007;S010;S013;S014,S003;S008;S009;S012;S015,S005;S011
3,"1,2,4,6|3,7,8,9|5",False,False,11,5,6,3.218461571158774,0.5015602243496108,0.5355666829126814,4.829315928409749,,0,0,0,4,3,4,6,3,6,5,9,0,1,2,0,0,2,3,3,S001;S002;S004;S006;S007;S013,S003;S008;S009;S010;S012;S014;S015,S005;S011
3,"1,2,4,6|3,7,8|5,9",False,False,13,5,9,5.084218052203568,0.24224259792599304,0.1982927101986489,1.8563175422552407,,0,0,0,4,3,4,6,3,6,6,10,0,1,2,0,0,2,4,4,S001;S002;S004;S006;S007;S013,S003;S008;S009;S012;S015,S005;S010;S011;S014
3,"1,2,4,6,9|3,7|5,8",False,False,10,6,5,2.9503762391309842,0.4308721977706544,0.44571366116638655,2.385380337141473,,0,0,0,5,3,4,6,3,6,5,7,1,1,2,0,0,2,3,1,S001;S002;S004;S006;S007;S010;S013;S014,S003;S008;S015,S005;S009;S011;S012
3,"1,2,4,6|3,7,9|5,8",False,False,12,6,7,4.397706163013591,0.23902437397720208,0.28062618374766535,1.8409111073985351,,0,0,0,5,3,4,6,3,6,5,9,1,1,2,0,0,2,3,3,S001;S002;S004;S006;S007;S013,S003;S008;S010;S014;S015,S005;S009;S011;S012
3,"1,2,4,6|3,7|5,8,9",False,False,13,6,6,3.3688027962931706,0.21633036753283597,0.2382410956583856,1.7324862848606128,,0,0,0,5,3,4,6,3,6,6,9,1,1,2,0,0,2,4,3,S001;S002;S004;S006;S007;S013,S003;S008;S015,S005;S009;S010;S011;S012;S014
3,"1,2,4,6,8,9|3|5,7",False,False,13,4,5,2.302421536901366,0.7163304891025893,0.6661618956578506,6.773855871031443,,0,0,0,4,2,5,6,2,7,6,9,0,0,3,0,0,3,4,3,S001;S002;S004;S006;S007;S009;S010;S012;S013;S014,S003,S005;S008;S011;S015
3,"1,2,4,6,8|3,9|5,7",False,False,15,4,7,3.749751460783973,0.43532019752088724,0.3696434954499879,2.4469808843395224,,0,0,0,4,2,5,6,2,7,6,11,0,0,3,0,0,3,4,5,S001;S002;S004;S006;S007;S009;S012;S013,S003;S010;S014,S005;S008;S011;S015
3,"1,2,4,6,8|3|5,7,9",False,False,14,4,8,4.168178017946159,0.5436578005260744,0.47811948261464665,5.51859071816971,,0,0,0,4,2,5,6,2,7,6,10,0,0,3,0,0,3,4,4,S001;S002;S004;S006;S007;S009;S012;S013,S003,S005;S008;S010;S011;S014;S015
3,"1,2,4,6,9|3,8|5,7",False,False,15,5,7,3.749751460783973,0.43123297984630915,0.40550674577634027,2.417981808861102,,0,0,0,4,3,5,6,3,7,6,10,0,1,3,0,0,3,4,4,S001;S002;S004;S006;S007;S010;S013;S014,S003;S009;S012,S005;S008;S011;S015
3,"1,2,4,6|3,8,9|5,7",False,False,16,5,7,3.749751460783973,0.21185737329673623,0.25716220582524685,1.7107785277113703,,0,0,0,4,3,5,6,3,7,6,11,0,1,3,0,0,3,4,5,S001;S002;S004;S006;S007;S013,S003;S009;S010;S012;S014,S005;S008;S011;S015
3,"1,2,4,6|3,8|5,7,9",False,False,16,5,10,5.615507941828767,0.24427442936729857,0.2015605800593413,1.8660712089017295,,0,0,0,4,3,5,6,3,7,6,11,0,1,3,0,0,3,4,5,S001;S002;S004;S006;S007;S013,S003;S009;S012,S005;S008;S010;S011;S014;S015
3,"1,2,4,6,9|3|5,7,8",False,False,14,5,6,3.481666128756183,0.5418844063518662,0.5031000141911501,5.499456443018761,,0,0,0,4,3,5,6,3,7,6,9,0,1,3,0,0,3,4,3,S001;S002;S004;S006;S007;S010;S013;S014,S003,S005;S008;S009;S011;S012;S015
3,"1,2,4,6|3,9|5,7,8",False,False,16,5,8,4.928996052638791,0.24756149555147275,0.172427917919052,1.8819034581239922,,0,0,0,4,3,5,6,3,7,6,11,0,1,3,0,0,3,4,5,S001;S002;S004;S006;S007;S013,S003;S010;S014,S005;S008;S009;S011;S012;S015
3,"1,2,4,6|3|5,7,8,9",False,False,15,5,7,3.9000926859183696,0.5085474444568614,0.4590509206608073,5.010518309986145,,0,0,0,4,3,5,6,3,7,6,10,0,1,3,0,0,3,4,4,S001;S002;S004;S006;S007;S013,S003,S005;S008;S009;S010;S011;S012;S014;S015
3,"1,2,4,7,8,9|3,6|5",False,False,10,5,4,1.9177983845283493,0.7724069651934073,0.7715262723918982,6.884312526562646,,0,0,0,4,3,4,6,3,7,5,7,0,1,2,0,0,3,3,1,S001;S002;S004;S008;S009;S010;S012;S013;S014;S015,S003;S006;S007,S005;S011
3,"1,2,4,7,8|3,6,9|5",False,False,12,5,6,3.3651283084109567,0.5747567733833391,0.5744776231264632,5.666890538545865,,0,0,0,4,3,4,6,3,7,5,9,0,1,2,0,0,3,3,3,S001;S002;S004;S008;S009;S012;S013;S015,S003;S006;S007;S010;S014,S005;S011
3,"1,2,4,7,8|3,6|5,9",False,False,13,5,7,3.783554865573143,0.5019716046023416,0.43413910011575696,2.749259190785232,,0,0,0,4,3,4,6,3,7,6,9,0,1,2,0,0,3,4,3,S001;S002;S004;S008;S009;S012;S013;S015,S003;S006;S007,S005;S010;S011;S014
3,"1,2,4,7,9|3,6,8|5",False,False,11,5,6,3.3651283084109567,0.572431555151508,0.593485480192038,5.648333114849028,,0,0,0,4,3,4,6,3,7,5,8,0,1,2,0,0,3,3,2,S001;S002;S004;S008;S010;S013;S014;S015,S003;S006;S007;S009;S012,S005;S011
3,"1,2,4,7|3,6,8,9|5",False,False,12,5,6,3.3651283084109567,0.4939211201855082,0.5336844957793481,4.514644136515543,,0,0,0,4,3,4,6,3,7,5,9,0,1,2,0,0,3,3,3,S001;S002;S004;S008;S013;S015,S003;S006;S007;S009;S010;S012;S014,S005;S011
3,"1,2,4,7|3,6,8|5,9",False,False,14,5,9,5.23088478945575,0.272606927207714,0.23065542509896703,1.9982263866676848,,0,0,0,4,3,4,6,3,7,6,10,0,1,2,0,0,3,4,4,S001;S002;S004;S008;S013;S015,S003;S006;S007;S009;S012,S005;S010;S011;S014
3,"1,2,4,7,9|3,6|5,8",False,False,12,6,5,3.097042976383167,0.4981098474488931,0.5081550076163056,2.7402561639385348,,0,0,0,5,4,4,6,4,7,5,7,1,2,2,0,0,3,3,1,S001;S002;S004;S008;S010;S013;S014;S015,S003;S006;S007,S005;S009;S011;S012
3,"1,2,4,7|3,6,9|5,8",False,False,14,6,7,4.544372900265774,0.27040696787803886,0.30105924762934927,1.9816421849056607,,0,0,0,5,4,4,6,4,7,5,9,1,2,2,0,0,3,3,3,S001;S002;S004;S008;S013;S015,S003;S006;S007;S010;S014,S005;S009;S011;S012
3,"1,2,4,7|3,6|5,8,9",False,False,15,6,6,3.515469533545353,0.29329805835483364,0.30960710971119876,2.149630923014433,,0,0,0,5,4,4,6,4,7,6,9,1,2,2,0,0,3,4,3,S001;S002;S004;S008;S013;S015,S003;S006;S007,S005;S009;S010;S011;S012;S014
3,"1,2,4,8,9|3,6,7|5",False,False,10,4,4,1.9398383633641414,0.5524275760324959,0.5848203197137278,5.4782504511608545,,0,0,0,4,3,5,6,3,7,5,6,0,1,3,0,0,3,3,0,S001;S002;S004;S009;S010;S012;S013;S014,S003;S006;S007;S008;S015,S005;S011
3,"1,2,4,8|3,6,7,9|5",False,False,12,5,6,3.387168287246749,0.4965648880600605,0.5384224067793779,4.684726800203718,,0,0,0,4,3,5,6,3,7,5,8,0,1,3,0,0,3,3,2,S001;S002;S004;S009;S012;S013,S003;S006;S007;S008;S010;S014;S015,S005;S011
3,"1,2,4,8|3,6,7|5,9",False,False,13,5,7,3.8055948444089354,0.25371837737935143,0.20256400096910843,1.9215235016925554,,0,0,0,4,3,5,6,3,7,6,8,0,1,3,0,0,3,4,2,S001;S002;S004;S009;S012;S013,S003;S006;S007;S008;S015,S005;S010;S011;S014
3,"1,2,4,9|3,6,7,8|5",False,False,11,5,6,3.387168287246749,0.49706613943111333,0.534083712139386,4.703284223900554,,0,0,0,4,3,5,6,3,7,5,7,0,1,3,0,0,3,3,1,S001;S002;S004;S010;S013;S014,S003;S006;S007;S008;S009;S012;S015,S005;S011
3,"1,2,4|3,6,7,8,9|5",False,False,12,5,6,3.387168287246749,0.6091162181581675,0.5987209585249316,5.920706211917335,,0,0,0,4,3,5,6,3,7,5,8,0,1,3,0,0,3,3,2,S001;S002;S004;S013,S003;S006;S007;S008;S009;S010;S012;S014;S015,S005;S011
3,"1,2,4|3,6,7,8|5,9",False,False,14,5,9,5.2529247682915425,0.3123222930059924,0.23674285149738558,2.1210596130631316,,0,0,0,4,3,5,6,3,7,6,9,0,1,3,0,0,3,4,3,S001;S002;S004;S013,S003;S006;S007;S008;S009;S012;S015,S005;S010;S011;S014
3,"1,2,4,9|3,6,7|5,8",False,False,12,5,5,3.119082955218959,0.24918608384974608,0.2952519533927053,1.897276431626904,,0,0,0,5,4,5,6,4,7,5,6,1,2,3,0,0,3,3,0,S001;S002;S004;S010;S013;S014,S003;S006;S007;S008;S015,S005;S009;S011;S012
3,"1,2,4|3,6,7,9|5,8",False,False,14,6,7,4.566412879101566,0.3078438649023756,0.32540715213671184,2.095156500843369,,0,0,0,5,4,5,6,4,7,5,8,1,2,3,0,0,3,3,2,S001;S002;S004;S013,S003;S006;S007;S008;S010;S014;S015,S005;S009;S011;S012
3,"1,2,4|3,6,7|5,8,9",False,False,15,6,6,3.5375095123811455,0.06195039632351543,0.027327114711562954,1.1462736662998914,,0,0,0,5,4,5,6,4,7,6,8,1,2,3,0,0,3,4,2,S001;S002;S004;S013,S003;S006;S007;S008;S015,S005;S009;S010;S011;S012;S014
3,"1,2,4,8,9|3,6|5,7",False,False,14,5,5,2.471128252989341,0.4633173052147345,0.45998261664179374,2.6577415427088944,,0,0,0,4,3,5,6,3,8,6,8,0,1,3,0,0,4,4,2,S001;S002;S004;S009;S010;S012;S013;S014,S003;S006;S007,S005;S008;S011;S015
3,"1,2,4,8|3,6,9|5,7",False,False,16,5,7,3.918458176871948,0.22853789684271794,0.25589236448682956,1.7708722092851872,,0,0,0,4,3,5,6,3,8,6,10,0,1,3,0,0,4,4,4,S001;S002;S004;S009;S012;S013,S003;S006;S007;S010;S014,S005;S008;S011;S015
3,"1,2,4,8|3,6|5,7,9",False,False,15,5,8,4.336884734034134,0.2787355913431715,0.27964823962170954,2.067116301784792,,0,0,0,4,3,5,6,3,8,6,9,0,1,3,0,0,4,4,3,S001;S002;S004;S009;S012;S013,S003;S006;S007,S005;S008;S010;S011;S014;S015
3,"1,2,4,9|3,6,8|5,7",False,False,15,5,7,3.918458176871948,0.22615231182168274,0.2717442683154857,1.7631594308466934,,0,0,0,4,3,5,6,3,8,6,9,0,1,3,0,0,4,4,3,S001;S002;S004;S010;S013;S014,S003;S006;S007;S009;S012,S005;S008;S011;S015
3,"1,2,4|3,6,8,9|5,7",False,False,16,5,7,3.918458176871948,0.2669435747223314,0.2769105213676047,1.8763622861898261,,0,0,0,4,3,5,6,3,8,6,10,0,1,3,0,0,4,4,4,S001;S002;S004;S013,S003;S006;S007;S009;S010;S012;S014,S005;S008;S011;S015
3,"1,2,4|3,6,8|5,7,9",False,False,16,5,10,5.784214657916742,0.0738183730041081,0.0666147724537986,1.1979057472983725,,0,0,0,4,3,5,6,3,8,6,10,0,1,3,0,0,4,4,4,S001;S002;S004;S013,S003;S006;S007;S009;S012,S005;S008;S010;S011;S014;S015
3,"1,2,4,9|3,6|5,7,8",False,False,15,5,6,3.650372844844158,0.2774832973561489,0.2893812736998747,2.058113274938095,,0,0,0,4,4,5,6,4,8,6,8,0,2,3,0,0,4,4,2,S001;S002;S004;S010;S013;S014,S003;S006;S007,S005;S008;S009;S011;S012;S015
3,"1,2,4|3,6,9|5,7,8",False,False,17,5,8,5.097702768726766,0.07640225634225895,0.030119368190780538,1.2040407389562409,,0,0,0,4,4,5,6,4,8,6,10,0,2,3,0,0,4,4,4,S001;S002;S004;S013,S003;S006;S007;S010;S014,S005;S008;S009;S011;S012;S015
3,"1,2,4|3,6|5,7,8,9",False,False,16,5,7,4.068799402006345,0.35010704626302647,0.3086180834624349,2.3575406178077514,,0,0,0,4,4,5,6,4,8,6,9,0,2,3,0,0,4,4,3,S001;S002;S004;S013,S003;S006;S007,S005;S008;S009;S010;S011;S012;S014;S015
3,"1,2,4,7,8,9|3|5,6",False,False,9,4,5,2.4490882741535485,0.7736978464907803,0.7234333141409359,7.09830913279388,,0,0,0,4,2,4,6,2,7,5,7,0,0,2,0,0,3,3,1,S001;S002;S004;S008;S009;S010;S012;S013;S014;S015,S003,S005;S006;S007;S011
3,"1,2,4,7,8|3,9|5,6",False,False,11,4,7,3.8964181980361556,0.5017419817198062,0.4368659869071269,2.7096284147603527,,0,0,0,4,2,4,6,2,7,5,9,0,0,2,0,0,3,3,3,S001;S002;S004;S008;S009;S012;S013;S015,S003;S010;S014,S005;S006;S007;S011
3,"1,2,4,7,8|3|5,6,9",False,False,13,4,8,4.314844755198342,0.5784181011407932,0.5030780305402887,5.843043979932148,,0,0,0,4,2,4,6,2,7,6,10,0,0,2,0,0,3,4,4,S001;S002;S004;S008;S009;S012;S013;S015,S003,S005;S006;S007;S010;S011;S014
3,"1,2,4,7,9|3,8|5,6",False,False,11,5,7,3.8964181980361556,0.49784436157047873,0.4711045124104185,2.7007551672162777,,0,0,0,4,3,4,6,3,7,5,8,0,1,2,0,0,3,3,2,S001;S002;S004;S008;S010;S013;S014;S015,S003;S009;S012,S005;S006;S007;S011
3,"1,2,4,7|3,8,9|5,6",False,False,12,5,7,3.8964181980361556,0.28902080524516016,0.32522846190846677,2.118643833135211,,0,0,0,4,3,4,6,3,7,5,9,0,1,2,0,0,3,3,3,S001;S002;S004;S008;S013;S015,S003;S009;S010;S012;S014,S005;S006;S007;S011
3,"1,2,4,7|3,8|5,6,9",False,False,15,5,10,5.76217467908095,0.2740106382808254,0.22503019038748326,2.0087256862843312,,0,0,0,4,3,4,6,3,7,6,11,0,1,2,0,0,3,4,5,S001;S002;S004;S008;S013;S015,S003;S009;S012,S005;S006;S007;S010;S011;S014
3,"1,2,4,7,9|3|5,6,8",False,False,13,6,6,3.628332866008366,0.5761371127445086,0.53958009526433,5.823909704781198,,0,0,0,5,3,4,6,3,7,6,8,1,1,2,0,0,3,4,2,S001;S002;S004;S008;S010;S013;S014;S015,S003,S005;S006;S007;S009;S011;S012
3,"1,2,4,7|3,9|5,6,8",False,False,15,6,8,5.075662789890973,0.27630474248178233,0.21912013428360572,2.0257682543989377,,0,0,0,5,3,4,6,3,7,6,10,1,1,2,0,0,3,4,4,S001;S002;S004;S008;S013;S015,S003;S010;S014,S005;S006;S007;S009;S011;S012
3,"1,2,4,7|3|5,6,8,9",False,False,15,6,7,4.046759423170553,0.5004402798594699,0.45913138123263575,4.686065048223707,,0,0,0,5,3,4,6,3,7,6,10,1,1,2,0,0,3,4,4,S001;S002;S004;S008;S013;S015,S003,S005;S006;S007;S009;S010;S011;S012;S014
3,"1,2,4,8,9|3,7|5,6",False,False,8,3,5,2.471128252989341,0.46269588439707154,0.4627960461654165,2.619430000398098,,1,0,0,4,2,4,6,2,7,5,6,0,0,2,0,0,3,3,0,S001;S002;S004;S009;S010;S012;S013;S014,S003;S008;S015,S005;S006;S007;S011
3,"1,2,4,8|3,7,9|5,6",False,False,10,4,7,3.918458176871948,0.27366361215159674,0.3035964787626891,2.0373186663170313,,0,0,0,4,2,4,6,2,7,5,8,0,0,2,0,0,3,3,2,S001;S002;S004;S009;S012;S013,S003;S008;S010;S014;S015,S005;S006;S007;S011
3,"1,2,4,8|3,7|5,6,9",False,False,12,4,8,4.336884734034134,0.23212160565520393,0.23268130249967822,1.793342484214889,,0,0,0,4,2,4,6,2,7,6,9,0,0,2,0,0,3,4,3,S001;S002;S004;S009;S012;S013,S003;S008;S015,S005;S006;S007;S010;S011;S014
3,"1,2,4,9|3,7,8|5,6",False,False,10,5,7,3.918458176871948,0.27232569998985073,0.3124669226328227,2.0284454187729564,,0,0,0,4,3,4,6,3,7,5,7,0,1,2,0,0,3,3,1,S001;S002;S004;S010;S013;S014,S003;S008;S009;S012;S015,S005;S006;S007;S011
3,"1,2,4|3,7,8,9|5,6",False,False,11,5,7,3.918458176871948,0.34280160007536375,0.340073813849626,2.3091414197020352,,0,0,0,4,3,4,6,3,7,5,8,0,1,2,0,0,3,3,2,S001;S002;S004;S013,S003;S008;S009;S010;S012;S014;S015,S005;S006;S007;S011
3,"1,2,4|3,7,8|5,6,9",False,False,14,5,10,5.784214657916742,0.07230438942154246,0.03813737511142097,1.1940741104700408,,0,0,0,4,3,4,6,3,7,6,10,0,1,2,0,0,3,4,4,S001;S002;S004;S013,S003;S008;S009;S012;S015,S005;S006;S007;S010;S011;S014
3,"1,2,4,9|3,7|5,6,8",False,False,12,6,6,3.650372844844158,0.2298470661811014,0.25711326223040293,1.785531839735539,,0,0,0,5,3,4,6,3,7,6,7,1,1,2,0,0,3,4,1,S001;S002;S004;S010;S013;S014,S003;S008;S015,S005;S006;S007;S009;S011;S012
3,"1,2,4|3,7,9|5,6,8",False,False,14,6,8,5.097702768726766,0.0700545822243558,0.08658574071712474,1.1879391188121726,,0,0,0,5,3,4,6,3,7,6,9,1,1,2,0,0,3,4,3,S001;S002;S004;S013,S003;S008;S010;S014;S015,S005;S006;S007;S009;S011;S012
3,"1,2,4|3,7|5,6,8,9",False,False,14,6,7,4.068799402006345,0.2741714630799812,0.24577333201751453,1.9128599233593655,,0,0,0,5,3,4,6,3,7,6,9,1,1,2,0,0,3,4,3,S001;S002;S004;S013,S003;S008;S015,S005;S006;S007;S009;S010;S011;S012;S014
3,"1,2,4,8,9|3|5,6,7",False,False,13,4,5,2.471128252989341,0.5565459066464843,0.5204973422857465,5.648540077047216,,0,0,0,4,2,5,6,2,8,6,8,0,0,3,0,0,4,4,2,S001;S002;S004;S009;S010;S012;S013;S014,S003,S005;S006;S007;S008;S011;S015
3,"1,2,4,8|3,9|5,6,7",False,False,15,4,7,3.918458176871948,0.2582901877186133,0.18607511185391273,1.948008161528504,,0,0,0,4,2,5,6,2,8,6,10,0,0,3,0,0,4,4,4,S001;S002;S004;S009;S012;S013,S003;S010;S014,S005;S006;S007;S008;S011;S015
3,"1,2,4,8|3|5,6,7,9",False,False,14,4,8,4.336884734034134,0.5033588390899986,0.46751932111808886,4.861434675957689,,0,0,0,4,2,5,6,2,8,6,9,0,0,3,0,0,4,4,3,S001;S002;S004;S009;S012;S013,S003,S005;S006;S007;S008;S010;S011;S014;S015
3,"1,2,4,9|3,8|5,6,7",False,False,15,5,7,3.918458176871948,0.25377268226696,0.2299860319261915,1.9232068893266288,,0,0,0,4,3,5,6,3,8,6,9,0,1,3,0,0,4,4,3,S001;S002;S004;S010;S013;S014,S003;S009;S012,S005;S006;S007;S008;S011;S015
3,"1,2,4|3,8,9|5,6,7",False,False,16,5,7,3.918458176871948,0.06259718917908985,0.062163530416388904,1.156240294786091,,0,0,0,4,3,5,6,3,8,6,10,0,1,3,0,0,4,4,4,S001;S002;S004;S013,S003;S009;S010;S012;S014,S005;S006;S007;S008;S011;S015
3,"1,2,4|3,8|5,6,7,9",False,False,16,5,10,5.784214657916742,0.3151206569407016,0.25796859085312374,2.137458625816442,,0,0,0,4,3,5,6,3,8,6,10,0,1,3,0,0,4,4,4,S001;S002;S004;S013,S003;S009;S012,S005;S006;S007;S008;S010;S011;S014;S015
3,"1,2,4,9|3|5,6,7,8",False,False,14,5,6,3.650372844844158,0.5038870071513974,0.4537907187972626,4.880568951108638,,0,0,0,4,3,5,6,3,8,6,8,0,1,3,0,0,4,4,2,S001;S002;S004;S010;S013;S014,S003,S005;S006;S007;S008;S009;S011;S012;S015
3,"1,2,4|3,9|5,6,7,8",False,False,16,5,8,5.097702768726766,0.31960330149022215,0.18299445732809455,2.1640776672825486,,0,0,0,4,3,5,6,3,8,6,10,0,1,3,0,0,4,4,4,S001;S002;S004;S013,S003;S010;S014,S005;S006;S007;S008;S009;S011;S012;S015
3,"1,2,4|3|5,6,7,8,9",False,False,15,5,7,4.068799402006345,0.6165032438053043,0.5234109345060052,6.135834103970371,,0,0,0,4,3,5,6,3,8,6,9,0,1,3,0,0,4,4,3,S001;S002;S004;S013,S003,S005;S006;S007;S008;S009;S010;S011;S012;S014;S015
3,"1,2,5,6,7,8|3,4|9",False,False,12,5,7,4.441596487255191,0.7707333017629764,0.5729585985730565,5.677661867767701,,0,0,0,4,3,3,6,3,6,6,10,0,1,1,0,0,2,4,4,S001;S002;S005;S006;S007;S008;S009;S011;S012;S013;S015,S003;S004,S010;S014
3,"1,2,5,6,7|3,4,8|9",False,False,11,4,8,4.304757835745912,0.551929571379378,0.402348306340803,4.662418653927718,,0,0,0,4,2,3,6,2,6,6,10,0,0,1,0,0,2,4,4,S001;S002;S005;S006;S007;S008;S011;S013;S015,S003;S004;S009;S012,S010;S014
3,"1,2,5,6,7,9|3,4|8",False,False,10,6,7,4.291255262120795,0.7665770512033663,0.6519312373011882,5.577401135744208,,0,0,0,5,3,3,6,3,6,5,8,1,1,1,0,0,2,3,2,S001;S002;S005;S006;S007;S008;S010;S011;S013;S014;S015,S003;S004,S009;S012
3,"1,2,5,6,7|3,4,9|8",False,False,11,6,7,3.8863312785837256,0.5500745498237651,0.4565671971364306,4.5924154826831325,,0,0,0,5,3,3,6,3,6,5,9,1,1,1,0,0,2,3,3,S001;S002;S005;S006;S007;S008;S011;S013;S015,S003;S004;S010;S014,S009;S012
3,"1,2,5,6,7|3,4|8,9",False,False,13,6,7,3.783554865573143,0.5096541926676668,0.3809204930211805,3.1255834155851265,,0,0,0,5,3,3,6,3,6,6,10,1,1,1,0,0,2,4,4,S001;S002;S005;S006;S007;S008;S011;S013;S015,S003;S004,S009;S010;S012;S014
3,"1,2,5,6,8|3,4,7|9",False,False,11,5,8,4.994926355716183,0.5284958567098168,0.40704081326005365,4.522711415712608,,0,0,0,4,3,3,6,3,5,6,10,0,1,1,0,0,1,4,4,S001;S002;S005;S006;S007;S009;S011;S012;S013,S003;S004;S008;S015,S010;S014
3,"1,2,5,6|3,4,7,8|9",False,False,10,4,9,4.858087704206904,0.4480373362008299,0.3497933386490993,3.661889146066699,,0,0,0,4,2,3,6,2,5,6,10,0,0,1,0,0,1,4,4,S001;S002;S005;S006;S007;S011;S013,S003;S004;S008;S009;S012;S015,S010;S014
3,"1,2,5,6,9|3,4,7|8",False,False,9,6,8,4.844585130581786,0.5239286064059532,0.4905621646125349,4.439791510473538,,0,0,0,5,3,3,6,3,5,5,8,1,1,1,0,0,1,3,2,S001;S002;S005;S006;S007;S010;S011;S013;S014,S003;S004;S008;S015,S009;S012
3,"1,2,5,6|3,4,7,9|8",False,False,10,6,8,4.439661147044717,0.4439712289832279,0.4226341122634241,3.5918939250368456,,0,0,0,5,3,3,6,3,5,5,9,1,1,1,0,0,1,3,3,S001;S002;S005;S006;S007;S011;S013,S003;S004;S008;S010;S014;S015,S009;S012
3,"1,2,5,6|3,4,7|8,9",False,False,12,6,8,4.336884734034134,0.2245930132343369,0.1970347157862566,1.7404689308886219,,0,0,0,5,3,3,6,3,5,6,10,1,1,1,0,0,1,4,4,S001;S002;S005;S006;S007;S011;S013,S003;S004;S008;S015,S009;S010;S012;S014
3,"1,2,5,6,8,9|3,4|7",False,False,12,5,6,3.660459764296588,0.7287152791436362,0.6358925252485593,4.781773456935419,,0,0,0,4,3,4,6,3,6,6,9,0,1,2,0,0,2,4,3,S001;S002;S005;S006;S007;S009;S010;S011;S012;S013;S014,S003;S004,S008;S015
3,"1,2,5,6,8|3,4,9|7",False,False,13,5,7,4.1816627344693575,0.508456222127305,0.4682121565554681,3.915935447849728,,0,0,0,4,3,4,6,3,6,6,10,0,1,2,0,0,2,4,4,S001;S002;S005;S006;S007;S009;S011;S012;S013,S003;S004;S010;S014,S008;S015
3,"1,2,5,6,8|3,4|7,9",False,False,14,5,9,5.526216245341383,0.47775857123687343,0.34611181151755804,3.031926740967438,,0,0,0,4,3,4,6,3,6,6,11,0,1,2,0,0,2,4,5,S001;S002;S005;S006;S007;S009;S011;S012;S013,S003;S004,S008;S010;S014;S015
3,"1,2,5,6,9|3,4,8|7",False,False,11,4,8,4.449748066497147,0.5057324245786682,0.49975826629703074,3.9027372939264504,,0,0,0,4,2,4,6,2,6,6,9,0,0,2,0,0,2,4,3,S001;S002;S005;S006;S007;S010;S011;S013;S014,S003;S004;S009;S012,S008;S015
3,"1,2,5,6|3,4,8,9|7",False,False,12,4,7,3.5236211127873087,0.40720316304542364,0.4122798974807707,3.03689928484076,,0,0,0,4,2,4,6,2,6,6,10,0,0,2,0,0,2,4,4,S001;S002;S005;S006;S007;S011;S013,S003;S004;S009;S010;S012;S014,S008;S015
3,"1,2,5,6|3,4,8|7,9",False,False,13,4,10,5.389377593832103,0.21039548256516172,0.13008988363311697,1.6276328759799037,,0,0,0,4,2,4,6,2,6,6,11,0,0,2,0,0,2,4,5,S001;S002;S005;S006;S007;S011;S013,S003;S004;S009;S012,S008;S010;S014;S015
3,"1,2,5,6,9|3,4|7,8",False,False,12,5,9,5.375875020206985,0.4743725619248983,0.4050955419374191,3.0217080240492713,,0,0,0,4,3,4,6,3,6,6,9,0,1,2,0,0,2,4,3,S001;S002;S005;S006;S007;S010;S011;S013;S014,S003;S004,S008;S009;S012;S015
3,"1,2,5,6|3,4,9|7,8",False,False,13,5,9,4.970951036669916,0.20929591192967203,0.16765036509885778,1.6162005525096779,,0,0,0,4,3,4,6,3,6,6,10,0,1,2,0,0,2,4,4,S001;S002;S005;S006;S007;S011;S013,S003;S004;S010;S014,S008;S009;S012;S015
3,"1,2,5,6|3,4|7,8,9",False,False,14,5,9,4.868174623659334,0.3237344294348355,0.2401228199048682,2.3513299118323276,,0,0,0,4,3,4,6,3,6,6,11,0,1,2,0,0,2,4,5,S001;S002;S005;S006;S007;S011;S013,S003;S004,S008;S009;S010;S012;S014;S015
3,"1,2,5,7,8|3,4,6|9",False,False,14,5,6,3.7415998815420175,0.5735063567339581,0.4412220375414628,4.781185301506978,,0,0,0,4,3,4,6,3,7,6,10,0,1,2,0,0,3,4,4,S001;S002;S005;S008;S009;S011;S012;S013;S015,S003;S004;S006;S007,S010;S014
3,"1,2,5,7|3,4,6,8|9",False,False,13,4,7,3.604761230032738,0.4507276340235848,0.33162578871995674,3.765942087666996,,0,0,0,4,2,4,6,2,7,6,10,0,0,2,0,0,3,4,4,S001;S002;S005;S008;S011;S013;S015,S003;S004;S006;S007;S009;S012,S010;S014
3,"1,2,5,7,9|3,4,6|8",False,False,12,6,6,3.591258656407621,0.5689891377304098,0.527330124050104,4.694384579671939,,0,0,0,5,3,4,6,3,7,5,8,1,1,2,0,0,3,3,2,S001;S002;S005;S008;S010;S011;S013;S014;S015,S003;S004;S006;S007,S009;S012
3,"1,2,5,7|3,4,6,9|8",False,False,13,6,6,3.1863346728705517,0.44708233471872344,0.4038244872552423,3.7093989266108647,,0,0,0,5,3,4,6,3,7,5,9,1,1,2,0,0,3,3,3,S001;S002;S005;S008;S011;S013;S015,S003;S004;S006;S007;S010;S014,S009;S012
3,"1,2,5,7|3,4,6|8,9",False,False,15,6,6,3.083558259859969,0.2764992398585718,0.22348615607757083,1.8687283310539533,,0,0,0,5,3,4,6,3,7,6,10,1,1,2,0,0,3,4,4,S001;S002;S005;S008;S011;S013;S015,S003;S004;S006;S007,S009;S010;S012;S014
3,"1,2,5,8|3,4,6,7|9",False,False,12,5,6,3.76363986037781,0.4476122826106391,0.3301820231880598,3.6262348494518855,,0,0,0,4,3,4,6,3,6,6,9,0,1,2,0,0,2,4,3,S001;S002;S005;S009;S011;S012;S013,S003;S004;S006;S007;S008;S015,S010;S014
3,"1,2,5|3,4,6,7,8|9",False,False,11,4,7,3.6268012088685304,0.5342618919182565,0.4096160470496658,4.558365712327421,,0,0,0,4,2,4,6,2,6,6,9,0,0,2,0,0,2,4,3,S001;S002;S005;S011;S013,S003;S004;S006;S007;S008;S009;S012;S015,S010;S014
3,"1,2,5,9|3,4,6,7|8",False,False,10,6,6,3.613298635243413,0.4435973560005691,0.4111501297217953,3.5567749544012703,,0,0,0,5,3,4,6,3,6,5,7,1,1,2,0,0,2,3,1,S001;S002;S005;S010;S011;S013;S014,S003;S004;S006;S007;S008;S015,S009;S012
3,"1,2,5|3,4,6,7,9|8",False,False,11,6,6,3.208374651706344,0.5296982367681331,0.4865745975502443,4.474910481109114,,0,0,0,5,3,4,6,3,6,5,8,1,1,2,0,0,2,3,2,S001;S002;S005;S011;S013,S003;S004;S006;S007;S008;S010;S014;S015,S009;S012
3,"1,2,5|3,4,6,7|8,9",False,False,13,6,6,3.1055982386957615,0.23090175692051468,0.18970769081850933,1.7581612354054925,,0,0,0,5,3,4,6,3,6,6,9,1,1,2,0,0,2,4,3,S001;S002;S005;S011;S013,S003;S004;S006;S007;S008;S015,S009;S010;S012;S014
3,"1,2,5,8,9|3,4,6|7",False,False,13,5,4,2.4291732689582153,0.5276306376798346,0.49013864477196634,4.0055699716122595,,0,0,0,4,3,5,6,3,7,6,8,0,1,3,0,0,3,4,2,S001;S002;S005;S009;S010;S011;S012;S013;S014,S003;S004;S006;S007,S008;S015
3,"1,2,5,8|3,4,6,9|7",False,False,14,5,5,2.9503762391309842,0.40876423744157514,0.4032886099470084,3.139731962526569,,0,0,0,4,3,5,6,3,7,6,9,0,1,3,0,0,3,4,3,S001;S002;S005;S009;S011;S012;S013,S003;S004;S006;S007;S010;S014,S008;S015
3,"1,2,5,8|3,4,6|7,9",False,False,15,5,7,4.294929750003009,0.23710241303375623,0.156716975164442,1.6827462765993924,,0,0,0,4,3,5,6,3,7,6,10,0,1,3,0,0,3,4,4,S001;S002;S005;S009;S011;S012;S013,S003;S004;S006;S007,S008;S010;S014;S015
3,"1,2,5,9|3,4,6,8|7",False,False,12,4,6,3.218461571158774,0.40839055641987526,0.4127700080157988,3.1265338086032908,,0,0,0,4,2,5,6,2,7,6,8,0,0,3,0,0,3,4,2,S001;S002;S005;S010;S011;S013;S014,S003;S004;S006;S007;S009;S012,S008;S015
3,"1,2,5|3,4,6,8,9|7",False,False,13,4,5,2.292334617448936,0.48787735910482133,0.4610039556191316,3.8126443021317398,,0,0,0,4,2,5,6,2,7,6,9,0,0,3,0,0,3,4,3,S001;S002;S005;S011;S013,S003;S004;S006;S007;S009;S010;S012;S014,S008;S015
3,"1,2,5|3,4,6,8|7,9",False,False,14,4,8,4.158091098493729,0.18942014280861008,0.1119188867500364,1.5793473381379242,,0,0,0,4,2,5,6,2,7,6,10,0,0,3,0,0,3,4,4,S001;S002;S005;S011;S013,S003;S004;S006;S007;S009;S012,S008;S010;S014;S015
3,"1,2,5,9|3,4,6|7,8",False,False,13,5,7,4.144588524868612,0.23285655249331214,0.22600625603421565,1.6639029467089443,,0,0,0,4,3,5,6,3,7,6,8,0,1,3,0,0,3,4,2,S001;S002;S005;S010;S011;S013;S014,S003;S004;S006;S007,S008;S009;S012;S015
3,"1,2,5|3,4,6,9|7,8",False,False,14,5,7,3.739664541331543,0.18490528795178376,0.17152256751836503,1.561230271601095,,0,0,0,4,3,5,6,3,7,6,9,0,1,3,0,0,3,4,3,S001;S002;S005;S011;S013,S003;S004;S006;S007;S010;S014,S008;S009;S012;S015
3,"1,2,5|3,4,6|7,8,9",False,False,15,5,7,3.6368881283209604,0.1208014794961864,0.13669373040577013,1.327456148157743,,0,0,0,4,3,5,6,3,7,6,10,0,1,3,0,0,3,4,4,S001;S002;S005;S011;S013,S003;S004;S006;S007,S008;S009;S010;S012;S014;S015
3,"1,2,5,7,8,9|3,4|6",False,False,12,5,5,3.107129895835597,0.7990799501355658,0.6803590692773333,6.4487857453104205,,0,0,0,4,4,4,6,4,7,5,8,0,2,2,0,0,3,3,2,S001;S002;S005;S008;S009;S010;S011;S012;S013;S014;S015,S003;S004,S006;S007
3,"1,2,5,7,8|3,4,9|6",False,False,13,5,6,3.628332866008366,0.5854851768193792,0.5158986031992913,5.333307619461484,,0,0,0,4,4,4,6,4,7,5,9,0,2,2,0,0,3,3,3,S001;S002;S005;S008;S009;S011;S012;S013;S015,S003;S004;S010;S014,S006;S007
3,"1,2,5,7,8|3,4|6,9",False,False,16,5,8,4.972886376880391,0.5378482766073766,0.3677437289700165,3.205201976583646,,0,0,0,4,4,4,6,4,7,6,11,0,2,2,0,0,3,4,5,S001;S002;S005;S008;S009;S011;S012;S013;S015,S003;S004,S006;S007;S010;S014
3,"1,2,5,7,9|3,4,8|6",False,False,11,5,7,3.8964181980361556,0.5828174940025076,0.5460537465795642,5.316304147855346,,0,0,0,4,3,4,6,3,7,5,8,0,1,2,0,0,3,3,2,S001;S002;S005;S008;S010;S011;S013;S014;S015,S003;S004;S009;S012,S006;S007
3,"1,2,5,7|3,4,8,9|6",False,False,12,5,6,2.9702912443263174,0.4759072555060706,0.4620406861622445,4.20082602200641,,0,0,0,4,3,4,6,3,7,5,9,0,1,2,0,0,3,3,3,S001;S002;S005;S008;S011;S013;S015,S003;S004;S009;S010;S012;S014,S006;S007
3,"1,2,5,7|3,4,8|6,9",False,False,15,5,9,4.836047725371111,0.28583546444926605,0.16141632938393535,1.9857572482913899,,0,0,0,4,3,4,6,3,7,6,11,0,1,2,0,0,3,4,5,S001;S002;S005;S008;S011;S013;S015,S003;S004;S009;S012,S006;S007;S010;S014
3,"1,2,5,7,9|3,4|6,8",False,False,14,6,8,4.822545151745993,0.5341801296811873,0.43278200205987144,3.1949832596654795,,0,0,0,5,3,4,6,3,7,6,9,1,1,2,0,0,3,4,3,S001;S002;S005;S008;S010;S011;S013;S014;S015,S003;S004,S006;S007;S009;S012
3,"1,2,5,7|3,4,9|6,8",False,False,15,6,8,4.417621168208925,0.2844050210412425,0.2068056501476882,1.9699236921996042,,0,0,0,5,3,4,6,3,7,6,10,1,1,2,0,0,3,4,4,S001;S002;S005;S008;S011;S013;S015,S003;S004;S010;S014,S006;S007;S009;S012
3,"1,2,5,7|3,4|6,8,9",False,False,16,6,8,4.314844755198342,0.3444528586736839,0.23709682854934525,2.524605147448536,,0,0,0,5,3,4,6,3,7,6,11,1,1,2,0,0,3,4,5,S001;S002;S005;S008;S011;S013;S015,S003;S004,S006;S007;S009;S010;S012;S014
3,"1,2,5,8,9|3,4,7|6",False,False,10,5,5,3.129169874671389,0.5595154882743306,0.5075988456204223,5.160463779603624,,0,0,0,4,4,4,6,4,6,5,7,0,2,2,0,0,2,3,1,S001;S002;S005;S009;S010;S011;S012;S013;S014,S003;S004;S008;S015,S006;S007
3,"1,2,5,8|3,4,7,9|6",False,False,11,5,6,3.650372844844158,0.47433041206278154,0.4725455737537018,4.067753770114904,,0,0,0,4,4,4,6,4,6,5,8,0,2,2,0,0,2,3,2,S001;S002;S005;S009;S011;S012;S013,S003;S004;S008;S010;S014;S015,S006;S007
3,"1,2,5,8|3,4,7|6,9",False,False,14,5,8,4.994926355716183,0.26008344789863375,0.1457216436663989,1.9120905124610756,,0,0,0,4,4,4,6,4,6,6,10,0,2,2,0,0,2,4,4,S001;S002;S005;S009;S011;S012;S013,S003;S004;S008;S015,S006;S007;S010;S014
3,"1,2,5,9|3,4,7,8|6",False,False,9,5,7,3.918458176871948,0.47438191468424973,0.47103707230411385,4.084757241721042,,0,0,0,4,3,4,6,3,6,5,7,0,1,2,0,0,2,3,1,S001;S002;S005;S010;S011;S013;S014,S003;S004;S008;S009;S012;S015,S006;S007
3,"1,2,5|3,4,7,8,9|6",False,False,10,5,6,2.9923312231621098,0.565258629416373,0.5509649869839471,5.200235367569978,,0,0,0,4,3,4,6,3,6,5,8,0,1,2,0,0,2,3,2,S001;S002;S005;S011;S013,S003;S004;S008;S009;S010;S012;S014;S015,S006;S007
3,"1,2,5|3,4,7,8|6,9",False,False,13,5,9,4.858087704206904,0.2662662177448945,0.2029363798425637,1.930890795706923,,0,0,0,4,3,4,6,3,6,6,10,0,1,2,0,0,2,4,4,S001;S002;S005;S011;S013,S003;S004;S008;S009;S012;S015,S006;S007;S010;S014
3,"1,2,5,9|3,4,7|6,8",False,False,12,6,8,4.844585130581786,0.2555265215850954,0.2277828215457123,1.8888707817950623,,0,0,0,5,3,4,6,3,6,6,8,1,1,2,0,0,2,4,2,S001;S002;S005;S010;S011;S013;S014,S003;S004;S008;S015,S006;S007;S009;S012
3,"1,2,5|3,4,7,9|6,8",False,False,13,6,8,4.439661147044717,0.26172359638149134,0.2659021354794843,1.907521159839974,,0,0,0,5,3,4,6,3,6,6,9,1,1,2,0,0,2,4,3,S001;S002;S005;S011;S013,S003;S004;S008;S010;S014;S015,S006;S007;S009;S012
3,"1,2,5|3,4,7|6,8,9",False,False,14,6,8,4.336884734034134,0.0492643932952898,0.07157805962240836,1.1151777510073582,,0,0,0,5,3,4,6,3,6,6,10,1,1,2,0,0,2,4,4,S001;S002;S005;S011;S013,S003;S004;S008;S015,S006;S007;S009;S010;S012;S014
3,"1,2,5,8,9|3,4|6,7",False,False,14,5,5,3.129169874671389,0.5012521623364217,0.4125611765609267,3.101326585047791,,0,0,0,4,4,5,6,4,7,6,8,0,2,3,0,0,3,4,2,S001;S002;S005;S009;S010;S011;S012;S013;S014,S003;S004,S006;S007;S008;S015
3,"1,2,5,8|3,4,9|6,7",False,False,15,5,6,3.650372844844158,0.24362198612730324,0.2352714512813049,1.7676645657270125,,0,0,0,4,4,5,6,4,7,6,9,0,2,3,0,0,3,4,3,S001;S002;S005;S009;S011;S012;S013,S003;S004;S010;S014,S006;S007;S008;S015
3,"1,2,5,8|3,4|6,7,9",False,False,16,5,8,4.994926355716183,0.33116969186510603,0.23891357980687006,2.4309484728308473,,0,0,0,4,4,5,6,4,7,6,10,0,2,3,0,0,3,4,4,S001;S002;S005;S009;S011;S012;S013,S003;S004,S006;S007;S008;S010;S014;S015
3,"1,2,5,9|3,4,8|6,7",False,False,13,5,7,3.918458176871948,0.2404532641296575,0.2666217683251263,1.7602340241070151,,0,0,0,4,3,5,6,3,7,6,8,0,1,3,0,0,3,4,2,S001;S002;S005;S010;S011;S013;S014,S003;S004;S009;S012,S006;S007;S008;S015
3,"1,2,5|3,4,8,9|6,7",False,False,14,5,6,2.9923312231621098,0.22014330121463235,0.26172748837827303,1.7095117996889502,,0,0,0,4,3,5,6,3,7,6,9,0,1,3,0,0,3,4,3,S001;S002;S005;S011;S013,S003;S004;S009;S010;S012;S014,S006;S007;S008;S015
3,"1,2,5|3,4,8|6,7,9",False,False,15,5,9,4.858087704206904,0.08666652337780541,0.11447536156811826,1.2171925167555329,,0,0,0,4,3,5,6,3,7,6,10,0,1,3,0,0,3,4,4,S001;S002;S005;S011;S013,S003;S004;S009;S012,S006;S007;S008;S010;S014;S015
3,"1,2,5,9|3,4|6,7,8",False,False,13,5,8,4.844585130581786,0.3300098926372025,0.2538789586039694,2.4207297559126806,,0,0,0,4,3,5,6,3,7,6,8,0,1,3,0,0,3,4,2,S001;S002;S005;S010;S011;S013;S014,S003;S004,S006;S007;S008;S009;S012;S015
3,"1,2,5|3,4,9|6,7,8",False,False,14,5,8,4.439661147044717,0.0909843425914008,0.07058902794945299,1.230756429330831,,0,0,0,4,3,5,6,3,7,6,9,0,1,3,0,0,3,4,3,S001;S002;S005;S011;S013,S003;S004;S010;S014,S006;S007;S008;S009;S012;S015
3,"1,2,5|3,4|6,7,8,9",False,False,15,5,8,4.336884734034134,0.3871350187762723,0.3081993059252137,2.726206713241443,,0,0,0,4,3,5,6,3,7,6,10,0,1,3,0,0,3,4,4,S001;S002;S005;S011;S013,S003;S004,S006;S007;S008;S009;S010;S012;S014;S015
3,"1,2,6,7,8|3,4,5|9",False,False,11,4,8,4.709681819282981,0.5878489869100513,0.4451210376606492,4.8562539994663965,,0,0,0,4,2,3,6,2,6,6,10,0,0,1,0,0,2,4,4,S001;S002;S006;S007;S008;S009;S012;S013;S015,S003;S004;S005;S011,S010;S014
3,"1,2,6,7|3,4,5,8|9",False,False,12,5,7,4.036672503718123,0.4539919577660506,0.3377407104595151,3.841010785626414,,0,0,0,4,3,3,6,3,6,6,10,0,1,1,0,0,2,4,4,S001;S002;S006;S007;S008;S013;S015,S003;S004;S005;S009;S011;S012,S010;S014
3,"1,2,6,7,9|3,4,5|8",False,False,10,6,7,4.291255262120795,0.5833546552532681,0.518410448625989,4.768326170155942,,0,0,0,5,3,3,6,3,6,5,8,1,1,1,0,0,2,3,2,S001;S002;S006;S007;S008;S010;S013;S014;S015,S003;S004;S005;S011,S009;S012
3,"1,2,6,7|3,4,5,9|8",False,False,11,6,7,3.8863312785837256,0.45048727718743514,0.41251631931229726,3.783340517094867,,0,0,0,5,3,3,6,3,6,5,9,1,1,1,0,0,2,3,3,S001;S002;S006;S007;S008;S013;S015,S003;S004;S005;S010;S011;S014,S009;S012
3,"1,2,6,7|3,4,5|8,9",False,False,13,6,7,3.783554865573143,0.2936952903311563,0.21994892093747337,1.9059787718165733,,0,0,0,5,3,3,6,3,6,6,10,1,1,1,0,0,2,4,4,S001;S002;S006;S007;S008;S013;S015,S003;S004;S005;S011,S009;S010;S012;S014
3,"1,2,6,8|3,4,5,7|9",False,False,11,4,9,5.2630116877439725,0.4488031940077487,0.355391334413474,3.701303547411303,,0,0,0,4,2,4,6,2,5,6,10,0,0,2,0,0,1,4,4,S001;S002;S006;S007;S009;S012;S013,S003;S004;S005;S008;S011;S015,S010;S014
3,"1,2,6|3,4,5,7,8|9",False,False,12,5,8,4.590002372179114,0.5223023339126129,0.4013454220931027,4.483297014368003,,0,0,0,4,3,4,6,3,5,6,10,0,1,2,0,0,1,4,4,S001;S002;S006;S007;S013,S003;S004;S005;S008;S009;S011;S012;S015,S010;S014
3,"1,2,6,9|3,4,5,7|8",False,False,10,6,8,4.844585130581786,0.44468335972003104,0.4274173762004394,3.6307165448852716,,0,0,0,5,3,4,6,3,5,5,8,1,1,2,0,0,1,3,2,S001;S002;S006;S007;S010;S013;S014,S003;S004;S005;S008;S011;S015,S009;S012
3,"1,2,6|3,4,5,7,9|8",False,False,11,6,8,4.439661147044717,0.5177326106555471,0.48607076569957075,4.400968890625111,,0,0,0,5,3,4,6,3,5,5,9,1,1,2,0,0,1,3,3,S001;S002;S006;S007;S013,S003;S004;S005;S008;S010;S011;S014;S015,S009;S012
3,"1,2,6|3,4,5,7|8,9",False,False,13,6,8,4.336884734034134,0.21801691787576818,0.20323109501801467,1.7209107946428726,,0,0,0,5,3,4,6,3,5,6,10,1,1,2,0,0,1,4,4,S001;S002;S006;S007;S013,S003;S004;S005;S008;S011;S015,S009;S010;S012;S014
3,"1,2,6,8,9|3,4,5|7",False,False,11,4,7,3.928545096324378,0.5422224927562871,0.5119991840574767,4.0705673035980965,,0,0,0,4,2,4,6,2,6,6,9,0,0,2,0,0,2,4,3,S001;S002;S006;S007;S009;S010;S012;S013;S014,S003;S004;S005;S011,S008;S015
3,"1,2,6,8|3,4,5,9|7",False,False,12,4,8,4.449748066497147,0.41134110125702916,0.42390144747681535,3.204729294512406,,0,0,0,4,2,4,6,2,6,6,10,0,0,2,0,0,2,4,4,S001;S002;S006;S007;S009;S012;S013,S003;S004;S005;S010;S011;S014,S008;S015
3,"1,2,6,8|3,4,5|7,9",False,False,13,4,10,5.794301577369172,0.25510737948697754,0.18864239983040465,1.7175817401655395,,0,0,0,4,2,4,6,2,6,6,11,0,0,2,0,0,2,4,5,S001;S002;S006;S007;S009;S012;S013,S003;S004;S005;S011,S008;S010;S014;S015
3,"1,2,6,9|3,4,5,8|7",False,False,12,5,7,4.1816627344693575,0.4107193638631925,0.4290763376828472,3.1915311405891282,,0,0,0,4,3,4,6,3,6,6,9,0,1,2,0,0,2,4,3,S001;S002;S006;S007;S010;S013;S014,S003;S004;S005;S009;S011;S012,S008;S015
3,"1,2,6|3,4,5,8,9|7",False,False,13,5,6,3.255535780759519,0.4758508429603601,0.45385741905717564,3.7476469701459023,,0,0,0,4,3,4,6,3,6,6,10,0,1,2,0,0,2,4,4,S001;S002;S006;S007;S013,S003;S004;S005;S009;S010;S011;S012;S014,S008;S015
3,"1,2,6|3,4,5,8|7,9",False,False,14,5,9,5.121292261804314,0.1761778043646661,0.10231120850756445,1.5445118745717767,,0,0,0,4,3,4,6,3,6,6,11,0,1,2,0,0,2,4,5,S001;S002;S006;S007;S013,S003;S004;S005;S009;S011;S012,S008;S010;S014;S015
3,"1,2,6,9|3,4,5|7,8",False,False,12,5,9,5.375875020206985,0.2509611914119433,0.24491935634466552,1.6984937296142368,,0,0,0,4,3,4,6,3,6,6,9,0,1,2,0,0,2,4,3,S001;S002;S006;S007;S010;S013;S014,S003;S004;S005;S011,S008;S009;S012;S015
3,"1,2,6|3,4,5,9|7,8",False,False,13,5,9,4.970951036669916,0.17161430304057942,0.18209478946711732,1.5266394886958023,,0,0,0,4,3,4,6,3,6,6,10,0,1,2,0,0,2,4,4,S001;S002;S006;S007;S013,S003;S004;S005;S010;S011;S014,S008;S009;S012;S015
3,"1,2,6|3,4,5|7,8,9",False,False,14,5,9,4.868174623659334,0.12885426641818712,0.09800270106365692,1.3705369749207208,,0,0,0,4,3,4,6,3,6,6,11,0,1,2,0,0,2,4,5,S001;S002;S006;S007;S013,S003;S004;S005;S011,S008;S009;S010;S012;S014;S015
3,"1,2,7,8|3,4,5,6|9",False,False,13,4,7,4.009685213569807,0.4613575693038351,0.3524940792944066,3.9597774332056743,,0,0,0,4,2,4,6,2,7,6,10,0,0,2,0,0,3,4,4,S001;S002;S008;S009;S012;S013;S015,S003;S004;S005;S006;S007;S011,S010;S014
3,"1,2,7|3,4,5,6,8|9",False,False,13,4,6,3.3366758980049482,0.48687010855124047,0.35507672012429514,4.224823128573632,,0,0,0,4,2,4,6,2,7,6,10,0,0,2,0,0,3,4,4,S001;S002;S008;S013;S015,S003;S004;S005;S006;S007;S009;S011;S012,S010;S014
3,"1,2,7,9|3,4,5,6|8",False,False,11,5,6,3.591258656407621,0.45696342720635386,0.4299092009496155,3.8853096140836745,,0,0,0,5,2,4,6,2,7,5,8,1,0,2,0,0,3,3,2,S001;S002;S008;S010;S013;S014;S015,S003;S004;S005;S006;S007;S011,S009;S012
3,"1,2,7|3,4,5,6,9|8",False,False,12,5,6,3.1863346728705517,0.4823318848432543,0.44416213222430345,4.14637582142671,,0,0,0,5,2,4,6,2,7,5,9,1,0,2,0,0,3,3,3,S001;S002;S008;S013;S015,S003;S004;S005;S006;S007;S010;S011;S014,S009;S012
3,"1,2,7|3,4,5,6|8,9",False,False,14,5,6,3.083558259859969,0.18805853789793633,0.150406528079302,1.5926513944775411,,0,0,0,5,2,4,6,2,7,6,10,1,0,2,0,0,3,4,4,S001;S002;S008;S013;S015,S003;S004;S005;S006;S007;S011,S009;S010;S012;S014
3,"1,2,8|3,4,5,6,7|9",False,False,11,4,7,4.0317251924056,0.5048542844336285,0.37518897363785614,4.364530366788743,,0,0,0,4,2,4,6,2,6,6,9,0,0,2,0,0,2,4,3,S001;S002;S009;S012;S013,S003;S004;S005;S006;S007;S008;S011;S015,S010;S014
3,"1,2|3,4,5,6,7,8|9",False,False,11,4,6,3.3587158768407406,0.6999304959148962,0.53975384662922,5.379773580628725,,0,0,0,4,2,4,6,2,6,6,9,0,0,2,0,0,2,4,3,S001;S002;S013,S003;S004;S005;S006;S007;S008;S009;S011;S012;S015,S010;S014
3,"1,2,9|3,4,5,6,7|8",False,False,9,5,6,3.613298635243413,0.5024195225377658,0.43444617019681875,4.298999793636304,,0,0,0,5,2,4,6,2,6,5,7,1,0,2,0,0,2,3,1,S001;S002;S010;S013;S014,S003;S004;S005;S006;S007;S008;S011;S015,S009;S012
3,"1,2|3,4,5,6,7,9|8",False,False,10,5,6,3.208374651706344,0.6956446525213646,0.6225392697724331,5.283985446697379,,0,0,0,5,2,4,6,2,6,5,8,1,0,2,0,0,2,3,2,S001;S002;S013,S003;S004;S005;S006;S007;S008;S010;S011;S014;S015,S009;S012
3,"1,2|3,4,5,6,7|8,9",False,False,12,5,6,3.1055982386957615,0.42756243147676276,0.35511946624103186,2.438852232856244,,0,0,0,5,2,4,6,2,6,6,9,1,0,2,0,0,2,4,3,S001;S002;S013,S003;S004;S005;S006;S007;S008;S011;S015,S009;S010;S012;S014
3,"1,2,8,9|3,4,5,6|7",False,False,12,4,5,2.697258600986005,0.4168669092010705,0.4114756369061579,3.294363818274937,,0,0,0,4,2,5,6,2,7,6,8,0,0,3,0,0,3,4,2,S001;S002;S009;S010;S012;S013;S014,S003;S004;S005;S006;S007;S011,S008;S015
3,"1,2,8|3,4,5,6,9|7",False,False,13,4,6,3.218461571158774,0.4584393418431028,0.44639709744678097,3.6448142924600937,,0,0,0,4,2,5,6,2,7,6,9,0,0,3,0,0,3,4,3,S001;S002;S009;S012;S013,S003;S004;S005;S006;S007;S010;S011;S014,S008;S015
3,"1,2,8|3,4,5,6|7,9",False,False,14,4,8,4.563015082030798,0.15952659188929788,0.06661251904554494,1.4893984739522883,,0,0,0,4,2,5,6,2,7,6,10,0,0,3,0,0,3,4,4,S001;S002;S009;S012;S013,S003;S004;S005;S006;S007;S011,S008;S010;S014;S015
3,"1,2,9|3,4,5,6,8|7",False,False,12,4,5,2.9503762391309842,0.4605568517890849,0.42088242568159034,3.658012446383372,,0,0,0,4,2,5,6,2,7,6,8,0,0,3,0,0,3,4,2,S001;S002;S010;S013;S014,S003;S004;S005;S006;S007;S009;S011;S012,S008;S015
3,"1,2|3,4,5,6,8,9|7",False,False,13,4,4,2.024249285421146,0.6565429025234778,0.5856308865767408,4.523850455469062,,0,0,0,4,2,5,6,2,7,6,9,0,0,3,0,0,3,4,3,S001;S002;S013,S003;S004;S005;S006;S007;S009;S010;S011;S012;S014,S008;S015
3,"1,2|3,4,5,6,8|7,9",False,False,14,4,7,3.8900057664659395,0.39377278568170776,0.284719650711702,2.360785343355417,,0,0,0,4,2,5,6,2,7,6,10,0,0,3,0,0,3,4,4,S001;S002;S013,S003;S004;S005;S006;S007;S009;S011;S012,S008;S010;S014;S015
3,"1,2,9|3,4,5,6|7,8",False,False,12,4,7,4.144588524868612,0.15677698396688144,0.12651229169221134,1.478937094496536,,0,0,0,4,2,5,6,2,7,6,8,0,0,3,0,0,3,4,2,S001;S002;S010;S013;S014,S003;S004;S005;S006;S007;S011,S008;S009;S012;S015
3,"1,2|3,4,5,6,9|7,8",False,False,13,4,7,3.739664541331543,0.3901811276127198,0.34313295647078007,2.3522676007839753,,0,0,0,4,2,5,6,2,7,6,9,0,0,3,0,0,3,4,3,S001;S002;S013,S003;S004;S005;S006;S007;S010;S011;S014,S008;S009;S012;S015
3,"1,2|3,4,5,6|7,8,9",False,False,14,4,7,3.6368881283209604,0.242481123380994,0.2206603293960515,1.7934784464194338,,0,0,0,4,2,5,6,2,7,6,10,0,0,3,0,0,3,4,4,S001;S002;S013,S003;S004;S005;S006;S007;S011,S008;S009;S010;S012;S014;S015
3,"1,2,7,8,9|3,4,5|6",False,False,11,5,6,3.3752152278633867,0.6184015320775796,0.5585943394201388,5.532523235820112,,0,0,0,4,3,4,6,3,7,5,8,0,1,2,0,0,3,3,2,S001;S002;S008;S009;S010;S012;S013;S014;S015,S003;S004;S005;S011,S006;S007
3,"1,2,7,8|3,4,5,9|6",False,False,12,5,7,3.8964181980361556,0.4841271306303537,0.4723447286130159,4.417045109971176,,0,0,0,4,3,4,6,3,7,5,9,0,1,2,0,0,3,3,3,S001;S002;S008;S009;S012;S013;S015,S003;S004;S005;S010;S011;S014,S006;S007
3,"1,2,7,8|3,4,5|6,9",False,False,15,5,9,5.24097170890818,0.32713866463890307,0.21562305325884418,2.0879653899510906,,0,0,0,4,3,4,6,3,7,6,11,0,1,2,0,0,3,4,5,S001;S002;S008;S009;S012;S013;S015,S003;S004;S005;S011,S006;S007;S010;S014
3,"1,2,7,9|3,4,5,8|6",False,False,11,5,6,3.628332866008366,0.48323261114200033,0.4780245695063294,4.400041638365038,,0,0,0,4,3,4,6,3,7,5,8,0,1,2,0,0,3,3,2,S001;S002;S008;S010;S013;S014;S015,S003;S004;S005;S009;S011;S012,S006;S007
3,"1,2,7|3,4,5,8,9|6",False,False,12,5,5,2.7022059122985276,0.5177062286364664,0.5000913536164321,4.82817591135349,,0,0,0,4,3,4,6,3,7,5,9,0,1,2,0,0,3,3,3,S001;S002;S008;S013;S015,S003;S004;S005;S009;S010;S011;S012;S014,S006;S007
3,"1,2,7|3,4,5,8|6,9",False,False,15,5,8,4.567962393343322,0.22223115663119902,0.13272398101985153,1.7550159182169078,,0,0,0,4,3,4,6,3,7,6,11,0,1,2,0,0,3,4,5,S001;S002;S008;S013;S015,S003;S004;S005;S009;S011;S012,S006;S007;S010;S014
3,"1,2,7,9|3,4,5|6,8",False,False,13,5,8,4.822545151745993,0.3228204107668943,0.27788884004287745,2.063343310261666,,0,0,0,5,2,4,6,2,7,6,9,1,0,2,0,0,3,4,3,S001;S002;S008;S010;S013;S014;S015,S003;S004;S005;S011,S006;S007;S009;S012
3,"1,2,7|3,4,5,9|6,8",False,False,14,5,8,4.417621168208925,0.21781946842485397,0.2160568596227477,1.7330486313733706,,0,0,0,5,2,4,6,2,7,6,10,1,0,2,0,0,3,4,4,S001;S002;S008;S013;S015,S003;S004;S005;S010;S011;S014,S006;S007;S009;S012
3,"1,2,7|3,4,5|6,8,9",False,False,15,5,8,4.314844755198342,0.10658155372731784,0.06785495922544223,1.272979964907156,,0,0,0,5,2,4,6,2,7,6,11,1,0,2,0,0,3,4,5,S001;S002;S008;S013;S015,S003;S004;S005;S011,S006;S007;S009;S010;S012;S014
3,"1,2,8,9|3,4,5,7|6",False,False,10,5,6,3.397255206699179,0.47700010190093406,0.46622608520708636,4.244201270113315,,0,0,0,4,3,5,6,3,6,5,7,0,1,3,0,0,2,3,1,S001;S002;S009;S010;S012;S013;S014,S003;S004;S005;S008;S011;S015,S006;S007
3,"1,2,8|3,4,5,7,9|6",False,False,11,5,7,3.918458176871948,0.5358687839128227,0.5309890830733103,4.984016279605212,,0,0,0,4,3,5,6,3,6,5,8,0,1,3,0,0,2,3,2,S001;S002;S009;S012;S013,S003;S004;S005;S008;S010;S011;S014;S015,S006;S007
3,"1,2,8|3,4,5,7|6,9",False,False,14,5,9,5.2630116877439725,0.23656323583862401,0.15966408059835172,1.8286826540472225,,0,0,0,4,3,5,6,3,6,6,10,0,1,3,0,0,2,4,4,S001;S002;S009;S012;S013,S003;S004;S005;S008;S011;S015,S006;S007;S010;S014
3,"1,2,9|3,4,5,7,8|6",False,False,10,5,6,3.650372844844158,0.5380107374046051,0.5034136898771686,5.001019751211351,,0,0,0,4,3,5,6,3,6,5,7,0,1,3,0,0,2,3,1,S001;S002;S010;S013;S014,S003;S004;S005;S008;S009;S011;S012;S015,S006;S007
3,"1,2|3,4,5,7,8,9|6",False,False,11,5,5,2.72424589113432,0.7291290481682572,0.6739818809290724,6.1164978770602865,,0,0,0,4,3,5,6,3,6,5,8,0,1,3,0,0,2,3,2,S001;S002;S013,S003;S004;S005;S008;S009;S010;S011;S012;S014;S015,S006;S007
3,"1,2|3,4,5,7,8|6,9",False,False,14,5,8,4.590002372179114,0.4573426509525259,0.3583368598519624,2.5052177474237705,,0,0,0,4,3,5,6,3,6,6,10,0,1,3,0,0,2,4,4,S001;S002;S013,S003;S004;S005;S008;S009;S011;S012;S015,S006;S007;S010;S014
3,"1,2,9|3,4,5,7|6,8",False,False,12,5,8,4.844585130581786,0.23396204248183894,0.20867581610158056,1.8141015417779127,,0,0,0,5,2,5,6,2,6,6,8,1,0,3,0,0,2,4,2,S001;S002;S010;S013;S014,S003;S004;S005;S008;S011;S015,S006;S007;S009;S012
3,"1,2|3,4,5,7,9|6,8",False,False,13,5,8,4.439661147044717,0.4534734536460515,0.42363027927632313,2.496700004852329,,0,0,0,5,2,5,6,2,6,6,9,1,0,3,0,0,2,4,3,S001;S002;S013,S003;S004;S005;S008;S010;S011;S014;S015,S006;S007;S009;S012
3,"1,2|3,4,5,7|6,8,9",False,False,14,5,8,4.336884734034134,0.2563565166337862,0.24307264434502918,1.9379108504877873,,0,0,0,5,2,5,6,2,6,6,10,1,0,3,0,0,2,4,4,S001;S002;S013,S003;S004;S005;S008;S011;S015,S006;S007;S009;S010;S012;S014
3,"1,2,8,9|3,4,5|6,7",False,False,13,5,6,3.397255206699179,0.28361123413552863,0.27390196774415276,1.8547220774513713,,0,0,0,4,3,5,6,3,7,6,8,0,1,3,0,0,3,4,2,S001;S002;S009;S010;S012;S013;S014,S003;S004;S005;S011,S006;S007;S008;S015
3,"1,2,8|3,4,5,9|6,7",False,False,14,5,7,3.918458176871948,0.19033594556854305,0.25228745526047297,1.6150237463445938,,0,0,0,4,3,5,6,3,7,6,9,0,1,3,0,0,3,4,3,S001;S002;S009;S012;S013,S003;S004;S005;S010;S011;S014,S006;S007;S008;S015
3,"1,2,8|3,4,5|6,7,9",False,False,15,5,9,5.2630116877439725,0.11270410718305089,0.10669257744314017,1.3191918209492528,,0,0,0,4,3,5,6,3,7,6,10,0,1,3,0,0,3,4,4,S001;S002;S009;S012;S013,S003;S004;S005;S011,S006;S007;S008;S010;S014;S015
3,"1,2,9|3,4,5,8|6,7",False,False,13,5,6,3.650372844844158,0.19221137089168092,0.22720584794204382,1.622454287964591,,0,0,0,4,3,5,6,3,7,6,8,0,1,3,0,0,3,4,2,S001;S002;S010;S013;S014,S003;S004;S005;S009;S011;S012,S006;S007;S008;S015
3,"1,2|3,4,5,8,9|6,7",False,False,14,5,5,2.72424589113432,0.41867052691710827,0.40238894736963315,2.4186331153515015,,0,0,0,4,3,5,6,3,7,6,9,0,1,3,0,0,3,4,3,S001;S002;S013,S003;S004;S005;S009;S010;S011;S012;S014,S006;S007;S008;S015
3,"1,2|3,4,5,8|6,7,9",False,False,15,5,8,4.590002372179114,0.24593855783265925,0.23717262636453307,1.85984396098696,,0,0,0,4,3,5,6,3,7,6,10,0,1,3,0,0,3,4,4,S001;S002;S013,S003;S004;S005;S009;S011;S012,S006;S007;S008;S010;S014;S015
3,"1,2,9|3,4,5|6,7,8",False,False,12,4,8,4.844585130581786,0.11428494919985638,0.07263782408220391,1.325781761623562,,0,0,0,4,2,5,6,2,7,6,8,0,0,3,0,0,3,4,2,S001;S002;S010;S013;S014,S003;S004;S005;S011,S006;S007;S008;S009;S012;S015
3,"1,2|3,4,5,9|6,7,8",False,False,13,4,8,4.439661147044717,0.2452084198022276,0.24774788948164672,1.8513262184155184,,0,0,0,4,2,5,6,2,7,6,9,0,0,3,0,0,3,4,3,S001;S002;S013,S003;S004;S005;S010;S011;S014,S006;S007;S008;S009;S012;S015
3,"1,2|3,4,5|6,7,8,9",False,False,14,4,8,4.336884734034134,0.3575965495122411,0.3101758325380628,2.272411220105792,,0,0,0,4,2,5,6,2,7,6,10,0,0,3,0,0,3,4,4,S001;S002;S013,S003;S004;S005;S011,S006;S007;S008;S009;S010;S012;S014;S015
3,"1,2,6,7,8,9|3,4|5",False,False,11,5,5,2.8439253382381877,0.8197572280452204,0.7502332897708578,7.129532386361607,,0,0,0,4,3,4,6,3,7,5,8,0,1,2,0,0,3,3,2,S001;S002;S006;S007;S008;S009;S010;S012;S013;S014;S015,S003;S004,S005;S011
3,"1,2,6,7,8|3,4,9|5",False,False,12,5,6,3.3651283084109567,0.6078791964435163,0.5874961176897344,5.912110398344825,,0,0,0,4,3,4,6,3,7,5,9,0,1,2,0,0,3,3,3,S001;S002;S006;S007;S008;S009;S012;S013;S015,S003;S004;S010;S014,S005;S011
3,"1,2,6,7,8|3,4|5,9",False,False,14,5,8,4.709681819282981,0.5561079686652499,0.41678657461326296,3.255526388608265,,0,0,0,4,3,4,6,3,7,6,10,0,1,2,0,0,3,4,4,S001;S002;S006;S007;S008;S009;S012;S013;S015,S003;S004,S005;S010;S011;S014
3,"1,2,6,7,9|3,4,8|5",False,False,11,5,6,3.3651283084109567,0.6052252318455559,0.6086411814351789,5.893552974647989,,0,0,0,4,3,4,6,3,7,5,8,0,1,2,0,0,3,3,2,S001;S002;S006;S007;S008;S010;S013;S014;S015,S003;S004;S009;S012,S005;S011
3,"1,2,6,7|3,4,8,9|5",False,False,12,5,5,2.4390013547011185,0.4963467988819253,0.526593407273237,4.6761309866312075,,0,0,0,4,3,4,6,3,7,5,9,0,1,2,0,0,3,3,3,S001;S002;S006;S007;S008;S013;S015,S003;S004;S009;S010;S012;S014,S005;S011
3,"1,2,6,7|3,4,8|5,9",False,False,14,5,8,4.304757835745912,0.3079373647737667,0.21015923060645367,2.1088142049197622,,0,0,0,4,3,4,6,3,7,6,10,0,1,2,0,0,3,4,4,S001;S002;S006;S007;S008;S013;S015,S003;S004;S009;S012,S005;S010;S011;S014
3,"1,2,6,7,9|3,4|5,8",False,False,13,6,6,4.023169930093005,0.5523748406804684,0.49159894056190506,3.245307671690098,,0,0,0,5,4,4,6,4,7,5,8,1,2,2,0,0,3,3,2,S001;S002;S006;S007;S008;S010;S013;S014;S015,S003;S004,S005;S009;S011;S012
3,"1,2,6,7|3,4,9|5,8",False,False,14,6,6,3.618245946555936,0.3064422435531733,0.2825519235339939,2.0913121838843307,,0,0,0,5,4,4,6,4,7,5,9,1,2,2,0,0,3,3,3,S001;S002;S006;S007;S008;S013;S015,S003;S004;S010;S014,S005;S009;S011;S012
3,"1,2,6,7|3,4|5,8,9",False,False,16,6,6,3.515469533545353,0.3534395046663231,0.24932993700073544,2.5749295594731545,,0,0,0,5,4,4,6,4,7,6,10,1,2,2,0,0,3,4,4,S001;S002;S006;S007;S008;S013;S015,S003;S004,S005;S009;S010;S011;S012;S014
3,"1,2,6,8,9|3,4,7|5",False,False,10,5,6,3.397255206699179,0.5820103593991736,0.5945183091802554,5.723470310959814,,0,0,0,4,3,4,6,3,6,5,8,0,1,2,0,0,2,3,2,S001;S002;S006;S007;S009;S010;S012;S013;S014,S003;S004;S008;S015,S005;S011
3,"1,2,6,8|3,4,7,9|5",False,False,11,5,7,3.918458176871948,0.49388145906341824,0.5375660862441939,4.506048322943033,,0,0,0,4,3,4,6,3,6,5,9,0,1,2,0,0,2,3,3,S001;S002;S006;S007;S009;S012;S013,S003;S004;S008;S010;S014;S015,S005;S011
3,"1,2,6,8|3,4,7|5,9",False,False,13,5,9,5.2630116877439725,0.2825314754848992,0.23206083265932573,2.0321113199446326,,0,0,0,4,3,4,6,3,6,6,10,0,1,2,0,0,2,4,4,S001;S002;S006;S007;S009;S012;S013,S003;S004;S008;S015,S005;S010;S011;S014
3,"1,2,6,9|3,4,7,8|5",False,False,10,5,7,3.918458176871948,0.4938267727979176,0.5385932252039637,4.487490899246197,,0,0,0,4,3,4,6,3,6,5,8,0,1,2,0,0,2,3,2,S001;S002;S006;S007;S010;S013;S014,S003;S004;S008;S009;S012;S015,S005;S011
3,"1,2,6|3,4,7,8,9|5",False,False,11,5,6,2.9923312231621098,0.5758429279343958,0.5913712023711085,5.675486352118375,,0,0,0,4,3,4,6,3,6,5,9,0,1,2,0,0,2,3,3,S001;S002;S006;S007;S013,S003;S004;S008;S009;S010;S012;S014;S015,S005;S011
3,"1,2,6|3,4,7,8|5,9",False,False,13,5,9,4.858087704206904,0.27609153772693434,0.22393737107015232,2.0104717948110538,,0,0,0,4,3,4,6,3,6,6,10,0,1,2,0,0,2,4,4,S001;S002;S006;S007;S013,S003;S004;S008;S009;S012;S015,S005;S010;S011;S014
3,"1,2,6,9|3,4,7|5,8",False,False,12,6,7,4.576499798553996,0.2779724581848141,0.3212039630363126,2.006946430605574,,0,0,0,5,4,4,6,4,6,5,8,1,2,2,0,0,2,3,2,S001;S002;S006;S007;S010;S013;S014,S003;S004;S008;S015,S005;S009;S011;S012
3,"1,2,6|3,4,7,9|5,8",False,False,13,6,7,4.1715758150169275,0.27152385557932474,0.31408924158594986,1.9854865018646983,,0,0,0,5,4,4,6,4,6,5,9,1,2,2,0,0,2,3,3,S001;S002;S006;S007;S013,S003;S004;S008;S010;S014;S015,S005;S009;S011;S012
3,"1,2,6|3,4,7|5,8,9",False,False,15,6,7,4.068799402006345,0.030066969624878606,0.0280830380350282,1.0717909213321604,,0,0,0,5,4,4,6,4,6,6,10,1,2,2,0,0,2,4,4,S001;S002;S006;S007;S013,S003;S004;S008;S015,S005;S009;S010;S011;S012;S014
3,"1,2,6,8,9|3,4|5,7",False,False,15,5,7,3.928545096324378,0.518784673714826,0.4663824627426379,3.151650997072409,,0,0,0,4,3,5,6,3,7,6,10,0,1,3,0,0,3,4,4,S001;S002;S006;S007;S009;S010;S012;S013;S014,S003;S004,S005;S008;S011;S015
3,"1,2,6,8|3,4,9|5,7",False,False,16,5,8,4.449748066497147,0.26549304798608575,0.28616924187008175,1.872789721017718,,0,0,0,4,3,5,6,3,7,6,11,0,1,3,0,0,3,4,5,S001;S002;S006;S007;S009;S012;S013,S003;S004;S010;S014,S005;S008;S011;S015
3,"1,2,6,8|3,4|5,7,9",False,False,16,5,10,5.794301577369172,0.33772670931424653,0.2640352037544522,2.4812728848554655,,0,0,0,4,3,5,6,3,7,6,11,0,1,3,0,0,3,4,5,S001;S002;S006;S007;S009;S012;S013,S003;S004,S005;S008;S010;S011;S014;S015
3,"1,2,6,9|3,4,8|5,7",False,False,15,5,8,4.449748066497147,0.2623924225058444,0.30851605916400887,1.8650769425792244,,0,0,0,4,3,5,6,3,7,6,10,0,1,3,0,0,3,4,4,S001;S002;S006;S007;S010;S013;S014,S003;S004;S009;S012,S005;S008;S011;S015
3,"1,2,6|3,4,8,9|5,7",False,False,16,5,7,3.5236211127873087,0.2296653286794183,0.2651502432798705,1.7744447744572953,,0,0,0,4,3,5,6,3,7,6,11,0,1,3,0,0,3,4,5,S001;S002;S006;S007;S013,S003;S004;S009;S010;S012;S014,S005;S008;S011;S015
3,"1,2,6|3,4,8|5,7,9",False,False,16,5,10,5.389377593832103,0.07102996108695797,0.07719937916316165,1.1872481474980252,,0,0,0,4,3,5,6,3,7,6,11,0,1,3,0,0,3,4,5,S001;S002;S006;S007;S013,S003;S004;S009;S012,S005;S008;S010;S011;S014;S015
3,"1,2,6,9|3,4|5,7,8",False,False,16,5,8,5.107789688179196,0.33628372562423436,0.28560408239820645,2.471054167937299,,0,0,0,4,4,5,6,4,7,6,10,0,2,3,0,0,3,4,4,S001;S002;S006;S007;S010;S013;S014,S003;S004,S005;S008;S009;S011;S012;S015
3,"1,2,6|3,4,9|5,7,8",False,False,17,5,8,4.702865704642127,0.0755608658497045,0.013889433946833922,1.2006288721887974,,0,0,0,4,4,5,6,4,7,6,11,0,2,3,0,0,3,4,5,S001;S002;S006;S007;S013,S003;S004;S010;S014,S005;S008;S009;S011;S012;S015
3,"1,2,6|3,4|5,7,8,9",False,False,17,5,8,4.600089291631544,0.3749078494562932,0.27282066719887543,2.675882301216825,,0,0,0,4,4,5,6,4,7,6,11,0,2,3,0,0,3,4,5,S001;S002;S006;S007;S013,S003;S004,S005;S008;S009;S010;S011;S012;S014;S015
3,"1,2,7,8,9|3,4,6|5",False,False,13,5,4,2.143928732525014,0.6264884594887424,0.6324126748548174,6.03814210285402,,0,0,0,4,3,5,6,3,8,5,8,0,1,3,0,0,4,3,2,S001;S002;S008;S009;S010;S012;S013;S014;S015,S003;S004;S006;S007,S005;S011
3,"1,2,7,8|3,4,6,9|5",False,False,14,5,5,2.6651317026977828,0.5011939092199637,0.5319304184880438,4.820720114837239,,0,0,0,4,3,5,6,3,8,5,9,0,1,3,0,0,4,3,3,S001;S002;S008;S009;S012;S013;S015,S003;S004;S006;S007;S010;S014,S005;S011
3,"1,2,7,8|3,4,6|5,9",False,False,16,5,7,4.009685213569807,0.3321718228090317,0.2654778622707807,2.174020164357077,,0,0,0,4,3,5,6,3,8,6,10,0,1,3,0,0,4,4,4,S001;S002;S008;S009;S012;S013;S015,S003;S004;S006;S007,S005;S010;S011;S014
3,"1,2,7,9|3,4,6,8|5",False,False,12,4,5,2.6651317026977828,0.5004327005146415,0.5399071247895869,4.802162691140403,,0,0,0,4,2,5,6,2,8,5,8,0,0,3,0,0,4,3,2,S001;S002;S008;S010;S013;S014;S015,S003;S004;S006;S007;S009;S012,S005;S011
3,"1,2,7|3,4,6,8,9|5",False,False,13,4,4,1.7390047489879445,0.5400812822829395,0.5566822932431668,5.36081456022417,,0,0,0,4,2,5,6,2,8,5,9,0,0,3,0,0,4,3,3,S001;S002;S008;S013;S015,S003;S004;S006;S007;S009;S010;S012;S014,S005;S011
3,"1,2,7|3,4,6,8|5,9",False,False,15,4,7,3.604761230032738,0.2440428184167111,0.16858658782101887,1.86856295039861,,0,0,0,4,2,5,6,2,8,6,10,0,0,3,0,0,4,4,4,S001;S002;S008;S013;S015,S003;S004;S006;S007;S009;S012,S005;S010;S011;S014
3,"1,2,7,9|3,4,6|5,8",False,False,14,6,5,3.323173324379831,0.3277629575284628,0.3507540961113085,2.1476775081126998,,0,0,0,5,3,5,6,3,8,5,8,1,1,3,0,0,4,3,2,S001;S002;S008;S010;S013;S014;S015,S003;S004;S006;S007,S005;S009;S011;S012
3,"1,2,7|3,4,6,9|5,8",False,False,15,6,5,2.918249340842762,0.23960338181067983,0.2651921916178098,1.8447554243575732,,0,0,0,5,3,5,6,3,8,5,9,1,1,3,0,0,4,3,3,S001;S002;S008;S013;S015,S003;S004;S006;S007;S010;S014,S005;S009;S011;S012
3,"1,2,7|3,4,6|5,8,9",False,False,17,6,5,2.8154729278321793,0.08846606855115653,0.0690411119777639,1.232965700174109,,0,0,0,5,3,5,6,3,8,6,10,1,1,3,0,0,4,4,4,S001;S002;S008;S013;S015,S003;S004;S006;S007,S005;S009;S010;S011;S012;S014
3,"1,2,8,9|3,4,6,7|5",False,False,11,5,4,2.1659687113608057,0.49536966157084544,0.5263176433004781,4.632080027452228,,0,0,0,4,3,5,6,3,7,5,7,0,1,3,0,0,3,3,1,S001;S002;S009;S010;S012;S013;S014,S003;S004;S006;S007;S008;S015,S005;S011
3,"1,2,8|3,4,6,7,9|5",False,False,12,5,5,2.687171681533575,0.5583603486939681,0.576325776131472,5.530897223912343,,0,0,0,4,3,5,6,3,7,5,8,0,1,3,0,0,3,3,2,S001;S002;S009;S012;S013,S003;S004;S006;S007;S008;S010;S014;S015,S005;S011
3,"1,2,8|3,4,6,7|5,9",False,False,14,5,7,4.0317251924056,0.2589888953442272,0.18052526014801346,1.9452658353737395,,0,0,0,4,3,5,6,3,7,6,9,0,1,3,0,0,3,4,3,S001;S002;S009;S012;S013,S003;S004;S006;S007;S008;S015,S005;S010;S011;S014
3,"1,2,9|3,4,6,7,8|5",False,False,10,4,5,2.687171681533575,0.5605081214670674,0.5586851478989526,5.54945464760918,,0,0,0,4,2,5,6,2,7,5,7,0,0,3,0,0,3,3,1,S001;S002;S010;S013;S014,S003;S004;S006;S007;S008;S009;S012;S015,S005;S011
3,"1,2|3,4,6,7,8,9|5",False,False,11,4,4,1.7610447278237367,0.7503944899722894,0.7247881090551817,6.7668766356259615,,0,0,0,4,2,5,6,2,7,5,8,0,0,3,0,0,3,3,2,S001;S002;S013,S003;S004;S006;S007;S008;S009;S010;S012;S014;S015,S005;S011
3,"1,2|3,4,6,7,8|5,9",False,False,13,4,7,3.6268012088685304,0.4765786189266655,0.3773310594643863,2.5471653216757613,,0,0,0,4,2,5,6,2,7,6,9,0,0,3,0,0,3,4,3,S001;S002;S013,S003;S004;S006;S007;S008;S009;S012;S015,S005;S010;S011;S014
3,"1,2,9|3,4,6,7|5,8",False,False,12,6,5,3.345213303215623,0.2564145967705525,0.26277607903351474,1.92912117763633,,0,0,0,5,3,5,6,3,7,5,7,1,1,3,0,0,3,3,1,S001;S002;S010;S013;S014,S003;S004;S006;S007;S008;S015,S005;S009;S011;S012
3,"1,2|3,4,6,7,9|5,8",False,False,13,6,5,2.9402893196785542,0.4726492381317658,0.4537946714530258,2.5386475791043193,,0,0,0,5,3,5,6,3,7,5,8,1,1,3,0,0,3,3,2,S001;S002;S013,S003;S004;S006;S007;S008;S010;S014;S015,S005;S009;S011;S012
3,"1,2|3,4,6,7|5,8,9",False,False,15,6,5,2.8375129066679716,0.2645372387873021,0.2254112968721534,1.979858424739778,,0,0,0,5,3,5,6,3,7,6,9,1,1,3,0,0,3,4,3,S001;S002;S013,S003;S004;S006;S007;S008;S015,S005;S009;S010;S011;S012;S014
3,"1,2,8,9|3,4,6|5,7",False,False,16,5,5,2.697258600986005,0.2875899819707302,0.29723893606564417,1.925170624153041,,0,0,0,4,3,6,6,3,8,6,9,0,1,4,0,0,4,4,3,S001;S002;S009;S010;S012;S013;S014,S003;S004;S006;S007,S005;S008;S011;S015
3,"1,2,8|3,4,6,9|5,7",False,False,17,5,6,3.218461571158774,0.21271896673227925,0.24642469351882842,1.7143510928834786,,0,0,0,4,3,6,6,3,8,6,10,0,1,4,0,0,4,4,4,S001;S002;S009;S012;S013,S003;S004;S006;S007;S010;S014,S005;S008;S011;S015
3,"1,2,8|3,4,6|5,7,9",False,False,17,5,8,4.563015082030798,0.09069708015060964,0.12454138959217513,1.2462914155631017,,0,0,0,4,3,6,6,3,8,6,10,0,1,4,0,0,4,4,4,S001;S002;S009;S012;S013,S003;S004;S006;S007,S005;S008;S010;S011;S014;S015
3,"1,2,9|3,4,6,8|5,7",False,False,15,4,6,3.218461571158774,0.21463847040707282,0.23504329159975376,1.7220638713219723,,0,0,0,4,2,6,6,2,8,6,9,0,0,4,0,0,4,4,3,S001;S002;S010;S013;S014,S003;S004;S006;S007;S009;S012,S005;S008;S011;S015
3,"1,2|3,4,6,8,9|5,7",False,False,16,4,5,2.292334617448936,0.4372166431162101,0.4032467256711033,2.4605806896034923,,0,0,0,4,2,6,6,2,8,6,10,0,0,4,0,0,4,4,4,S001;S002;S013,S003;S004;S006;S007;S009;S010;S012;S014,S005;S008;S011;S015
3,"1,2|3,4,6,8|5,7,9",False,False,16,4,8,4.158091098493729,0.25072158877389683,0.2294353881922322,1.9017915352389505,,0,0,0,4,2,6,6,2,8,6,10,0,0,4,0,0,4,4,4,S001;S002;S013,S003;S004;S006;S007;S009;S012,S005;S008;S010;S011;S014;S015
3,"1,2,9|3,4,6|5,7,8",False,False,16,5,6,3.8765031928408225,0.09209733404979654,0.09449937147572544,1.252674211083531,,0,0,0,4,3,6,6,3,8,6,9,0,1,4,0,0,4,4,3,S001;S002;S010;S013;S014,S003;S004;S006;S007,S005;S008;S009;S011;S012;S015
3,"1,2|3,4,6,9|5,7,8",False,False,17,5,6,3.471579209303753,0.2495935886546395,0.2294495052951171,1.8932737926675087,,0,0,0,4,3,6,6,3,8,6,10,0,1,4,0,0,4,4,4,S001;S002;S013,S003;S004;S006;S007;S010;S014,S005;S008;S009;S011;S012;S015
3,"1,2|3,4,6|5,7,8,9",False,False,17,5,6,3.3688027962931706,0.3413901587896127,0.3013836714944742,2.2304636458538023,,0,0,0,4,3,6,6,3,8,6,10,0,1,4,0,0,4,4,4,S001;S002;S013,S003;S004;S006;S007,S005;S008;S009;S010;S011;S012;S014;S015
3,"1,2,7,8,9|3,4|5,6",False,False,12,5,6,3.3752152278633867,0.5817775996721085,0.5023363877691569,3.3249262326886178,,0,0,0,4,3,4,6,3,8,5,8,0,1,2,0,0,4,3,2,S001;S002;S008;S009;S010;S012;S013;S014;S015,S003;S004,S005;S006;S007;S011
3,"1,2,7,8|3,4,9|5,6",False,False,13,5,7,3.8964181980361556,0.341433082948565,0.32926211217109985,2.305031324307457,,0,0,0,4,3,4,6,3,8,5,9,0,1,2,0,0,4,3,3,S001;S002;S008;S009;S012;S013;S015,S003;S004;S010;S014,S005;S006;S007;S011
3,"1,2,7,8|3,4|5,6,9",False,False,16,5,9,5.24097170890818,0.37001577748932146,0.26647289989350637,2.654548120471674,,0,0,0,4,3,4,6,3,8,6,11,0,1,2,0,0,4,4,5,S001;S002;S008;S009;S012;S013;S015,S003;S004,S005;S006;S007;S010;S011;S014
3,"1,2,7,9|3,4,8|5,6",False,False,11,4,7,3.8964181980361556,0.3385048870861414,0.35021574415796863,2.296158076763382,,0,0,0,4,2,4,6,2,8,5,8,0,0,2,0,0,4,3,2,S001;S002;S008;S010;S013;S014;S015,S003;S004;S009;S012,S005;S006;S007;S011
3,"1,2,7|3,4,8,9|5,6",False,False,12,4,6,2.9702912443263174,0.2743069306344973,0.3068012094070909,2.04142876171161,,0,0,0,4,2,4,6,2,8,5,9,0,0,2,0,0,4,3,3,S001;S002;S008;S013;S015,S003;S004;S009;S010;S012;S014,S005;S006;S007;S011
3,"1,2,7|3,4,8|5,6,9",False,False,15,4,9,4.836047725371111,0.0656181238126043,0.04304351485790099,1.1745537401450552,,0,0,0,4,2,4,6,2,8,6,11,0,0,2,0,0,4,4,5,S001;S002;S008;S013;S015,S003;S004;S009;S012,S005;S006;S007;S010;S011;S014
3,"1,2,7,9|3,4|5,6,8",False,False,15,6,7,4.554459819718204,0.367737211478938,0.2995731293715517,2.6443294035535074,,0,0,0,5,3,4,6,3,8,6,9,1,1,2,0,0,4,4,3,S001;S002;S008;S010;S013;S014;S015,S003;S004,S005;S006;S007;S009;S011;S012
3,"1,2,7|3,4,9|5,6,8",False,False,16,6,7,4.149535836181135,0.06793902294355376,0.042180569341738555,1.1817391983882708,,0,0,0,5,3,4,6,3,8,6,10,1,1,2,0,0,4,4,4,S001;S002;S008;S013;S015,S003;S004;S010;S014,S005;S006;S007;S009;S011;S012
3,"1,2,7|3,4|5,6,8,9",False,False,17,6,7,4.046759423170553,0.3409171685006317,0.24785828774339952,2.5026070656006163,,0,0,0,5,3,4,6,3,8,6,11,1,1,2,0,0,4,4,5,S001;S002;S008;S013;S015,S003;S004,S005;S006;S007;S009;S010;S011;S012;S014
3,"1,2,8,9|3,4,7|5,6",False,False,10,5,6,3.397255206699179,0.3135026381135318,0.31691785016207746,2.214832909945202,,0,0,0,4,3,4,6,3,7,5,7,0,1,2,0,0,3,3,1,S001;S002;S009;S010;S012;S013;S014,S003;S004;S008;S015,S005;S006;S007;S011
3,"1,2,8|3,4,7,9|5,6",False,False,11,5,7,3.918458176871948,0.28993604704812015,0.33539046192568595,2.122753928529789,,0,0,0,4,3,4,6,3,7,5,8,0,1,2,0,0,3,3,2,S001;S002;S009;S012;S013,S003;S004;S008;S010;S014;S015,S005;S006;S007;S011
3,"1,2,8|3,4,7|5,6,9",False,False,14,5,9,5.2630116877439725,0.02375332663108593,0.030745170549939856,1.0597666076137284,,0,0,0,4,3,4,6,3,7,6,10,0,1,2,0,0,3,4,4,S001;S002;S009;S012;S013,S003;S004;S008;S015,S005;S006;S007;S010;S011;S014
3,"1,2,9|3,4,7,8|5,6",False,False,9,4,7,3.918458176871948,0.29195452036067693,0.3179507621508096,2.1316271760738643,,0,0,0,4,2,4,6,2,7,5,7,0,0,2,0,0,3,3,1,S001;S002;S010;S013;S014,S003;S004;S008;S009;S012;S015,S005;S006;S007;S011
3,"1,2|3,4,7,8,9|5,6",False,False,10,4,6,2.9923312231621098,0.5035511971926734,0.4932664182627679,2.713738510154931,,0,0,0,4,2,4,6,2,7,5,8,0,0,2,0,0,3,3,2,S001;S002;S013,S003;S004;S008;S009;S010;S012;S014;S015,S005;S006;S007;S011
3,"1,2|3,4,7,8|5,6,9",False,False,13,4,9,4.858087704206904,0.2806981258605585,0.2600047323941679,2.046223939307304,,0,0,0,4,2,4,6,2,7,6,10,0,0,2,0,0,3,4,4,S001;S002;S013,S003;S004;S008;S009;S012;S015,S005;S006;S007;S010;S011;S014
3,"1,2,9|3,4,7|5,6,8",False,False,13,6,7,4.576499798553996,0.021586169349213834,0.05533204877913692,1.054007161798036,,0,0,0,5,3,4,6,3,7,6,8,1,1,2,0,0,3,4,2,S001;S002;S010;S013;S014,S003;S004;S008;S015,S005;S006;S007;S009;S011;S012
3,"1,2|3,4,7,9|5,6,8",False,False,14,6,7,4.1715758150169275,0.2784217115485368,0.2902778036630644,2.0377061967358623,,0,0,0,5,3,4,6,3,7,6,9,1,1,2,0,0,3,4,3,S001;S002;S013,S003;S004;S008;S010;S014;S015,S005;S006;S007;S009;S011;S012
3,"1,2|3,4,7|5,6,8,9",False,False,15,6,7,4.068799402006345,0.2920507457454405,0.2514821792646496,2.0860312417854483,,0,0,0,5,3,4,6,3,7,6,10,1,1,2,0,0,3,4,4,S001;S002;S013,S003;S004;S008;S015,S005;S006;S007;S009;S010;S011;S012;S014
3,"1,2,8,9|3,4|5,6,7",False,False,15,5,6,3.397255206699179,0.348955536488418,0.26928957856893376,2.550672728935819,,0,0,0,4,3,5,6,3,8,6,9,0,1,3,0,0,4,4,3,S001;S002;S009;S010;S012;S013;S014,S003;S004,S005;S006;S007;S008;S011;S015
3,"1,2,8|3,4,9|5,6,7",False,False,16,5,7,3.918458176871948,0.06095209109253974,0.059999602644968564,1.152963879205353,,0,0,0,4,3,5,6,3,8,6,10,0,1,3,0,0,4,4,4,S001;S002;S009;S012;S013,S003;S004;S010;S014,S005;S006;S007;S008;S011;S015
3,"1,2,8|3,4|5,6,7,9",False,False,16,5,9,5.2630116877439725,0.3576088633953733,0.2915199639443531,2.5962637402183053,,0,0,0,4,3,5,6,3,8,6,10,0,1,3,0,0,4,4,4,S001;S002;S009;S012;S013,S003;S004,S005;S006;S007;S008;S010;S011;S014;S015
3,"1,2,9|3,4,8|5,6,7",False,False,14,4,7,3.918458176871948,0.057505885993041524,0.07078664652529111,1.1459533866861364,,0,0,0,4,2,5,6,2,8,6,9,0,0,3,0,0,4,4,3,S001;S002;S010;S013;S014,S003;S004;S009;S012,S005;S006;S007;S008;S011;S015
3,"1,2|3,4,8,9|5,6,7",False,False,15,4,6,2.9923312231621098,0.2603833267470756,0.25939203556871715,1.9596393072350353,,0,0,0,4,2,5,6,2,8,6,10,0,0,3,0,0,4,4,4,S001;S002;S013,S003;S004;S009;S010;S012;S014,S005;S006;S007;S008;S011;S015
3,"1,2|3,4,8|5,6,7,9",False,False,15,4,9,4.858087704206904,0.31732434375186813,0.3000704230302435,2.1640981312862757,,0,0,0,4,2,5,6,2,8,6,10,0,0,3,0,0,4,4,4,S001;S002;S013,S003;S004;S009;S012,S005;S006;S007;S008;S010;S011;S014;S015
3,"1,2,9|3,4|5,6,7,8",False,False,15,5,7,4.576499798553996,0.3596784708957604,0.24411142372937203,2.606482457136472,,0,0,0,4,3,5,6,3,8,6,9,0,1,3,0,0,4,4,3,S001;S002;S010;S013;S014,S003;S004,S005;S006;S007;S008;S009;S011;S012;S015
3,"1,2|3,4,9|5,6,7,8",False,False,16,5,7,4.1715758150169275,0.32029279240913927,0.24857952222324511,2.1726158738577173,,0,0,0,4,3,5,6,3,8,6,10,0,1,3,0,0,4,4,4,S001;S002;S013,S003;S004;S010;S014,S005;S006;S007;S008;S009;S011;S012;S015
3,"1,2|3,4|5,6,7,8,9",False,False,16,5,7,4.068799402006345,0.5639415697750251,0.44804315394686484,3.276860569353415,,0,0,0,4,3,5,6,3,8,6,10,0,1,3,0,0,4,4,4,S001;S002;S013,S003;S004,S005;S006;S007;S008;S009;S010;S011;S012;S014;S015
3,"1,2,5,6,7,8,9|3|4",False,False,9,5,4,2.575840006210398,1.0269809903855092,0.8956291204051738,9.607440958206979,,0,0,0,4,3,4,6,3,6,5,7,0,1,2,0,0,2,3,1,S001;S002;S005;S006;S007;S008;S009;S010;S011;S012;S013;S014;S015,S003,S004
3,"1,2,5,6,7,8|3,9|4",False,False,11,5,6,4.023169930093005,0.7847742044796937,0.6254150231406836,8.168697705185892,,0,0,0,4,3,4,6,3,6,5,9,0,1,2,0,0,2,3,3,S001;S002;S005;S006;S007;S008;S009;S011;S012;S013;S015,S003;S010;S014,S004
3,"1,2,5,6,7,8|3|4,9",False,False,12,5,6,3.515469533545353,0.7789332284424806,0.6396439567805113,7.126971092340653,,0,0,0,4,3,4,6,3,6,6,9,0,1,2,0,0,2,4,3,S001;S002;S005;S006;S007;S008;S009;S011;S012;S013;S015,S003,S004;S010;S014
3,"1,2,5,6,7,9|3,8|4",False,False,10,5,7,4.291255262120795,0.7813916036406527,0.6656907020690906,8.146766634119258,,0,0,0,4,3,4,6,3,6,5,8,0,1,2,0,0,2,3,2,S001;S002;S005;S006;S007;S008;S010;S011;S013;S014;S015,S003;S009;S012,S004
3,"1,2,5,6,7|3,8,9|4",False,False,11,5,6,3.3651283084109567,0.5952317150530887,0.5024031603199994,6.70802338109817,,0,0,0,4,3,4,6,3,6,5,9,0,1,2,0,0,2,3,3,S001;S002;S005;S006;S007;S008;S011;S013;S015,S003;S009;S010;S012;S014,S004
3,"1,2,5,6,7|3,8|4,9",False,False,13,5,8,4.304757835745912,0.5038784947578464,0.3561020909453409,2.750606638393912,,0,0,0,4,3,4,6,3,6,6,10,0,1,2,0,0,2,4,4,S001;S002;S005;S006;S007;S008;S011;S013;S015,S003;S009;S012,S004;S010;S014
3,"1,2,5,6,7,9|3|4,8",False,False,9,5,6,3.3651283084109567,0.7754353844892785,0.7044165576374758,7.107836817189702,,0,0,0,5,2,4,6,2,6,5,7,1,0,2,0,0,2,3,1,S001;S002;S005;S006;S007;S008;S010;S011;S013;S014;S015,S003,S004;S009;S012
3,"1,2,5,6,7|3,9|4,8",False,False,11,5,7,3.8863312785837256,0.5037403223906814,0.3832085342599208,2.7260915089139743,,0,0,0,5,2,4,6,2,6,5,9,1,0,2,0,0,2,3,3,S001;S002;S005;S006;S007;S008;S011;S013;S015,S003;S010;S014,S004;S009;S012
3,"1,2,5,6,7|3|4,8,9",False,False,12,5,6,2.857427911863305,0.5795639863190735,0.5018125240968991,5.85257166432797,,0,0,0,5,2,4,6,2,6,6,9,1,0,2,0,0,2,4,3,S001;S002;S005;S006;S007;S008;S011;S013;S015,S003,S004;S009;S010;S012;S014
3,"1,2,5,6,8,9|3,7|4",False,False,8,5,5,3.129169874671389,0.7509756214351304,0.6744861764332531,7.9457637877390574,,0,0,0,4,3,4,6,3,5,5,7,0,1,2,0,0,1,3,1,S001;S002;S005;S006;S007;S009;S010;S011;S012;S013;S014,S003;S008;S015,S004
3,"1,2,5,6,8|3,7,9|4",False,False,10,5,7,4.576499798553996,0.5768991367783789,0.5003223365632138,6.507020534717969,,0,0,0,4,3,4,6,3,5,5,9,0,1,2,0,0,1,3,3,S001;S002;S005;S006;S007;S009;S011;S012;S013,S003;S008;S010;S014;S015,S004
3,"1,2,5,6,8|3,7|4,9",False,False,11,5,7,4.068799402006345,0.4688765509807632,0.39597581061543596,2.6681859710558475,,0,0,0,4,3,4,6,3,5,6,9,0,1,2,0,0,1,4,3,S001;S002;S005;S006;S007;S009;S011;S012;S013,S003;S008;S015,S004;S010;S014
3,"1,2,5,6,9|3,7,8|4",False,False,9,5,8,4.844585130581786,0.5750481913463578,0.5241759685669586,6.485089463651336,,0,0,0,4,3,4,6,3,5,5,8,0,1,2,0,0,1,3,2,S001;S002;S005;S006;S007;S010;S011;S013;S014,S003;S008;S009;S012;S015,S004
3,"1,2,5,6|3,7,8,9|4",False,False,10,5,7,3.918458176871948,0.5311082859058703,0.47262644065603,5.707261555235707,,0,0,0,4,3,4,6,3,5,5,9,0,1,2,0,0,1,3,3,S001;S002;S005;S006;S007;S011;S013,S003;S008;S009;S010;S012;S014;S015,S004
3,"1,2,5,6|3,7,8|4,9",False,False,12,5,9,4.858087704206904,0.27898913584788776,0.20345283709280823,2.0692404599700644,,0,0,0,4,3,4,6,3,5,6,10,0,1,2,0,0,1,4,4,S001;S002;S005;S006;S007;S011;S013,S003;S008;S009;S012;S015,S004;S010;S014
3,"1,2,5,6,9|3,7|4,8",False,False,8,5,7,3.918458176871948,0.46474836446369294,0.46919467014052973,2.635492799745306,,0,0,0,5,2,4,6,2,5,5,7,1,0,2,0,0,1,3,1,S001;S002;S005;S006;S007;S010;S011;S013;S014,S003;S008;S015,S004;S009;S012
3,"1,2,5,6|3,7,9|4,8",False,False,10,5,8,4.439661147044717,0.27588575856345676,0.26570017564521936,2.050798092714341,,0,0,0,5,2,4,6,2,5,5,9,1,0,2,0,0,1,3,3,S001;S002;S005;S006;S007;S011;S013,S003;S008;S010;S014;S015,S004;S009;S012
3,"1,2,5,6|3,7|4,8,9",False,False,11,5,7,3.410757780324296,0.23327931177626854,0.23354706325612465,1.7972317015978387,,0,0,0,5,2,4,6,2,5,6,9,1,0,2,0,0,1,4,3,S001;S002;S005;S006;S007;S011;S013,S003;S008;S015,S004;S009;S010;S012;S014
3,"1,2,5,6,8,9|3|4,7",False,False,10,5,6,3.660459764296588,0.74391905094574,0.6462444905333287,6.932467189455721,,0,0,0,4,3,4,6,3,5,6,8,0,1,2,0,0,1,4,2,S001;S002;S005;S006;S007;S009;S010;S011;S012;S013;S014,S003,S004;S008;S015
3,"1,2,5,6,8|3,9|4,7",False,False,12,5,8,5.107789688179196,0.46736491960207815,0.35243910365779957,2.5173102281965027,,0,0,0,4,3,4,6,3,5,6,10,0,1,2,0,0,1,4,4,S001;S002;S005;S006;S007;S009;S011;S012;S013,S003;S010;S014,S004;S008;S015
3,"1,2,5,6,8|3|4,7,9",False,False,12,5,8,4.600089291631544,0.5595803845211684,0.49076426051572275,5.677202036593989,,0,0,0,4,3,4,6,3,5,6,10,0,1,2,0,0,1,4,4,S001;S002;S005;S006;S007;S009;S011;S012;S013,S003,S004;S008;S010;S014;S015
3,"1,2,5,6,9|3,8|4,7",False,False,11,5,9,5.375875020206985,0.46337351603634375,0.40174483872243016,2.4877194795933133,,0,0,0,4,3,4,6,3,5,6,9,0,1,2,0,0,1,4,3,S001;S002;S005;S006;S007;S010;S011;S013;S014,S003;S009;S012,S004;S008;S015
3,"1,2,5,6|3,8,9|4,7",False,False,12,5,8,4.449748066497147,0.24955317677786865,0.20476973264319123,1.8959272246164636,,0,0,0,4,3,4,6,3,5,6,10,0,1,2,0,0,1,4,4,S001;S002;S005;S006;S007;S011;S013,S003;S009;S010;S012;S014,S004;S008;S015
3,"1,2,5,6|3,8|4,7,9",False,False,13,5,10,5.389377593832103,0.2563266416614353,0.19843272073093277,1.9358088796339408,,0,0,0,4,3,4,6,3,5,6,11,0,1,2,0,0,1,4,5,S001;S002;S005;S006;S007;S011;S013,S003;S009;S012,S004;S008;S010;S014;S015
3,"1,2,5,6,9|3|4,7,8",False,False,9,4,8,4.449748066497147,0.5575471191018493,0.5227827608442326,5.658067761443038,,0,0,0,4,2,4,6,2,5,6,8,0,0,2,0,0,1,4,2,S001;S002;S005;S006;S007;S010;S011;S013;S014,S003,S004;S008;S009;S012;S015
3,"1,2,5,6|3,9|4,7,8",False,False,11,4,9,4.970951036669916,0.2591271564582071,0.16825071685475546,1.9522328019809725,,0,0,0,4,2,4,6,2,5,6,10,0,0,2,0,0,1,4,4,S001;S002;S005;S006;S007;S011;S013,S003;S010;S014,S004;S008;S009;S012;S015
3,"1,2,5,6|3|4,7,8,9",False,False,11,4,8,3.942047669949495,0.5031111222791798,0.46187310948847793,4.851906991561867,,0,0,0,4,2,4,6,2,5,6,10,0,0,2,0,0,1,4,4,S001;S002;S005;S006;S007;S011;S013,S003,S004;S008;S009;S010;S012;S014;S015
3,"1,2,5,7,8,9|3,6|4",False,False,11,5,4,2.575840006210398,0.8080563415309552,0.7075524107754102,8.317641347007852,,0,0,0,4,4,4,6,4,7,5,7,0,2,2,0,0,3,3,1,S001;S002;S005;S008;S009;S010;S011;S012;S013;S014;S015,S003;S006;S007,S004
3,"1,2,5,7,8|3,6,9|4",False,False,13,5,6,4.023169930093005,0.612640178834286,0.509105352319519,6.878898093986764,,0,0,0,4,4,4,6,4,7,5,9,0,2,2,0,0,3,3,3,S001;S002;S005;S008;S009;S011;S012;S013;S015,S003;S006;S007;S010;S014,S004
3,"1,2,5,7,8|3,6|4,9",False,False,14,5,6,3.515469533545353,0.534413922874494,0.4309969536636966,2.8238887206053334,,0,0,0,4,4,4,6,4,7,6,9,0,2,2,0,0,3,4,3,S001;S002;S005;S008;S009;S011;S012;S013;S015,S003;S006;S007,S004;S010;S014
3,"1,2,5,7,9|3,6,8|4",False,False,11,5,7,4.291255262120795,0.6103174290948742,0.5372193802433854,6.856967022920131,,0,0,0,4,3,4,6,3,7,5,8,0,1,2,0,0,3,3,2,S001;S002;S005;S008;S010;S011;S013;S014;S015,S003;S006;S007;S009;S012,S004
3,"1,2,5,7|3,6,8,9|4",False,False,12,5,6,3.3651283084109567,0.5266950359098583,0.4638528417399783,5.4182237698990425,,0,0,0,4,3,4,6,3,7,5,9,0,1,2,0,0,3,3,3,S001;S002;S005;S008;S011;S013;S015,S003;S006;S007;S009;S010;S012;S014,S004
3,"1,2,5,7|3,6,8|4,9",False,False,14,5,8,4.304757835745912,0.3104903116224219,0.20593149740540254,2.2217278359199994,,0,0,0,4,3,4,6,3,7,6,10,0,1,2,0,0,3,4,4,S001;S002;S005;S008;S011;S013;S015,S003;S006;S007;S009;S012,S004;S010;S014
3,"1,2,5,7,9|3,6|4,8",False,False,11,6,6,3.3651283084109567,0.530461918297688,0.5027101570661897,2.8148856937586357,,0,0,0,5,3,4,6,3,7,5,7,1,1,2,0,0,3,3,1,S001;S002;S005;S008;S010;S011;S013;S014;S015,S003;S006;S007,S004;S009;S012
3,"1,2,5,7|3,6,9|4,8",False,False,13,6,7,3.8863312785837256,0.3082798466952962,0.2630878520560785,2.2019264056440355,,0,0,0,5,3,4,6,3,7,5,9,1,1,2,0,0,3,3,3,S001;S002;S005;S008;S011;S013;S015,S003;S006;S007;S010;S014,S004;S009;S012
3,"1,2,5,7|3,6|4,8,9",False,False,14,6,6,2.857427911863305,0.31077386569525595,0.2768527898534168,2.224260452834534,,0,0,0,5,3,4,6,3,7,6,9,1,1,2,0,0,3,4,3,S001;S002;S005;S008;S011;S013;S015,S003;S006;S007,S004;S009;S010;S012;S014
3,"1,2,5,8,9|3,6,7|4",False,False,10,4,4,2.5978799850461898,0.5902530361478328,0.5162777391246315,6.655964176539931,,0,0,0,4,4,5,6,4,6,5,6,0,2,3,0,0,2,3,0,S001;S002;S005;S009;S010;S011;S012;S013;S014,S003;S006;S007;S008;S015,S004
3,"1,2,5,8|3,6,7,9|4",False,False,12,5,6,4.045209908928797,0.527673399876925,0.4759434093259327,5.536386842347113,,0,0,0,4,4,5,6,4,6,5,8,0,2,3,0,0,2,3,2,S001;S002;S005;S009;S011;S012;S013,S003;S006;S007;S008;S010;S014;S015,S004
3,"1,2,5,8|3,6,7|4,9",False,False,13,5,6,3.5375095123811455,0.29133426311809046,0.2003326325428027,2.139307168581935,,0,0,0,4,4,5,6,4,6,6,8,0,2,3,0,0,2,4,2,S001;S002;S005;S009;S011;S012;S013,S003;S006;S007;S008;S015,S004;S010;S014
3,"1,2,5,9|3,6,7,8|4",False,False,10,5,7,4.313295240956586,0.5279811687970013,0.4724182652228372,5.558317913413746,,0,0,0,4,3,5,6,3,6,5,7,0,1,3,0,0,2,3,1,S001;S002;S005;S010;S011;S013;S014,S003;S006;S007;S008;S009;S012;S015,S004
3,"1,2,5|3,6,7,8,9|4",False,False,11,5,6,3.387168287246749,0.6255813646693624,0.5586257335181305,6.997061166434834,,0,0,0,4,3,5,6,3,6,5,8,0,1,3,0,0,2,3,2,S001;S002;S005;S011;S013,S003;S006;S007;S008;S009;S010;S012;S014;S015,S004
3,"1,2,5|3,6,7,8|4,9",False,False,13,5,8,4.326797814581704,0.32636605256945994,0.2586700114255671,2.2791730562568087,,0,0,0,4,3,5,6,3,6,6,9,0,1,3,0,0,2,4,3,S001;S002;S005;S011;S013,S003;S006;S007;S008;S009;S012;S015,S004;S010;S014
3,"1,2,5,9|3,6,7|4,8",False,False,10,5,6,3.387168287246749,0.28679264239929514,0.28753648612417254,2.1113276964753678,,0,0,0,5,3,5,6,3,6,5,6,1,1,3,0,0,2,3,0,S001;S002;S005;S010;S011;S013;S014,S003;S006;S007;S008;S015,S004;S009;S012
3,"1,2,5|3,6,7,9|4,8",False,False,12,6,7,3.908371257419518,0.3218140293259546,0.32782032049476584,2.249947011740244,,0,0,0,5,3,5,6,3,6,5,8,1,1,3,0,0,2,3,2,S001;S002;S005;S011;S013,S003;S006;S007;S008;S010;S014;S015,S004;S009;S012
3,"1,2,5|3,6,7|4,8,9",False,False,13,6,6,2.879467890699097,0.0356985277090235,0.02906805772154611,1.0908006811220066,,0,0,0,5,3,5,6,3,6,6,8,1,1,3,0,0,2,4,2,S001;S002;S005;S011;S013,S003;S006;S007;S008;S015,S004;S009;S010;S012;S014
3,"1,2,5,8,9|3,6|4,7",False,False,11,5,5,3.129169874671389,0.49473754046315593,0.4161766602253724,2.7323710725289954,,0,0,0,4,4,4,6,4,6,6,7,0,2,2,0,0,2,4,1,S001;S002;S005;S009;S010;S011;S012;S013;S014,S003;S006;S007,S004;S008;S015
3,"1,2,5,8|3,6,9|4,7",False,False,13,5,7,4.576499798553996,0.26640568291303246,0.19872698841545536,1.9601253605829507,,0,0,0,4,4,4,6,4,6,6,9,0,2,2,0,0,2,4,3,S001;S002;S005;S009;S011;S012;S013,S003;S006;S007;S010;S014,S004;S008;S015
3,"1,2,5,8|3,6|4,7,9",False,False,13,5,7,4.068799402006345,0.29167800129504273,0.2737353057261175,2.1417458316048936,,0,0,0,4,4,4,6,4,6,6,9,0,2,2,0,0,2,4,3,S001;S002;S005;S009;S011;S012;S013,S003;S006;S007,S004;S008;S010;S014;S015
3,"1,2,5,9|3,6,8|4,7",False,False,11,5,8,4.844585130581786,0.26403432445248814,0.22843710415556895,1.951885792197286,,0,0,0,4,3,4,6,3,6,6,8,0,1,2,0,0,2,4,2,S001;S002;S005;S010;S011;S013;S014,S003;S006;S007;S009;S012,S004;S008;S015
3,"1,2,5|3,6,8,9|4,7",False,False,12,5,7,3.918458176871948,0.28012182598880814,0.24303349643956648,2.0045195770413264,,0,0,0,4,3,4,6,3,6,6,9,0,1,2,0,0,2,4,3,S001;S002;S005;S011;S013,S003;S006;S007;S009;S010;S012;S014,S004;S008;S015
3,"1,2,5|3,6,8|4,7,9",False,False,13,5,9,4.858087704206904,0.036036460227356515,0.09484887186952966,1.0915398797688185,,0,0,0,4,3,4,6,3,6,6,10,0,1,2,0,0,2,4,4,S001;S002;S005;S011;S013,S003;S006;S007;S009;S012,S004;S008;S010;S014;S015
3,"1,2,5,9|3,6|4,7,8",False,False,10,5,7,3.918458176871948,0.28988477775338933,0.29251699646801826,2.1327428047581964,,0,0,0,4,3,4,6,3,6,6,7,0,1,2,0,0,2,4,1,S001;S002;S005;S010;S011;S013;S014,S003;S006;S007,S004;S008;S009;S012;S015
3,"1,2,5|3,6,9|4,7,8",False,False,12,5,8,4.439661147044717,0.038905241274874734,0.07032696729813356,1.0973779734770008,,0,0,0,4,3,4,6,3,6,6,9,0,1,2,0,0,2,4,3,S001;S002;S005;S011;S013,S003;S006;S007;S010;S014,S004;S008;S009;S012;S015
3,"1,2,5|3,6|4,7,8,9",False,False,12,5,7,3.410757780324296,0.32694245033410074,0.32891567645995506,2.28291108798765,,0,0,0,4,3,4,6,3,6,6,9,0,1,2,0,0,2,4,3,S001;S002;S005;S011;S013,S003;S006;S007,S004;S008;S009;S010;S012;S014;S015
3,"1,2,5,7,8,9|3|4,6",False,False,13,5,4,2.407133290122423,0.8029738555915795,0.7138873607236147,7.256920451218158,,0,0,0,4,3,5,6,3,7,6,8,0,1,3,0,0,3,4,2,S001;S002;S005;S008;S009;S010;S011;S012;S013;S014;S015,S003,S004;S006;S007
3,"1,2,5,7,8|3,9|4,6",False,False,15,5,6,3.85446321400503,0.535297842590675,0.425345185918559,3.0041485116614237,,0,0,0,4,3,5,6,3,7,6,10,0,1,3,0,0,3,4,4,S001;S002;S005;S008;S009;S011;S012;S013;S015,S003;S010;S014,S004;S006;S007
3,"1,2,5,7,8|3|4,6,9",False,False,15,5,6,3.3467628174573782,0.5983363374828664,0.5117091877457943,6.001655298356425,,0,0,0,4,3,5,6,3,7,6,10,0,1,3,0,0,3,4,4,S001;S002;S005;S008;S009;S011;S012;S013;S015,S003,S004;S006;S007;S010;S014
3,"1,2,5,7,9|3,8|4,6",False,False,14,5,7,4.12254854603282,0.5314834062897486,0.4719099353235458,2.9945707866241014,,0,0,0,4,3,5,6,3,7,6,9,0,1,3,0,0,3,4,3,S001;S002;S005;S008;S010;S011;S013;S014;S015,S003;S009;S012,S004;S006;S007
3,"1,2,5,7|3,8,9|4,6",False,False,15,5,6,3.1964215923229817,0.3268007613843245,0.2955486767804736,2.366243641320917,,0,0,0,4,3,5,6,3,7,6,10,0,1,3,0,0,3,4,4,S001;S002;S005;S008;S011;S013;S015,S003;S009;S010;S012;S014,S004;S006;S007
3,"1,2,5,7|3,8|4,6,9",False,False,16,5,8,4.136051119657938,0.29493668919084276,0.20033337591036324,2.0784633570165423,,0,0,0,4,3,5,6,3,7,6,11,0,1,3,0,0,3,4,5,S001;S002;S005;S008;S011;S013;S015,S003;S009;S012,S004;S006;S007;S010;S014
3,"1,2,5,7,9|3|4,6,8",False,False,13,5,6,3.1964215923229817,0.5958410217584185,0.5578071235217098,5.982521023205476,,0,0,0,5,2,5,6,2,7,6,8,1,0,3,0,0,3,4,2,S001;S002;S005;S008;S010;S011;S013;S014;S015,S003,S004;S006;S007;S009;S012
3,"1,2,5,7|3,9|4,6,8",False,False,15,5,7,3.717624562495751,0.2967776443895973,0.19600922230701115,2.096097598255918,,0,0,0,5,2,5,6,2,7,6,10,1,0,3,0,0,3,4,4,S001;S002;S005;S008;S011;S013;S015,S003;S010;S014,S004;S006;S007;S009;S012
3,"1,2,5,7|3|4,6,8,9",False,False,15,5,6,2.68872119577533,0.5008125818710186,0.44450637125282816,4.727255870343743,,0,0,0,5,2,5,6,2,7,6,10,1,0,3,0,0,3,4,4,S001;S002;S005;S008;S011;S013;S015,S003,S004;S006;S007;S009;S010;S012;S014
3,"1,2,5,8,9|3,7|4,6",False,False,11,5,4,2.4291732689582153,0.4971177176973453,0.4508156275703254,2.9067889364582093,,0,0,0,4,3,5,6,3,6,6,7,0,1,3,0,0,2,4,1,S001;S002;S005;S009;S010;S011;S012;S013;S014,S003;S008;S015,S004;S006;S007
3,"1,2,5,8|3,7,9|4,6",False,False,13,5,6,3.8765031928408225,0.31075782434150545,0.29459152437168235,2.278461791155025,,0,0,0,4,3,5,6,3,6,6,9,0,1,3,0,0,2,4,3,S001;S002;S005;S009;S011;S012;S013,S003;S008;S010;S014;S015,S004;S006;S007
3,"1,2,5,8|3,7|4,6,9",False,False,13,5,6,3.3688027962931706,0.2533756135632106,0.2256368351308397,1.858087900952115,,0,0,0,4,3,5,6,3,6,6,9,0,1,3,0,0,2,4,3,S001;S002;S005;S009;S011;S012;S013,S003;S008;S015,S004;S006;S007;S010;S014
3,"1,2,5,9|3,7,8|4,6",False,False,12,5,7,4.144588524868612,0.3093004662141529,0.31137706827946005,2.2688840661177028,,0,0,0,4,3,5,6,3,6,6,8,0,1,3,0,0,2,4,2,S001;S002;S005;S010;S011;S013;S014,S003;S008;S009;S012;S015,S004;S006;S007
3,"1,2,5|3,7,8,9|4,6",False,False,13,5,6,3.218461571158774,0.3572933493679064,0.348457205581064,2.4924720605777884,,0,0,0,4,3,5,6,3,6,6,9,0,1,3,0,0,2,4,3,S001;S002;S005;S011;S013,S003;S008;S009;S010;S012;S014;S015,S004;S006;S007
3,"1,2,5|3,7,8|4,6,9",False,False,14,5,8,4.158091098493729,0.06335324917402622,0.07693672550555526,1.1448221081688792,,0,0,0,4,3,5,6,3,6,6,10,0,1,3,0,0,2,4,4,S001;S002;S005;S011;S013,S003;S008;S009;S012;S015,S004;S006;S007;S010;S014
3,"1,2,5,9|3,7|4,6,8",False,False,11,5,6,3.218461571158774,0.25060349772517254,0.27337182154087264,1.8502772564727652,,0,0,0,5,2,5,6,2,6,6,7,1,0,3,0,0,2,4,1,S001;S002;S005;S010;S011;S013;S014,S003;S008;S015,S004;S006;S007;S009;S012
3,"1,2,5|3,7,9|4,6,8",False,False,13,5,7,3.739664541331543,0.05933121179983584,0.12612825272298514,1.1322801609666948,,0,0,0,5,2,5,6,2,6,6,9,1,0,3,0,0,2,4,3,S001;S002;S005;S011;S013,S003;S008;S010;S014;S015,S004;S006;S007;S009;S012
3,"1,2,5|3,7|4,6,8,9",False,False,13,5,6,2.710761174611122,0.24984524877091918,0.2326888474508529,1.8481145066221398,,0,0,0,5,2,5,6,2,6,6,9,1,0,3,0,0,2,4,3,S001;S002;S005;S011;S013,S003;S008;S015,S004;S006;S007;S009;S010;S012;S014
3,"1,2,5,8,9|3|4,6,7",False,False,11,5,4,2.4291732689582153,0.5741618053537523,0.5126003942197482,5.807151395471495,,0,0,0,4,3,5,6,3,6,6,7,0,1,3,0,0,2,4,1,S001;S002;S005;S009;S010;S011;S012;S013;S014,S003,S004;S006;S007;S008;S015
3,"1,2,5,8|3,9|4,6,7",False,False,13,5,6,3.8765031928408225,0.2743580918376869,0.1746239528162459,2.0183375053854844,,0,0,0,4,3,5,6,3,6,6,9,0,1,3,0,0,2,4,3,S001;S002;S005;S009;S011;S012;S013,S003;S010;S014,S004;S006;S007;S008;S015
3,"1,2,5,8|3|4,6,7,9",False,False,13,5,6,3.3688027962931706,0.5005684482047468,0.4529821019400854,4.70282335753341,,0,0,0,4,3,5,6,3,6,6,9,0,1,3,0,0,2,4,3,S001;S002;S005;S009;S011;S012;S013,S003,S004;S006;S007;S008;S010;S014;S015
3,"1,2,5,9|3,8|4,6,7",False,False,12,5,7,4.144588524868612,0.2697887219692315,0.2339323867129817,1.9929445600588402,,0,0,0,4,3,5,6,3,6,6,8,0,1,3,0,0,2,4,2,S001;S002;S005;S010;S011;S013;S014,S003;S009;S012,S004;S006;S007;S008;S015
3,"1,2,5|3,8,9|4,6,7",False,False,13,5,6,3.218461571158774,0.03072291153070691,0.06831469638133553,1.0769424197693795,,0,0,0,4,3,5,6,3,6,6,9,0,1,3,0,0,2,4,3,S001;S002;S005;S011;S013,S003;S009;S010;S012;S014,S004;S006;S007;S008;S015
3,"1,2,5|3,8|4,6,7,9",False,False,14,5,8,4.158091098493729,0.29149035420321767,0.23824160439069714,2.0677209550842304,,0,0,0,4,3,5,6,3,6,6,10,0,1,3,0,0,2,4,4,S001;S002;S005;S011;S013,S003;S009;S012,S004;S006;S007;S008;S010;S014;S015
3,"1,2,5,9|3|4,6,7,8",False,False,10,4,6,3.218461571158774,0.5007538755990982,0.4513478984167661,4.721957632684361,,0,0,0,4,2,5,6,2,6,6,7,0,0,3,0,0,2,4,1,S001;S002;S005;S010;S011;S013;S014,S003,S004;S006;S007;S008;S009;S012;S015
3,"1,2,5|3,9|4,6,7,8",False,False,12,4,7,3.739664541331543,0.29603835433597364,0.1726789393255493,2.0937483234255683,,0,0,0,4,2,5,6,2,6,6,9,0,0,3,0,0,2,4,3,S001;S002;S005;S011;S013,S003;S010;S014,S004;S006;S007;S008;S009;S012;S015
3,"1,2,5|3|4,6,7,8,9",False,False,12,4,6,2.710761174611122,0.5951544299590998,0.5256636441211008,5.977222785546092,,0,0,0,4,2,5,6,2,6,6,9,0,0,3,0,0,2,4,3,S001;S002;S005;S011;S013,S003,S004;S006;S007;S008;S009;S010;S012;S014;S015
3,"1,2,6,7,8,9|3,5|4",False,False,9,5,5,2.8439253382381877,0.8252585697361886,0.7332832796666212,8.425645929710043,,0,0,0,4,3,4,6,3,6,5,7,0,1,2,0,0,2,3,1,S001;S002;S006;S007;S008;S009;S010;S012;S013;S014;S015,S003;S005;S011,S004
3,"1,2,6,7,8|3,5,9|4",False,False,11,5,7,4.291255262120795,0.6244411921842394,0.5255947747256473,6.986902676688954,,0,0,0,4,3,4,6,3,6,5,9,0,1,2,0,0,2,3,3,S001;S002;S006;S007;S008;S009;S012;S013;S015,S003;S005;S010;S011;S014,S004
3,"1,2,6,7,8|3,5|4,9",False,False,12,5,7,3.783554865573143,0.5540270532804366,0.4624342344289618,3.001296055706051,,0,0,0,4,3,4,6,3,6,6,9,0,1,2,0,0,2,4,3,S001;S002;S006;S007;S008;S009;S012;S013;S015,S003;S005;S011,S004;S010;S014
3,"1,2,6,7,9|3,5,8|4",False,False,11,5,6,4.023169930093005,0.6219971282397068,0.55450917222428,6.964971605622322,,0,0,0,4,4,4,6,4,6,5,8,0,2,2,0,0,2,3,2,S001;S002;S006;S007;S008;S010;S013;S014;S015,S003;S005;S009;S011;S012,S004
3,"1,2,6,7|3,5,8,9|4",False,False,12,5,5,3.097042976383167,0.5275441991656176,0.4599324039666359,5.526228352601233,,0,0,0,4,4,4,6,4,6,5,9,0,2,2,0,0,2,3,3,S001;S002;S006;S007;S008;S013;S015,S003;S005;S009;S010;S011;S012;S014,S004
3,"1,2,6,7|3,5,8|4,9",False,False,14,5,7,4.036672503718123,0.32256530480311146,0.21959464047271002,2.266014819622936,,0,0,0,4,4,4,6,4,6,6,10,0,2,2,0,0,2,4,4,S001;S002;S006;S007;S008;S013;S015,S003;S005;S009;S011;S012,S004;S010;S014
3,"1,2,6,7,9|3,5|4,8",False,False,10,6,6,3.3651283084109567,0.5501224466626586,0.5208482546167018,2.9918753380954706,,0,0,0,5,3,4,6,3,6,5,7,1,1,2,0,0,2,3,1,S001;S002;S006;S007;S008;S010;S013;S014;S015,S003;S005;S011,S004;S009;S012
3,"1,2,6,7|3,5,9|4,8",False,False,12,6,7,3.8863312785837256,0.320598629716757,0.2692611129472167,2.245818676004614,,0,0,0,5,3,4,6,3,6,5,9,1,1,2,0,0,2,3,3,S001;S002;S006;S007;S008;S013;S015,S003;S005;S010;S011;S014,S004;S009;S012
3,"1,2,6,7|3,5|4,8,9",False,False,13,6,6,2.857427911863305,0.33328116377480704,0.29779259549960596,2.373848345266053,,0,0,0,5,3,4,6,3,6,6,9,1,1,2,0,0,2,4,3,S001;S002;S006;S007;S008;S013;S015,S003;S005;S011,S004;S009;S010;S012;S014
3,"1,2,6,8,9|3,5,7|4",False,False,11,5,6,3.397255206699179,0.6007544953865077,0.5534191076378793,6.763968759242122,,0,0,0,4,3,5,6,3,6,5,8,0,1,3,0,0,2,3,2,S001;S002;S006;S007;S009;S010;S012;S013;S014,S003;S005;S008;S011;S015,S004
3,"1,2,6,8|3,5,7,9|4",False,False,12,5,8,4.844585130581786,0.5267339859196255,0.4775396457592633,5.4283822596449225,,0,0,0,4,3,5,6,3,6,5,9,0,1,3,0,0,2,3,3,S001;S002;S006;S007;S009;S012;S013,S003;S005;S008;S010;S011;S014;S015,S004
3,"1,2,6,8|3,5,7|4,9",False,False,14,5,8,4.336884734034134,0.30105489346927017,0.25259745636015174,2.183594152284871,,0,0,0,4,3,5,6,3,6,6,10,0,1,3,0,0,2,4,4,S001;S002;S006;S007;S009;S012;S013,S003;S005;S008;S011;S015,S004;S010;S014
3,"1,2,6,9|3,5,7,8|4",False,False,12,5,7,4.576499798553996,0.5268470737286559,0.4763581862750852,5.4503133307115545,,0,0,0,4,4,5,6,4,6,5,8,0,2,3,0,0,2,3,2,S001;S002;S006;S007;S010;S013;S014,S003;S005;S008;S009;S011;S012;S015,S004
3,"1,2,6|3,5,7,8,9|4",False,False,13,5,6,3.650372844844158,0.6137246338982348,0.5256266013998196,6.889056583732644,,0,0,0,4,4,5,6,4,6,5,9,0,2,3,0,0,2,3,3,S001;S002;S006;S007;S013,S003;S005;S008;S009;S010;S011;S012;S014;S015,S004
3,"1,2,6|3,5,7,8|4,9",False,False,15,5,8,4.590002372179114,0.3139579649122504,0.22249596018786535,2.234886072553872,,0,0,0,4,4,5,6,4,6,6,10,0,2,3,0,0,2,4,4,S001;S002;S006;S007;S013,S003;S005;S008;S009;S011;S012;S015,S004;S010;S014
3,"1,2,6,9|3,5,7|4,8",False,False,12,6,7,3.918458176871948,0.29648868528689487,0.3222345289755826,2.1552199668359453,,0,0,0,5,3,5,6,3,6,5,8,1,1,3,0,0,2,3,2,S001;S002;S006;S007;S010;S013;S014,S003;S005;S008;S011;S015,S004;S009;S012
3,"1,2,6|3,5,7,9|4,8",False,False,13,6,8,4.439661147044717,0.3093896381256621,0.3062216534918542,2.206054741379666,,0,0,0,5,3,5,6,3,6,5,9,1,1,3,0,0,2,3,3,S001;S002;S006;S007;S013,S003;S005;S008;S010;S011;S014;S015,S004;S009;S012
3,"1,2,6|3,5,7|4,8,9",False,False,15,6,7,3.410757780324296,0.013453052413617276,0.03451421669135008,1.032368008235686,,0,0,0,5,3,5,6,3,6,6,10,1,1,3,0,0,2,4,4,S001;S002;S006;S007;S013,S003;S005;S008;S011;S015,S004;S009;S010;S012;S014
3,"1,2,6,8,9|3,5|4,7",False,False,10,5,7,3.928545096324378,0.5148467931176499,0.4703638241215179,2.9055324937848828,,0,0,0,4,3,4,6,3,5,6,8,0,1,2,0,0,1,4,2,S001;S002;S006;S007;S009;S010;S012;S013;S014,S003;S005;S011,S004;S008;S015
3,"1,2,6,8|3,5,9|4,7",False,False,12,5,9,5.375875020206985,0.27888372535537964,0.23803317138741753,2.000703002342264,,0,0,0,4,3,4,6,3,5,6,10,0,1,2,0,0,1,4,4,S001;S002;S006;S007;S009;S012;S013,S003;S005;S010;S011;S014,S004;S008;S015
3,"1,2,6,8|3,5|4,7,9",False,False,12,5,9,4.868174623659334,0.31405273736959594,0.3142860643036828,2.2875055009554646,,0,0,0,4,3,4,6,3,5,6,10,0,1,2,0,0,1,4,4,S001;S002;S006;S007;S009;S012;S013,S003;S005;S011,S004;S008;S010;S014;S015
3,"1,2,6,9|3,5,8|4,7",False,False,12,5,8,5.107789688179196,0.2762472051911377,0.2678938944215725,1.9924634339565994,,0,0,0,4,4,4,6,4,5,6,9,0,2,2,0,0,1,4,3,S001;S002;S006;S007;S010;S013;S014,S003;S005;S009;S011;S012,S004;S008;S015
3,"1,2,6|3,5,8,9|4,7",False,False,13,5,7,4.1816627344693575,0.2675234367712055,0.20874633255724176,1.9639419352820127,,0,0,0,4,4,4,6,4,5,6,10,0,2,2,0,0,1,4,4,S001;S002;S006;S007;S013,S003;S005;S009;S010;S011;S012;S014,S004;S008;S015
3,"1,2,6|3,5,8|4,7,9",False,False,14,5,9,5.121292261804314,0.03388361436477496,0.07860618955543189,1.0822945909974442,,0,0,0,4,4,4,6,4,5,6,11,0,2,2,0,0,1,4,5,S001;S002;S006;S007;S013,S003;S005;S009;S011;S012,S004;S008;S010;S014;S015
3,"1,2,6,9|3,5|4,7,8",False,False,10,5,8,4.449748066497147,0.31222327673725087,0.33154198327781625,2.2780847833448847,,0,0,0,4,3,4,6,3,5,6,8,0,1,2,0,0,1,4,2,S001;S002;S006;S007;S010;S013;S014,S003;S005;S011,S004;S008;S009;S012;S015
3,"1,2,6|3,5,9|4,7,8",False,False,12,5,9,4.970951036669916,0.03828793415438573,0.01991255738573613,1.094418436527068,,0,0,0,4,3,4,6,3,5,6,10,0,1,2,0,0,1,4,4,S001;S002;S006;S007;S013,S003;S005;S010;S011;S014,S004;S008;S009;S012;S015
3,"1,2,6|3,5|4,7,8,9",False,False,12,5,8,3.942047669949495,0.33703506488754276,0.32886709476078696,2.388825564580383,,0,0,0,4,3,4,6,3,5,6,10,0,1,2,0,0,1,4,4,S001;S002;S006;S007;S013,S003;S005;S011,S004;S008;S009;S010;S012;S014;S015
3,"1,2,7,8,9|3,5,6|4",False,False,10,5,5,2.8439253382381877,0.6416552500939894,0.5741038990156629,7.135846318510916,,0,0,0,4,3,4,6,3,7,5,7,0,1,2,0,0,3,3,1,S001;S002;S008;S009;S010;S012;S013;S014;S015,S003;S005;S006;S007;S011,S004
3,"1,2,7,8|3,5,6,9|4",False,False,12,5,7,4.291255262120795,0.5308379185559512,0.47243539342448737,5.697103065489828,,0,0,0,4,3,4,6,3,7,5,9,0,1,2,0,0,3,3,3,S001;S002;S008;S009;S012;S013;S015,S003;S005;S006;S007;S010;S011;S014,S004
3,"1,2,7,8|3,5,6|4,9",False,False,13,5,7,3.783554865573143,0.3438195732238846,0.273297883481384,2.3360815282348066,,0,0,0,4,3,4,6,3,7,6,9,0,1,2,0,0,3,4,3,S001;S002;S008;S009;S012;S013;S015,S003;S005;S006;S007;S011,S004;S010;S014
3,"1,2,7,9|3,5,6,8|4",False,False,11,5,6,4.023169930093005,0.5302825757370107,0.4758137390744478,5.675171994423196,,0,0,0,4,3,4,6,3,7,5,8,0,1,2,0,0,3,3,2,S001;S002;S008;S010;S013;S014;S015,S003;S005;S006;S007;S009;S011;S012,S004
3,"1,2,7|3,5,6,8,9|4",False,False,12,5,5,3.097042976383167,0.5777667391736122,0.5068572096564168,6.517179024463849,,0,0,0,4,3,4,6,3,7,5,9,0,1,2,0,0,3,3,3,S001;S002;S008;S013;S015,S003;S005;S006;S007;S009;S010;S011;S012;S014,S004
3,"1,2,7|3,5,6,8|4,9",False,False,14,5,7,4.036672503718123,0.2810048550641972,0.19651705886921575,2.082398696603937,,0,0,0,4,3,4,6,3,7,6,10,0,1,2,0,0,3,4,4,S001;S002;S008;S013;S015,S003;S005;S006;S007;S009;S011;S012,S004;S010;S014
3,"1,2,7,9|3,5,6|4,8",False,False,10,5,6,3.3651283084109567,0.3393069025868883,0.34123262497461954,2.3063482797656403,,0,0,0,5,2,4,6,2,7,5,7,1,0,2,0,0,3,3,1,S001;S002;S008;S010;S013;S014;S015,S003;S005;S006;S007;S011,S004;S009;S012
3,"1,2,7|3,5,6,9|4,8",False,False,12,5,7,3.8863312785837256,0.27653261910205207,0.282180015244084,2.054926428449971,,0,0,0,5,2,4,6,2,7,5,9,1,0,2,0,0,3,3,3,S001;S002;S008;S013;S015,S003;S005;S006;S007;S010;S011;S014,S004;S009;S012
3,"1,2,7|3,5,6|4,8,9",False,False,13,5,6,2.857427911863305,0.06455208798465095,0.07534309053846532,1.1710083163441798,,0,0,0,5,2,4,6,2,7,6,9,1,0,2,0,0,3,4,3,S001;S002;S008;S013;S015,S003;S005;S006;S007;S011,S004;S009;S010;S012;S014
3,"1,2,8,9|3,5,6,7|4",False,False,11,5,5,2.8659653170739796,0.5270150690387541,0.46057698603083774,5.474169148042995,,0,0,0,4,3,5,6,3,7,5,7,0,1,3,0,0,3,3,1,S001;S002;S009;S010;S012;S013;S014,S003;S005;S006;S007;S008;S011;S015,S004
3,"1,2,8|3,5,6,7,9|4",False,False,12,5,7,4.313295240956586,0.5962213946343936,0.5377193438547592,6.718181870844049,,0,0,0,4,3,5,6,3,7,5,8,0,1,3,0,0,3,3,2,S001;S002;S009;S012;S013,S003;S005;S006;S007;S008;S010;S011;S014;S015,S004
3,"1,2,8|3,5,6,7|4,9",False,False,14,5,7,3.8055948444089354,0.29676444912372635,0.18530107152238112,2.1648193639420015,,0,0,0,4,3,5,6,3,7,6,9,0,1,3,0,0,3,4,3,S001;S002;S009;S012;S013,S003;S005;S006;S007;S008;S011;S015,S004;S010;S014
3,"1,2,9|3,5,6,7,8|4",False,False,11,5,6,4.045209908928797,0.5983779640870381,0.509499186079688,6.740112941910681,,0,0,0,4,3,5,6,3,7,5,7,0,1,3,0,0,3,3,1,S001;S002;S010;S013;S014,S003;S005;S006;S007;S008;S009;S011;S012;S015,S004
3,"1,2|3,5,6,7,8,9|4",False,False,12,5,5,3.119082955218959,0.786345099362998,0.6817358677649034,8.17885619493177,,0,0,0,4,3,5,6,3,7,5,8,0,1,3,0,0,3,3,2,S001;S002;S013,S003;S005;S006;S007;S008;S009;S010;S011;S012;S014;S015,S004
3,"1,2|3,5,6,7,8|4,9",False,False,14,5,7,4.058712482553915,0.5095626778478117,0.4043152917194915,2.7637648750277846,,0,0,0,4,3,5,6,3,7,6,9,0,1,3,0,0,3,4,3,S001;S002;S013,S003;S005;S006;S007;S008;S009;S011;S012;S015,S004;S010;S014
3,"1,2,9|3,5,6,7|4,8",False,False,11,5,6,3.387168287246749,0.29422640014249996,0.247195840303839,2.1455251376186393,,0,0,0,5,2,5,6,2,7,5,7,1,0,3,0,0,3,3,1,S001;S002;S010;S013;S014,S003;S005;S006;S007;S008;S011;S015,S004;S009;S012
3,"1,2|3,5,6,7,9|4,8",False,False,12,5,7,3.908371257419518,0.505547151556975,0.4771058382426992,2.7302198446496044,,0,0,0,5,2,5,6,2,7,5,8,1,0,3,0,0,3,3,2,S001;S002;S013,S003;S005;S006;S007;S008;S010;S011;S014;S015,S004;S009;S012
3,"1,2|3,5,6,7|4,8,9",False,False,14,5,6,2.879467890699097,0.2818524237468902,0.22175877220482149,2.050465247762698,,0,0,0,5,2,5,6,2,7,6,9,1,0,3,0,0,3,4,3,S001;S002;S013,S003;S005;S006;S007;S008;S011;S015,S004;S009;S010;S012;S014
3,"1,2,8,9|3,5,6|4,7",False,False,10,5,6,3.397255206699179,0.29802945582948853,0.25650471192892443,2.0566615699230866,,0,0,0,4,3,4,6,3,6,6,7,0,1,2,0,0,2,4,1,S001;S002;S009;S010;S012;S013;S014,S003;S005;S006;S007;S011,S004;S008;S015
3,"1,2,8|3,5,6,9|4,7",False,False,12,5,8,4.844585130581786,0.25044522087028853,0.2291370686785632,1.8997437993155257,,0,0,0,4,3,4,6,3,6,6,9,0,1,2,0,0,2,4,3,S001;S002;S009;S012;S013,S003;S005;S006;S007;S010;S011;S014,S004;S008;S015
3,"1,2,8|3,5,6|4,7,9",False,False,12,5,8,4.336884734034134,0.05458597001903716,0.12314936251610244,1.1334137098748855,,0,0,0,4,3,4,6,3,6,6,9,0,1,2,0,0,2,4,3,S001;S002;S009;S012;S013,S003;S005;S006;S007;S011,S004;S008;S010;S014;S015
3,"1,2,9|3,5,6,8|4,7",False,False,11,5,7,4.576499798553996,0.252420847150316,0.19913031422721772,1.9079833677011904,,0,0,0,4,3,4,6,3,6,6,8,0,1,2,0,0,2,4,2,S001;S002;S010;S013;S014,S003;S005;S006;S007;S009;S011;S012,S004;S008;S015
3,"1,2|3,5,6,8,9|4,7",False,False,12,5,6,3.650372844844158,0.4692173218799853,0.3895913666761457,2.5311875126264125,,0,0,0,4,3,4,6,3,6,6,9,0,1,2,0,0,2,4,3,S001;S002;S013,S003;S005;S006;S007;S009;S010;S011;S012;S014,S004;S008;S015
3,"1,2|3,5,6,8|4,7,9",False,False,13,5,8,4.590002372179114,0.2629601398267033,0.23882216192460717,1.972398358261871,,0,0,0,4,3,4,6,3,6,6,10,0,1,2,0,0,2,4,4,S001;S002;S013,S003;S005;S006;S007;S009;S011;S012,S004;S008;S010;S014;S015
3,"1,2,9|3,5,6|4,7,8",False,False,9,4,7,3.918458176871948,0.05533918562715471,0.10135478821587529,1.1394757654818595,,1,0,0,4,2,4,6,2,6,6,7,0,0,2,0,0,2,4,1,S001;S002;S010;S013;S014,S003;S005;S006;S007;S011,S004;S008;S009;S012;S015
3,"1,2|3,5,6,9|4,7,8",False,False,11,4,8,4.439661147044717,0.2612228111427508,0.2595737292109796,1.9638806156904292,,0,0,0,4,2,4,6,2,6,6,9,0,0,2,0,0,2,4,3,S001;S002;S013,S003;S005;S006;S007;S010;S011;S014,S004;S008;S009;S012;S015
3,"1,2|3,5,6|4,7,8,9",False,False,11,4,7,3.410757780324296,0.3158605008673463,0.3121526248455907,2.1598568228308817,,0,0,0,4,2,4,6,2,6,6,9,0,0,2,0,0,2,4,3,S001;S002;S013,S003;S005;S006;S007;S011,S004;S008;S009;S010;S012;S014;S015
3,"1,2,7,8,9|3,5|4,6",False,False,13,5,5,2.6752186221502128,0.5808021120492848,0.5377757085861048,3.116362795945276,,0,0,0,4,3,5,6,3,7,6,8,0,1,3,0,0,3,4,2,S001;S002;S008;S009;S010;S012;S013;S014;S015,S003;S005;S011,S004;S006;S007
3,"1,2,7,8|3,5,9|4,6",False,False,15,5,7,4.12254854603282,0.3560931887153339,0.324067698807123,2.4880356506420918,,0,0,0,4,3,5,6,3,7,6,10,0,1,3,0,0,3,4,4,S001;S002;S008;S009;S012;S013;S015,S003;S005;S010;S011;S014,S004;S006;S007
3,"1,2,7,8|3,5|4,6,9",False,False,15,5,7,3.614848149485168,0.35272893620267937,0.32286847751835734,2.4472493393178945,,0,0,0,4,3,5,6,3,7,6,10,0,1,3,0,0,3,4,4,S001;S002;S008;S009;S012;S013;S015,S003;S005;S011,S004;S006;S007;S010;S014
3,"1,2,7,9|3,5,8|4,6",False,False,14,5,6,3.85446321400503,0.35353151026064183,0.3491651573011218,2.4784579256047694,,0,0,0,4,3,5,6,3,7,6,9,0,1,3,0,0,3,4,3,S001;S002;S008;S010;S013;S014;S015,S003;S005;S009;S011;S012,S004;S006;S007
3,"1,2,7|3,5,8,9|4,6",False,False,15,5,5,2.928336260295192,0.311453292480768,0.29547831390782076,2.282898201090722,,0,0,0,4,3,5,6,3,7,6,10,0,1,3,0,0,3,4,4,S001;S002;S008;S013;S015,S003;S005;S009;S010;S011;S012;S014,S004;S006;S007
3,"1,2,7|3,5,8|4,6,9",False,False,16,5,7,3.8679657876301476,0.05783439548946862,0.022479528382826807,1.1362156466151048,,0,0,0,4,3,5,6,3,7,6,11,0,1,3,0,0,3,4,5,S001;S002;S008;S013;S015,S003;S005;S009;S011;S012,S004;S006;S007;S010;S014
3,"1,2,7,9|3,5|4,6,8",False,False,13,5,6,3.1964215923229817,0.3500907343842104,0.3578877683314302,2.437828621707314,,0,0,0,5,2,5,6,2,7,6,8,1,0,3,0,0,3,4,2,S001;S002;S008;S010;S013;S014;S015,S003;S005;S011,S004;S006;S007;S009;S012
3,"1,2,7|3,5,9|4,6,8",False,False,15,5,7,3.717624562495751,0.05751927912377066,0.07761677121347607,1.129571572686611,,0,0,0,5,2,5,6,2,7,6,10,1,0,3,0,0,3,4,4,S001;S002;S008;S013;S015,S003;S005;S010;S011;S014,S004;S006;S007;S009;S012
3,"1,2,7|3,5|4,6,8,9",False,False,15,5,6,2.68872119577533,0.3036403964179268,0.28089583204634744,2.2290817262179536,,0,0,0,5,2,5,6,2,7,6,10,1,0,3,0,0,3,4,4,S001;S002;S008;S013;S015,S003;S005;S011,S004;S006;S007;S009;S010;S012;S014
3,"1,2,8,9|3,5,7|4,6",False,False,14,5,5,2.697258600986005,0.33206916941101305,0.3208753991265266,2.390676075438877,,0,0,0,4,3,6,6,3,7,6,8,0,1,4,0,0,3,4,2,S001;S002;S009;S010;S012;S013;S014,S003;S005;S008;S011;S015,S004;S006;S007
3,"1,2,8|3,5,7,9|4,6",False,False,15,5,7,4.144588524868612,0.32773286619454073,0.3351866826426701,2.3706800512566146,,0,0,0,4,3,6,6,3,7,6,9,0,1,4,0,0,3,4,3,S001;S002;S009;S012;S013,S003;S005;S008;S010;S011;S014;S015,S004;S006;S007
3,"1,2,8|3,5,7|4,6,9",False,False,16,5,7,3.6368881283209604,0.03450157472052725,0.04066033724723703,1.0823064242459426,,0,0,0,4,3,6,6,3,7,6,10,0,1,4,0,0,3,4,4,S001;S002;S009;S012;S013,S003;S005;S008;S011;S015,S004;S006;S007;S010;S014
3,"1,2,9|3,5,7,8|4,6",False,False,14,5,6,3.8765031928408225,0.3297825395825379,0.30741293812340453,2.3802577762939365,,0,0,0,4,3,6,6,3,7,6,8,0,1,4,0,0,3,4,2,S001;S002;S010;S013;S014,S003;S005;S008;S009;S011;S012;S015,S004;S006;S007
3,"1,2|3,5,7,8,9|4,6",False,False,15,5,5,2.9503762391309842,0.5370686927066899,0.48177723793361454,3.0085849215971208,,0,0,0,4,3,6,6,3,7,6,9,0,1,4,0,0,3,4,3,S001;S002;S013,S003;S005;S008;S009;S010;S011;S012;S014;S015,S004;S006;S007
3,"1,2|3,5,7,8|4,6,9",False,False,16,5,7,3.8900057664659395,0.30158021864685064,0.25769227200909867,2.1168307623302245,,0,0,0,4,3,6,6,3,7,6,10,0,1,4,0,0,3,4,4,S001;S002;S013,S003;S005;S008;S009;S011;S012;S015,S004;S006;S007;S010;S014
3,"1,2,9|3,5,7|4,6,8",False,False,14,5,6,3.218461571158774,0.030314016412375404,0.08896980334437944,1.0701300404180276,,0,0,0,5,2,6,6,2,7,6,8,1,0,4,0,0,3,4,2,S001;S002;S010;S013;S014,S003;S005;S008;S011;S015,S004;S006;S007;S009;S012
3,"1,2|3,5,7,9|4,6,8",False,False,15,5,7,3.739664541331543,0.2988837857470968,0.3077494402209567,2.108313019758783,,0,0,0,5,2,6,6,2,7,6,9,1,0,4,0,0,3,4,3,S001;S002;S013,S003;S005;S008;S010;S011;S014;S015,S004;S006;S007;S009;S012
3,"1,2|3,5,7|4,6,8,9",False,False,16,5,6,2.710761174611122,0.27273929665033936,0.23748633651180068,2.015424418762528,,0,0,0,5,2,6,6,2,7,6,10,1,0,4,0,0,3,4,4,S001;S002;S013,S003;S005;S008;S011;S015,S004;S006;S007;S009;S010;S012;S014
3,"1,2,8,9|3,5|4,6,7",False,False,11,5,5,2.697258600986005,0.3278959789904157,0.31623784510443365,2.3514857773967264,,0,0,0,4,3,5,6,3,6,6,7,0,1,3,0,0,2,4,1,S001;S002;S009;S010;S012;S013;S014,S003;S005;S011,S004;S006;S007;S008;S015
3,"1,2,8|3,5,9|4,6,7",False,False,13,5,7,4.144588524868612,0.028650567843233225,0.06022957225385271,1.0713410791349263,,0,0,0,4,3,5,6,3,6,6,9,0,1,3,0,0,2,4,3,S001;S002;S009;S012;S013,S003;S005;S010;S011;S014,S004;S006;S007;S008;S015
3,"1,2,8|3,5|4,6,7,9",False,False,13,5,7,3.6368881283209604,0.3197968335272744,0.30973510085193534,2.315424570528541,,0,0,0,4,3,5,6,3,6,6,9,0,1,3,0,0,2,4,3,S001;S002;S009;S012;S013,S003;S005;S011,S004;S006;S007;S008;S010;S014;S015
3,"1,2,9|3,5,8|4,6,7",False,False,12,5,6,3.8765031928408225,0.02420301223623578,0.06981648715534418,1.0593508202427073,,1,0,0,4,3,5,6,3,6,6,8,0,1,3,0,0,2,4,2,S001;S002;S010;S013;S014,S003;S005;S009;S011;S012,S004;S006;S007;S008;S015
3,"1,2|3,5,8,9|4,6,7",False,False,13,5,5,2.9503762391309842,0.276474640360305,0.24937216532959433,2.0302461302579555,,0,0,0,4,3,5,6,3,6,6,9,0,1,3,0,0,2,4,3,S001;S002;S013,S003;S005;S009;S010;S011;S012;S014,S004;S006;S007;S008;S015
3,"1,2|3,5,8|4,6,7,9",False,False,14,5,7,3.8900057664659395,0.29430206757342614,0.2694535249110557,2.093491308263355,,0,0,0,4,3,5,6,3,6,6,10,0,1,3,0,0,2,4,4,S001;S002;S013,S003;S005;S009;S011;S012,S004;S006;S007;S008;S010;S014;S015
3,"1,2,9|3,5|4,6,7,8",False,False,10,4,6,3.218461571158774,0.3218405765791141,0.2806979550654749,2.3248452881391213,,0,0,0,4,2,5,6,2,6,6,7,0,0,3,0,0,2,4,1,S001;S002;S010;S013;S014,S003;S005;S011,S004;S006;S007;S008;S009;S012;S015
3,"1,2|3,5,9|4,6,7,8",False,False,12,4,7,3.739664541331543,0.29691769602556733,0.23038247527747255,2.102009050834797,,0,0,0,4,2,5,6,2,6,6,9,0,0,3,0,0,2,4,3,S001;S002;S013,S003;S005;S010;S011;S014,S004;S006;S007;S008;S009;S012;S015
3,"1,2|3,5|4,6,7,8,9",False,False,12,4,6,2.710761174611122,0.5299839218223141,0.46705990149551513,2.9428722809685395,,0,0,0,4,2,5,6,2,6,6,9,0,0,3,0,0,2,4,3,S001;S002;S013,S003;S005;S011,S004;S006;S007;S008;S009;S010;S012;S014;S015
3,"1,2,6,7,8,9|3|4,5",False,False,8,4,5,2.8439253382381877,0.8207005022416821,0.7313077408296275,7.351151571837319,,0,0,0,4,2,4,6,2,6,5,7,0,0,2,0,0,2,3,1,S001;S002;S006;S007;S008;S009;S010;S012;S013;S014;S015,S003,S004;S005;S011
3,"1,2,6,7,8|3,9|4,5",False,False,10,4,7,4.291255262120795,0.555497219496411,0.4475036315252638,3.202364376777553,,0,0,0,4,2,4,6,2,6,5,9,0,0,2,0,0,2,3,3,S001;S002;S006;S007;S008;S009;S012;S013;S015,S003;S010;S014,S004;S005;S011
3,"1,2,6,7,8|3|4,5,9",False,False,11,4,7,3.783554865573143,0.6109753123558213,0.5275322770350886,6.095886418975586,,0,0,0,4,2,4,6,2,6,6,9,0,0,2,0,0,2,4,3,S001;S002;S006;S007;S008;S009;S012;S013;S015,S003,S004;S005;S010;S011;S014
3,"1,2,6,7,9|3,8|4,5",False,False,10,5,7,4.291255262120795,0.5517292057711963,0.48157466423633694,3.1923125292024204,,0,0,0,4,3,4,6,3,6,5,8,0,1,2,0,0,2,3,2,S001;S002;S006;S007;S008;S010;S013;S014;S015,S003;S009;S012,S004;S005;S011
3,"1,2,6,7|3,8,9|4,5",False,False,11,5,6,3.3651283084109567,0.3492568137500049,0.30454036235964027,2.5328815403930567,,0,0,0,4,3,4,6,3,6,5,9,0,1,2,0,0,2,3,3,S001;S002;S006;S007;S008;S013;S015,S003;S009;S010;S012;S014,S004;S005;S011
3,"1,2,6,7|3,8|4,5,9",False,False,13,5,8,4.304757835745912,0.30890178683548813,0.20941937437096772,2.1198945671454936,,0,0,0,4,3,4,6,3,6,6,10,0,1,2,0,0,2,4,4,S001;S002;S006;S007;S008;S013;S015,S003;S009;S012,S004;S005;S010;S011;S014
3,"1,2,6,7,9|3|4,5,8",False,False,10,6,5,3.097042976383167,0.6083627472759127,0.5755426870739572,6.076752143824636,,0,0,0,5,3,4,6,3,6,5,7,1,1,2,0,0,2,3,1,S001;S002;S006;S007;S008;S010;S013;S014;S015,S003,S004;S005;S009;S011;S012
3,"1,2,6,7|3,9|4,5,8",False,False,12,6,6,3.618245946555936,0.31049437715084055,0.218117018556035,2.1378803218969007,,0,0,0,5,3,4,6,3,6,5,9,1,1,2,0,0,2,3,3,S001;S002;S006;S007;S008;S013;S015,S003;S010;S014,S004;S005;S009;S011;S012
3,"1,2,6,7|3|4,5,8,9",False,False,13,6,5,2.589342579835515,0.5023884046860916,0.4445740104467936,4.821486990962904,,0,0,0,5,3,4,6,3,6,6,9,1,1,2,0,0,2,4,3,S001;S002;S006;S007;S008;S013;S015,S003,S004;S005;S009;S010;S011;S012;S014
3,"1,2,6,8,9|3,7|4,5",False,False,7,4,6,3.397255206699179,0.5177969268643137,0.4962868986199342,3.1001852469624045,,0,0,0,4,2,4,6,2,5,5,7,0,0,2,0,0,1,3,1,S001;S002;S006;S007;S009;S010;S012;S013;S014,S003;S008;S015,S004;S005;S011
3,"1,2,6,8|3,7,9|4,5",False,False,9,4,8,4.844585130581786,0.3328800633574291,0.3233008787211567,2.4407542581530413,,0,0,0,4,2,4,6,2,5,5,9,0,0,2,0,0,1,3,3,S001;S002;S006;S007;S009;S012;S013,S003;S008;S010;S014;S015,S004;S005;S011
3,"1,2,6,8|3,7|4,5,9",False,False,10,4,8,4.336884734034134,0.2677480003842861,0.26954491065804437,1.896553208691272,,0,0,0,4,2,4,6,2,5,6,9,0,0,2,0,0,1,4,3,S001;S002;S006;S007;S009;S012;S013,S003;S008;S015,S004;S005;S010;S011;S014
3,"1,2,6,9|3,7,8|4,5",False,False,9,5,8,4.844585130581786,0.33136477535371955,0.3367255503516512,2.4307024105779087,,0,0,0,4,3,4,6,3,5,5,8,0,1,2,0,0,1,3,2,S001;S002;S006;S007;S010;S013;S014,S003;S008;S009;S012;S015,S004;S005;S011
3,"1,2,6|3,7,8,9|4,5",False,False,10,5,7,3.918458176871948,0.36748530911770555,0.33862959684339833,2.6158559721201238,,0,0,0,4,3,4,6,3,5,5,9,0,1,2,0,0,1,3,3,S001;S002;S006;S007;S013,S003;S008;S009;S010;S012;S014;S015,S004;S005;S011
3,"1,2,6|3,7,8|4,5,9",False,False,12,5,9,4.858087704206904,0.06820284499619707,0.049413932532523505,1.1789733929908641,,0,0,0,4,3,4,6,3,5,6,10,0,1,2,0,0,1,4,4,S001;S002;S006;S007;S013,S003;S008;S009;S012;S015,S004;S005;S010;S011;S014
3,"1,2,6,9|3,7|4,5,8",False,False,9,6,6,3.650372844844158,0.2647378944171725,0.3181482717258941,1.8887425642119222,,0,0,0,5,3,4,6,3,5,5,7,1,1,2,0,0,1,3,1,S001;S002;S006;S007;S010;S013;S014,S003;S008;S015,S004;S005;S009;S011;S012
3,"1,2,6|3,7,9|4,5,8",False,False,11,6,7,4.1715758150169275,0.06368132639836095,0.1319713094110736,1.1658539359115412,,0,0,0,5,3,4,6,3,5,5,9,1,1,2,0,0,1,3,3,S001;S002;S006;S007;S013,S003;S008;S010;S014;S015,S004;S005;S009;S011;S012
3,"1,2,6|3,7|4,5,8,9",False,False,12,6,6,3.1426724482965063,0.23708404826451368,0.21218883422635523,1.8096491988829824,,0,0,0,5,3,4,6,3,5,6,9,1,1,2,0,0,1,4,3,S001;S002;S006;S007;S013,S003;S008;S015,S004;S005;S009;S010;S011;S012;S014
3,"1,2,6,8,9|3|4,5,7",False,False,12,4,7,3.928545096324378,0.5855379932625702,0.5331712061267877,5.901382516090655,,0,0,0,4,2,5,6,2,6,6,9,0,0,3,0,0,2,4,3,S001;S002;S006;S007;S009;S010;S012;S013;S014,S003,S004;S005;S008;S011;S015
3,"1,2,6,8|3,9|4,5,7",False,False,14,4,9,5.375875020206985,0.2858608129030003,0.2135709297172044,2.0601202290264666,,0,0,0,4,2,5,6,2,6,6,11,0,0,3,0,0,2,4,5,S001;S002;S006;S007;S009;S012;S013,S003;S010;S014,S004;S005;S008;S011;S015
3,"1,2,6,8|3|4,5,7,9",False,False,13,4,9,4.868174623659334,0.5002638225024132,0.46722913717359915,4.646117363228922,,0,0,0,4,2,5,6,2,6,6,10,0,0,3,0,0,2,4,4,S001;S002;S006;S007;S009;S012;S013,S003,S004;S005;S008;S010;S011;S014;S015
3,"1,2,6,9|3,8|4,5,7",False,False,14,5,9,5.375875020206985,0.28129543375619764,0.2558872847624944,2.034375770187791,,0,0,0,4,3,5,6,3,6,6,10,0,1,3,0,0,2,4,4,S001;S002;S006;S007;S010;S013;S014,S003;S009;S012,S004;S005;S008;S011;S015
3,"1,2,6|3,8,9|4,5,7",False,False,15,5,8,4.449748066497147,0.02315475789314007,0.030483774189194787,1.0525858326378326,,0,0,0,4,3,5,6,3,6,6,11,0,1,3,0,0,2,4,5,S001;S002;S006;S007;S013,S003;S009;S010;S012;S014,S004;S005;S008;S011;S015
3,"1,2,6|3,8|4,5,7,9",False,False,15,5,10,5.389377593832103,0.27894435123076744,0.24543765719610183,2.0262897449552795,,0,0,0,4,3,5,6,3,6,6,11,0,1,3,0,0,2,4,5,S001;S002;S006;S007;S013,S003;S009;S012,S004;S005;S008;S010;S011;S014;S015
3,"1,2,6,9|3|4,5,7,8",False,False,13,5,7,4.1816627344693575,0.5002437547848368,0.46456742889738956,4.627726512065201,,0,0,0,4,3,5,6,3,6,6,9,0,1,3,0,0,2,4,3,S001;S002;S006;S007;S010;S013;S014,S003,S004;S005;S008;S009;S011;S012;S015
3,"1,2,6|3,9|4,5,7,8",False,False,15,5,8,4.702865704642127,0.2835121804817856,0.1693762429348202,2.051965599784586,,0,0,0,4,3,5,6,3,6,6,11,0,1,3,0,0,2,4,5,S001;S002;S006;S007;S013,S003;S010;S014,S004;S005;S008;S009;S011;S012;S015
3,"1,2,6|3|4,5,7,8,9",False,False,14,5,7,3.6739623379217052,0.5832669403569829,0.5149165472621547,5.882991664926934,,0,0,0,4,3,5,6,3,6,6,10,0,1,3,0,0,2,4,4,S001;S002;S006;S007;S013,S003,S004;S005;S008;S009;S010;S011;S012;S014;S015
3,"1,2,7,8,9|3,6|4,5",False,False,10,5,5,2.8439253382381877,0.5813920700718445,0.5294356367993637,3.2706309370531854,,0,0,0,4,3,4,6,3,7,5,7,0,1,2,0,0,3,3,1,S001;S002;S008;S009;S010;S012;S013;S014;S015,S003;S006;S007,S004;S005;S011
3,"1,2,7,8|3,6,9|4,5",False,False,12,5,7,4.291255262120795,0.3663835774991817,0.32570953208639425,2.6111999482438217,,0,0,0,4,3,4,6,3,7,5,9,0,1,2,0,0,3,3,3,S001;S002;S008;S009;S012;S013;S015,S003;S006;S007;S010;S014,S004;S005;S011
3,"1,2,7,8|3,6|4,5,9",False,False,13,5,7,3.783554865573143,0.3440267826580638,0.31055814863899583,2.338744500492923,,0,0,0,4,3,4,6,3,7,6,9,0,1,2,0,0,3,4,3,S001;S002;S008;S009;S012;S013;S015,S003;S006;S007,S004;S005;S010;S011;S014
3,"1,2,7,9|3,6,8|4,5",False,False,10,4,7,4.291255262120795,0.36403567243508733,0.3442278948600716,2.6011481006686896,,0,0,0,4,2,4,6,2,7,5,8,0,0,2,0,0,3,3,2,S001;S002;S008;S010;S013;S014;S015,S003;S006;S007;S009;S012,S004;S005;S011
3,"1,2,7|3,6,8,9|4,5",False,False,11,4,6,3.3651283084109567,0.3336008340597136,0.3159372531531106,2.4454102820293433,,0,0,0,4,2,4,6,2,7,5,9,0,0,2,0,0,3,3,3,S001;S002;S008;S013;S015,S003;S006;S007;S009;S010;S012;S014,S004;S005;S011
3,"1,2,7|3,6,8|4,5,9",False,False,13,4,8,4.304757835745912,0.06429104392991579,0.01756914054380594,1.1701101913569192,,0,0,0,4,2,4,6,2,7,6,10,0,0,2,0,0,3,4,4,S001;S002;S008;S013;S015,S003;S006;S007;S009;S012,S004;S005;S010;S011;S014
3,"1,2,7,9|3,6|4,5,8",False,False,11,6,5,3.097042976383167,0.3411705904772701,0.3558922728511628,2.3297414736462256,,0,0,0,5,3,4,6,3,7,5,7,1,1,2,0,0,3,3,1,S001;S002;S008;S010;S013;S014;S015,S003;S006;S007,S004;S005;S009;S011;S012
3,"1,2,7|3,6,9|4,5,8",False,False,13,6,6,3.618245946555936,0.06237978844130111,0.10668414755022193,1.163065033998428,,0,0,0,5,3,4,6,3,7,5,9,1,1,2,0,0,3,3,3,S001;S002;S008;S013;S015,S003;S006;S007;S010;S014,S004;S005;S009;S011;S012
3,"1,2,7|3,6|4,5,8,9",False,False,14,6,5,2.589342579835515,0.2815713387609599,0.25489723250200824,2.0859124190996208,,0,0,0,5,3,4,6,3,7,6,9,1,1,2,0,0,3,4,3,S001;S002;S008;S013;S015,S003;S006;S007,S004;S005;S009;S010;S011;S012;S014
3,"1,2,8,9|3,6,7|4,5",False,False,9,4,5,2.8659653170739796,0.3446015792904427,0.32062057422188717,2.5090208184286737,,0,0,0,4,3,5,6,3,6,5,6,0,1,3,0,0,2,3,0,S001;S002;S009;S010;S012;S013;S014,S003;S006;S007;S008;S015,S004;S005;S011
3,"1,2,8|3,6,7,9|4,5",False,False,11,5,7,4.313295240956586,0.35019718415539247,0.3446635066042341,2.537537564269359,,0,0,0,4,3,5,6,3,6,5,8,0,1,3,0,0,2,3,2,S001;S002;S009;S012;S013,S003;S006;S007;S008;S010;S014;S015,S004;S005;S011
3,"1,2,8|3,6,7|4,5,9",False,False,12,5,7,3.8055948444089354,0.05405324045987936,0.029803255730002653,1.131777451503139,,0,0,0,4,3,5,6,3,6,6,8,0,1,3,0,0,2,4,2,S001;S002;S009;S012;S013,S003;S006;S007;S008;S015,S004;S005;S010;S011;S014
3,"1,2,9|3,6,7,8|4,5",False,False,9,4,7,4.313295240956586,0.35226216780437364,0.3260088727443353,2.5475894118444917,,0,0,0,4,2,5,6,2,6,5,7,0,0,3,0,0,2,3,1,S001;S002;S010;S013;S014,S003;S006;S007;S008;S009;S012;S015,S004;S005;S011
3,"1,2|3,6,7,8,9|4,5",False,False,10,4,6,3.387168287246749,0.5572466358521433,0.5040963447829504,3.207020400653855,,0,0,0,4,2,5,6,2,6,5,8,0,0,3,0,0,2,3,2,S001;S002;S013,S003;S006;S007;S008;S009;S010;S012;S014;S015,S004;S005;S011
3,"1,2|3,6,7,8|4,5,9",False,False,12,4,8,4.326797814581704,0.3154898076034801,0.2788331412720877,2.158778336582215,,0,0,0,4,2,5,6,2,6,6,9,0,0,3,0,0,2,4,3,S001;S002;S013,S003;S006;S007;S008;S009;S012;S015,S004;S005;S010;S011;S014
3,"1,2,9|3,6,7|4,5,8",False,False,10,5,5,3.119082955218959,0.050472353725735386,0.10454059922731436,1.124963093078156,,1,0,0,5,3,5,6,3,6,5,6,1,1,3,0,0,2,3,0,S001;S002;S010;S013;S014,S003;S006;S007;S008;S015,S004;S005;S009;S011;S012
3,"1,2|3,6,7,9|4,5,8",False,False,12,6,6,3.640285925391728,0.31258432032367245,0.3271285779321974,2.1502605940107733,,0,0,0,5,3,5,6,3,6,5,8,1,1,3,0,0,2,3,2,S001;S002;S013,S003;S006;S007;S008;S010;S014;S015,S004;S005;S009;S011;S012
3,"1,2|3,6,7|4,5,8,9",False,False,13,6,5,2.6113825586713073,0.2631849574097235,0.22010865804820073,1.9734768445105377,,0,0,0,5,3,5,6,3,6,6,8,1,1,3,0,0,2,4,2,S001;S002;S013,S003;S006;S007;S008;S015,S004;S005;S009;S010;S011;S012;S014
3,"1,2,8,9|3,6|4,5,7",False,False,13,5,6,3.397255206699179,0.3168702406742627,0.29593624029685983,2.247226852416585,,0,0,0,4,3,5,6,3,7,6,8,0,1,3,0,0,3,4,2,S001;S002;S009;S010;S012;S013;S014,S003;S006;S007,S004;S005;S008;S011;S015
3,"1,2,8|3,6,9|4,5,7",False,False,15,5,8,4.844585130581786,0.021465145113686933,0.040389303675848844,1.0499427824946272,,0,0,0,4,3,5,6,3,7,6,10,0,1,3,0,0,3,4,4,S001;S002;S009;S012;S013,S003;S006;S007;S010;S014,S004;S005;S008;S011;S015
3,"1,2,8|3,6|4,5,7,9",False,False,14,5,8,4.336884734034134,0.29734167230784103,0.31524228835108603,2.1684270403292616,,0,0,0,4,3,5,6,3,7,6,9,0,1,3,0,0,3,4,3,S001;S002;S009;S012;S013,S003;S006;S007,S004;S005;S008;S010;S011;S014;S015
3,"1,2,9|3,6,8|4,5,7",False,False,13,4,8,4.844585130581786,0.018126181748253874,0.039630134989834864,1.0442367255931257,,1,0,0,4,2,5,6,2,7,6,9,0,0,3,0,0,3,4,3,S001;S002;S010;S013;S014,S003;S006;S007;S009;S012,S004;S005;S008;S011;S015
3,"1,2|3,6,8,9|4,5,7",False,False,14,4,7,3.918458176871948,0.28797555530974006,0.2637235487736914,2.072193704509946,,0,0,0,4,2,5,6,2,7,6,10,0,0,3,0,0,3,4,4,S001;S002;S013,S003;S006;S007;S009;S010;S012;S014,S004;S005;S008;S011;S015
3,"1,2|3,6,8|4,5,7,9",False,False,14,4,9,4.858087704206904,0.282148114669099,0.28303730658683096,2.051543734011365,,0,0,0,4,2,5,6,2,7,6,10,0,0,3,0,0,3,4,4,S001;S002;S013,S003;S006;S007;S009;S012,S004;S005;S008;S010;S011;S014;S015
3,"1,2,9|3,6|4,5,7,8",False,False,13,5,6,3.650372844844158,0.2993668933651105,0.272773959735221,2.1774300671759588,,0,0,0,4,3,5,6,3,7,6,8,0,1,3,0,0,3,4,2,S001;S002;S010;S013;S014,S003;S006;S007,S004;S005;S008;S009;S011;S012;S015
3,"1,2|3,6,9|4,5,7,8",False,False,15,5,7,4.1715758150169275,0.2845140055490448,0.23784577130533294,2.0600614765828067,,0,0,0,4,3,5,6,3,7,6,10,0,1,3,0,0,3,4,4,S001;S002;S013,S003;S006;S007;S010;S014,S004;S005;S008;S009;S011;S012;S015
3,"1,2|3,6|4,5,7,8,9",False,False,14,5,6,3.1426724482965063,0.5100717758025156,0.46459225634290685,2.7680553081000605,,0,0,0,4,3,5,6,3,7,6,9,0,1,3,0,0,3,4,3,S001;S002;S013,S003;S006;S007,S004;S005;S008;S009;S010;S011;S012;S014;S015
3,"1,2,7,8,9|3|4,5,6",False,False,12,4,5,2.6752186221502128,0.6293099626615846,0.5742768616301285,6.225835777853092,,0,0,0,4,2,5,6,2,7,6,8,0,0,3,0,0,3,4,2,S001;S002;S008;S009;S010;S012;S013;S014;S015,S003,S004;S005;S006;S007;S011
3,"1,2,7,8|3,9|4,5,6",False,False,14,4,7,4.12254854603282,0.33414823912256264,0.25801042658841705,2.2039850253014124,,0,0,0,4,2,5,6,2,7,6,10,0,0,3,0,0,3,4,4,S001;S002;S008;S009;S012;S013;S015,S003;S010;S014,S004;S005;S006;S007;S011
3,"1,2,7,8|3|4,5,6,9",False,False,14,4,7,3.614848149485168,0.5069170417966326,0.4577936416022256,4.9705706249913595,,0,0,0,4,2,5,6,2,7,6,10,0,0,3,0,0,3,4,4,S001;S002;S008;S009;S012;S013;S015,S003,S004;S005;S006;S007;S010;S011;S014
3,"1,2,7,9|3,8|4,5,6",False,False,13,4,7,4.12254854603282,0.32971433999316546,0.29814334622587824,2.177030247570393,,0,0,0,4,2,5,6,2,7,6,9,0,0,3,0,0,3,4,3,S001;S002;S008;S010;S013;S014;S015,S003;S009;S012,S004;S005;S006;S007;S011
3,"1,2,7|3,8,9|4,5,6",False,False,14,4,6,3.1964215923229817,0.08296337482352743,0.10951057043125077,1.220312041319722,,1,0,0,4,2,5,6,2,7,6,10,0,0,3,0,0,3,4,4,S001;S002;S008;S013;S015,S003;S009;S010;S012;S014,S004;S005;S006;S007;S011
3,"1,2,7|3,8|4,5,6,9",False,False,15,4,8,4.136051119657938,0.2468179159553673,0.18913394558221083,1.8836352675726775,,0,0,0,4,2,5,6,2,7,6,11,0,0,3,0,0,3,4,5,S001;S002;S008;S013;S015,S003;S009;S012,S004;S005;S006;S007;S010;S011;S014
3,"1,2,7,9|3|4,5,6,8",False,False,13,5,5,2.928336260295192,0.5061979618095547,0.46952086024037915,4.95143634984041,,0,0,0,5,2,5,6,2,7,6,8,1,0,3,0,0,3,4,2,S001;S002;S008;S010;S013;S014;S015,S003,S004;S005;S006;S007;S009;S011;S012
3,"1,2,7|3,9|4,5,6,8",False,False,15,5,6,3.4495392304679613,0.251264945076765,0.11369096188705514,1.90810080350964,,0,0,0,5,2,5,6,2,7,6,10,1,0,3,0,0,3,4,4,S001;S002;S008;S013;S015,S003;S010;S014,S004;S005;S006;S007;S009;S011;S012
3,"1,2,7|3|4,5,6,8,9",False,False,15,5,5,2.42063586374754,0.5474646962684145,0.4755074354879262,5.558538403164496,,0,0,0,5,2,5,6,2,7,6,10,1,0,3,0,0,3,4,4,S001;S002;S008;S013;S015,S003,S004;S005;S006;S007;S009;S010;S011;S012;S014
3,"1,2,8,9|3,7|4,5,6",False,False,10,4,5,2.697258600986005,0.28927487845271904,0.2876144337003823,1.9495987635661984,,0,0,0,4,2,5,6,2,6,6,7,0,0,3,0,0,2,4,1,S001;S002;S009;S010;S012;S013;S014,S003;S008;S015,S004;S005;S006;S007;S011
3,"1,2,8|3,7,9|4,5,6",False,False,12,4,7,4.144588524868612,0.08349613481858854,0.14142078410525755,1.2232382152542365,,0,0,0,4,2,5,6,2,6,6,9,0,0,3,0,0,2,4,3,S001;S002;S009;S012;S013,S003;S008;S010;S014;S015,S004;S005;S006;S007;S011
3,"1,2,8|3,7|4,5,6,9",False,False,12,4,7,3.6368881283209604,0.22010822286700585,0.22602083853067365,1.7487929995287061,,0,0,0,4,2,5,6,2,6,6,9,0,0,3,0,0,2,4,3,S001;S002;S009;S012;S013,S003;S008;S015,S004;S005;S006;S007;S010;S011;S014
3,"1,2,9|3,7,8|4,5,6",False,False,11,4,7,4.144588524868612,0.08481525186997223,0.1306904435216553,1.229555505532272,,0,0,0,4,2,5,6,2,6,6,8,0,0,3,0,0,2,4,2,S001;S002;S010;S013;S014,S003;S008;S009;S012;S015,S004;S005;S006;S007;S011
3,"1,2|3,7,8,9|4,5,6",False,False,12,4,6,3.218461571158774,0.33620326461379196,0.3229015562345155,2.2166261085782994,,0,0,0,4,2,5,6,2,6,6,9,0,0,3,0,0,2,4,3,S001;S002;S013,S003;S008;S009;S010;S012;S014;S015,S004;S005;S006;S007;S011
3,"1,2|3,7,8|4,5,6,9",False,False,13,4,8,4.158091098493729,0.25146566545017823,0.23496357276294813,1.9071113299430111,,0,0,0,4,2,5,6,2,6,6,10,0,0,3,0,0,2,4,4,S001;S002;S013,S003;S008;S009;S012;S015,S004;S005;S006;S007;S010;S011;S014
3,"1,2,9|3,7|4,5,6,8",False,False,11,5,5,2.9503762391309842,0.22204026687927947,0.1931963791810685,1.756603644008056,,0,0,0,5,2,5,6,2,6,6,7,1,0,3,0,0,2,4,1,S001;S002;S010;S013;S014,S003;S008;S015,S004;S005;S006;S007;S009;S011;S012
3,"1,2|3,7,9|4,5,6,8",False,False,13,5,6,3.471579209303753,0.252719624925189,0.2166862689630031,1.9156290725144527,,0,0,0,5,2,5,6,2,6,6,9,1,0,3,0,0,2,4,3,S001;S002;S013,S003;S008;S010;S014;S015,S004;S005;S006;S007;S009;S011;S012
3,"1,2|3,7|4,5,6,8,9",False,False,13,5,5,2.4426758425833324,0.4434150578713513,0.3753975555806856,2.4744182268789943,,0,0,0,5,2,5,6,2,6,6,9,1,0,3,0,0,2,4,3,S001;S002;S013,S003;S008;S015,S004;S005;S006;S007;S009;S010;S011;S012;S014
3,"1,2,8,9|3|4,5,6,7",False,False,12,4,5,2.697258600986005,0.5015033623974997,0.4488567630246931,4.776066722106428,,0,0,0,4,2,5,6,2,7,6,8,0,0,3,0,0,3,4,2,S001;S002;S009;S010;S012;S013;S014,S003,S004;S005;S006;S007;S008;S011;S015
3,"1,2,8|3,9|4,5,6,7",False,False,14,4,7,4.144588524868612,0.2663896683632726,0.13797494040188968,1.985860896380074,,0,0,0,4,2,5,6,2,7,6,10,0,0,3,0,0,3,4,4,S001;S002;S009;S012;S013,S003;S010;S014,S004;S005;S006;S007;S008;S011;S015
3,"1,2,8|3|4,5,6,7,9",False,False,13,4,7,3.6368881283209604,0.5657800926834966,0.5072245321967817,5.733908030898477,,0,0,0,4,2,5,6,2,7,6,9,0,0,3,0,0,3,4,3,S001;S002;S009;S012;S013,S003,S004;S005;S006;S007;S008;S010;S011;S014;S015
3,"1,2,9|3,8|4,5,6,7",False,False,13,4,7,4.144588524868612,0.2638232680507266,0.16949499507461863,1.96915406453038,,0,0,0,4,2,5,6,2,7,6,9,0,0,3,0,0,3,4,3,S001;S002;S010;S013;S014,S003;S009;S012,S004;S005;S006;S007;S008;S011;S015
3,"1,2|3,8,9|4,5,6,7",False,False,14,4,6,3.218461571158774,0.26759654078679346,0.21358123784835834,1.99369596201528,,0,0,0,4,2,5,6,2,7,6,10,0,0,3,0,0,3,4,4,S001;S002;S013,S003;S009;S010;S012;S014,S004;S005;S006;S007;S008;S011;S015
3,"1,2|3,8|4,5,6,7,9",False,False,14,4,8,4.158091098493729,0.47903850265569653,0.3994720731928079,2.5524851163798217,,0,0,0,4,2,5,6,2,7,6,10,0,0,3,0,0,3,4,4,S001;S002;S013,S003;S009;S012,S004;S005;S006;S007;S008;S010;S011;S014;S015
3,"1,2,9|3|4,5,6,7,8",False,False,12,4,5,2.9503762391309842,0.5679296828701138,0.4688394529361514,5.7530423060494265,,0,0,0,4,2,5,6,2,7,6,8,0,0,3,0,0,3,4,2,S001;S002;S010;S013;S014,S003,S004;S005;S006;S007;S008;S009;S011;S012;S015
3,"1,2|3,9|4,5,6,7,8",False,False,14,4,6,3.471579209303753,0.48298616655173726,0.3300995022097865,2.5610028589512632,,0,0,0,4,2,5,6,2,7,6,10,0,0,3,0,0,3,4,4,S001;S002;S013,S003;S010;S014,S004;S005;S006;S007;S008;S009;S011;S012;S015
3,"1,2|3|4,5,6,7,8,9",False,False,13,4,5,2.4426758425833324,0.7574252269546429,0.6490862514365259,7.00830745891116,,0,0,0,4,2,5,6,2,7,6,9,0,0,3,0,0,3,4,3,S001;S002;S013,S003,S004;S005;S006;S007;S008;S009;S010;S011;S012;S014;S015
3,"1,3,4,5,6,7,8|2|9",False,False,7,3,4,2.386959451217563,0.981507922974254,0.761152781298903,9.682168278709211,,0,0,0,4,2,3,6,2,4,6,8,0,0,1,0,0,0,4,2,S001;S003;S004;S005;S006;S007;S008;S009;S011;S012;S013;S015,S002,S010;S014
3,"1,3,4,5,6,7|2,8|9",False,False,8,4,5,3.0599687667824216,0.723993208175712,0.5232866969577711,5.482962251739589,,0,0,0,5,2,3,6,2,4,6,8,1,0,1,0,0,0,4,2,S001;S003;S004;S005;S006;S007;S008;S011;S013;S015,S002;S009;S012,S010;S014
3,"1,3,4,5,6,7,9|2|8",False,False,6,4,4,2.2366182260831664,0.9776726808324461,0.8385691435916349,9.659456260400646,,1,0,0,5,2,3,6,2,4,5,7,1,0,1,0,0,0,3,1,S001;S003;S004;S005;S006;S007;S008;S010;S011;S013;S014;S015,S002,S009;S012
3,"1,3,4,5,6,7|2,9|8",False,False,6,4,5,3.0599687667824216,0.7233577324434125,0.5439155784610796,5.4006391542389425,,0,0,0,5,2,3,6,2,4,5,7,1,0,1,0,0,0,3,1,S001;S003;S004;S005;S006;S007;S008;S011;S013;S015,S002;S010;S014,S009;S012
3,"1,3,4,5,6,7|2|8,9",False,False,8,4,4,2.133841813072584,0.7444335720343936,0.5985759422214867,8.16948055403143,,0,0,0,5,2,3,6,2,4,6,8,1,0,1,0,0,0,4,2,S001;S003;S004;S005;S006;S007;S008;S011;S013;S015,S002,S009;S010;S012;S014
3,"1,3,4,5,6,8|2,7|9",False,False,9,4,6,3.471579209303753,0.6915457356916492,0.49933788023004805,5.3432550135244785,,0,0,0,4,2,3,6,2,5,6,9,0,0,1,0,0,1,4,3,S001;S003;S004;S005;S006;S007;S009;S011;S012;S013,S002;S008;S015,S010;S014
3,"1,3,4,5,6|2,7,8|9",False,False,9,4,7,4.144588524868612,0.4998770068032313,0.356868971153642,4.328011799684496,,0,0,0,4,2,3,6,2,5,6,9,0,0,1,0,0,1,4,3,S001;S003;S004;S005;S006;S007;S011;S013,S002;S008;S009;S012;S015,S010;S014
3,"1,3,4,5,6,9|2,7|8",False,False,8,5,6,3.3212379841693567,0.6872440131452757,0.5836033049000443,5.248015182029347,,0,0,0,5,2,3,6,2,5,5,8,1,0,1,0,0,1,3,2,S001;S003;S004;S005;S006;S007;S010;S011;S013;S014,S002;S008;S015,S009;S012
3,"1,3,4,5,6|2,7,9|8",False,False,8,5,7,4.144588524868612,0.49736757480340593,0.4213724838194972,4.263029528968272,,0,0,0,5,2,3,6,2,5,5,8,1,0,1,0,0,1,3,2,S001;S003;S004;S005;S006;S007;S011;S013,S002;S008;S010;S014;S015,S009;S012
3,"1,3,4,5,6|2,7|8,9",False,False,10,5,6,3.218461571158774,0.4177027917561969,0.30863020892172255,2.370081740830455,,0,0,0,5,2,3,6,2,5,6,9,1,0,1,0,0,1,4,3,S001;S003;S004;S005;S006;S007;S011;S013,S002;S008;S015,S009;S010;S012;S014
3,"1,3,4,5,6,8,9|2|7",False,False,9,4,3,1.6058227282589597,0.9428272978695535,0.8254539425506453,9.451295869456194,,0,0,0,4,2,4,6,2,5,6,8,0,0,2,0,0,1,4,2,S001;S003;S004;S005;S006;S007;S009;S010;S011;S012;S013;S014,S002,S008;S015
3,"1,3,4,5,6,8|2,9|7",False,False,9,4,5,2.9503762391309842,0.6847525017683335,0.5443475565474579,4.626393282947168,,0,0,0,4,2,4,6,2,5,6,8,0,0,2,0,0,1,4,2,S001;S003;S004;S005;S006;S007;S009;S011;S012;S013,S002;S010;S014,S008;S015
3,"1,3,4,5,6,8|2|7,9",False,False,10,4,6,3.471579209303753,0.7158079767609584,0.5505027900265401,7.961320163086981,,0,0,0,4,2,4,6,2,5,6,9,0,0,2,0,0,1,4,3,S001;S003;S004;S005;S006;S007;S009;S011;S012;S013,S002,S008;S010;S014;S015
3,"1,3,4,5,6,9|2,8|7",False,False,10,5,5,2.8000350139965877,0.6810833826541325,0.6079427036520364,4.61319512902389,,0,0,0,5,2,4,6,2,5,6,8,1,0,2,0,0,1,4,2,S001;S003;S004;S005;S006;S007;S010;S011;S013;S014,S002;S009;S012,S008;S015
3,"1,3,4,5,6|2,8,9|7",False,False,10,5,5,2.697258600986005,0.47579891567654825,0.4284391513281763,3.7473571199381994,,0,0,0,5,2,4,6,2,5,6,8,1,0,2,0,0,1,4,2,S001;S003;S004;S005;S006;S007;S011;S013,S002;S009;S010;S012;S014,S008;S015
3,"1,3,4,5,6|2,8|7,9",False,False,11,5,7,4.144588524868612,0.42261803037128737,0.2891453154709443,2.566428121996798,,0,0,0,5,2,4,6,2,5,6,9,1,0,2,0,0,1,4,3,S001;S003;S004;S005;S006;S007;S011;S013,S002;S009;S012,S008;S010;S014;S015
3,"1,3,4,5,6,9|2|7,8",False,False,9,4,6,3.3212379841693567,0.7127640912049288,0.6021984597468146,7.9386081447784145,,0,0,0,4,2,4,6,2,5,6,8,0,0,2,0,0,1,4,2,S001;S003;S004;S005;S006;S007;S010;S011;S013;S014,S002,S008;S009;S012;S015
3,"1,3,4,5,6|2,9|7,8",False,False,9,4,7,4.144588524868612,0.4234017055490846,0.2711341688958457,2.5898374919538254,,0,0,0,4,2,4,6,2,5,6,8,0,0,2,0,0,1,4,2,S001;S003;S004;S005;S006;S007;S011;S013,S002;S010;S014,S008;S009;S012;S015
3,"1,3,4,5,6|2|7,8,9",False,False,10,4,6,3.218461571158774,0.5603907160715611,0.4682516365212636,6.4486324384092,,0,0,0,4,2,4,6,2,5,6,9,0,0,2,0,0,1,4,3,S001;S003;S004;S005;S006;S007;S011;S013,S002,S008;S009;S010;S012;S014;S015
3,"1,3,4,5,7,8|2,6|9",False,False,11,5,6,3.618245946555936,0.7523112247180989,0.5558233185525087,5.601728899318848,,0,0,0,4,3,4,6,3,5,6,9,0,1,2,0,0,1,4,3,S001;S003;S004;S005;S008;S009;S011;S012;S013;S015,S002;S006;S007,S010;S014
3,"1,3,4,5,7|2,6,8|9",False,False,11,5,7,4.291255262120795,0.5389155508999972,0.387902330719135,4.586485685478867,,0,0,0,5,2,4,6,2,5,6,9,1,0,2,0,0,1,4,3,S001;S003;S004;S005;S008;S011;S013;S015,S002;S006;S007;S009;S012,S010;S014
3,"1,3,4,5,7,9|2,6|8",False,False,10,6,6,3.4679047214215393,0.7481221768384235,0.6373034541651817,5.502608251227749,,0,0,0,5,3,4,6,3,5,5,8,1,1,2,0,0,1,3,2,S001;S003;S004;S005;S008;S010;S011;S013;S014;S015,S002;S006;S007,S009;S012
3,"1,3,4,5,7|2,6,9|8",False,False,10,6,7,4.291255262120795,0.5369186809445311,0.44089813823226987,4.517622598166675,,0,0,0,5,3,4,6,3,5,5,8,1,1,2,0,0,1,3,2,S001;S003;S004;S005;S008;S011;S013;S015,S002;S006;S007;S010;S014,S009;S012
3,"1,3,4,5,7|2,6|8,9",False,False,12,6,6,3.3651283084109567,0.4884879056008823,0.37435228974915813,2.925747928034229,,0,0,0,5,3,4,6,3,5,6,9,1,1,2,0,0,1,4,3,S001;S003;S004;S005;S008;S011;S013;S015,S002;S006;S007,S009;S010;S012;S014
3,"1,3,4,5,8|2,6,7|9",False,False,11,5,7,4.1715758150169275,0.5167388573985713,0.38657346670331366,4.446778447263756,,0,0,0,4,3,3,6,3,6,6,9,0,1,1,0,0,2,4,3,S001;S003;S004;S005;S009;S011;S012;S013,S002;S006;S007;S008;S015,S010;S014
3,"1,3,4,5|2,6,7,8|9",False,False,10,4,8,4.844585130581786,0.44978883230301536,0.352056203113486,3.7378221145155504,,0,0,0,4,2,3,6,2,6,6,9,0,0,1,0,0,2,4,3,S001;S003;S004;S005;S011;S013,S002;S006;S007;S008;S009;S012;S015,S010;S014
3,"1,3,4,5,9|2,6,7|8",False,False,10,6,7,4.02123458988253,0.5121683516696911,0.47288460416650296,4.36499862595708,,0,0,0,5,3,3,6,3,6,5,8,1,1,1,0,0,2,3,2,S001;S003;S004;S005;S010;S011;S013;S014,S002;S006;S007;S008;S015,S009;S012
3,"1,3,4,5|2,6,7,9|8",False,False,10,6,8,4.844585130581786,0.44562196034758655,0.43543857430672067,3.6666868095533034,,0,0,0,5,3,3,6,3,6,5,8,1,1,1,0,0,2,3,2,S001;S003;S004;S005;S011;S013,S002;S006;S007;S008;S010;S014;S015,S009;S012
3,"1,3,4,5|2,6,7|8,9",False,False,12,6,7,3.918458176871948,0.21232964749190167,0.1850425214777487,1.7027896235338718,,0,0,0,5,3,3,6,3,6,6,9,1,1,1,0,0,2,4,3,S001;S003;S004;S005;S011;S013,S002;S006;S007;S008;S015,S009;S010;S012;S014
3,"1,3,4,5,8,9|2,6|7",False,False,12,5,5,2.8371092235973325,0.7099479576538396,0.6202830101598108,4.716027806709699,,0,0,0,4,3,4,6,3,6,6,9,0,1,2,0,0,2,4,3,S001;S003;S004;S005;S009;S010;S011;S012;S013;S014,S002;S006;S007,S008;S015
3,"1,3,4,5,8|2,6,9|7",False,False,12,5,7,4.1816627344693575,0.49515766971443104,0.4421235094050587,3.8501897976240085,,0,0,0,4,3,4,6,3,6,6,9,0,1,2,0,0,2,4,3,S001;S003;S004;S005;S009;S011;S012;S013,S002;S006;S007;S010;S014,S008;S015
3,"1,3,4,5,8|2,6|7,9",False,False,13,5,8,4.702865704642127,0.4561578878837469,0.3264304163697023,2.836627806274475,,0,0,0,4,3,4,6,3,6,6,10,0,1,2,0,0,2,4,4,S001;S003;S004;S005;S009;S011;S012;S013,S002;S006;S007,S008;S010;S014;S015
3,"1,3,4,5,9|2,6,8|7",False,False,12,5,7,4.03132150933496,0.4925716116851694,0.4745861576734005,3.8369916437007303,,0,0,0,5,2,4,6,2,6,6,9,1,0,2,0,0,2,4,3,S001;S003;S004;S005;S010;S011;S013;S014,S002;S006;S007;S009;S012,S008;S015
3,"1,3,4,5|2,6,8,9|7",False,False,12,5,7,3.928545096324378,0.40783472988416397,0.4213167823153219,3.1021864670343002,,0,0,0,5,2,4,6,2,6,6,9,1,0,2,0,0,2,4,3,S001;S003;S004;S005;S011;S013,S002;S006;S007;S009;S010;S012;S014,S008;S015
3,"1,3,4,5|2,6,8|7,9",False,False,13,5,9,5.375875020206985,0.19481886002265378,0.11014116071600943,1.5923963496011013,,0,0,0,5,2,4,6,2,6,6,10,1,0,2,0,0,2,4,4,S001;S003;S004;S005;S011;S013,S002;S006;S007;S009;S012,S008;S010;S014;S015
3,"1,3,4,5,9|2,6|7,8",False,False,12,5,8,4.5525244795077295,0.45272525161612104,0.38499638684362386,2.8269040647505213,,0,0,0,4,3,4,6,3,6,6,9,0,1,2,0,0,2,4,3,S001;S003;S004;S005;S010;S011;S013;S014,S002;S006;S007,S008;S009;S012;S015
3,"1,3,4,5|2,6,9|7,8",False,False,12,5,9,5.375875020206985,0.19336196169812142,0.15847175223583487,1.5812115238150735,,0,0,0,4,3,4,6,3,6,6,9,0,1,2,0,0,2,4,3,S001;S003;S004;S005;S011;S013,S002;S006;S007;S010;S014,S008;S009;S012;S015
3,"1,3,4,5|2,6|7,8,9",False,False,13,5,8,4.449748066497147,0.30259119041039373,0.24188985842595534,2.1889978052156116,,0,0,0,4,3,4,6,3,6,6,10,0,1,2,0,0,2,4,4,S001;S003;S004;S005;S011;S013,S002;S006;S007,S008;S009;S010;S012;S014;S015
3,"1,3,4,5,7,8,9|2|6",False,False,8,5,3,1.7524894655111423,1.0077170357166925,0.8895712718618228,9.836415680020657,,0,0,0,4,3,4,6,3,5,5,7,0,1,2,0,0,1,3,1,S001;S003;S004;S005;S008;S009;S010;S011;S012;S013;S014;S015,S002,S006;S007
3,"1,3,4,5,7,8|2,9|6",False,False,8,5,5,3.097042976383167,0.7564513553081937,0.6142583143700736,6.248606054126013,,0,0,0,4,3,4,6,3,5,5,7,0,1,2,0,0,1,3,1,S001;S003;S004;S005;S008;S009;S011;S012;S013;S015,S002;S010;S014,S006;S007
3,"1,3,4,5,7,8|2|6,9",False,False,11,5,6,3.618245946555936,0.7697246765358418,0.5932420480223354,8.346439973651442,,0,0,0,4,3,4,6,3,5,6,9,0,1,2,0,0,1,4,3,S001;S003;S004;S005;S008;S009;S011;S012;S013;S015,S002,S006;S007;S010;S014
3,"1,3,4,5,7,9|2,8|6",False,False,9,6,5,2.9467017512487703,0.7528964218185016,0.6762781485885152,6.231602582519875,,0,0,0,5,3,4,6,3,5,5,7,1,1,2,0,0,1,3,1,S001;S003;S004;S005;S008;S010;S011;S013;S014;S015,S002;S009;S012,S006;S007
3,"1,3,4,5,7|2,8,9|6",False,False,9,6,5,2.8439253382381877,0.5532860108682172,0.49889972139155553,5.116124456670939,,0,0,0,5,3,4,6,3,5,5,7,1,1,2,0,0,1,3,1,S001;S003;S004;S005;S008;S011;S013;S015,S002;S009;S010;S012;S014,S006;S007
3,"1,3,4,5,7|2,8|6,9",False,False,12,6,7,4.291255262120795,0.48488055752150977,0.33975605936382763,2.7196981868688073,,0,0,0,5,3,4,6,3,5,6,9,1,1,2,0,0,1,4,3,S001;S003;S004;S005;S008;S011;S013;S015,S002;S009;S012,S006;S007;S010;S014
3,"1,3,4,5,7,9|2|6,8",False,False,10,5,6,3.4679047214215393,0.7664327987270443,0.6510027162663033,8.323727955342878,,0,0,0,5,2,4,6,2,5,6,8,1,0,2,0,0,1,4,2,S001;S003;S004;S005;S008;S010;S011;S013;S014;S015,S002,S006;S007;S009;S012
3,"1,3,4,5,7|2,9|6,8",False,False,10,5,7,4.291255262120795,0.4851988698659897,0.3332840404920612,2.7445055915579095,,0,0,0,5,2,4,6,2,5,6,8,1,0,2,0,0,1,4,2,S001;S003;S004;S005;S008;S011;S013;S015,S002;S010;S014,S006;S007;S009;S012
3,"1,3,4,5,7|2|6,8,9",False,False,11,5,6,3.3651283084109567,0.5890238089589713,0.48927393348866277,6.833752248973664,,0,0,0,5,2,4,6,2,5,6,9,1,0,2,0,0,1,4,3,S001;S003;S004;S005;S008;S011;S013;S015,S002,S006;S007;S009;S010;S012;S014
3,"1,3,4,5,8,9|2,7|6",False,False,9,5,5,2.8371092235973325,0.7208481758060625,0.6356351511119095,6.075762214268153,,0,0,0,4,3,3,6,3,6,5,8,0,1,1,0,0,2,3,2,S001;S003;S004;S005;S009;S010;S011;S012;S013;S014,S002;S008;S015,S006;S007
3,"1,3,4,5,8|2,7,9|6",False,False,9,5,7,4.1816627344693575,0.5329303463484867,0.48583690680471003,4.9602840884192165,,0,0,0,4,3,3,6,3,6,5,8,0,1,1,0,0,2,3,2,S001;S003;S004;S005;S009;S011;S012;S013,S002;S008;S010;S014;S015,S006;S007
3,"1,3,4,5,8|2,7|6,9",False,False,12,5,8,4.702865704642127,0.4477034313790872,0.31217207592341556,2.4351200715641586,,0,0,0,4,3,3,6,3,6,6,10,0,1,1,0,0,2,4,4,S001;S003;S004;S005;S009;S011;S012;S013,S002;S008;S015,S006;S007;S010;S014
3,"1,3,4,5,9|2,7,8|6",False,False,9,5,7,4.03132150933496,0.5308621715947761,0.5104184341980078,4.9432806168130785,,0,0,0,4,3,3,6,3,6,5,8,0,1,1,0,0,2,3,2,S001;S003;S004;S005;S010;S011;S013;S014,S002;S008;S009;S012;S015,S006;S007
3,"1,3,4,5|2,7,8,9|6",False,False,9,5,7,3.928545096324378,0.47828303930612814,0.48069759551210656,4.28493693290545,,0,0,0,4,3,3,6,3,6,5,8,0,1,1,0,0,2,3,2,S001;S003;S004;S005;S011;S013,S002;S008;S009;S010;S012;S014;S015,S006;S007
3,"1,3,4,5|2,7,8|6,9",False,False,12,5,9,5.375875020206985,0.23217363032157723,0.1398880817820555,1.8094266464835485,,0,0,0,4,3,3,6,3,6,6,10,0,1,1,0,0,2,4,4,S001;S003;S004;S005;S011;S013,S002;S008;S009;S012;S015,S006;S007;S010;S014
3,"1,3,4,5,9|2,7|6,8",False,False,11,5,8,4.5525244795077295,0.4438065804275826,0.38011387213167697,2.4267726676138386,,0,0,0,5,2,3,6,2,6,6,9,1,0,1,0,0,2,4,3,S001;S003;S004;S005;S010;S011;S013;S014,S002;S008;S015,S006;S007;S009;S012
3,"1,3,4,5|2,7,9|6,8",False,False,11,5,9,5.375875020206985,0.22941364782355944,0.20688240227816698,1.7949990731607164,,0,0,0,5,2,3,6,2,6,6,9,1,0,1,0,0,2,4,3,S001;S003;S004;S005;S011;S013,S002;S008;S010;S014;S015,S006;S007;S009;S012
3,"1,3,4,5|2,7|6,8,9",False,False,12,5,8,4.449748066497147,0.24561740512003877,0.19367499458160908,1.8791582315803625,,0,0,0,5,2,3,6,2,6,6,10,1,0,1,0,0,2,4,4,S001;S003;S004;S005;S011;S013,S002;S008;S015,S006;S007;S009;S010;S012;S014
3,"1,3,4,5,8,9|2|6,7",False,False,11,5,4,2.3058193339721336,0.7368978317253083,0.6593455877361476,8.115567564398427,,0,0,0,4,3,4,6,3,6,6,8,0,1,2,0,0,2,4,2,S001;S003;S004;S005;S009;S010;S011;S012;S013;S014,S002,S006;S007;S008;S015
3,"1,3,4,5,8|2,9|6,7",False,False,11,5,6,3.650372844844158,0.4511953674258398,0.35945473180704673,2.6609062253424125,,0,0,0,4,3,4,6,3,6,6,8,0,1,2,0,0,2,4,2,S001;S003;S004;S005;S009;S011;S012;S013,S002;S010;S014,S006;S007;S008;S015
3,"1,3,4,5,8|2|6,7,9",False,False,12,5,7,4.1715758150169275,0.5724233578552276,0.4822739111966495,6.625591858029213,,0,0,0,4,3,4,6,3,6,6,9,0,1,2,0,0,2,4,3,S001;S003;S004;S005;S009;S011;S012;S013,S002,S006;S007;S008;S010;S014;S015
3,"1,3,4,5,9|2,8|6,7",False,False,12,6,6,3.5000316197097616,0.4469836570747195,0.43026056308288674,2.6278155358789697,,0,0,0,5,3,4,6,3,6,6,8,1,1,2,0,0,2,4,2,S001;S003;S004;S005;S010;S011;S013;S014,S002;S009;S012,S006;S007;S008;S015
3,"1,3,4,5|2,8,9|6,7",False,False,12,6,6,3.397255206699179,0.20712458530643837,0.2307594339457374,1.672755210293078,,0,0,0,5,3,4,6,3,6,6,8,1,1,2,0,0,2,4,2,S001;S003;S004;S005;S011;S013,S002;S009;S010;S012;S014,S006;S007;S008;S015
3,"1,3,4,5|2,8|6,7,9",False,False,13,6,8,4.844585130581786,0.27516932130850147,0.23687000978284187,2.034834684444164,,0,0,0,5,3,4,6,3,6,6,9,1,1,2,0,0,2,4,3,S001;S003;S004;S005;S011;S013,S002;S009;S012,S006;S007;S008;S010;S014;S015
3,"1,3,4,5,9|2|6,7,8",False,False,10,4,7,4.02123458988253,0.5707689375275437,0.5076825426497383,6.602879839720647,,0,0,0,4,2,4,6,2,6,6,8,0,0,2,0,0,2,4,2,S001;S003;S004;S005;S010;S011;S013;S014,S002,S006;S007;S008;S009;S012;S015
3,"1,3,4,5|2,9|6,7,8",False,False,10,4,8,4.844585130581786,0.278585183942177,0.1681919190191292,2.0533951878618413,,0,0,0,4,2,4,6,2,6,6,8,0,0,2,0,0,2,4,2,S001;S003;S004;S005;S011;S013,S002;S010;S014,S006;S007;S008;S009;S012;S015
3,"1,3,4,5|2|6,7,8,9",False,False,11,4,7,3.918458176871948,0.5412713046379882,0.47549305396454866,6.059239851726991,,0,0,0,4,2,4,6,2,6,6,9,0,0,2,0,0,2,4,3,S001;S003;S004;S005;S011;S013,S002,S006;S007;S008;S009;S010;S012;S014;S015
3,"1,3,4,6,7,8|2,5|9",False,False,8,4,5,2.6550447832453528,0.7705223143560368,0.5869566569459252,5.676797597278267,,0,0,0,4,2,3,6,2,5,6,8,0,0,1,0,0,1,4,2,S001;S003;S004;S006;S007;S008;S009;S012;S013;S015,S002;S005;S011,S010;S014
3,"1,3,4,6,7|2,5,8|9",False,False,10,6,4,2.7918834347546317,0.5517778869549071,0.3894380805316927,4.661554383438284,,0,0,0,5,3,3,6,3,5,6,8,1,1,1,0,0,1,4,2,S001;S003;S004;S006;S007;S008;S013;S015,S002;S005;S009;S011;S012,S010;S014
3,"1,3,4,6,7,9|2,5|8",False,False,8,6,4,2.2366182260831664,0.7663656922871401,0.6590325855275029,5.576549841711752,,0,0,0,5,3,3,6,3,5,5,7,1,1,1,0,0,1,3,1,S001;S003;S004;S006;S007;S008;S010;S013;S014;S015,S002;S005;S011,S009;S012
3,"1,3,4,6,7|2,5,9|8",False,False,8,6,5,3.0599687667824216,0.5499212768426417,0.43316076689189675,4.591564188650676,,0,0,0,5,3,3,6,3,5,5,7,1,1,1,0,0,1,3,1,S001;S003;S004;S006;S007;S008;S013;S015,S002;S005;S010;S011;S014,S009;S012
3,"1,3,4,6,7|2,5|8,9",False,False,10,6,4,2.133841813072584,0.5094125005587244,0.3933995767199238,3.1231944860992504,,0,0,0,5,3,3,6,3,5,6,8,1,1,1,0,0,1,4,2,S001;S003;S004;S006;S007;S008;S013;S015,S002;S005;S011,S009;S010;S012;S014
3,"1,3,4,6,8|2,5,7|9",False,False,11,4,7,3.739664541331543,0.5283579904194249,0.38262385252053377,4.521847145223174,,0,0,0,4,2,4,6,2,6,6,9,0,0,2,0,0,2,4,3,S001;S003;S004;S006;S007;S009;S012;S013,S002;S005;S008;S011;S015,S010;S014
3,"1,3,4,6|2,5,7,8|9",False,False,12,5,6,3.8765031928408225,0.44805080114404405,0.3372983918183994,3.6627534165561326,,0,0,0,4,3,4,6,3,6,6,9,0,1,2,0,0,2,4,3,S001;S003;S004;S006;S007;S013,S002;S005;S008;S009;S011;S012;S015,S010;S014
3,"1,3,4,6,9|2,5,7|8",False,False,11,6,6,3.3212379841693567,0.5237906685881956,0.4603860306410173,4.438940216441082,,0,0,0,5,3,4,6,3,6,5,8,1,1,2,0,0,2,3,2,S001;S003;S004;S006;S007;S010;S013;S014,S002;S005;S008;S011;S015,S009;S012
3,"1,3,4,6|2,5,7,9|8",False,False,11,6,7,4.144588524868612,0.44398348339976235,0.4322753969959522,3.592745219069301,,0,0,0,5,3,4,6,3,6,5,8,1,1,2,0,0,2,3,2,S001;S003;S004;S006;S007;S013,S002;S005;S008;S010;S011;S014;S015,S009;S012
3,"1,3,4,6|2,5,7|8,9",False,False,13,6,6,3.218461571158774,0.2244442073699522,0.16395608902334474,1.7400400642964917,,0,0,0,5,3,4,6,3,6,6,9,1,1,2,0,0,2,4,3,S001;S003;S004;S006;S007;S013,S002;S005;S008;S011;S015,S009;S010;S012;S014
3,"1,3,4,6,8,9|2,5|7",False,False,10,4,4,1.8739080602867495,0.728500385927209,0.6520733146715642,4.7810251386955365,,0,0,0,4,2,4,6,2,6,6,8,0,0,2,0,0,2,4,2,S001;S003;S004;S006;S007;S009;S010;S012;S013;S014,S002;S005;S011,S008;S015
3,"1,3,4,6,8|2,5,9|7",False,False,10,4,6,3.218461571158774,0.5083010776459169,0.4434730213196331,3.915187129609846,,0,0,0,4,2,4,6,2,6,6,8,0,0,2,0,0,2,4,2,S001;S003;S004;S006;S007;S009;S012;S013,S002;S005;S010;S011;S014,S008;S015
3,"1,3,4,6,8|2,5|7,9",False,False,11,4,7,3.739664541331543,0.47751210180231635,0.3632060337394953,3.0295920436153003,,0,0,0,4,2,4,6,2,6,6,9,0,0,2,0,0,2,4,3,S001;S003;S004;S006;S007;S009;S012;S013,S002;S005;S011,S008;S010;S014;S015
3,"1,3,4,6,9|2,5,8|7",False,False,12,6,4,2.531949681968798,0.5055787869404702,0.4810055431716469,3.901988975686568,,0,0,0,5,3,4,6,3,6,6,8,1,1,2,0,0,2,4,2,S001;S003;S004;S006;S007;S010;S013;S014,S002;S005;S009;S011;S012,S008;S015
3,"1,3,4,6|2,5,8,9|7",False,False,12,6,4,2.4291732689582153,0.4072031949843976,0.39787756949052266,3.0371891350484628,,0,0,0,5,3,4,6,3,6,6,8,1,1,2,0,0,2,4,2,S001;S003;S004;S006;S007;S013,S002;S005;S009;S010;S011;S012;S014,S008;S015
3,"1,3,4,6|2,5,8|7,9",False,False,13,6,6,3.8765031928408225,0.21021080932356587,0.11492316241418134,1.6272318131672487,,0,0,0,5,3,4,6,3,6,6,9,1,1,2,0,0,2,4,3,S001;S003;S004;S006;S007;S013,S002;S005;S009;S011;S012,S008;S010;S014;S015
3,"1,3,4,6,9|2,5|7,8",False,False,11,5,6,3.3212379841693567,0.47412558135322486,0.40577191037582305,3.0193792438709477,,0,0,0,4,3,4,6,3,6,6,8,0,1,2,0,0,2,4,2,S001;S003;S004;S006;S007;S010;S013;S014,S002;S005;S011,S008;S009;S012;S015
3,"1,3,4,6|2,5,9|7,8",False,False,11,5,7,4.144588524868612,0.20910743557831554,0.13426379907454117,1.6158023067203664,,0,0,0,4,3,4,6,3,6,6,8,0,1,2,0,0,2,4,2,S001;S003;S004;S006;S007;S013,S002;S005;S010;S011;S014,S008;S009;S012;S015
3,"1,3,4,6|2,5|7,8,9",False,False,12,5,6,3.218461571158774,0.32349253612178225,0.2846241392869254,2.3493893157912855,,0,0,0,4,3,4,6,3,6,6,9,0,1,2,0,0,2,4,3,S001;S003;S004;S006;S007;S013,S002;S005;S011,S008;S009;S010;S012;S014;S015
3,"1,3,4,7,8|2,5,6|9",False,False,11,4,7,3.8863312785837256,0.5733442852869172,0.42437755770225716,4.780321031017545,,0,0,0,4,2,4,6,2,6,6,9,0,0,2,0,0,2,4,3,S001;S003;S004;S008;S009;S012;S013;S015,S002;S005;S006;S007;S011,S010;S014
3,"1,3,4,7|2,5,6,8|9",False,False,13,6,6,4.023169930093005,0.45069645952090703,0.3345215429043481,3.7650778171775627,,0,0,0,5,3,4,6,3,6,6,9,1,1,2,0,0,2,4,3,S001;S003;S004;S008;S013;S015,S002;S005;S006;S007;S009;S011;S012,S010;S014
3,"1,3,4,7,9|2,5,6|8",False,False,11,6,6,3.4679047214215393,0.5688268203250247,0.5001362395611929,4.693533285639484,,0,0,0,5,3,4,6,3,6,5,8,1,1,2,0,0,2,3,2,S001;S003;S004;S008;S010;S013;S014;S015,S002;S005;S006;S007;S011,S009;S012
3,"1,3,4,7|2,5,6,9|8",False,False,11,6,7,4.291255262120795,0.4470495813226445,0.419883468770478,3.708547632578409,,0,0,0,5,3,4,6,3,6,5,8,1,1,2,0,0,2,3,2,S001;S003;S004;S008;S013;S015,S002;S005;S006;S007;S010;S011;S014,S009;S012
3,"1,3,4,7|2,5,6|8,9",False,False,13,6,6,3.3651283084109567,0.2763057057805953,0.20816104399055976,1.8682994644618232,,0,0,0,5,3,4,6,3,6,6,9,1,1,2,0,0,2,4,3,S001;S003;S004;S008;S013;S015,S002;S005;S006;S007;S011,S009;S010;S012;S014
3,"1,3,4,8|2,5,6,7|9",False,False,11,4,8,4.439661147044717,0.44760514385706096,0.3420442005419627,3.625370578962452,,0,0,0,4,2,3,6,2,7,6,9,0,0,1,0,0,3,4,3,S001;S003;S004;S009;S012;S013,S002;S005;S006;S007;S008;S011;S015,S010;S014
3,"1,3,4|2,5,6,7,8|9",False,False,12,5,7,4.576499798553996,0.5344035448186536,0.4151981566436253,4.559229982816855,,0,0,0,4,3,3,6,3,7,6,9,0,1,1,0,0,3,4,3,S001;S003;S004;S013,S002;S005;S006;S007;S008;S009;S011;S012;S015,S010;S014
3,"1,3,4,9|2,5,6,7|8",False,False,11,6,7,4.02123458988253,0.44359148765848083,0.4151631989518413,3.555923660368814,,0,0,0,5,3,3,6,3,7,5,8,1,1,1,0,0,3,3,2,S001;S003;S004;S010;S013;S014,S002;S005;S006;S007;S008;S011;S015,S009;S012
3,"1,3,4|2,5,6,7,9|8",False,False,11,6,8,4.844585130581786,0.5298399920588875,0.5136155679371979,4.475761775141569,,0,0,0,5,3,3,6,3,7,5,8,1,1,1,0,0,3,3,2,S001;S003;S004;S013,S002;S005;S006;S007;S008;S010;S011;S014;S015,S009;S012
3,"1,3,4|2,5,6,7|8,9",False,False,13,6,7,3.918458176871948,0.23105868466692858,0.2006479223378073,1.7585901019976227,,0,0,0,5,3,3,6,3,7,6,9,1,1,1,0,0,3,4,3,S001;S003;S004;S013,S002;S005;S006;S007;S008;S011;S015,S009;S010;S012;S014
3,"1,3,4,8,9|2,5,6|7",False,False,12,4,6,3.1051945556251224,0.5274658831051706,0.4933910985403558,4.004821653372376,,0,0,0,4,2,4,6,2,7,6,9,0,0,2,0,0,3,4,3,S001;S003;S004;S009;S010;S012;S013;S014,S002;S005;S006;S007;S011,S008;S015
3,"1,3,4,8|2,5,6,9|7",False,False,12,4,8,4.449748066497147,0.40874169264953303,0.42444715805551847,3.1389836442866863,,0,0,0,4,2,4,6,2,7,6,9,0,0,2,0,0,3,4,3,S001;S003;S004;S009;S012;S013,S002;S005;S006;S007;S010;S011;S014,S008;S015
3,"1,3,4,8|2,5,6|7,9",False,False,13,4,9,4.970951036669916,0.23689960537447194,0.16088990534042158,1.6823452137867372,,0,0,0,4,2,4,6,2,7,6,10,0,0,2,0,0,3,4,4,S001;S003;S004;S009;S012;S013,S002;S005;S006;S007;S011,S008;S010;S014;S015
3,"1,3,4,9|2,5,6,8|7",False,False,14,6,6,3.7632361773071707,0.40837089133494575,0.41645057210535774,3.125785490363408,,0,0,0,5,3,4,6,3,7,6,9,1,1,2,0,0,3,4,3,S001;S003;S004;S010;S013;S014,S002;S005;S006;S007;S009;S011;S012,S008;S015
3,"1,3,4|2,5,6,8,9|7",False,False,14,6,6,3.660459764296588,0.4880201402823268,0.4805653214068285,3.813392620371622,,0,0,0,5,3,4,6,3,7,6,9,1,1,2,0,0,3,4,3,S001;S003;S004;S013,S002;S005;S006;S007;S009;S010;S011;S012;S014,S008;S015
3,"1,3,4|2,5,6,8|7,9",False,False,15,6,8,5.107789688179196,0.18958277758556857,0.12060298338053346,1.5797484009505791,,0,0,0,5,3,4,6,3,7,6,10,1,1,2,0,0,3,4,4,S001;S003;S004;S013,S002;S005;S006;S007;S009;S011;S012,S008;S010;S014;S015
3,"1,3,4,9|2,5,6|7,8",False,False,13,5,8,4.5525244795077295,0.2326525890855208,0.21759862060669946,1.6635047009196327,,0,0,0,4,3,4,6,3,7,6,9,0,1,2,0,0,3,4,3,S001;S003;S004;S010;S013;S014,S002;S005;S006;S007;S011,S008;S009;S012;S015
3,"1,3,4|2,5,6,9|7,8",False,False,13,5,9,5.375875020206985,0.18506869038003715,0.21785874811004563,1.5616285173904065,,0,0,0,4,3,4,6,3,7,6,9,0,1,2,0,0,3,4,3,S001;S003;S004;S013,S002;S005;S006;S007;S010;S011;S014,S008;S009;S012;S015
3,"1,3,4|2,5,6|7,8,9",False,False,14,5,8,4.449748066497147,0.12073007643605353,0.10952639295626103,1.326975920558546,,0,0,0,4,3,4,6,3,7,6,10,0,1,2,0,0,3,4,4,S001;S003;S004;S013,S002;S005;S006;S007;S011,S008;S009;S010;S012;S014;S015
3,"1,3,4,7,8,9|2,5|6",False,False,9,5,4,2.020574797538932,0.7988714147693057,0.72115148283597,6.447821670484641,,0,0,0,4,3,4,6,3,6,5,7,0,1,2,0,0,2,3,1,S001;S003;S004;S008;S009;S010;S012;S013;S014;S015,S002;S005;S011,S006;S007
3,"1,3,4,7,8|2,5,9|6",False,False,9,5,6,3.3651283084109567,0.5853332934144425,0.5127645164840716,5.332343544635705,,0,0,0,4,3,4,6,3,6,5,7,0,1,2,0,0,2,3,1,S001;S003;S004;S008;S009;S012;S013;S015,S002;S005;S010;S011;S014,S006;S007
3,"1,3,4,7,8|2,5|6,9",False,False,12,5,7,3.8863312785837256,0.5376106769912972,0.4104895314819276,3.202766943769142,,0,0,0,4,3,4,6,3,6,6,9,0,1,2,0,0,2,4,3,S001;S003;S004;S008;S009;S012;S013;S015,S002;S005;S011,S006;S007;S010;S014
3,"1,3,4,7,9|2,5,8|6",False,False,11,6,4,2.6786164192209805,0.582666947953538,0.5534438654532748,5.315340073029566,,0,0,0,5,4,4,6,4,6,5,7,1,2,2,0,0,2,3,1,S001;S003;S004;S008;S010;S013;S014;S015,S002;S005;S009;S011;S012,S006;S007
3,"1,3,4,7|2,5,8,9|6",False,False,11,6,4,2.575840006210398,0.47588618202546373,0.45651175371273794,4.19986194718063,,0,0,0,5,4,4,6,4,6,5,7,1,2,2,0,0,2,3,1,S001;S003;S004;S008;S013;S015,S002;S005;S009;S010;S011;S012;S014,S006;S007
3,"1,3,4,7|2,5,8|6,9",False,False,14,6,6,4.023169930093005,0.28566440869964504,0.17717574573265807,1.9853015239735634,,0,0,0,5,4,4,6,4,6,6,9,1,2,2,0,0,2,4,3,S001;S003;S004;S008;S013;S015,S002;S005;S009;S011;S012,S006;S007;S010;S014
3,"1,3,4,7,9|2,5|6,8",False,False,12,6,6,3.4679047214215393,0.533942006889045,0.46073203644615446,3.192554144024789,,0,0,0,5,3,4,6,3,6,6,8,1,1,2,0,0,2,4,2,S001;S003;S004;S008;S010;S013;S014;S015,S002;S005;S011,S006;S007;S009;S012
3,"1,3,4,7|2,5,9|6,8",False,False,12,6,7,4.291255262120795,0.2842310209060314,0.20274110931970324,1.9694716016273197,,0,0,0,5,3,4,6,3,6,6,8,1,1,2,0,0,2,4,2,S001;S003;S004;S008;S013;S015,S002;S005;S010;S011;S014,S006;S007;S009;S012
3,"1,3,4,7|2,5|6,8,9",False,False,13,6,6,3.3651283084109567,0.3441963514647212,0.29436976758339134,2.5225642159451267,,0,0,0,5,3,4,6,3,6,6,9,1,1,2,0,0,2,4,3,S001;S003;S004;S008;S013;S015,S002;S005;S011,S006;S007;S009;S010;S012;S014
3,"1,3,4,8,9|2,5,7|6",False,False,11,5,6,3.1051945556251224,0.5593780772002083,0.5248225425280801,5.159499704777844,,0,0,0,4,3,4,6,3,7,5,8,0,1,2,0,0,3,3,2,S001;S003;S004;S009;S010;S012;S013;S014,S002;S005;S008;S011;S015,S006;S007
3,"1,3,4,8|2,5,7,9|6",False,False,11,5,8,4.449748066497147,0.4743321546325022,0.48117120984651723,4.068717844940683,,0,0,0,4,3,4,6,3,7,5,8,0,1,2,0,0,3,3,2,S001;S003;S004;S009;S012;S013,S002;S005;S008;S010;S011;S014;S015,S006;S007
3,"1,3,4,8|2,5,7|6,9",False,False,14,5,9,4.970951036669916,0.25993720826931077,0.16835624324902293,1.911634788143249,,0,0,0,4,3,4,6,3,7,6,10,0,1,2,0,0,3,4,4,S001;S003;S004;S009;S012;S013,S002;S005;S008;S011;S015,S006;S007;S010;S014
3,"1,3,4,9|2,5,7,8|6",False,False,12,5,6,3.7632361773071707,0.47438615379046284,0.46925935432111854,4.085721316546822,,0,0,0,4,4,4,6,4,7,5,8,0,2,2,0,0,3,3,2,S001;S003;S004;S010;S013;S014,S002;S005;S008;S009;S011;S012;S015,S006;S007
3,"1,3,4|2,5,7,8,9|6",False,False,12,5,6,3.660459764296588,0.5653996299394036,0.5445648348601176,5.201199442395758,,0,0,0,4,4,4,6,4,7,5,8,0,2,2,0,0,3,3,2,S001;S003;S004;S013,S002;S005;S008;S009;S010;S011;S012;S014;S015,S006;S007
3,"1,3,4|2,5,7,8|6,9",False,False,15,5,8,5.107789688179196,0.266419633997661,0.1778159689443991,1.9313465200247497,,0,0,0,4,4,4,6,4,7,6,10,0,2,2,0,0,3,4,4,S001;S003;S004;S013,S002;S005;S008;S009;S011;S012;S015,S006;S007;S010;S014
3,"1,3,4,9|2,5,7|6,8",False,False,14,6,8,4.5525244795077295,0.2553799914134913,0.2352941021584681,1.8884186912227776,,0,0,0,5,3,4,6,3,7,6,9,1,1,2,0,0,3,4,3,S001;S003;S004;S010;S013;S014,S002;S005;S008;S011;S015,S006;S007;S009;S012
3,"1,3,4|2,5,7,9|6,8",False,False,14,6,9,5.375875020206985,0.26187741246843504,0.2759791996306178,1.9079732504122584,,0,0,0,5,3,4,6,3,7,6,9,1,1,2,0,0,3,4,3,S001;S003;S004;S013,S002;S005;S008;S010;S011;S014;S015,S006;S007;S009;S012
3,"1,3,4|2,5,7|6,8,9",False,False,15,6,8,4.449748066497147,0.04929318377211884,0.05319006209952721,1.11554701085021,,0,0,0,5,3,4,6,3,7,6,10,1,1,2,0,0,3,4,4,S001;S003;S004;S013,S002;S005;S008;S011;S015,S006;S007;S009;S010;S012;S014
3,"1,3,4,8,9|2,5|6,7",False,False,12,5,5,2.5739046659999234,0.5010092228462816,0.47548119837782493,3.0989517015408388,,0,0,0,4,3,4,6,3,7,6,8,0,1,2,0,0,3,4,2,S001;S003;S004;S009;S010;S012;S013;S014,S002;S005;S011,S006;S007;S008;S015
3,"1,3,4,8|2,5,9|6,7",False,False,12,5,7,3.918458176871948,0.24344113196424494,0.24941961827757256,1.7672432636374342,,0,0,0,4,3,4,6,3,7,6,8,0,1,2,0,0,3,4,2,S001;S003;S004;S009;S012;S013,S002;S005;S010;S011;S014,S006;S007;S008;S015
3,"1,3,4,8|2,5|6,7,9",False,False,13,5,8,4.439661147044717,0.3309192902790468,0.3075038395604935,2.4289617734611766,,0,0,0,4,3,4,6,3,7,6,9,0,1,2,0,0,3,4,3,S001;S003;S004;S009;S012;S013,S002;S005;S011,S006;S007;S008;S010;S014;S015
3,"1,3,4,9|2,5,8|6,7",False,False,14,6,5,3.231946287681972,0.24027495428358267,0.2851301748727021,1.7598127220174369,,0,0,0,5,4,4,6,4,7,6,8,1,2,2,0,0,3,4,2,S001;S003;S004;S010;S013;S014,S002;S005;S009;S011;S012,S006;S007;S008;S015
3,"1,3,4|2,5,8,9|6,7",False,False,14,6,5,3.129169874671389,0.22030151150723332,0.23899455156317756,1.7099331017785282,,0,0,0,5,4,4,6,4,7,6,8,1,2,2,0,0,3,4,2,S001;S003;S004;S013,S002;S005;S009;S010;S011;S012;S014,S006;S007;S008;S015
3,"1,3,4|2,5,8|6,7,9",False,False,15,6,7,4.576499798553996,0.08662025420436494,0.1287683506191872,1.2167730326146007,,0,0,0,5,4,4,6,4,7,6,9,1,2,2,0,0,3,4,3,S001;S003;S004;S013,S002;S005;S009;S011;S012,S006;S007;S008;S010;S014;S015
3,"1,3,4,9|2,5|6,7,8",False,False,12,5,7,4.02123458988253,0.32976040622875213,0.3148949197305026,2.4187489737168235,,0,0,0,4,3,4,6,3,7,6,8,0,1,2,0,0,3,4,2,S001;S003;S004;S010;S013;S014,S002;S005;S011,S006;S007;S008;S009;S012;S015
3,"1,3,4|2,5,9|6,7,8",False,False,12,5,8,4.844585130581786,0.09093375804313573,0.044918374660507514,1.2303296766877825,,0,0,0,4,3,4,6,3,7,6,8,0,1,2,0,0,3,4,2,S001;S003;S004;S013,S002;S005;S010;S011;S014,S006;S007;S008;S009;S012;S015
3,"1,3,4|2,5|6,7,8,9",False,False,13,5,7,3.918458176871948,0.387022763903237,0.35214169263883205,2.724628096365766,,0,0,0,4,3,4,6,3,7,6,9,0,1,2,0,0,3,4,3,S001;S003;S004;S013,S002;S005;S011,S006;S007;S008;S009;S010;S012;S014;S015
3,"1,3,4,6,7,8,9|2|5",False,False,7,4,2,0.789288302200559,1.0268907216645664,0.9432169242644451,9.94826621628896,,1,0,0,4,2,4,6,2,5,5,7,0,0,2,0,0,1,3,1,S001;S003;S004;S006;S007;S008;S009;S010;S012;S013;S014;S015,S002,S005;S011
3,"1,3,4,6,7,8|2,9|5",False,False,7,4,4,2.133841813072584,0.7774835445748094,0.6654714692615925,6.911058216447395,,1,0,0,4,2,4,6,2,5,5,7,0,0,2,0,0,1,3,1,S001;S003;S004;S006;S007;S008;S009;S012;S013;S015,S002;S010;S014,S005;S011
3,"1,3,4,6,7,8|2|5,9",False,False,9,4,5,2.6550447832453528,0.7861228693881657,0.6148703111540323,8.458290509919745,,0,0,0,4,2,4,6,2,5,6,8,0,0,2,0,0,1,4,2,S001;S003;S004;S006;S007;S008;S009;S012;S013;S015,S002,S005;S010;S011;S014
3,"1,3,4,6,7,9|2,8|5",False,False,9,6,3,1.7154152559103972,0.7739587559280263,0.7176368051492852,6.892500792750559,,0,0,0,5,3,4,6,3,5,5,7,1,1,2,0,0,1,3,1,S001;S003;S004;S006;S007;S008;S010;S013;S014;S015,S002;S009;S012,S005;S011
3,"1,3,4,6,7|2,8,9|5",False,False,9,6,3,1.6126388428998144,0.575791301326175,0.547942512669117,5.675078804733777,,0,0,0,5,3,4,6,3,5,5,7,1,1,2,0,0,1,3,1,S001;S003;S004;S006;S007;S008;S013;S015,S002;S009;S010;S012;S014,S005;S011
3,"1,3,4,6,7|2,8|5,9",False,False,11,6,5,3.0599687667824216,0.5037563368263125,0.34393846119353705,2.7642124873008846,,0,0,0,5,3,4,6,3,5,6,8,1,1,2,0,0,1,4,2,S001;S003;S004;S006;S007;S008;S013;S015,S002;S009;S012,S005;S010;S011;S014
3,"1,3,4,6,7,9|2|5,8",False,False,9,6,3,1.9685328940553766,0.7827685306516503,0.6857446618146238,8.43557849161118,,0,0,0,5,3,4,6,3,5,5,7,1,1,2,0,0,1,3,1,S001;S003;S004;S006;S007;S008;S010;S013;S014;S015,S002,S005;S009;S011;S012
3,"1,3,4,6,7|2,9|5,8",False,False,9,6,4,2.7918834347546317,0.5039606729726809,0.3654985318652409,2.7894259239058092,,0,0,0,5,3,4,6,3,5,5,7,1,1,2,0,0,1,3,1,S001;S003;S004;S006;S007;S008;S013;S015,S002;S010;S014,S005;S009;S011;S012
3,"1,3,4,6,7|2|5,8,9",False,False,11,6,3,1.8657564810447937,0.5989645591136831,0.48895622426983265,6.945602785241965,,0,0,0,5,3,4,6,3,5,6,8,1,1,2,0,0,1,4,2,S001;S003;S004;S006;S007;S008;S013;S015,S002,S005;S009;S010;S011;S012;S014
3,"1,3,4,6,8,9|2,7|5",False,False,9,4,4,1.8739080602867495,0.7421848511896694,0.686776045386663,6.722418129062384,,0,0,0,4,2,4,6,2,6,5,8,0,0,2,0,0,2,3,2,S001;S003;S004;S006;S007;S009;S010;S012;S013;S014,S002;S008;S015,S005;S011
3,"1,3,4,6,8|2,7,9|5",False,False,9,4,6,3.218461571158774,0.5554116435595238,0.5421702227147499,5.504996141045603,,0,0,0,4,2,4,6,2,6,5,8,0,0,2,0,0,2,3,2,S001;S003;S004;S006;S007;S009;S012;S013,S002;S008;S010;S014;S015,S005;S011
3,"1,3,4,6,8|2,7|5,9",False,False,11,4,7,3.739664541331543,0.4670725652196379,0.3318442302173996,2.482610964802944,,0,0,0,4,2,4,6,2,6,6,9,0,0,2,0,0,2,4,3,S001;S003;S004;S006;S007;S009;S012;S013,S002;S008;S015,S005;S010;S011;S014
3,"1,3,4,6,9|2,7,8|5",False,False,10,5,5,2.8000350139965877,0.5533345368999153,0.557744155110629,5.486438717348767,,0,0,0,4,3,4,6,3,6,5,8,0,1,2,0,0,2,3,2,S001;S003;S004;S006;S007;S010;S013;S014,S002;S008;S009;S012;S015,S005;S011
3,"1,3,4,6|2,7,8,9|5",False,False,10,5,5,2.697258600986005,0.49635693724748087,0.543435886066635,4.676538534015805,,0,0,0,4,3,4,6,3,6,5,8,0,1,2,0,0,2,3,2,S001;S003;S004;S006;S007;S013,S002;S008;S009;S010;S012;S014;S015,S005;S011
3,"1,3,4,6|2,7,8|5,9",False,False,12,5,7,4.144588524868612,0.254501899899319,0.16960082179856745,1.925216198090518,,0,0,0,4,3,4,6,3,6,6,9,0,1,2,0,0,2,4,3,S001;S003;S004;S006;S007;S013,S002;S008;S009;S012;S015,S005;S010;S011;S014
3,"1,3,4,6,9|2,7|5,8",False,False,11,6,5,3.053152652141567,0.4631165609759225,0.4111662998135181,2.467881370310653,,0,0,0,5,3,4,6,3,6,5,8,1,1,2,0,0,2,3,2,S001;S003;S004;S006;S007;S010;S013;S014,S002;S008;S015,S005;S009;S011;S012
3,"1,3,4,6|2,7,9|5,8",False,False,11,6,6,3.8765031928408225,0.2517823842069244,0.2694659443113073,1.9092379415337646,,0,0,0,5,3,4,6,3,6,5,8,1,1,2,0,0,2,3,2,S001;S003;S004;S006;S007;S013,S002;S008;S010;S014;S015,S005;S009;S011;S012
3,"1,3,4,6|2,7|5,8,9",False,False,13,6,5,2.9503762391309842,0.2536586995491828,0.17177226331141313,1.9202669342771768,,0,0,0,5,3,4,6,3,6,6,9,1,1,2,0,0,2,4,3,S001;S003;S004;S006;S007;S013,S002;S008;S015,S005;S009;S010;S011;S012;S014
3,"1,3,4,6,8,9|2|5,7",False,False,12,4,4,1.8739080602867495,0.752622086959539,0.6624429140309055,8.227418100666728,,0,0,0,4,2,5,6,2,6,6,9,0,0,3,0,0,2,4,3,S001;S003;S004;S006;S007;S009;S010;S012;S013;S014,S002,S005;S008;S011;S015
3,"1,3,4,6,8|2,9|5,7",False,False,12,4,6,3.218461571158774,0.46930792656237935,0.36106411551598905,2.705826557690312,,0,0,0,4,2,5,6,2,6,6,9,0,0,3,0,0,2,4,3,S001;S003;S004;S006;S007;S009;S012;S013,S002;S010;S014,S005;S008;S011;S015
3,"1,3,4,6,8|2|5,7,9",False,False,12,4,7,3.739664541331543,0.581026892609856,0.4787770118044157,6.737442394297514,,0,0,0,4,2,5,6,2,6,6,9,0,0,3,0,0,2,4,3,S001;S003;S004;S006;S007;S009;S012;S013,S002,S005;S008;S010;S011;S014;S015
3,"1,3,4,6,9|2,8|5,7",False,False,14,6,5,2.8000350139965877,0.46514963699134504,0.4181700211376195,2.672329836311048,,0,0,0,5,3,5,6,3,6,6,9,1,1,3,0,0,2,4,3,S001;S003;S004;S006;S007;S010;S013;S014,S002;S009;S012,S005;S008;S011;S015
3,"1,3,4,6|2,8,9|5,7",False,False,14,6,5,2.697258600986005,0.22961155874546882,0.22684564496673176,1.7742753908870355,,0,0,0,5,3,5,6,3,6,6,9,1,1,3,0,0,2,4,3,S001;S003;S004;S006;S007;S013,S002;S009;S010;S012;S014,S005;S008;S011;S015
3,"1,3,4,6|2,8|5,7,9",False,False,14,6,7,4.144588524868612,0.28069575777059996,0.22317752613108283,2.0793489848762423,,0,0,0,5,3,5,6,3,6,6,9,1,1,3,0,0,2,4,3,S001;S003;S004;S006;S007;S013,S002;S009;S012,S005;S008;S010;S011;S014;S015
3,"1,3,4,6,9|2|5,7,8",False,False,13,5,5,3.053152652141567,0.5792194565715393,0.5013375403679489,6.71473037598895,,0,0,0,4,3,5,6,3,6,6,9,0,1,3,0,0,2,4,3,S001;S003;S004;S006;S007;S010;S013;S014,S002,S005;S008;S009;S011;S012;S015
3,"1,3,4,6|2,9|5,7,8",False,False,13,5,6,3.8765031928408225,0.283864021155685,0.146564490318205,2.098315520209741,,0,0,0,4,3,5,6,3,6,6,9,0,1,3,0,0,2,4,3,S001;S003;S004;S006;S007;S013,S002;S010;S014,S005;S008;S009;S011;S012;S015
3,"1,3,4,6|2|5,7,8,9",False,False,13,5,5,2.9503762391309842,0.5377683348700987,0.46583258538037725,5.9473893154586905,,0,0,0,4,3,5,6,3,6,6,9,0,1,3,0,0,2,4,3,S001;S003;S004;S006;S007;S013,S002,S005;S008;S009;S010;S011;S012;S014;S015
3,"1,3,4,7,8,9|2,6|5",False,False,11,5,4,2.020574797538932,0.8017013710782719,0.738342327486795,7.03708992095659,,0,0,0,4,3,5,6,3,6,5,8,0,1,3,0,0,2,3,2,S001;S003;S004;S008;S009;S010;S012;S013;S014;S015,S002;S006;S007,S005;S011
3,"1,3,4,7,8|2,6,9|5",False,False,11,5,6,3.3651283084109567,0.5948895161816156,0.5616984104691881,5.819667932939809,,0,0,0,4,3,5,6,3,6,5,8,0,1,3,0,0,2,3,2,S001;S003;S004;S008;S009;S012;S013;S015,S002;S006;S007;S010;S014,S005;S011
3,"1,3,4,7,8|2,6|5,9",False,False,13,5,7,3.8863312785837256,0.5355425940466174,0.39587453013280693,3.049396708272464,,0,0,0,4,3,5,6,3,6,6,9,0,1,3,0,0,2,4,3,S001;S003;S004;S008;S009;S012;S013;S015,S002;S006;S007,S005;S010;S011;S014
3,"1,3,4,7,9|2,6,8|5",False,False,12,6,5,2.9467017512487703,0.5923530362607599,0.5863885664340464,5.801110509242972,,0,0,0,5,3,5,6,3,6,5,8,1,1,3,0,0,2,3,2,S001;S003;S004;S008;S010;S013;S014;S015,S002;S006;S007;S009;S012,S005;S011
3,"1,3,4,7|2,6,8,9|5",False,False,12,6,5,2.8439253382381877,0.49456842459133277,0.5320069831272124,4.583688521226191,,0,0,0,5,3,5,6,3,6,5,8,1,1,3,0,0,2,3,2,S001;S003;S004;S008;S013;S015,S002;S006;S007;S009;S010;S012;S014,S005;S011
3,"1,3,4,7|2,6,8|5,9",False,False,14,6,7,4.291255262120795,0.2936606556851602,0.19486223966798222,2.067125042502962,,0,0,0,5,3,5,6,3,6,6,9,1,1,3,0,0,2,4,3,S001;S003;S004;S008;S013;S015,S002;S006;S007;S009;S012,S005;S010;S011;S014
3,"1,3,4,7,9|2,6|5,8",False,False,13,6,5,3.1998193893937494,0.5317629373107802,0.4715279591264713,3.03967296674851,,0,0,0,5,4,5,6,4,6,5,8,1,2,3,0,0,2,3,2,S001;S003;S004;S008;S010;S013;S014;S015,S002;S006;S007,S005;S009;S011;S012
3,"1,3,4,7|2,6,9|5,8",False,False,13,6,6,4.023169930093005,0.2919142837411393,0.27549721806164296,2.0499690190408897,,0,0,0,5,4,5,6,4,6,5,8,1,2,3,0,0,2,3,2,S001;S003;S004;S008;S013;S015,S002;S006;S007;S010;S014,S005;S009;S011;S012
3,"1,3,4,7|2,6|5,8,9",False,False,15,6,5,3.097042976383167,0.33075665089032413,0.24472379300097574,2.4017667072136004,,0,0,0,5,4,5,6,4,6,6,9,1,2,3,0,0,2,4,3,S001;S003;S004;S008;S013;S015,S002;S006;S007,S005;S009;S010;S011;S012;S014
3,"1,3,4,8,9|2,6,7|5",False,False,11,5,5,2.5739046659999234,0.5702876938003341,0.580475375476868,5.631027845554798,,0,0,0,4,3,4,6,3,7,5,8,0,1,2,0,0,3,3,2,S001;S003;S004;S009;S010;S012;S013;S014,S002;S006;S007;S008;S015,S005;S011
3,"1,3,4,8|2,6,7,9|5",False,False,11,5,7,3.918458176871948,0.494028475288969,0.5433117869548633,4.531949405809773,,0,0,0,4,3,4,6,3,7,5,8,0,1,2,0,0,3,3,2,S001;S003;S004;S009;S012;S013,S002;S006;S007;S008;S010;S014;S015,S005;S011
3,"1,3,4,8|2,6,7|5,9",False,False,13,5,8,4.439661147044717,0.27044898162243974,0.20563319080419568,1.9904221575278322,,0,0,0,4,3,4,6,3,7,6,9,0,1,2,0,0,3,4,3,S001;S003;S004;S009;S012;S013,S002;S006;S007;S008;S015,S005;S010;S011;S014
3,"1,3,4,9|2,6,7,8|5",False,False,11,5,6,3.5000316197097616,0.49418441864610774,0.5343791769692682,4.55050682950661,,0,0,0,4,3,4,6,3,7,5,8,0,1,2,0,0,3,3,2,S001;S003;S004;S010;S013;S014,S002;S006;S007;S008;S009;S012;S015,S005;S011
3,"1,3,4|2,6,7,8,9|5",False,False,11,5,6,3.397255206699179,0.5878789665315705,0.6159754783803539,5.767928817523391,,0,0,0,4,3,4,6,3,7,5,8,0,1,2,0,0,3,3,2,S001;S003;S004;S013,S002;S006;S007;S008;S009;S010;S012;S014;S015,S005;S011
3,"1,3,4|2,6,7,8|5,9",False,False,13,5,8,4.844585130581786,0.28880186473393926,0.23874983249354664,2.0521609572278545,,0,0,0,4,3,4,6,3,7,6,9,0,1,2,0,0,3,4,3,S001;S003;S004;S013,S002;S006;S007;S008;S009;S012;S015,S005;S010;S011;S014
3,"1,3,4,9|2,6,7|5,8",False,False,13,6,6,3.7531492578547407,0.2658784763490177,0.29795551460753683,1.9656032657621332,,0,0,0,5,4,4,6,4,7,5,8,1,2,2,0,0,3,3,2,S001;S003;S004;S010;S013;S014,S002;S006;S007;S008;S015,S005;S009;S011;S012
3,"1,3,4|2,6,7,9|5,8",False,False,13,6,7,4.576499798553996,0.28425538581109233,0.34437306678649443,2.026829666708139,,0,0,0,5,4,4,6,4,7,5,8,1,2,2,0,0,3,3,2,S001;S003;S004;S013,S002;S006;S007;S008;S010;S014;S015,S005;S009;S011;S012
3,"1,3,4|2,6,7|5,8,9",False,False,15,6,6,3.650372844844158,0.033960581673203406,0.021326366593032428,1.0867864610921731,,0,0,0,5,4,4,6,4,7,6,9,1,2,2,0,0,3,4,3,S001;S003;S004;S013,S002;S006;S007;S008;S015,S005;S009;S010;S011;S012;S014
3,"1,3,4,8,9|2,6|5,7",False,False,15,5,6,3.1051945556251224,0.49774001550575714,0.44557874766700384,2.950552844988756,,0,0,0,4,3,5,6,3,7,6,10,0,1,3,0,0,3,4,4,S001;S003;S004;S009;S010;S012;S013;S014,S002;S006;S007,S005;S008;S011;S015
3,"1,3,4,8|2,6,9|5,7",False,False,15,5,8,4.449748066497147,0.2504942862038955,0.2636326919840257,1.834369072460852,,0,0,0,4,3,5,6,3,7,6,10,0,1,3,0,0,3,4,4,S001;S003;S004;S009;S012;S013,S002;S006;S007;S010;S014,S005;S008;S011;S015
3,"1,3,4,8|2,6|5,7,9",False,False,15,5,9,4.970951036669916,0.3154259616887846,0.25442665178267,2.3126465854538467,,0,0,0,4,3,5,6,3,7,6,10,0,1,3,0,0,3,4,4,S001;S003;S004;S009;S012;S013,S002;S006;S007,S005;S008;S010;S011;S014;S015
3,"1,3,4,9|2,6,8|5,7",False,False,16,6,7,4.03132150933496,0.24762619326556587,0.2797229918930959,1.8266562940223583,,0,0,0,5,3,5,6,3,7,6,10,1,1,3,0,0,3,4,4,S001;S003;S004;S010;S013;S014,S002;S006;S007;S009;S012,S005;S008;S011;S015
3,"1,3,4|2,6,8,9|5,7",False,False,16,6,7,3.928545096324378,0.2426280176272294,0.2949401370592103,1.8128654230141614,,0,0,0,5,3,5,6,3,7,6,10,1,1,3,0,0,3,4,4,S001;S003;S004;S013,S002;S006;S007;S009;S010;S012;S014,S005;S008;S011;S015
3,"1,3,4|2,6,8|5,7,9",False,False,16,6,9,5.375875020206985,0.06588494018754683,0.08109413170312103,1.1523446416695373,,0,0,0,5,3,5,6,3,7,6,10,1,1,3,0,0,3,4,4,S001;S003;S004;S013,S002;S006;S007;S009;S012,S005;S008;S010;S011;S014;S015
3,"1,3,4,9|2,6|5,7,8",False,False,16,5,7,4.28443914747994,0.3140461923001244,0.26795131100760766,2.3029228439298928,,0,0,0,4,4,5,6,4,7,6,10,0,2,3,0,0,3,4,4,S001;S003;S004;S010;S013;S014,S002;S006;S007,S005;S008;S009;S011;S012;S015
3,"1,3,4|2,6,9|5,7,8",False,False,16,5,8,5.107789688179196,0.07000681941091541,0.06256891982610199,1.1651224443332897,,0,0,0,4,4,5,6,4,7,6,10,0,2,3,0,0,3,4,4,S001;S003;S004;S013,S002;S006;S007;S010;S014,S005;S008;S009;S011;S012;S015
3,"1,3,4|2,6|5,7,8,9",False,False,16,5,7,4.1816627344693575,0.3645830277607915,0.285414611515927,2.5462676042330186,,0,0,0,4,4,5,6,4,7,6,10,0,2,3,0,0,3,4,4,S001;S003;S004;S013,S002;S006;S007,S005;S008;S009;S010;S011;S012;S014;S015
3,"1,3,4,7,8,9|2|5,6",False,False,8,4,4,2.020574797538932,0.8092188488860951,0.7203441953781397,8.612537911231192,,0,0,0,4,2,4,6,2,6,5,7,0,0,2,0,0,2,3,1,S001;S003;S004;S008;S009;S010;S012;S013;S014;S015,S002,S005;S006;S007;S011
3,"1,3,4,7,8|2,9|5,6",False,False,8,4,6,3.3651283084109567,0.5342353632543082,0.4296305198136145,2.860494657294396,,0,0,0,4,2,4,6,2,6,5,7,0,0,2,0,0,2,3,1,S001;S003;S004;S008;S009;S012;S013;S015,S002;S010;S014,S005;S006;S007;S011
3,"1,3,4,7,8|2|5,6,9",False,False,11,4,7,3.8863312785837256,0.6160455317239352,0.5020697427792202,7.122562204861977,,0,0,0,4,2,4,6,2,6,6,9,0,0,2,0,0,2,4,3,S001;S003;S004;S008;S009;S012;S013;S015,S002,S005;S006;S007;S010;S011;S014
3,"1,3,4,7,9|2,8|5,6",False,False,10,6,5,2.9467017512487703,0.530252262418803,0.4846270117697116,2.8255999011830566,,0,0,0,5,3,4,6,3,6,5,7,1,1,2,0,0,2,3,1,S001;S003;S004;S008;S010;S013;S014;S015,S002;S009;S012,S005;S006;S007;S011
3,"1,3,4,7|2,8,9|5,6",False,False,10,6,5,2.8439253382381877,0.3070620437640915,0.29651057636291417,2.1916944710762616,,0,0,0,5,3,4,6,3,6,5,7,1,1,2,0,0,2,3,1,S001;S003;S004;S008;S013;S015,S002;S009;S010;S012;S014,S005;S006;S007;S011
3,"1,3,4,7|2,8|5,6,9",False,False,13,6,7,4.291255262120795,0.3116377593383802,0.23414206677591917,2.232619049748251,,0,0,0,5,3,4,6,3,6,6,9,1,1,2,0,0,2,4,3,S001;S003;S004;S008;S013;S015,S002;S009;S012,S005;S006;S007;S010;S011;S014
3,"1,3,4,7,9|2|5,6,8",False,False,12,6,5,3.1998193893937494,0.613764281521809,0.5368276131153423,7.099850186553413,,0,0,0,5,3,4,6,3,6,6,8,1,1,2,0,0,2,4,2,S001;S003;S004;S008;S010;S013;S014;S015,S002,S005;S006;S007;S009;S011;S012
3,"1,3,4,7|2,9|5,6,8",False,False,12,6,6,4.023169930093005,0.3139308056110553,0.18698135646794262,2.252983619813825,,0,0,0,5,3,4,6,3,6,6,8,1,1,2,0,0,2,4,2,S001;S003;S004;S008;S013;S015,S002;S010;S014,S005;S006;S007;S009;S011;S012
3,"1,3,4,7|2|5,6,8,9",False,False,13,6,5,3.097042976383167,0.5328516716665788,0.45817309839766784,5.609874480184198,,0,0,0,5,3,4,6,3,6,6,9,1,1,2,0,0,2,4,3,S001;S003;S004;S008;S013;S015,S002,S005;S006;S007;S009;S010;S011;S012;S014
3,"1,3,4,8,9|2,7|5,6",False,False,9,4,6,3.1051945556251224,0.4942201205895275,0.4517360567691528,2.692480638339149,,0,0,0,4,2,3,6,2,7,5,8,0,0,1,0,0,3,3,2,S001;S003;S004;S009;S010;S012;S013;S014,S002;S008;S015,S005;S006;S007;S011
3,"1,3,4,8|2,7,9|5,6",False,False,9,4,8,4.449748066497147,0.2872167094315319,0.3117769000678685,2.110369304258082,,0,0,0,4,2,3,6,2,7,5,8,0,0,1,0,0,3,3,2,S001;S003;S004;S009;S012;S013,S002;S008;S010;S014;S015,S005;S006;S007;S011
3,"1,3,4,8|2,7|5,6,9",False,False,12,4,9,4.970951036669916,0.2697485786267061,0.210987072159337,1.9853052650108798,,0,0,0,4,2,3,6,2,7,6,10,0,0,1,0,0,3,4,4,S001;S003;S004;S009;S012;S013,S002;S008;S015,S005;S006;S007;S010;S011;S014
3,"1,3,4,9|2,7,8|5,6",False,False,10,5,7,4.03132150933496,0.2853401457159106,0.31822393240458896,2.101496056714007,,0,0,0,4,3,3,6,3,7,5,8,0,1,1,0,0,3,3,2,S001;S003;S004;S010;S013;S014,S002;S008;S009;S012;S015,S005;S006;S007;S011
3,"1,3,4|2,7,8,9|5,6",False,False,10,5,7,3.928545096324378,0.31969715090961165,0.35803473084484155,2.2360907817609847,,0,0,0,4,3,3,6,3,7,5,8,0,1,1,0,0,3,3,2,S001;S003;S004;S013,S002;S008;S009;S010;S012;S014;S015,S005;S006;S007;S011
3,"1,3,4|2,7,8|5,6,9",False,False,13,5,9,5.375875020206985,0.03469072373814343,0.054761354553058604,1.0885850193450273,,0,0,0,4,3,3,6,3,7,6,10,0,1,1,0,0,3,4,4,S001;S003;S004;S013,S002;S008;S009;S012;S015,S005;S006;S007;S010;S011;S014
3,"1,3,4,9|2,7|5,6,8",False,False,13,6,7,4.28443914747994,0.26747252728446064,0.24057739847007348,1.9769578610605603,,0,0,0,5,3,3,6,3,7,6,9,1,1,1,0,0,3,4,3,S001;S003;S004;S010;S013;S014,S002;S008;S015,S005;S006;S007;S009;S011;S012
3,"1,3,4|2,7,9|5,6,8",False,False,13,6,8,5.107789688179196,0.03248296343907748,0.11223094058610646,1.0827449925158126,,0,0,0,5,3,3,6,3,7,6,9,1,1,1,0,0,3,4,3,S001;S003;S004;S013,S002;S008;S010;S014;S015,S005;S006;S007;S009;S011;S012
3,"1,3,4|2,7|5,6,8,9",False,False,14,6,7,4.1816627344693575,0.2874016003590336,0.22305554421037097,2.044314591820643,,0,0,0,5,3,3,6,3,7,6,10,1,1,1,0,0,3,4,4,S001;S003;S004;S013,S002;S008;S015,S005;S006;S007;S009;S010;S011;S012;S014
3,"1,3,4,8,9|2|5,6,7",False,False,12,4,5,2.5739046659999234,0.5940873362964065,0.5351098086442241,6.8916897956089604,,0,0,0,4,2,4,6,2,7,6,9,0,0,2,0,0,3,4,3,S001;S003;S004;S009;S010;S012;S013;S014,S002,S005;S006;S007;S008;S011;S015
3,"1,3,4,8|2,9|5,6,7",False,False,12,4,7,3.918458176871948,0.2955433257879415,0.20520453318647533,2.1693842535983276,,0,0,0,4,2,4,6,2,7,6,9,0,0,2,0,0,3,4,3,S001;S003;S004;S009;S012;S013,S002;S010;S014,S005;S006;S007;S008;S011;S015
3,"1,3,4,8|2|5,6,7,9",False,False,12,4,8,4.439661147044717,0.5341201620744837,0.4762365507386433,5.770429895838679,,0,0,0,4,2,4,6,2,7,6,9,0,0,2,0,0,3,4,3,S001;S003;S004;S009;S012;S013,S002,S005;S006;S007;S008;S010;S011;S014;S015
3,"1,3,4,9|2,8|5,6,7",False,False,14,6,6,3.5000316197097616,0.29101315594392924,0.2739854234522389,2.140736398758414,,0,0,0,5,3,4,6,3,7,6,9,1,1,2,0,0,3,4,3,S001;S003;S004;S010;S013;S014,S002;S009;S012,S005;S006;S007;S008;S011;S015
3,"1,3,4|2,8,9|5,6,7",False,False,14,6,6,3.397255206699179,0.04052295847886075,0.0516121942067221,1.1006493112194637,,0,0,0,5,3,4,6,3,7,6,9,1,1,2,0,0,3,4,3,S001;S003;S004;S013,S002;S009;S010;S012;S014,S005;S006;S007;S008;S011;S015
3,"1,3,4|2,8|5,6,7,9",False,False,14,6,8,4.844585130581786,0.3291001683376307,0.2993833241413296,2.296516928532639,,0,0,0,5,3,4,6,3,7,6,9,1,1,2,0,0,3,4,3,S001;S003;S004;S013,S002;S009;S012,S005;S006;S007;S008;S010;S011;S014;S015
3,"1,3,4,9|2|5,6,7,8",False,False,13,5,6,3.7531492578547407,0.5344570757143484,0.4647608036117981,5.7931419141472436,,0,0,0,4,3,4,6,3,7,6,9,0,1,2,0,0,3,4,3,S001;S003;S004;S010;S013;S014,S002,S005;S006;S007;S008;S009;S011;S012;S015
3,"1,3,4|2,9|5,6,7,8",False,False,13,5,7,4.576499798553996,0.3336527229498789,0.1984258336379784,2.3265857170127084,,0,0,0,4,3,4,6,3,7,6,9,0,1,2,0,0,3,4,3,S001;S003;S004;S013,S002;S010;S014,S005;S006;S007;S008;S009;S011;S012;S015
3,"1,3,4|2|5,6,7,8,9",False,False,13,5,6,3.650372844844158,0.6328793796050256,0.538790437896487,7.283117620516458,,0,0,0,4,3,4,6,3,7,6,9,0,1,2,0,0,3,4,3,S001;S003;S004;S013,S002,S005;S006;S007;S008;S009;S010;S011;S012;S014;S015
3,"1,3,5,6,7,8|2,4|9",False,False,9,5,6,4.013083010640575,0.8016685865664597,0.5657452034092679,5.803154421621458,,0,0,0,4,3,3,6,3,5,6,8,0,1,1,0,0,1,4,2,S001;S003;S005;S006;S007;S008;S009;S011;S012;S013;S015,S002;S004,S010;S014
3,"1,3,5,6,7|2,4,8|9",False,False,9,5,5,2.8338384187857577,0.5747700563953432,0.3824427250820809,4.787911207781475,,0,0,0,5,2,3,6,2,5,6,8,1,0,1,0,0,1,4,2,S001;S003;S005;S006;S007;S008;S011;S013;S015,S002;S004;S009;S012,S010;S014
3,"1,3,5,6,7,9|2,4|8",False,False,8,6,6,3.8627417855061785,0.7975657332366738,0.6460467184247456,5.701009500856153,,0,0,0,5,3,3,6,3,5,5,7,1,1,1,0,0,1,3,1,S001;S003;S005;S006;S007;S008;S010;S011;S013;S014;S015,S002;S004,S009;S012
3,"1,3,5,6,7|2,4,9|8",False,False,8,6,5,2.8338384187857577,0.5731390347627713,0.432479981071852,4.7160238477950776,,0,0,0,5,3,3,6,3,5,5,7,1,1,1,0,0,1,3,1,S001;S003;S005;S006;S007;S008;S011;S013;S015,S002;S004;S010;S014,S009;S012
3,"1,3,5,6,7|2,4|8,9",False,False,10,6,5,2.8338384187857577,0.5449182775490976,0.34677710524850514,3.5045388320794015,,0,0,0,5,3,3,6,3,5,6,8,1,1,1,0,0,1,4,2,S001;S003;S005;S006;S007;S008;S011;S013;S015,S002;S004,S009;S010;S012;S014
3,"1,3,5,6,8|2,4,7|9",False,False,8,3,8,5.097702768726766,0.5494450192966741,0.38917335582933044,4.648203969566365,,0,0,0,4,3,2,6,3,4,6,9,0,1,0,0,0,0,4,3,S001;S003;S005;S006;S007;S009;S011;S012;S013,S002;S004;S008;S015,S010;S014
3,"1,3,5,6|2,4,7,8|9",True,False,6,2,7,3.918458176871948,0.4476729598994011,0.34185310751514913,3.6329607557263817,,1,1,0,4,2,2,6,2,4,6,8,0,0,0,0,0,0,4,2,S001;S003;S005;S006;S007;S011;S013,S002;S004;S008;S009;S012;S015,S010;S014
3,"1,3,5,6,9|2,4,7|8",False,False,7,4,8,4.947361543592368,0.5448955555348771,0.47241275039520375,4.563399875585483,,0,0,0,5,3,2,6,3,4,5,8,1,1,0,0,0,0,3,2,S001;S003;S005;S006;S007;S010;S011;S013;S014,S002;S004;S008;S015,S009;S012
3,"1,3,5,6|2,4,7,9|8",False,False,6,4,7,3.918458176871948,0.44379731116731014,0.4296375231380506,3.5784142225244073,,1,0,0,5,3,2,6,3,4,5,7,1,1,0,0,0,0,3,1,S001;S003;S005;S006;S007;S011;S013,S002;S004;S008;S010;S014;S015,S009;S012
3,"1,3,5,6|2,4,7|8,9",False,False,8,4,7,3.918458176871948,0.24813265227796272,0.16722298283536918,1.8027405976491986,,1,0,0,5,3,2,6,3,4,6,8,1,1,0,0,0,0,4,2,S001;S003;S005;S006;S007;S011;S013,S002;S004;S008;S015,S009;S010;S012;S014
3,"1,3,5,6,8,9|2,4|7",False,False,9,5,5,3.231946287681972,0.7602108114276536,0.6294936598584023,4.890429679919235,,0,0,0,4,3,3,6,3,5,6,8,0,1,1,0,0,1,4,2,S001;S003;S005;S006;S007;S009;S010;S011;S012;S013;S014,S002;S004,S008;S015
3,"1,3,5,6,8|2,4,9|7",False,False,9,5,6,3.650372844844158,0.5318438389013765,0.4606529283562303,4.024591670833544,,0,0,0,4,3,3,6,3,5,6,8,0,1,1,0,0,1,4,2,S001;S003;S005;S006;S007;S009;S011;S012;S013,S002;S004;S010;S014,S008;S015
3,"1,3,5,6,8|2,4|7,9",False,False,10,5,8,5.097702768726766,0.513678481003479,0.33774706287508055,3.40227932470765,,0,0,0,4,3,3,6,3,5,6,9,0,1,1,0,0,1,4,3,S001;S003;S005;S006;S007;S009;S011;S012;S013,S002;S004,S008;S010;S014;S015
3,"1,3,5,6,9|2,4,8|7",False,False,9,5,6,3.5000316197097616,0.5289153720104925,0.5042307215278532,4.011393516910267,,0,0,0,5,2,3,6,2,5,6,8,1,0,1,0,0,1,4,2,S001;S003;S005;S006;S007;S010;S011;S013;S014,S002;S004;S009;S012,S008;S015
3,"1,3,5,6|2,4,8,9|7",False,False,8,5,5,2.471128252989341,0.4089452541309848,0.40120716850407173,3.1455555078245756,,0,0,0,5,2,3,6,2,5,6,7,1,0,1,0,0,1,4,1,S001;S003;S005;S006;S007;S011;S013,S002;S004;S009;S010;S012;S014,S008;S015
3,"1,3,5,6|2,4,8|7,9",False,False,9,5,7,3.918458176871948,0.23868442400845075,0.10344979090029482,1.685867418557938,,0,0,0,5,2,3,6,2,5,6,8,1,0,1,0,0,1,4,2,S001;S003;S005;S006;S007;S011;S013,S002;S004;S009;S012,S008;S010;S014;S015
3,"1,3,5,6,9|2,4|7,8",False,False,9,5,8,4.947361543592368,0.5103623028042265,0.39642695059327404,3.391121967666214,,0,0,0,4,3,3,6,3,5,6,8,0,1,1,0,0,1,4,2,S001;S003;S005;S006;S007;S010;S011;S013;S014,S002;S004,S008;S009;S012;S015
3,"1,3,5,6|2,4,9|7,8",False,False,8,5,7,3.918458176871948,0.23807719498136096,0.13118993697275405,1.6740260617376752,,0,0,0,4,3,3,6,3,5,6,7,0,1,1,0,0,1,4,1,S001;S003;S005;S006;S007;S011;S013,S002;S004;S010;S014,S008;S009;S012;S015
3,"1,3,5,6|2,4|7,8,9",False,False,9,5,7,3.918458176871948,0.3591129949188405,0.22859146693615737,2.6591662817746906,,0,0,0,4,3,3,6,3,5,6,8,0,1,1,0,0,1,4,2,S001;S003;S005;S006;S007;S011;S013,S002;S004,S008;S009;S010;S012;S014;S015
3,"1,3,5,7,8|2,4,6|9",False,False,12,5,6,3.8443762945526,0.5977656756774473,0.41548001149631364,4.906677855360735,,0,0,0,4,3,4,6,3,6,6,9,0,1,2,0,0,2,4,3,S001;S003;S005;S008;S009;S011;S012;S013;S015,S002;S004;S006;S007,S010;S014
3,"1,3,5,7|2,4,6,8|9",False,False,12,5,5,2.6651317026977828,0.4567946229992551,0.31310038997153994,3.8914346415207532,,0,0,0,5,2,4,6,2,6,6,9,1,0,2,0,0,2,4,3,S001;S003;S005;S008;S011;S013;S015,S002;S004;S006;S007;S009;S012,S010;S014
3,"1,3,5,7,9|2,4,6|8",False,False,11,6,6,3.6940350694182036,0.5932882299690018,0.502302961231233,4.817992944783885,,0,0,0,5,3,4,6,3,6,5,8,1,1,2,0,0,2,3,2,S001;S003;S005;S008;S010;S011;S013;S014;S015,S002;S004;S006;S007,S009;S012
3,"1,3,5,7|2,4,6,9|8",False,False,11,6,5,2.6651317026977828,0.45338782337572653,0.39958664686699036,3.83300729172281,,0,0,0,5,3,4,6,3,6,5,8,1,1,2,0,0,2,3,2,S001;S003;S005;S008;S011;S013;S015,S002;S004;S006;S007;S010;S014,S009;S012
3,"1,3,5,7|2,4,6|8,9",False,False,13,6,5,2.6651317026977828,0.30563364394085135,0.1685827964656437,1.9309999978145302,,0,0,0,5,3,4,6,3,6,6,9,1,1,2,0,0,2,4,3,S001;S003;S005;S008;S011;S013;S015,S002;S004;S006;S007,S009;S010;S012;S014
3,"1,3,5,8|2,4,6,7|9",False,False,10,5,7,4.397706163013591,0.45023357913114065,0.339945628156347,3.7517274033056425,,0,0,0,4,3,3,6,3,5,6,9,0,1,1,0,0,1,4,3,S001;S003;S005;S009;S011;S012;S013,S002;S004;S006;S007;S008;S015,S010;S014
3,"1,3,5|2,4,6,7,8|9",False,False,8,4,6,3.218461571158774,0.5146658674461335,0.4149166800870358,4.432873158473664,,0,0,0,4,2,3,6,2,5,6,8,0,0,1,0,0,1,4,2,S001;S003;S005;S011;S013,S002;S004;S006;S007;S008;S009;S012;S015,S010;S014
3,"1,3,5,9|2,4,6,7|8",False,False,9,6,7,4.247364937879195,0.4460495013389486,0.41757464997789967,3.680383319513215,,0,0,0,5,3,3,6,3,5,5,8,1,1,1,0,0,1,3,2,S001;S003;S005;S010;S011;S013;S014,S002;S004;S006;S007;S008;S015,S009;S012
3,"1,3,5|2,4,6,7,9|8",False,False,8,6,6,3.218461571158774,0.5100954663909264,0.5078983323584088,4.351302115997168,,0,0,0,5,3,3,6,3,5,5,7,1,1,1,0,0,1,3,1,S001;S003;S005;S011;S013,S002;S004;S006;S007;S008;S010;S014;S015,S009;S012
3,"1,3,5|2,4,6,7|8,9",False,False,10,6,6,3.218461571158774,0.21027357048532935,0.2194806238759632,1.6958895686449156,,0,0,0,5,3,3,6,3,5,6,8,1,1,1,0,0,1,4,2,S001;S003;S005;S011;S013,S002;S004;S006;S007;S008;S015,S009;S010;S012;S014
3,"1,3,5,8,9|2,4,6|7",False,False,12,5,5,3.063239571593997,0.5523225245591415,0.48514703332582665,4.114226194596075,,0,0,0,4,3,4,6,3,6,6,9,0,1,2,0,0,2,4,3,S001;S003;S005;S009;S010;S011;S012;S013;S014,S002;S004;S006;S007,S008;S015
3,"1,3,5,8|2,4,6,9|7",False,False,12,5,6,3.481666128756183,0.41375101514247126,0.4104727130312508,3.2483881855103847,,0,0,0,4,3,4,6,3,6,6,9,0,1,2,0,0,2,4,3,S001;S003;S005;S009;S011;S012;S013,S002;S004;S006;S007;S010;S014,S008;S015
3,"1,3,5,8|2,4,6|7,9",False,False,13,5,8,4.928996052638791,0.26758446383342904,0.14867281361531465,1.7409808191774268,,0,0,0,4,3,4,6,3,6,6,10,0,1,2,0,0,2,4,4,S001;S003;S005;S009;S011;S012;S013,S002;S004;S006;S007,S008;S010;S014;S015
3,"1,3,5,9|2,4,6,8|7",False,False,12,5,6,3.3313249036217867,0.41296560827091366,0.41674493166920673,3.2351900315871065,,0,0,0,5,2,4,6,2,6,6,9,1,0,2,0,0,2,4,3,S001;S003;S005;S010;S011;S013;S014,S002;S004;S006;S007;S009;S012,S008;S015
3,"1,3,5|2,4,6,8,9|7",False,False,11,5,5,2.302421536901366,0.46820688159402746,0.4816695909256593,3.703988079147924,,0,0,0,5,2,4,6,2,6,6,8,1,0,2,0,0,2,4,2,S001;S003;S005;S011;S013,S002;S004;S006;S007;S009;S010;S012;S014,S008;S015
3,"1,3,5|2,4,6,8|7,9",False,False,12,5,7,3.749751460783973,0.1683910545275606,0.12089391060813458,1.5211127955598898,,0,0,0,5,2,4,6,2,6,6,9,1,0,2,0,0,2,4,3,S001;S003;S005;S011;S013,S002;S004;S006;S007;S009;S012,S008;S010;S014;S015
3,"1,3,5,9|2,4,6|7,8",False,False,12,5,8,4.778654827504395,0.263503488057299,0.2213186383795594,1.7217284559369417,,0,0,0,4,3,4,6,3,6,6,9,0,1,2,0,0,2,4,3,S001;S003;S005;S010;S011;S013;S014,S002;S004;S006;S007,S008;S009;S012;S015
3,"1,3,5|2,4,6,9|7,8",False,False,11,5,7,3.749751460783973,0.16382154649222122,0.19917055451788804,1.5034047623730975,,0,0,0,4,3,4,6,3,6,6,8,0,1,2,0,0,2,4,2,S001;S003;S005;S011;S013,S002;S004;S006;S007;S010;S014,S008;S009;S012;S015
3,"1,3,5|2,4,6|7,8,9",False,False,12,5,7,3.749751460783973,0.13609820472511477,0.13186362926451028,1.4010794176961707,,0,0,0,4,3,4,6,3,6,6,9,0,1,2,0,0,2,4,3,S001;S003;S005;S011;S013,S002;S004;S006;S007,S008;S009;S010;S012;S014;S015
3,"1,3,5,7,8,9|2,4|6",False,False,10,5,4,2.6786164192209805,0.8296622433433082,0.6746368610519601,6.588769944091206,,0,0,0,4,4,4,6,4,6,5,7,0,2,2,0,0,2,3,1,S001;S003;S005;S008;S009;S010;S011;S012;S013;S014;S015,S002;S004,S006;S007
3,"1,3,5,7,8|2,4,9|6",False,False,10,5,5,3.097042976383167,0.6083084604041692,0.509311906633361,5.47329181824227,,0,0,0,4,4,4,6,4,6,5,7,0,2,2,0,0,2,3,1,S001;S003;S005;S008;S009;S011;S012;S013;S015,S002;S004;S010;S014,S006;S007
3,"1,3,5,7,8|2,4|6,9",False,False,13,5,7,4.544372900265774,0.5725462860520159,0.35867274640015157,3.591470755069316,,0,0,0,4,4,4,6,4,6,6,9,0,2,2,0,0,2,4,3,S001;S003;S005;S008;S009;S011;S012;S013;S015,S002;S004,S006;S007;S010;S014
3,"1,3,5,7,9|2,4,8|6",False,False,10,6,5,2.9467017512487703,0.6054573216675402,0.5516344762400476,5.456288346636132,,0,0,0,5,3,4,6,3,6,5,7,1,1,2,0,0,2,3,1,S001;S003;S005;S008;S010;S011;S013;S014;S015,S002;S004;S009;S012,S006;S007
3,"1,3,5,7|2,4,8,9|6",False,False,10,6,4,1.9177983845283493,0.48044320402318846,0.45250276532215705,4.340810220787196,,0,0,0,5,3,4,6,3,6,5,7,1,1,2,0,0,2,3,1,S001;S003;S005;S008;S011;S013;S015,S002;S004;S009;S010;S012;S014,S006;S007
3,"1,3,5,7|2,4,8|6,9",False,False,13,6,6,3.3651283084109567,0.3119648369352469,0.13029408578460536,2.051928671701694,,0,0,0,5,3,4,6,3,6,6,9,1,1,2,0,0,2,4,3,S001;S003;S005;S008;S011;S013;S015,S002;S004;S009;S012,S006;S007;S010;S014
3,"1,3,5,7,9|2,4|6,8",False,False,12,6,7,4.3940316751313775,0.568950714147843,0.42388380940719383,3.5803133980278803,,0,0,0,5,3,4,6,3,6,6,8,1,1,2,0,0,2,4,2,S001;S003;S005;S008;S010;S011;S013;S014;S015,S002;S004,S006;S007;S009;S012
3,"1,3,5,7|2,4,9|6,8",False,False,12,6,6,3.3651283084109567,0.3109314065511531,0.1727096215124689,2.035567493744173,,0,0,0,5,3,4,6,3,6,6,8,1,1,2,0,0,2,4,2,S001;S003;S005;S008;S011;S013;S015,S002;S004;S010;S014,S006;S007;S009;S012
3,"1,3,5,7|2,4|6,8,9",False,False,13,6,6,3.3651283084109567,0.381735622824544,0.21824730417619073,2.848357712136357,,0,0,0,5,3,4,6,3,6,6,9,1,1,2,0,0,2,4,3,S001;S003;S005;S008;S011;S013;S015,S002;S004,S006;S007;S009;S010;S012;S014
3,"1,3,5,8,9|2,4,7|6",False,False,9,5,6,3.7632361773071707,0.5803511965776657,0.506386985439997,5.300447978384409,,0,0,0,4,4,3,6,4,5,5,8,0,2,1,0,0,1,3,2,S001;S003;S005;S009;S010;S011;S012;S013;S014,S002;S004;S008;S015,S006;S007
3,"1,3,5,8|2,4,7,9|6",False,False,9,5,7,4.1816627344693575,0.47557847823591876,0.47892000140133834,4.184969852535474,,0,0,0,4,4,3,6,4,5,5,8,0,2,1,0,0,1,3,2,S001;S003;S005;S009;S011;S012;S013,S002;S004;S008;S010;S014;S015,S006;S007
3,"1,3,5,8|2,4,7|6,9",False,False,12,5,9,5.628992658351965,0.2830391127083786,0.15183750354843126,1.9782619358713793,,0,0,0,4,4,3,6,4,5,6,10,0,2,1,0,0,1,4,4,S001;S003;S005;S009;S011;S012;S013,S002;S004;S008;S015,S006;S007;S010;S014
3,"1,3,5,9|2,4,7,8|6",False,False,8,5,7,4.03132150933496,0.4752681311159379,0.47223594286174336,4.167966380929335,,0,0,0,4,3,3,6,3,5,5,8,0,1,1,0,0,1,3,2,S001;S003;S005;S010;S011;S013;S014,S002;S004;S008;S009;S012;S015,S006;S007
3,"1,3,5|2,4,7,8,9|6",False,False,7,5,6,3.0024181426145398,0.5457055369041955,0.5717954528885646,5.0602511687891925,,0,0,0,4,3,3,6,3,5,5,7,0,1,1,0,0,1,3,1,S001;S003;S005;S011;S013,S002;S004;S008;S009;S010;S012;S014;S015,S006;S007
3,"1,3,5|2,4,7,8|6,9",False,False,10,5,8,4.449748066497147,0.24588026331682736,0.2097806683545021,1.8647193722966193,,0,0,0,4,3,3,6,3,5,6,9,0,1,1,0,0,1,4,3,S001;S003;S005;S011;S013,S002;S004;S008;S009;S012;S015,S006;S007;S010;S014
3,"1,3,5,9|2,4,7|6,8",False,False,11,6,9,5.4786514332175695,0.27854903669907355,0.2320447656727276,1.954514583339631,,0,0,0,5,3,3,6,3,5,6,9,1,1,1,0,0,1,4,3,S001;S003;S005;S010;S011;S013;S014,S002;S004;S008;S015,S006;S007;S009;S012
3,"1,3,5|2,4,7,9|6,8",False,False,10,6,8,4.449748066497147,0.2413102213308501,0.29150247630623116,1.8418773582954053,,0,0,0,5,3,3,6,3,5,6,8,1,1,1,0,0,1,4,2,S001;S003;S005;S011;S013,S002;S004;S008;S010;S014;S015,S006;S007;S009;S012
3,"1,3,5|2,4,7|6,8,9",False,False,11,6,8,4.449748066497147,0.05865622525355546,0.09827559741280828,1.154915763982515,,0,0,0,5,3,3,6,3,5,6,9,1,1,1,0,0,1,4,3,S001;S003;S005;S011;S013,S002;S004;S008;S015,S006;S007;S009;S010;S012;S014
3,"1,3,5,8,9|2,4|6,7",False,False,12,5,5,3.231946287681972,0.5366880199729331,0.42625050068244597,3.4780538906561285,,0,0,0,4,4,4,6,4,6,6,8,0,2,2,0,0,2,4,2,S001;S003;S005;S009;S010;S011;S012;S013;S014,S002;S004,S006;S007;S008;S015
3,"1,3,5,8|2,4,9|6,7",False,False,12,5,6,3.650372844844158,0.2712334641290035,0.2425613937390589,1.8288378625264199,,0,0,0,4,4,4,6,4,6,6,8,0,2,2,0,0,2,4,2,S001;S003;S005;S009;S011;S012;S013,S002;S004;S010;S014,S006;S007;S008;S015
3,"1,3,5,8|2,4|6,7,9",False,False,13,5,8,5.097702768726766,0.3676567353486096,0.2503825439836077,2.746098204764605,,0,0,0,4,4,4,6,4,6,6,9,0,2,2,0,0,2,4,3,S001;S003;S005;S009;S011;S012;S013,S002;S004,S006;S007;S008;S010;S014;S015
3,"1,3,5,9|2,4,8|6,7",False,False,12,6,6,3.5000316197097616,0.2677493949401413,0.285884353171702,1.8214073209064228,,0,0,0,5,3,4,6,3,6,6,8,1,1,2,0,0,2,4,2,S001;S003;S005;S010;S011;S013;S014,S002;S004;S009;S012,S006;S007;S008;S015
3,"1,3,5|2,4,8,9|6,7",False,False,11,6,5,2.471128252989341,0.19942582263377956,0.2594183183286255,1.6483385028895423,,0,0,0,5,3,4,6,3,6,6,7,1,1,2,0,0,2,4,1,S001;S003;S005;S011;S013,S002;S004;S009;S010;S012;S014,S006;S007;S008;S015
3,"1,3,5|2,4,8|6,7,9",False,False,12,6,7,3.918458176871948,0.10050304590528505,0.14481047724910207,1.281333626177898,,0,0,0,5,3,4,6,3,6,6,8,1,1,2,0,0,2,4,2,S001;S003;S005;S011;S013,S002;S004;S009;S012,S006;S007;S008;S010;S014;S015
3,"1,3,5,9|2,4|6,7,8",False,False,11,5,8,4.947361543592368,0.3663777594727673,0.2674961947247826,2.73494084772317,,0,0,0,4,3,4,6,3,6,6,8,0,1,2,0,0,2,4,2,S001;S003;S005;S010;S011;S013;S014,S002;S004,S006;S007;S008;S009;S012;S015
3,"1,3,5|2,4,9|6,7,8",False,False,10,5,7,3.918458176871948,0.10507094459428272,0.08825956579836369,1.2960301071590483,,0,0,0,4,3,4,6,3,6,6,7,0,1,2,0,0,2,4,1,S001;S003;S005;S011;S013,S002;S004;S010;S014,S006;S007;S008;S009;S012;S015
3,"1,3,5|2,4|6,7,8,9",False,False,11,5,7,3.918458176871948,0.40486722003937414,0.32323435958891705,2.9766223990722374,,0,0,0,4,3,4,6,3,6,6,8,0,1,2,0,0,2,4,2,S001;S003;S005;S011;S013,S002;S004,S006;S007;S008;S009;S010;S012;S014;S015
3,"1,3,6,7,8|2,4,5|9",False,False,8,4,7,4.281168342668365,0.6129229738610614,0.4352497931654202,4.981746553320154,,0,0,0,4,2,3,6,2,5,6,8,0,0,1,0,0,1,4,2,S001;S003;S006;S007;S008;S009;S012;S013;S015,S002;S004;S005;S011,S010;S014
3,"1,3,6,7|2,4,5,8|9",False,False,9,6,4,2.565753086757968,0.46185333593733097,0.31160975780772165,3.966503339480171,,0,0,0,5,3,3,6,3,5,6,7,1,1,1,0,0,1,4,1,S001;S003;S006;S007;S008;S013;S015,S002;S004;S005;S009;S011;S012,S010;S014
3,"1,3,6,7,9|2,4,5|8",False,False,8,6,6,3.8627417855061785,0.6084725280913443,0.5098628108953721,4.891934535267887,,0,0,0,5,3,3,6,3,5,5,7,1,1,1,0,0,1,3,1,S001;S003;S006;S007;S008;S010;S013;S014;S015,S002;S004;S005;S011,S009;S012
3,"1,3,6,7|2,4,5,9|8",False,False,7,5,5,2.8338384187857577,0.45859630389618267,0.40030005405839386,3.9069488822068115,,1,0,0,5,3,3,6,3,5,5,6,1,1,1,0,0,1,3,0,S001;S003;S006;S007;S008;S013;S015,S002;S004;S005;S010;S011;S014,S009;S012
3,"1,3,6,7|2,4,5|8,9",False,False,9,6,5,2.8338384187857577,0.3238995166723067,0.17900571723681669,1.96825043857715,,0,0,0,5,3,3,6,3,5,6,7,1,1,1,0,0,1,4,1,S001;S003;S006;S007;S008;S013;S015,S002;S004;S005;S011,S009;S010;S012;S014
3,"1,3,6,8|2,4,5,7|9",False,False,9,4,9,5.365788100754555,0.4532898695719374,0.3547594693234612,3.8267961012650606,,0,0,0,4,2,3,6,2,5,6,9,0,0,1,0,0,1,4,3,S001;S003;S006;S007;S009;S012;S013,S002;S004;S005;S008;S011;S015,S010;S014
3,"1,3,6|2,4,5,7,8|9",False,False,9,5,6,3.650372844844158,0.5039233995759925,0.4174154740547305,4.357804460514246,,0,0,0,4,3,3,6,3,5,6,8,0,1,1,0,0,1,4,2,S001;S003;S006;S007;S013,S002;S004;S005;S008;S009;S011;S012;S015,S010;S014
3,"1,3,6,9|2,4,5,7|8",False,False,9,6,8,4.947361543592368,0.4490197239293395,0.4247616620566017,3.7543249099972176,,0,0,0,5,3,3,6,3,5,5,8,1,1,1,0,0,1,3,2,S001;S003;S006;S007;S010;S013;S014,S002;S004;S005;S008;S011;S015,S009;S012
3,"1,3,6|2,4,5,7,9|8",False,False,8,6,7,3.918458176871948,0.49935768503666034,0.5193587287113244,4.277360525513166,,0,0,0,5,3,3,6,3,5,5,7,1,1,1,0,0,1,3,1,S001;S003;S006;S007;S013,S002;S004;S005;S008;S010;S011;S014;S015,S009;S012
3,"1,3,6|2,4,5,7|8,9",False,False,10,6,7,3.918458176871948,0.20031127838285695,0.2391813862990663,1.6586391278822956,,0,0,0,5,3,3,6,3,5,6,8,1,1,1,0,0,1,4,2,S001;S003;S006;S007;S013,S002;S004;S005;S008;S011;S015,S009;S010;S012;S014
3,"1,3,6,8,9|2,4,5|7",False,False,8,4,6,3.5000316197097616,0.5677721300305721,0.5032429302905145,4.179223526581913,,0,0,0,4,2,3,6,2,5,6,8,0,0,1,0,0,1,4,2,S001;S003;S006;S007;S009;S010;S012;S013;S014,S002;S004;S005;S011,S008;S015
3,"1,3,6,8|2,4,5,9|7",False,False,8,4,7,3.918458176871948,0.4183265243505785,0.4168786432640994,3.313385517496222,,0,0,0,4,2,3,6,2,5,6,8,0,0,1,0,0,1,4,2,S001;S003;S006;S007;S009;S012;S013,S002;S004;S005;S010;S011;S014,S008;S015
3,"1,3,6,8|2,4,5|7,9",False,False,9,4,9,5.365788100754555,0.28663137434510405,0.17543572336476404,1.7758162827435742,,0,0,0,4,2,3,6,2,5,6,9,0,0,1,0,0,1,4,3,S001;S003;S006;S007;S009;S012;S013,S002;S004;S005;S011,S008;S010;S014;S015
3,"1,3,6,9|2,4,5,8|7",False,False,10,6,5,3.231946287681972,0.4173032728909187,0.421554368377557,3.3001873635729444,,0,0,0,5,3,3,6,3,5,6,8,1,1,1,0,0,1,4,2,S001;S003;S006;S007;S010;S013;S014,S002;S004;S005;S009;S011;S012,S008;S015
3,"1,3,6|2,4,5,8,9|7",False,False,9,6,4,2.2030429209615505,0.4575164148559599,0.46427274902170745,3.6389907471620866,,0,0,0,5,3,3,6,3,5,6,7,1,1,1,0,0,1,4,1,S001;S003;S006;S007;S013,S002;S004;S005;S009;S010;S011;S012;S014,S008;S015
3,"1,3,6|2,4,5,8|7,9",False,False,10,6,6,3.650372844844158,0.1587704448746077,0.09341476289093982,1.4862773319937423,,0,0,0,5,3,3,6,3,5,6,8,1,1,1,0,0,1,4,2,S001;S003;S006;S007;S013,S002;S004;S005;S009;S011;S012,S008;S010;S014;S015
3,"1,3,6,9|2,4,5|7,8",False,False,9,5,8,4.947361543592368,0.28264343694105326,0.23171971739218483,1.7563192388422344,,0,0,0,4,3,3,6,3,5,6,8,0,1,1,0,0,1,4,2,S001;S003;S006;S007;S010;S013;S014,S002;S004;S005;S011,S008;S009;S012;S015
3,"1,3,6|2,4,5,9|7,8",False,False,8,5,7,3.918458176871948,0.1542494125185941,0.19122556673191718,1.468813979467805,,0,0,0,4,3,3,6,3,5,6,7,0,1,1,0,0,1,4,1,S001;S003;S006;S007;S013,S002;S004;S005;S010;S011;S014,S008;S009;S012;S015
3,"1,3,6|2,4,5|7,8,9",False,False,9,5,7,3.918458176871948,0.149087305048946,0.12533793650843703,1.4491579917656048,,0,0,0,4,3,3,6,3,5,6,8,0,1,1,0,0,1,4,2,S001;S003;S006;S007;S013,S002;S004;S005;S011,S008;S009;S010;S012;S014;S015
3,"1,3,7,8|2,4,5,6|9",False,False,11,4,7,4.11246162658039,0.471943332183333,0.3432796436866202,4.085269987059432,,0,0,0,4,2,4,6,2,6,6,9,0,0,2,0,0,2,4,3,S001;S003;S008;S009;S012;S013;S015,S002;S004;S005;S006;S007;S011,S010;S014
3,"1,3,7|2,4,5,6,8|9",False,False,11,5,4,2.397046370669993,0.4733010356672985,0.3641210081136104,4.0993305747198745,,0,0,0,5,2,4,6,2,6,6,8,1,0,2,0,0,2,4,2,S001;S003;S008;S013;S015,S002;S004;S005;S006;S007;S009;S011;S012,S010;S014
3,"1,3,7,9|2,4,5,6|8",False,False,10,5,6,3.6940350694182036,0.46746475696381673,0.4197202422448356,4.008917979195619,,0,0,0,5,2,4,6,2,6,5,8,1,0,2,0,0,2,3,2,S001;S003;S008;S010;S013;S014;S015,S002;S004;S005;S006;S007;S011,S009;S012
3,"1,3,7|2,4,5,6,9|8",False,False,9,5,5,2.6651317026977828,0.46881488003132776,0.4724950455074123,4.022767456314764,,0,0,0,5,2,4,6,2,6,5,7,1,0,2,0,0,2,3,1,S001;S003;S008;S013;S015,S002;S004;S005;S006;S007;S010;S011;S014,S009;S012
3,"1,3,7|2,4,5,6|8,9",False,False,11,5,5,2.6651317026977828,0.18382477683112325,0.1724254434535991,1.5303797277169642,,0,0,0,5,2,4,6,2,6,6,8,1,0,2,0,0,2,4,2,S001;S003;S008;S013;S015,S002;S004;S005;S006;S007;S011,S009;S010;S012;S014
3,"1,3,8|2,4,5,6,7|9",False,False,10,4,8,4.665791495041381,0.488566074322429,0.3873951605263561,4.239037812934986,,0,0,0,4,2,3,6,2,6,6,9,0,0,1,0,0,2,4,3,S001;S003;S009;S012;S013,S002;S004;S005;S006;S007;S008;S011;S015,S010;S014
3,"1,3|2,4,5,6,7,8|9",False,False,9,4,5,2.9503762391309842,0.6714263364690026,0.552752346421066,5.254281026774968,,0,0,0,4,2,3,6,2,6,6,8,0,0,1,0,0,2,4,2,S001;S003;S013,S002;S004;S005;S006;S007;S008;S009;S011;S012;S015,S010;S014
3,"1,3,9|2,4,5,6,7|8",False,False,9,5,7,4.247364937879195,0.48587278196623995,0.44485344149370976,4.1753914285243585,,0,0,0,5,2,3,6,2,6,5,8,1,0,1,0,0,2,3,2,S001;S003;S010;S013;S014,S002;S004;S005;S006;S007;S008;S011;S015,S009;S012
3,"1,3|2,4,5,6,7,9|8",False,False,8,5,6,3.218461571158774,0.6670862654959894,0.6505089181082679,5.160377081585434,,0,0,0,5,2,3,6,2,6,5,7,1,0,1,0,0,2,3,1,S001;S003;S013,S002;S004;S005;S006;S007;S008;S010;S011;S014;S015,S009;S012
3,"1,3|2,4,5,6,7|8,9",False,False,10,5,6,3.218461571158774,0.3939218528344137,0.392425214458083,2.2135085511149106,,0,0,0,5,2,3,6,2,6,6,8,1,0,1,0,0,2,4,2,S001;S003;S013,S002;S004;S005;S006;S007;S008;S011;S015,S009;S010;S012;S014
3,"1,3,8,9|2,4,5,6|7",False,False,11,4,6,3.3313249036217867,0.4265085480249086,0.4164139976371019,3.4030200412587526,,0,0,0,4,2,4,6,2,6,6,9,0,0,2,0,0,2,4,3,S001;S003;S009;S010;S012;S013;S014,S002;S004;S005;S006;S007;S011,S008;S015
3,"1,3,8|2,4,5,6,9|7",False,False,11,4,7,3.749751460783973,0.4424180953626083,0.45439744723342373,3.5361580694762775,,0,0,0,4,2,4,6,2,6,6,9,0,0,2,0,0,2,4,3,S001;S003;S009;S012;S013,S002;S004;S005;S006;S007;S010;S011;S014,S008;S015
3,"1,3,8|2,4,5,6|7,9",False,False,12,4,9,5.19708138466658,0.14932536547055897,0.08639283846170653,1.4311639313742537,,0,0,0,4,2,4,6,2,6,6,10,0,0,2,0,0,2,4,4,S001;S003;S009;S012;S013,S002;S004;S005;S006;S007;S011,S008;S010;S014;S015
3,"1,3,9|2,4,5,6,8|7",False,False,12,5,5,3.063239571593997,0.44422494415105873,0.41809621553087495,3.5493562233995557,,0,0,0,5,2,4,6,2,6,6,9,1,0,2,0,0,2,4,3,S001;S003;S010;S013;S014,S002;S004;S005;S006;S007;S009;S011;S012,S008;S015
3,"1,3|2,4,5,6,8,9|7",False,False,11,5,4,2.0343362048735756,0.6274610661494221,0.6145799544463327,4.415194232485246,,0,0,0,5,2,4,6,2,6,6,8,1,0,2,0,0,2,4,2,S001;S003;S013,S002;S004;S005;S006;S007;S009;S010;S011;S012;S014,S008;S015
3,"1,3|2,4,5,6,8|7,9",False,False,12,5,6,3.481666128756183,0.35916292086086704,0.3011008216225054,2.1405572871516187,,0,0,0,5,2,4,6,2,6,6,9,1,0,2,0,0,2,4,3,S001;S003;S013,S002;S004;S005;S006;S007;S009;S011;S012,S008;S010;S014;S015
3,"1,3,9|2,4,5,6|7,8",False,False,11,4,8,4.778654827504395,0.1457956690562237,0.1426170916365301,1.4211115852685385,,0,0,0,4,2,4,6,2,6,6,9,0,0,2,0,0,2,4,3,S001;S003;S010;S013;S014,S002;S004;S005;S006;S007;S011,S008;S009;S012;S015
3,"1,3|2,4,5,6,9|7,8",False,False,10,4,7,3.749751460783973,0.3554634807715302,0.37661834575608016,2.1325977015875743,,0,0,0,4,2,4,6,2,6,6,8,0,0,2,0,0,2,4,2,S001;S003;S013,S002;S004;S005;S006;S007;S010;S011;S014,S008;S009;S012;S015
3,"1,3|2,4,5,6|7,8,9",False,False,11,4,7,3.749751460783973,0.21021955026007497,0.25082624250068636,1.6553876369624871,,0,0,0,4,2,4,6,2,6,6,9,0,0,2,0,0,2,4,3,S001;S003;S013,S002;S004;S005;S006;S007;S011,S008;S009;S010;S012;S014;S015
3,"1,3,7,8,9|2,4,5|6",False,False,9,5,5,2.9467017512487703,0.6431924800797952,0.5506760805549684,5.672507434600898,,0,0,0,4,3,4,6,3,6,5,7,0,1,2,0,0,2,3,1,S001;S003;S008;S009;S010;S012;S013;S014;S015,S002;S004;S005;S011,S006;S007
3,"1,3,7,8|2,4,5,9|6",False,False,9,5,6,3.3651283084109567,0.493042401392576,0.4662834797156839,4.557029308751962,,0,0,0,4,3,4,6,3,6,5,7,0,1,2,0,0,2,3,1,S001;S003;S008;S009;S012;S013;S015,S002;S004;S005;S010;S011;S014,S006;S007
3,"1,3,7,8|2,4,5|6,9",False,False,12,5,8,4.812458232293563,0.35638971247591295,0.20194154424035574,2.1541368133613945,,0,0,0,4,3,4,6,3,6,6,9,0,1,2,0,0,2,4,3,S001;S003;S008;S009;S012;S013;S015,S002;S004;S005;S011,S006;S007;S010;S014
3,"1,3,7,9|2,4,5,8|6",False,False,10,6,4,2.6786164192209805,0.49181453186246094,0.4722019608498216,4.540025837145824,,0,0,0,5,3,4,6,3,6,5,7,1,1,2,0,0,2,3,1,S001;S003;S008;S010;S013;S014;S015,S002;S004;S005;S009;S011;S012,S006;S007
3,"1,3,7|2,4,5,8,9|6",False,False,9,5,3,1.6497130525005594,0.5038086301883362,0.5106960261575001,4.688191712572705,,0,0,0,5,3,4,6,3,6,5,6,1,1,2,0,0,2,3,0,S001;S003;S008;S013;S015,S002;S004;S005;S009;S010;S011;S012;S014,S006;S007
3,"1,3,7|2,4,5,8|6,9",False,False,12,6,5,3.097042976383167,0.21557428872492115,0.11353888937708426,1.6888444948066041,,0,0,0,5,3,4,6,3,6,6,8,1,1,2,0,0,2,4,2,S001;S003;S008;S013;S015,S002;S004;S005;S009;S011;S012,S006;S007;S010;S014
3,"1,3,7,9|2,4,5|6,8",False,False,11,5,7,4.3940316751313775,0.352185976474567,0.2648493084594831,2.1289871118062345,,0,0,0,5,2,4,6,2,6,6,8,1,0,2,0,0,2,4,2,S001;S003;S008;S010;S013;S014;S015,S002;S004;S005;S011,S006;S007;S009;S012
3,"1,3,7|2,4,5,9|6,8",False,False,10,5,6,3.3651283084109567,0.21143056696183363,0.2204599269227099,1.667404829828802,,0,0,0,5,2,4,6,2,6,6,7,1,0,2,0,0,2,4,1,S001;S003;S008;S013;S015,S002;S004;S005;S010;S011;S014,S006;S007;S009;S012
3,"1,3,7|2,4,5|6,8,9",False,False,11,5,6,3.3651283084109567,0.1410651683237444,0.08866748403424975,1.4033697313849165,,0,0,0,5,2,4,6,2,6,6,8,1,0,2,0,0,2,4,2,S001;S003;S008;S013;S015,S002;S004;S005;S011,S006;S007;S009;S010;S012;S014
3,"1,3,8,9|2,4,5,7|6",False,False,10,5,7,4.03132150933496,0.4824359721230112,0.4721999823050663,4.384185468894101,,0,0,0,4,3,4,6,3,6,5,8,0,1,2,0,0,2,3,2,S001;S003;S009;S010;S012;S013;S014,S002;S004;S005;S008;S011;S015,S006;S007
3,"1,3,8|2,4,5,7,9|6",False,False,10,5,8,4.449748066497147,0.5194288622711094,0.5368625244484968,4.844032080824427,,0,0,0,4,3,4,6,3,6,5,8,0,1,2,0,0,2,3,2,S001;S003;S009;S012;S013,S002;S004;S005;S008;S010;S011;S014;S015,S006;S007
3,"1,3,8|2,4,5,7|6,9",False,False,13,5,10,5.8970779903797546,0.2233726577646713,0.17674113046097054,1.7625112306369184,,0,0,0,4,3,4,6,3,6,6,10,0,1,2,0,0,2,4,4,S001;S003;S009;S012;S013,S002;S004;S005;S008;S011;S015,S006;S007;S010;S014
3,"1,3,9|2,4,5,7,8|6",False,False,10,5,6,3.7632361773071707,0.5213085355833877,0.4989727089480081,4.8610355524305655,,0,0,0,4,3,4,6,3,6,5,8,0,1,2,0,0,2,3,2,S001;S003;S010;S013;S014,S002;S004;S005;S008;S009;S011;S012;S015,S006;S007
3,"1,3|2,4,5,7,8,9|6",False,False,9,5,5,2.7343328105867495,0.7009791894168304,0.7014575448589536,5.976513678279502,,0,0,0,4,3,4,6,3,6,5,7,0,1,2,0,0,2,3,1,S001;S003;S013,S002;S004;S005;S008;S009;S010;S011;S012;S014;S015,S006;S007
3,"1,3|2,4,5,7,8|6,9",False,False,12,5,7,4.1816627344693575,0.4244845648446742,0.3728728148859684,2.297842503325268,,0,0,0,4,3,4,6,3,6,6,9,0,1,2,0,0,2,4,3,S001;S003;S013,S002;S004;S005;S008;S009;S011;S012;S015,S006;S007;S010;S014
3,"1,3,9|2,4,5,7|6,8",False,False,12,5,9,5.4786514332175695,0.2202258844218478,0.22428703330166422,1.7484577402333437,,0,0,0,5,2,4,6,2,6,6,9,1,0,2,0,0,2,4,3,S001;S003;S010;S013;S014,S002;S004;S005;S008;S011;S015,S006;S007;S009;S012
3,"1,3|2,4,5,7,9|6,8",False,False,11,5,8,4.449748066497147,0.4205175328236236,0.45469677662578534,2.2715469557183257,,0,0,0,5,2,4,6,2,6,6,8,1,0,2,0,0,2,4,2,S001;S003;S013,S002;S004;S005;S008;S010;S011;S014;S015,S006;S007;S009;S012
3,"1,3|2,4,5,7|6,8,9",False,False,12,5,8,4.449748066497147,0.2195396915579486,0.27933480827382734,1.7453932304076554,,0,0,0,5,2,4,6,2,6,6,9,1,0,2,0,0,2,4,3,S001;S003;S013,S002;S004;S005;S008;S011;S015,S006;S007;S009;S010;S012;S014
3,"1,3,8,9|2,4,5|6,7",False,False,11,5,6,3.5000316197097616,0.31413543718898435,0.2847987549518577,1.915895374250779,,0,0,0,4,3,4,6,3,6,6,8,0,1,2,0,0,2,4,2,S001;S003;S009;S010;S012;S013;S014,S002;S004;S005;S011,S006;S007;S008;S015
3,"1,3,8|2,4,5,9|6,7",False,False,11,5,7,3.918458176871948,0.17863127483390623,0.24457103851119832,1.5538504495451861,,0,0,0,4,3,4,6,3,6,6,8,0,1,2,0,0,2,4,2,S001;S003;S009;S012;S013,S002;S004;S005;S010;S011;S014,S006;S007;S008;S015
3,"1,3,8|2,4,5|6,7,9",False,False,12,5,9,5.365788100754555,0.1402346827557453,0.11047770278117719,1.3948674169195723,,0,0,0,4,3,4,6,3,6,6,9,0,1,2,0,0,2,4,3,S001;S003;S009;S012;S013,S002;S004;S005;S011,S006;S007;S008;S010;S014;S015
3,"1,3,9|2,4,5,8|6,7",False,False,12,6,5,3.231946287681972,0.1796736419032349,0.21361505385421417,1.5612809911651835,,0,0,0,5,3,4,6,3,6,6,8,1,1,2,0,0,2,4,2,S001;S003;S010;S013;S014,S002;S004;S005;S009;S011;S012,S006;S007;S008;S015
3,"1,3|2,4,5,8,9|6,7",False,False,11,6,4,2.2030429209615505,0.38478310254874776,0.41039529068773806,2.1946143670680662,,0,0,0,5,3,4,6,3,6,6,7,1,1,2,0,0,2,4,1,S001;S003;S013,S002;S004;S005;S009;S010;S011;S012;S014,S006;S007;S008;S015
3,"1,3|2,4,5,8|6,7,9",False,False,12,6,6,3.650372844844158,0.21104736535943797,0.2504274390336303,1.6724419664443637,,0,0,0,5,3,4,6,3,6,6,8,1,1,2,0,0,2,4,2,S001;S003;S013,S002;S004;S005;S009;S011;S012,S006;S007;S008;S010;S014;S015
3,"1,3,9|2,4,5|6,7,8",False,False,10,4,8,4.947361543592368,0.14089933728016032,0.084535991781127,1.401835390325754,,0,0,0,4,2,4,6,2,6,6,8,0,0,2,0,0,2,4,2,S001;S003;S010;S013;S014,S002;S004;S005;S011,S006;S007;S008;S009;S012;S015
3,"1,3|2,4,5,9|6,7,8",False,False,9,4,7,3.918458176871948,0.21060475345432872,0.26356446162211306,1.6644823808803197,,0,0,0,4,2,4,6,2,6,6,7,0,0,2,0,0,2,4,1,S001;S003;S013,S002;S004;S005;S010;S011;S014,S006;S007;S008;S009;S012;S015
3,"1,3|2,4,5|6,7,8,9",False,False,10,4,7,3.918458176871948,0.3512615486458411,0.33204826073514804,2.123502957669742,,0,0,0,4,2,4,6,2,6,6,8,0,0,2,0,0,2,4,2,S001;S003;S013,S002;S004;S005;S011,S006;S007;S008;S009;S010;S012;S014;S015
3,"1,3,6,7,8,9|2,4|5",False,False,9,5,4,2.4154118616235714,0.8500938322261867,0.7458567777413816,7.282309780755551,,0,0,0,4,3,4,6,3,6,5,7,0,1,2,0,0,2,3,1,S001;S003;S006;S007;S008;S009;S010;S012;S013;S014;S015,S002;S004,S005;S011
3,"1,3,6,7,8|2,4,9|5",False,False,9,5,5,2.8338384187857577,0.6305635158560272,0.5825746078941663,6.064887792738769,,0,0,0,4,3,4,6,3,6,5,7,0,1,2,0,0,2,3,1,S001;S003;S006;S007;S008;S009;S012;S013;S015,S002;S004;S010;S014,S005;S011
3,"1,3,6,7,8|2,4|5,9",False,False,11,5,7,4.281168342668365,0.59045024614378,0.4076748154531207,3.6464177153731856,,0,0,0,4,3,4,6,3,6,6,8,0,1,2,0,0,2,4,2,S001;S003;S006;S007;S008;S009;S012;S013;S015,S002;S004,S005;S010;S011;S014
3,"1,3,6,7,9|2,4,8|5",False,False,10,6,4,2.4154118616235714,0.6277315171662193,0.6162427723108678,6.046330369041932,,0,0,0,5,3,4,6,3,6,5,7,1,1,2,0,0,2,3,1,S001;S003;S006;S007;S008;S010;S013;S014;S015,S002;S004;S009;S012,S005;S011
3,"1,3,6,7|2,4,8,9|5",False,False,9,5,3,1.38650849490315,0.5015426607427423,0.518929555232368,4.828908381025151,,1,0,0,5,3,4,6,3,6,5,6,1,1,2,0,0,2,3,0,S001;S003;S006;S007;S008;S013;S015,S002;S004;S009;S010;S012;S014,S005;S011
3,"1,3,6,7|2,4,8|5,9",False,False,11,6,5,2.8338384187857577,0.3336053157651234,0.17837806292058062,2.177712860755039,,0,0,0,5,3,4,6,3,6,6,7,1,1,2,0,0,2,4,1,S001;S003;S006;S007;S008;S013;S015,S002;S004;S009;S012,S005;S010;S011;S014
3,"1,3,6,7,9|2,4|5,8",False,False,11,6,5,3.5946564534783887,0.5867890661351245,0.48286385140452215,3.6352603583317498,,0,0,0,5,4,4,6,4,6,5,7,1,2,2,0,0,2,3,1,S001;S003;S006;S007;S008;S010;S013;S014;S015,S002;S004,S005;S009;S011;S012
3,"1,3,6,7|2,4,9|5,8",False,False,10,5,4,2.565753086757968,0.3324844531044114,0.2522276291047252,2.15963901801956,,0,0,0,5,4,4,6,4,6,5,6,1,2,2,0,0,2,3,0,S001;S003;S006;S007;S008;S013;S015,S002;S004;S010;S014,S005;S009;S011;S012
3,"1,3,6,7|2,4|5,8,9",False,False,12,6,4,2.565753086757968,0.3909485089872754,0.21863221615221032,2.903304672440226,,0,0,0,5,4,4,6,4,6,6,7,1,2,2,0,0,2,4,1,S001;S003;S006;S007;S008;S013;S015,S002;S004,S005;S009;S010;S011;S012;S014
3,"1,3,6,8,9|2,4,7|5",False,False,8,5,6,3.5000316197097616,0.6027710407228014,0.5775613010206173,5.876247705353759,,0,0,0,4,3,3,6,3,5,5,8,0,1,1,0,0,1,3,2,S001;S003;S006;S007;S009;S010;S012;S013;S014,S002;S004;S008;S015,S005;S011
3,"1,3,6,8|2,4,7,9|5",False,False,8,5,7,3.918458176871948,0.49593485872237625,0.5395386062966031,4.658825717336978,,0,0,0,4,3,3,6,3,5,5,8,0,1,1,0,0,1,3,2,S001;S003;S006;S007;S009;S012;S013,S002;S004;S008;S010;S014;S015,S005;S011
3,"1,3,6,8|2,4,7|5,9",False,False,10,5,9,5.365788100754555,0.3051863585211624,0.21441445841831971,2.10100997577991,,0,0,0,4,3,3,6,3,5,6,9,0,1,1,0,0,1,4,3,S001;S003;S006;S007;S009;S012;S013,S002;S004;S008;S015,S005;S010;S011;S014
3,"1,3,6,9|2,4,7,8|5",False,False,8,5,6,3.5000316197097616,0.49553346642055973,0.5346942976487473,4.640268293640141,,0,0,0,4,3,3,6,3,5,5,8,0,1,1,0,0,1,3,2,S001;S003;S006;S007;S010;S013;S014,S002;S004;S008;S009;S012;S015,S005;S011
3,"1,3,6|2,4,7,8,9|5",False,False,7,5,5,2.471128252989341,0.5574219513672799,0.6238671396682087,5.522708957724431,,0,0,0,4,3,3,6,3,5,5,7,0,1,1,0,0,1,3,1,S001;S003;S006;S007;S013,S002;S004;S008;S009;S010;S012;S014;S015,S005;S011
3,"1,3,6|2,4,7,8|5,9",False,False,9,5,7,3.918458176871948,0.25813345718219544,0.2375731340914706,1.9415731389757769,,0,0,0,4,3,3,6,3,5,6,8,0,1,1,0,0,1,4,2,S001;S003;S006;S007;S013,S002;S004;S008;S009;S012;S015,S005;S010;S011;S014
3,"1,3,6,9|2,4,7|5,8",False,False,10,6,7,4.679276211564579,0.30068486735740485,0.30512161945663563,2.0752732647408036,,0,0,0,5,4,3,6,4,5,5,8,1,2,1,0,0,1,3,2,S001;S003;S006;S007;S010;S013;S014,S002;S004;S008;S015,S005;S009;S011;S012
3,"1,3,6|2,4,7,9|5,8",False,False,9,6,6,3.650372844844158,0.25358139817496944,0.3445244135799731,1.917159667729469,,0,0,0,5,4,3,6,4,5,5,7,1,2,1,0,0,1,3,1,S001;S003;S006;S007;S013,S002;S004;S008;S010;S014;S015,S005;S009;S011;S012
3,"1,3,6|2,4,7|5,8,9",False,False,11,6,6,3.650372844844158,0.05257883901813105,0.07702112398686402,1.1251402260864969,,0,0,0,5,4,3,6,4,5,6,8,1,2,1,0,0,1,4,2,S001;S003;S006;S007;S013,S002;S004;S008;S015,S005;S009;S010;S011;S012;S014
3,"1,3,6,8,9|2,4|5,7",False,False,12,5,6,3.5000316197097616,0.5538635008309861,0.45727689261028726,3.5330008509599984,,0,0,0,4,3,4,6,3,6,6,9,0,1,2,0,0,2,4,3,S001;S003;S006;S007;S009;S010;S012;S013;S014,S002;S004,S005;S008;S011;S015
3,"1,3,6,8|2,4,9|5,7",False,False,12,5,7,3.918458176871948,0.29248832079858833,0.27450526109215556,1.9362865841933832,,0,0,0,4,3,4,6,3,6,6,9,0,1,2,0,0,2,4,3,S001;S003;S006;S007;S009;S012;S013,S002;S004;S010;S014,S005;S008;S011;S015
3,"1,3,6,8|2,4|5,7,9",False,False,12,5,9,5.365788100754555,0.3747057242119824,0.2609870461762779,2.8010451650684747,,0,0,0,4,3,4,6,3,6,6,9,0,1,2,0,0,2,4,3,S001;S003;S006;S007;S009;S012;S013,S002;S004,S005;S008;S010;S011;S014;S015
3,"1,3,6,9|2,4,8|5,7",False,False,13,6,6,3.5000316197097616,0.2890824951195053,0.3061315384040762,1.9285738057548896,,0,0,0,5,3,4,6,3,6,6,9,1,1,2,0,0,2,4,3,S001;S003;S006;S007;S010;S013;S014,S002;S004;S009;S012,S005;S008;S011;S015
3,"1,3,6|2,4,8,9|5,7",False,False,12,6,5,2.471128252989341,0.2118978248985508,0.267525092862739,1.7109479112816302,,0,0,0,5,3,4,6,3,6,6,8,1,1,2,0,0,2,4,2,S001;S003;S006;S007;S013,S002;S004;S009;S010;S012;S014,S005;S008;S011;S015
3,"1,3,6|2,4,8|5,7,9",False,False,12,6,7,3.918458176871948,0.09209761489684319,0.12675952095606388,1.2498113100971147,,0,0,0,5,3,4,6,3,6,6,8,1,1,2,0,0,2,4,2,S001;S003;S006;S007;S013,S002;S004;S009;S012,S005;S008;S010;S011;S014;S015
3,"1,3,6,9|2,4|5,7,8",False,False,13,5,7,4.679276211564579,0.3731753165114364,0.2783843239472887,2.7898878080270393,,0,0,0,4,4,4,6,4,6,6,9,0,2,2,0,0,2,4,3,S001;S003;S006;S007;S010;S013;S014,S002;S004,S005;S008;S009;S011;S012;S015
3,"1,3,6|2,4,9|5,7,8",False,False,12,5,6,3.650372844844158,0.09653049562149156,0.05821151693013249,1.264304722525096,,0,0,0,4,4,4,6,4,6,6,8,0,2,2,0,0,2,4,2,S001;S003;S006;S007;S013,S002;S004;S010;S014,S005;S008;S009;S011;S012;S015
3,"1,3,6|2,4|5,7,8,9",False,False,12,5,6,3.650372844844158,0.39426739406052475,0.2956213161822338,2.9216754387683683,,0,0,0,4,4,4,6,4,6,6,8,0,2,2,0,0,2,4,2,S001;S003;S006;S007;S013,S002;S004,S005;S008;S009;S010;S011;S012;S014;S015
3,"1,3,7,8,9|2,4,6|5",False,False,12,5,4,2.2467051455355964,0.650320660975837,0.6087111120245396,6.190919497247964,,0,0,0,4,3,5,6,3,7,5,8,0,1,3,0,0,3,3,2,S001;S003;S008;S009;S010;S012;S013;S014;S015,S002;S004;S006;S007,S005;S011
3,"1,3,7,8|2,4,6,9|5",False,False,12,5,5,2.6651317026977828,0.5089794949326932,0.5286711870561841,4.973497509231183,,0,0,0,4,3,5,6,3,7,5,8,0,1,3,0,0,3,3,2,S001;S003;S008;S009;S012;S013;S015,S002;S004;S006;S007;S010;S014,S005;S011
3,"1,3,7,8|2,4,6|5,9",False,False,14,5,7,4.11246162658039,0.3598403837667274,0.23596452508865234,2.2429188201923536,,0,0,0,4,3,5,6,3,7,6,9,0,1,3,0,0,3,4,3,S001;S003;S008;S009;S012;S013;S015,S002;S004;S006;S007,S005;S010;S011;S014
3,"1,3,7,9|2,4,6,8|5",False,False,12,5,4,2.2467051455355964,0.5078914506944613,0.5339098228970575,4.954940085534346,,0,0,0,5,2,5,6,2,7,5,8,1,0,3,0,0,3,3,2,S001;S003;S008;S010;S013;S014;S015,S002;S004;S006;S007;S009;S012,S005;S011
3,"1,3,7|2,4,6,8,9|5",False,False,11,5,3,1.2178017788151754,0.5259698174038224,0.5840133987846368,5.208037165830226,,0,0,0,5,2,5,6,2,7,5,7,1,0,3,0,0,3,3,1,S001;S003;S008;S013;S015,S002;S004;S006;S007;S009;S010;S012;S014,S005;S011
3,"1,3,7|2,4,6,8|5,9",False,False,13,5,5,2.6651317026977828,0.23621080599023966,0.1706755672613948,1.7996642945633332,,0,0,0,5,2,5,6,2,7,6,8,1,0,3,0,0,3,4,2,S001;S003;S008;S013;S015,S002;S004;S006;S007;S009;S012,S005;S010;S011;S014
3,"1,3,7,9|2,4,6|5,8",False,False,13,6,5,3.4259497373904138,0.3555327852809282,0.324599600918875,2.216004342247929,,0,0,0,5,3,5,6,3,7,5,8,1,1,3,0,0,3,3,2,S001;S003;S008;S010;S013;S014;S015,S002;S004;S006;S007,S005;S009;S011;S012
3,"1,3,7|2,4,6,9|5,8",False,False,12,6,4,2.397046370669993,0.2319922521555462,0.28629222142296773,1.7764285902223436,,1,0,0,5,3,5,6,3,7,5,7,1,1,3,0,0,3,3,1,S001;S003;S008;S013;S015,S002;S004;S006;S007;S010;S014,S005;S009;S011;S012
3,"1,3,7|2,4,6|5,8,9",False,False,14,6,4,2.397046370669993,0.12457551953873931,0.02456663243252514,1.356810269986932,,0,0,0,5,3,5,6,3,7,6,8,1,1,3,0,0,3,4,2,S001;S003;S008;S013;S015,S002;S004;S006;S007,S005;S009;S010;S011;S012;S014
3,"1,3,8,9|2,4,6,7|5",False,False,10,5,5,2.8000350139965877,0.4997594744011954,0.5301953525663556,4.784857421846172,,0,0,0,4,3,4,6,3,6,5,8,0,1,2,0,0,2,3,2,S001;S003;S009;S010;S012;S013;S014,S002;S004;S006;S007;S008;S015,S005;S011
3,"1,3,8|2,4,6,7,9|5",False,False,10,5,6,3.218461571158774,0.5418213073014692,0.5814160496015573,5.378119829518399,,0,0,0,4,3,4,6,3,6,5,8,0,1,2,0,0,2,3,2,S001;S003;S009;S012;S013,S002;S004;S006;S007;S008;S010;S014;S015,S005;S011
3,"1,3,8|2,4,6,7|5,9",False,False,12,5,8,4.665791495041381,0.2452783893093871,0.1976146698739624,1.8763671795384624,,0,0,0,4,3,4,6,3,6,6,9,0,1,2,0,0,2,4,3,S001;S003;S009;S012;S013,S002;S004;S006;S007;S008;S015,S005;S010;S011;S014
3,"1,3,9|2,4,6,7,8|5",False,False,9,4,5,2.8000350139965877,0.5437181720378321,0.5544713487517888,5.396677253215236,,0,0,0,4,2,4,6,2,6,5,8,0,0,2,0,0,2,3,2,S001;S003;S010;S013;S014,S002;S004;S006;S007;S008;S009;S012;S015,S005;S011
3,"1,3|2,4,6,7,8,9|5",False,False,8,4,4,1.7711316472761667,0.7224870977101749,0.7520339265510959,6.614099241232017,,0,0,0,4,2,4,6,2,6,5,7,0,0,2,0,0,2,3,1,S001;S003;S013,S002;S004;S006;S007;S008;S009;S010;S012;S014;S015,S005;S011
3,"1,3|2,4,6,7,8|5,9",False,False,10,4,6,3.218461571158774,0.44419037145497414,0.39106037327524323,2.4337619462508884,,0,0,0,4,2,4,6,2,6,6,8,0,0,2,0,0,2,4,2,S001;S003;S013,S002;S004;S006;S007;S008;S009;S012;S015,S005;S010;S011;S014
3,"1,3,9|2,4,6,7|5,8",False,False,11,6,6,3.979279605851405,0.2422038582440171,0.27689796735137967,1.8607943435011003,,0,0,0,5,3,4,6,3,6,5,8,1,1,2,0,0,2,3,2,S001;S003;S010;S013;S014,S002;S004;S006;S007;S008;S015,S005;S009;S011;S012
3,"1,3|2,4,6,7,9|5,8",False,False,10,6,5,2.9503762391309842,0.4401672241558883,0.48488436304437826,2.405263573244038,,0,0,0,5,3,4,6,3,6,5,7,1,1,2,0,0,2,3,1,S001;S003;S013,S002;S004;S006;S007;S008;S010;S014;S015,S005;S009;S011;S012
3,"1,3|2,4,6,7|5,8,9",False,False,12,6,5,2.9503762391309842,0.2271827984644354,0.2657467497153796,1.7845920326328204,,0,0,0,5,3,4,6,3,6,6,8,1,1,2,0,0,2,4,2,S001;S003;S013,S002;S004;S006;S007;S008;S015,S005;S009;S010;S011;S012;S014
3,"1,3,8,9|2,4,6|5,7",False,False,15,5,6,3.3313249036217867,0.3163965852599129,0.2957311326399138,1.988667487328706,,0,0,0,4,3,5,6,3,7,6,10,0,1,3,0,0,3,4,4,S001;S003;S009;S010;S012;S013;S014,S002;S004;S006;S007,S005;S008;S011;S015
3,"1,3,8|2,4,6,9|5,7",False,False,15,5,7,3.749751460783973,0.2002093395552149,0.25895167635310484,1.6508542297078135,,0,0,0,4,3,5,6,3,7,6,10,0,1,3,0,0,3,4,4,S001;S003;S009;S012;S013,S002;S004;S006;S007;S010;S014,S005;S008;S011;S015
3,"1,3,8|2,4,6|5,7,9",False,False,15,5,9,5.19708138466658,0.11976047546537924,0.09976593666655009,1.3154131330215437,,0,0,0,4,3,5,6,3,7,6,10,0,1,3,0,0,3,4,4,S001;S003;S009;S012;S013,S002;S004;S006;S007,S005;S008;S010;S011;S014;S015
3,"1,3,9|2,4,6,8|5,7",False,False,15,5,6,3.3313249036217867,0.20139548191946144,0.23555977839123782,1.6585670081463075,,0,0,0,5,2,5,6,2,7,6,10,1,0,3,0,0,3,4,4,S001;S003;S010;S013;S014,S002;S004;S006;S007;S009;S012,S005;S008;S011;S015
3,"1,3|2,4,6,8,9|5,7",False,False,14,5,5,2.302421536901366,0.4038371943988941,0.43573021764613595,2.2338131692932315,,0,0,0,5,2,5,6,2,7,6,9,1,0,3,0,0,3,4,3,S001;S003;S013,S002;S004;S006;S007;S009;S010;S012;S014,S005;S008;S011;S015
3,"1,3|2,4,6,8|5,7,9",False,False,14,5,7,3.749751460783973,0.2146382816224322,0.2508739078180869,1.711640768669529,,0,0,0,5,2,5,6,2,7,6,9,1,0,3,0,0,3,4,3,S001;S003;S013,S002;S004;S006;S007;S009;S012,S005;S008;S010;S011;S014;S015
3,"1,3,9|2,4,6|5,7,8",False,False,15,5,7,4.510569495476604,0.12011058752510588,0.07674271380120046,1.3221499306501867,,0,0,0,4,3,5,6,3,7,6,10,0,1,3,0,0,3,4,4,S001;S003;S010;S013;S014,S002;S004;S006;S007,S005;S008;S009;S011;S012;S015
3,"1,3|2,4,6,9|5,7,8",False,False,14,5,6,3.481666128756183,0.21372228053557293,0.2647878412835279,1.7036811831054843,,0,0,0,4,3,5,6,3,7,6,9,0,1,3,0,0,3,4,3,S001;S003;S013,S002;S004;S006;S007;S010;S014,S005;S008;S009;S011;S012;S015
3,"1,3|2,4,6|5,7,8,9",False,False,14,5,6,3.481666128756183,0.3334811606621617,0.30969629989612546,2.084304155444577,,0,0,0,4,3,5,6,3,7,6,9,0,1,3,0,0,3,4,3,S001;S003;S013,S002;S004;S006;S007,S005;S008;S009;S010;S011;S012;S014;S015
3,"1,3,7,8,9|2,4|5,6",False,False,10,5,5,2.9467017512487703,0.6156367166749287,0.49344401642873564,3.722192281321664,,0,0,0,4,3,4,6,3,7,5,7,0,1,2,0,0,3,3,1,S001;S003;S008;S009;S010;S012;S013;S014;S015,S002;S004,S005;S006;S007;S011
3,"1,3,7,8|2,4,9|5,6",False,False,10,5,6,3.3651283084109567,0.3668181579108188,0.31836944938845313,2.378081962248508,,0,0,0,4,3,4,6,3,7,5,7,0,1,2,0,0,3,3,1,S001;S003;S008;S009;S012;S013;S015,S002;S004;S010;S014,S005;S006;S007;S011
3,"1,3,7,8|2,4|5,6,9",False,False,13,5,8,4.812458232293563,0.4076430751659012,0.26125365043433885,2.9902365954301406,,0,0,0,4,3,4,6,3,7,6,9,0,1,2,0,0,3,4,3,S001;S003;S008;S009;S012;S013;S015,S002;S004,S005;S006;S007;S010;S011;S014
3,"1,3,7,9|2,4,8|5,6",False,False,10,5,5,2.9467017512487703,0.3636215281634511,0.34784579270646765,2.3692087147044325,,0,0,0,5,2,4,6,2,7,5,7,1,0,2,0,0,3,3,1,S001;S003;S008;S010;S013;S014;S015,S002;S004;S009;S012,S005;S006;S007;S011
3,"1,3,7|2,4,8,9|5,6",False,False,9,4,4,1.9177983845283493,0.2651696980428183,0.30732765738189743,1.9683781237705589,,1,0,0,5,2,4,6,2,7,5,6,1,0,2,0,0,3,3,0,S001;S003;S008;S013;S015,S002;S004;S009;S010;S012;S014,S005;S006;S007;S011
3,"1,3,7|2,4,8|5,6,9",False,False,12,5,6,3.3651283084109567,0.10324052032534317,0.09014609090612509,1.289143903550957,,0,0,0,5,2,4,6,2,7,6,8,1,0,2,0,0,3,4,2,S001;S003;S008;S013;S015,S002;S004;S009;S012,S005;S006;S007;S010;S011;S014
3,"1,3,7,9|2,4|5,6,8",False,False,13,6,6,4.125946343103587,0.40536388715164223,0.29084391109462554,2.9790792383887053,,0,0,0,5,3,4,6,3,7,6,8,1,1,2,0,0,3,4,2,S001;S003;S008;S010;S013;S014;S015,S002;S004,S005;S006;S007;S009;S011;S012
3,"1,3,7|2,4,9|5,6,8",False,False,12,6,5,3.097042976383167,0.10554882539463592,0.048425935486133366,1.297448641903604,,0,0,0,5,3,4,6,3,7,6,7,1,1,2,0,0,3,4,1,S001;S003;S008;S013;S015,S002;S004;S010;S014,S005;S006;S007;S009;S011;S012
3,"1,3,7|2,4|5,6,8,9",False,False,13,6,5,3.097042976383167,0.36610319553441695,0.26638863749199615,2.732484008406702,,0,0,0,5,3,4,6,3,7,6,8,1,1,2,0,0,3,4,2,S001;S003;S008;S013;S015,S002;S004,S005;S006;S007;S009;S010;S011;S012;S014
3,"1,3,8,9|2,4,7|5,6",False,False,9,5,7,4.03132150933496,0.33580731673336656,0.3215088591659419,2.287883547886253,,0,0,0,4,3,3,6,3,6,5,8,0,1,1,0,0,2,3,2,S001;S003;S009;S010;S012;S013;S014,S002;S004;S008;S015,S005;S006;S007;S011
3,"1,3,8|2,4,7,9|5,6",False,False,9,5,8,4.449748066497147,0.27564684044749677,0.3456799723143628,2.0497032905887385,,0,0,0,4,3,3,6,3,6,5,8,0,1,1,0,0,2,3,2,S001;S003;S009;S012;S013,S002;S004;S008;S010;S014;S015,S005;S006;S007;S011
3,"1,3,8|2,4,7|5,6,9",False,False,12,5,10,5.8970779903797546,0.061356988967857476,0.017150797163952736,1.162293242506109,,0,0,0,4,3,3,6,3,6,6,10,0,1,1,0,0,2,4,4,S001;S003;S009;S012;S013,S002;S004;S008;S015,S005;S006;S007;S010;S011;S014
3,"1,3,9|2,4,7,8|5,6",False,False,8,4,7,4.03132150933496,0.2771493416034545,0.31532548802700905,2.058576538132814,,1,0,0,4,2,3,6,2,6,5,8,0,0,1,0,0,2,3,2,S001;S003;S010;S013;S014,S002;S004;S008;S009;S012;S015,S005;S006;S007;S011
3,"1,3|2,4,7,8,9|5,6",False,False,7,4,6,3.0024181426145398,0.47177721775182035,0.5234721919588379,2.6406878722138805,,1,0,0,4,2,3,6,2,6,5,7,0,0,1,0,0,2,3,1,S001;S003;S013,S002;S004;S008;S009;S010;S012;S014;S015,S005;S006;S007;S011
3,"1,3|2,4,7,8|5,6,9",False,False,10,4,8,4.449748066497147,0.24307110720006309,0.278804009943538,1.846608698113312,,0,0,0,4,2,3,6,2,6,6,9,0,0,1,0,0,2,4,3,S001;S003;S013,S002;S004;S008;S009;S012;S015,S005;S006;S007;S010;S011;S014
3,"1,3,9|2,4,7|5,6,8",False,False,12,6,8,5.210566101189778,0.05911383456544141,0.06801870264604698,1.1562471153760652,,0,0,0,5,3,3,6,3,6,6,9,1,1,1,0,0,2,4,3,S001;S003;S010;S013;S014,S002;S004;S008;S015,S005;S006;S007;S009;S011;S012
3,"1,3|2,4,7,9|5,6,8",False,False,11,6,7,4.1816627344693575,0.24079607886083307,0.3247455769220074,1.838649112549268,,0,0,0,5,3,3,6,3,6,6,8,1,1,1,0,0,2,4,2,S001;S003;S013,S002;S004;S008;S010;S014;S015,S005;S006;S007;S009;S011;S012
3,"1,3|2,4,7|5,6,8,9",False,False,12,6,7,4.1816627344693575,0.2775606789910354,0.2721077422349588,1.9493362260007936,,0,0,0,5,3,3,6,3,6,6,9,1,1,1,0,0,2,4,3,S001;S003;S013,S002;S004;S008;S015,S005;S006;S007;S009;S010;S011;S012;S014
3,"1,3,8,9|2,4|5,6,7",False,False,13,5,6,3.5000316197097616,0.38637156611052853,0.28440898898461536,2.8768197310169534,,0,0,0,4,3,4,6,3,7,6,9,0,1,2,0,0,3,4,3,S001;S003;S009;S010;S012;S013;S014,S002;S004,S005;S006;S007;S008;S011;S015
3,"1,3,8|2,4,9|5,6,7",False,False,13,5,7,3.918458176871948,0.09307952226249652,0.060830787453502004,1.23840584525196,,0,0,0,4,3,4,6,3,7,6,9,0,1,2,0,0,3,4,3,S001;S003;S009;S012;S013,S002;S004;S010;S014,S005;S006;S007;S008;S011;S015
3,"1,3,8|2,4|5,6,7,9",False,False,13,5,9,5.365788100754555,0.37962472197336267,0.29536960389078676,2.8347435157784537,,0,0,0,4,3,4,6,3,7,6,9,0,1,2,0,0,3,4,3,S001;S003;S009;S012;S013,S002;S004,S005;S006;S007;S008;S010;S011;S014;S015
3,"1,3,9|2,4,8|5,6,7",False,False,13,5,6,3.5000316197097616,0.08894725010534858,0.09516631122367795,1.2240782069382163,,0,0,0,5,2,4,6,2,7,6,9,1,0,2,0,0,3,4,3,S001;S003;S010;S013;S014,S002;S004;S009;S012,S005;S006;S007;S008;S011;S015
3,"1,3|2,4,8,9|5,6,7",False,False,12,5,5,2.471128252989341,0.22324825336071835,0.27126651596077533,1.7656978485859762,,0,0,0,5,2,4,6,2,7,6,8,1,0,2,0,0,3,4,2,S001;S003;S013,S002;S004;S009;S010;S012;S014,S005;S006;S007;S008;S011;S015
3,"1,3|2,4,8|5,6,7,9",False,False,12,5,7,3.918458176871948,0.3066223005860007,0.33313106215006516,2.0222874899640852,,0,0,0,5,2,4,6,2,7,6,8,1,0,2,0,0,3,4,2,S001;S003;S013,S002;S004;S009;S012,S005;S006;S007;S008;S010;S011;S014;S015
3,"1,3,9|2,4|5,6,7,8",False,False,13,5,7,4.679276211564579,0.3813495193926868,0.2515522739683472,2.845900872819889,,0,0,0,4,3,4,6,3,7,6,9,0,1,2,0,0,3,4,3,S001;S003;S010;S013;S014,S002;S004,S005;S006;S007;S008;S009;S011;S012;S015
3,"1,3|2,4,9|5,6,7,8",False,False,12,5,6,3.650372844844158,0.30997087893484976,0.27115049295351945,2.0302470755281297,,0,0,0,4,3,4,6,3,7,6,8,0,1,2,0,0,3,4,2,S001;S003;S013,S002;S004;S010;S014,S005;S006;S007;S008;S009;S011;S012;S015
3,"1,3|2,4|5,6,7,8,9",False,False,12,5,6,3.650372844844158,0.5681608551608246,0.4699082668426285,3.5778565587114124,,0,0,0,4,3,4,6,3,7,6,8,0,1,2,0,0,3,4,2,S001;S003;S013,S002;S004,S005;S006;S007;S008;S009;S010;S011;S012;S014;S015
3,"1,3,5,6,7,8,9|2|4",False,False,8,5,3,2.147326529595781,1.0594604963364977,0.8951277378057642,10.136534814894274,,0,0,0,4,3,4,6,3,5,5,7,0,1,2,0,0,1,3,1,S001;S003;S005;S006;S007;S008;S009;S010;S011;S012;S013;S014;S015,S002,S004
3,"1,3,5,6,7,8|2,9|4",False,False,8,5,5,3.4918800404678056,0.8130638105981542,0.6221337676999381,8.34924927034737,,0,0,0,4,3,4,6,3,5,5,7,0,1,2,0,0,1,3,1,S001;S003;S005;S006;S007;S008;S009;S011;S012;S013;S015,S002;S010;S014,S004
3,"1,3,5,6,7,8|2|4,9",False,False,10,5,5,3.086956056930737,0.8143840450044694,0.6362429797956527,8.64655910852506,,0,0,0,4,3,4,6,3,5,6,8,0,1,2,0,0,1,4,2,S001;S003;S005;S006;S007;S008;S009;S011;S012;S013;S015,S002,S004;S010;S014
3,"1,3,5,6,7,9|2,8|4",False,False,9,6,5,3.3415388153334096,0.8095869889327295,0.6839175229579235,8.327318199280738,,0,0,0,5,3,4,6,3,5,5,7,1,1,2,0,0,1,3,1,S001;S003;S005;S006;S007;S008;S010;S011;S013;S014;S015,S002;S009;S012,S004
3,"1,3,5,6,7|2,8,9|4",False,False,9,6,4,2.3126354486129883,0.6136730957255438,0.48094500963352327,6.888574946259649,,0,0,0,5,3,4,6,3,5,5,7,1,1,2,0,0,1,3,1,S001;S003;S005;S006;S007;S008;S011;S013;S015,S002;S009;S010;S012;S014,S004
3,"1,3,5,6,7|2,8|4,9",False,False,11,6,5,2.8338384187857577,0.5361619173254707,0.34575695063794193,2.839139664584508,,0,0,0,5,3,4,6,3,5,6,8,1,1,2,0,0,1,4,2,S001;S003;S005;S006;S007;S008;S011;S013;S015,S002;S009;S012,S004;S010;S014
3,"1,3,5,6,7,9|2|4,8",False,False,8,5,5,2.9366148317963403,0.8109330780432809,0.7014017266758061,8.623847090216495,,0,0,0,5,2,4,6,2,5,5,7,1,0,2,0,0,1,3,1,S001;S003;S005;S006;S007;S008;S010;S011;S013;S014;S015,S002,S004;S009;S012
3,"1,3,5,6,7|2,9|4,8",False,False,8,5,5,2.8338384187857577,0.5361924592459882,0.35144015694203484,2.8650365405571026,,0,0,0,5,2,4,6,2,5,5,7,1,0,2,0,0,1,3,1,S001;S003;S005;S006;S007;S008;S011;S013;S015,S002;S010;S014,S004;S009;S012
3,"1,3,5,6,7|2|4,8,9",False,False,10,5,4,1.9077114650759193,0.6171909311440091,0.48396513125372737,7.133871383847281,,0,0,0,5,2,4,6,2,5,6,8,1,0,2,0,0,1,4,2,S001;S003;S005;S006;S007;S008;S011;S013;S015,S002,S004;S009;S010;S012;S014
3,"1,3,5,6,8,9|2,7|4",False,False,8,5,5,3.231946287681972,0.7782481809189984,0.643566589697913,8.126315352900537,,0,0,0,4,3,3,6,3,5,5,8,0,1,1,0,0,1,3,2,S001;S003;S005;S006;S007;S009;S010;S011;S012;S013;S014,S002;S008;S015,S004
3,"1,3,5,6,8|2,7,9|4",False,False,8,5,7,4.576499798553996,0.5932571790823664,0.49015626168830345,6.687572099879449,,0,0,0,4,3,3,6,3,5,5,8,0,1,1,0,0,1,3,2,S001;S003;S005;S006;S007;S009;S011;S012;S013,S002;S008;S010;S014;S015,S004
3,"1,3,5,6,8|2,7|4,9",False,False,10,5,7,4.1715758150169275,0.5002688046191821,0.35998754314714737,2.7422206464723,,0,0,0,4,3,3,6,3,5,6,9,0,1,1,0,0,1,4,3,S001;S003;S005;S006;S007;S009;S011;S012;S013,S002;S008;S015,S004;S010;S014
3,"1,3,5,6,9|2,7,8|4",False,False,8,5,7,4.4261585734196,0.5911665883735675,0.5164352172349655,6.665641028812815,,0,0,0,4,3,3,6,3,5,5,8,0,1,1,0,0,1,3,2,S001;S003;S005;S006;S007;S010;S011;S013;S014,S002;S008;S009;S012;S015,S004
3,"1,3,5,6|2,7,8,9|4",False,False,7,5,6,3.397255206699179,0.5275501337310757,0.4804739786676157,5.526709990074228,,0,0,0,4,3,3,6,3,5,5,7,0,1,1,0,0,1,3,1,S001;S003;S005;S006;S007;S011;S013,S002;S008;S009;S010;S012;S014;S015,S004
3,"1,3,5,6|2,7,8|4,9",False,False,9,5,7,3.918458176871948,0.29214766893014255,0.17551862234495946,2.1432751353865163,,0,0,0,4,3,3,6,3,5,6,8,0,1,1,0,0,1,4,2,S001;S003;S005;S006;S007;S011;S013,S002;S008;S009;S012;S015,S004;S010;S014
3,"1,3,5,6,9|2,7|4,8",False,False,8,5,7,4.02123458988253,0.4962284980206854,0.4352116890288103,2.708867631755396,,0,0,0,5,2,3,6,2,5,5,8,1,0,1,0,0,1,3,2,S001;S003;S005;S006;S007;S010;S011;S013;S014,S002;S008;S015,S004;S009;S012
3,"1,3,5,6|2,7,9|4,8",False,False,7,5,7,3.918458176871948,0.2894827303270444,0.2549930388263057,2.124172924724431,,0,0,0,5,2,3,6,2,5,5,7,1,0,1,0,0,1,3,1,S001;S003;S005;S006;S007;S011;S013,S002;S008;S010;S014;S015,S004;S009;S012
3,"1,3,5,6|2,7|4,8,9",False,False,9,5,6,2.9923312231621098,0.2709035381471357,0.16849547456907343,1.9894617553788538,,0,0,0,5,2,3,6,2,5,6,8,1,0,1,0,0,1,4,2,S001;S003;S005;S006;S007;S011;S013,S002;S008;S015,S004;S009;S010;S012;S014
3,"1,3,5,6,8,9|2|4,7",False,False,8,4,5,3.231946287681972,0.779840863419662,0.6429173096480957,8.415686699272046,,0,0,0,4,3,3,6,3,4,6,8,0,1,1,0,0,0,4,2,S001;S003;S005;S006;S007;S009;S010;S011;S012;S013;S014,S002,S004;S008;S015
3,"1,3,5,6,8|2,9|4,7",False,False,8,4,7,4.576499798553996,0.5006014436425936,0.3447977010428516,2.7814371743416055,,0,0,0,4,3,3,6,3,4,6,8,0,1,1,0,0,0,4,2,S001;S003;S005;S006;S007;S009;S011;S012;S013,S002;S010;S014,S004;S008;S015
3,"1,3,5,6,8|2|4,7,9",False,False,9,4,7,4.1715758150169275,0.5971467443950534,0.49073662982477345,6.925710992902831,,0,0,0,4,3,3,6,3,4,6,9,0,1,1,0,0,0,4,3,S001;S003;S005;S006;S007;S009;S011;S012;S013,S002,S004;S008;S010;S014;S015
3,"1,3,5,6,9|2,8|4,7",False,False,9,5,7,4.4261585734196,0.4965308640836669,0.4165605759693464,2.747257013594671,,0,0,0,5,3,3,6,3,4,6,8,1,1,1,0,0,0,4,2,S001;S003;S005;S006;S007;S010;S011;S013;S014,S002;S009;S012,S004;S008;S015
3,"1,3,5,6|2,8,9|4,7",False,False,8,5,6,3.397255206699179,0.26747016855528727,0.1716759243400455,1.9637609826562252,,0,0,0,5,3,3,6,3,4,6,7,1,1,1,0,0,0,4,1,S001;S003;S005;S006;S007;S011;S013,S002;S009;S010;S012;S014,S004;S008;S015
3,"1,3,5,6|2,8|4,7,9",False,False,9,5,7,3.918458176871948,0.29368186963252985,0.21937325825253928,2.1542761621598654,,0,0,0,5,3,3,6,3,4,6,8,1,1,1,0,0,0,4,2,S001;S003;S005;S006;S007;S011;S013,S002;S009;S012,S004;S008;S010;S014;S015
3,"1,3,5,6,9|2|4,7,8",False,False,7,3,7,4.02123458988253,0.5950973372316691,0.5210229991480502,6.902998974594264,,0,0,0,4,2,3,6,2,4,6,8,0,0,1,0,0,0,4,2,S001;S003;S005;S006;S007;S010;S011;S013;S014,S002,S004;S008;S009;S012;S015
3,"1,3,5,6|2,9|4,7,8",False,False,6,3,7,3.918458176871948,0.29641955633669964,0.1453388305013571,2.173926136861034,,1,0,0,4,2,3,6,2,4,6,7,0,0,1,0,0,0,4,1,S001;S003;S005;S006;S007;S011;S013,S002;S010;S014,S004;S008;S009;S012;S015
3,"1,3,5,6|2|4,7,8,9",False,False,7,3,6,2.9923312231621098,0.5339669107951412,0.47010410548006193,5.759120716853375,,1,0,0,4,2,3,6,2,4,6,8,0,0,1,0,0,0,4,2,S001;S003;S005;S006;S007;S011;S013,S002,S004;S008;S009;S010;S012;S014;S015
3,"1,3,5,7,8,9|2,6|4",False,False,12,5,4,2.6786164192209805,0.8369547188083829,0.6740130184039692,8.49819291216933,,0,0,0,4,4,5,6,4,6,5,8,0,2,3,0,0,2,3,2,S001;S003;S005;S008;S009;S010;S011;S012;S013;S014;S015,S002;S006;S007,S004
3,"1,3,5,7,8|2,6,9|4",False,False,12,5,6,4.023169930093005,0.6326940479984082,0.4960732753878308,7.0594496591482425,,0,0,0,4,4,5,6,4,6,5,8,0,2,3,0,0,2,3,2,S001;S003;S005;S008;S009;S011;S012;S013;S015,S002;S006;S007;S010;S014,S004
3,"1,3,5,7,8|2,6|4,9",False,False,14,5,6,3.618245946555936,0.5673219552520178,0.39247341492600196,3.1300005174559384,,0,0,0,4,4,5,6,4,6,6,9,0,2,3,0,0,2,4,3,S001;S003;S005;S008;S009;S011;S012;S013;S015,S002;S006;S007,S004;S010;S014
3,"1,3,5,7,9|2,6,8|4",False,False,12,6,6,3.8728287049586085,0.6301723416882721,0.5290579423249948,7.0375185880816105,,0,0,0,5,3,5,6,3,6,5,8,1,1,3,0,0,2,3,2,S001;S003;S005;S008;S010;S011;S013;S014;S015,S002;S006;S007;S009;S012,S004
3,"1,3,5,7|2,6,8,9|4",False,False,12,6,5,2.8439253382381877,0.5286521504990489,0.46690868039734035,5.598775335060522,,0,0,0,5,3,5,6,3,6,5,8,1,1,3,0,0,2,3,2,S001;S003;S005;S008;S011;S013;S015,S002;S006;S007;S009;S010;S012;S014,S004
3,"1,3,5,7|2,6,8|4,9",False,False,14,6,6,3.3651283084109567,0.33128818162580365,0.17109295954484,2.2957625113364517,,0,0,0,5,3,5,6,3,6,6,9,1,1,3,0,0,2,4,3,S001;S003;S005;S008;S011;S013;S015,S002;S006;S007;S009;S012,S004;S010;S014
3,"1,3,5,7,9|2,6|4,8",False,False,12,6,6,3.4679047214215393,0.5634481607686981,0.46609201220552376,3.1202767759319845,,0,0,0,5,3,5,6,3,6,5,8,1,1,3,0,0,2,3,2,S001;S003;S005;S008;S010;S011;S013;S014;S015,S002;S006;S007,S004;S009;S012
3,"1,3,5,7|2,6,9|4,8",False,False,12,6,6,3.3651283084109567,0.329478476370338,0.24304278088002512,2.275301237654126,,0,0,0,5,3,5,6,3,6,5,8,1,1,3,0,0,2,3,2,S001;S003;S005;S008;S011;S013;S015,S002;S006;S007;S010;S014,S004;S009;S012
3,"1,3,5,7|2,6|4,8,9",False,False,14,6,5,2.4390013547011185,0.34839946671942223,0.21231028756392542,2.482370516397075,,0,0,0,5,3,5,6,3,6,6,9,1,1,3,0,0,2,4,3,S001;S003;S005;S008;S011;S013;S015,S002;S006;S007,S004;S009;S010;S012;S014
3,"1,3,5,8,9|2,6,7|4",False,False,11,5,5,3.231946287681972,0.6081743626283795,0.5133767321717878,6.83651574170141,,0,0,0,4,4,4,6,4,6,5,8,0,2,2,0,0,2,3,2,S001;S003;S005;S009;S010;S011;S012;S013;S014,S002;S006;S007;S008;S015,S004
3,"1,3,5,8|2,6,7,9|4",False,False,11,5,7,4.576499798553996,0.5266424261466717,0.48231533776013363,5.397772488680321,,0,0,0,4,4,4,6,4,6,5,8,0,2,2,0,0,2,3,2,S001;S003;S005;S009;S011;S012;S013,S002;S006;S007;S008;S010;S014;S015,S004
3,"1,3,5,8|2,6,7|4,9",False,False,13,5,7,4.1715758150169275,0.30833564705512223,0.20441768849305156,2.213341843998387,,0,0,0,4,4,4,6,4,6,6,9,0,2,2,0,0,2,4,3,S001;S003;S005;S009;S011;S012;S013,S002;S006;S007;S008;S015,S004;S010;S014
3,"1,3,5,9|2,6,7,8|4",False,False,10,5,7,4.4261585734196,0.5266243338525332,0.47311650762143187,5.377766348252266,,0,0,0,4,3,4,6,3,6,5,8,0,1,2,0,0,2,3,2,S001;S003;S005;S010;S011;S013;S014,S002;S006;S007;S008;S009;S012;S015,S004
3,"1,3,5|2,6,7,8,9|4",False,False,9,5,6,3.397255206699179,0.6060996103168498,0.5796106268648736,6.816509601273355,,0,0,0,4,3,4,6,3,6,5,7,0,1,2,0,0,2,3,1,S001;S003;S005;S011;S013,S002;S006;S007;S008;S009;S010;S012;S014;S015,S004
3,"1,3,5|2,6,7,8|4,9",False,False,11,5,7,3.918458176871948,0.30627060644597864,0.26391364839962483,2.2051383808403564,,0,0,0,4,3,4,6,3,6,6,8,0,1,2,0,0,2,4,2,S001;S003;S005;S011;S013,S002;S006;S007;S008;S009;S012;S015,S004;S010;S014
3,"1,3,5,9|2,6,7|4,8",False,False,11,6,7,4.02123458988253,0.3037651416364439,0.2897642245947166,2.1847025284854578,,0,0,0,5,3,4,6,3,6,5,8,1,1,2,0,0,2,3,2,S001;S003;S005;S010;S011;S013;S014,S002;S006;S007;S008;S015,S004;S009;S012
3,"1,3,5|2,6,7,9|4,8",False,False,10,6,7,3.918458176871948,0.30170039843083346,0.35150297376181555,2.1765721797301536,,0,0,0,5,3,4,6,3,6,5,7,1,1,2,0,0,2,3,1,S001;S003;S005;S011;S013,S002;S006;S007;S008;S010;S014;S015,S004;S009;S012
3,"1,3,5|2,6,7|4,8,9",False,False,12,6,6,2.9923312231621098,0.003928882954482073,0.060872251721459346,1.0096631321828653,,1,0,0,5,3,4,6,3,6,6,8,1,1,2,0,0,2,4,2,S001;S003;S005;S011;S013,S002;S006;S007;S008;S015,S004;S009;S010;S012;S014
3,"1,3,5,8,9|2,6|4,7",False,False,12,5,6,3.7632361773071707,0.5284628779824532,0.4010303255547332,3.0311566541722303,,0,0,0,4,4,4,6,4,5,6,9,0,2,2,0,0,1,4,3,S001;S003;S005;S009;S010;S011;S012;S013;S014,S002;S006;S007,S004;S008;S015
3,"1,3,5,8|2,6,9|4,7",False,False,12,5,8,5.107789688179196,0.28795031994009307,0.20738460082569776,2.027959118622712,,0,0,0,4,4,4,6,4,5,6,9,0,2,2,0,0,1,4,3,S001;S003;S005;S009;S011;S012;S013,S002;S006;S007;S010;S014,S004;S008;S015
3,"1,3,5,8|2,6|4,7,9",False,False,13,5,8,4.702865704642127,0.3290921536637944,0.24822705666861986,2.393250394637321,,0,0,0,4,4,4,6,4,5,6,10,0,2,2,0,0,1,4,4,S001;S003;S005;S009;S011;S012;S013,S002;S006;S007,S004;S008;S010;S014;S015
3,"1,3,5,9|2,6,8|4,7",False,False,12,6,8,4.957448463044798,0.2851553430600976,0.23737653856140328,2.0197195502370477,,0,0,0,5,3,4,6,3,5,6,9,1,1,2,0,0,1,4,3,S001;S003;S005;S010;S011;S013;S014,S002;S006;S007;S009;S012,S004;S008;S015
3,"1,3,5|2,6,8,9|4,7",False,False,11,6,7,3.928545096324378,0.25981397573114257,0.26854419841456023,1.9366858190015648,,0,0,0,5,3,4,6,3,5,6,8,1,1,2,0,0,1,4,2,S001;S003;S005;S011;S013,S002;S006;S007;S009;S010;S012;S014,S004;S008;S015
3,"1,3,5|2,6,8|4,7,9",False,False,12,6,8,4.449748066497147,0.04019802674258091,0.11307476360097159,1.1034235798221117,,0,0,0,5,3,4,6,3,5,6,9,1,1,2,0,0,1,4,3,S001;S003;S005;S011;S013,S002;S006;S007;S009;S012,S004;S008;S010;S014;S015
3,"1,3,5,9|2,6|4,7,8",False,False,11,5,8,4.5525244795077295,0.32724119040462213,0.27081846380358143,2.383526653113367,,0,0,0,4,3,4,6,3,5,6,9,0,1,2,0,0,1,4,3,S001;S003;S005;S010;S011;S013;S014,S002;S006;S007,S004;S008;S009;S012;S015
3,"1,3,5|2,6,9|4,7,8",False,False,10,5,8,4.449748066497147,0.04475320688215437,0.10356618893353124,1.1159109533128193,,1,0,0,4,3,4,6,3,5,6,8,0,1,2,0,0,1,4,2,S001;S003;S005;S011;S013,S002;S006;S007;S010;S014,S004;S008;S009;S012;S015
3,"1,3,5|2,6|4,7,8,9",False,False,11,5,7,3.5236211127873087,0.3444746548824854,0.31086439986700615,2.4656637950495446,,0,0,0,4,3,4,6,3,5,6,9,0,1,2,0,0,1,4,3,S001;S003;S005;S011;S013,S002;S006;S007,S004;S008;S009;S010;S012;S014;S015
3,"1,3,5,7,8,9|2|4,6",False,False,12,5,3,1.9786198135078066,0.8381046368022365,0.7106460274072542,8.800806509836507,,0,0,0,4,3,5,6,3,6,6,8,0,1,3,0,0,2,4,2,S001;S003;S005;S008;S009;S010;S011;S012;S013;S014;S015,S002,S004;S006;S007
3,"1,3,5,7,8|2,9|4,6",False,False,12,5,5,3.323173324379831,0.5671258847480969,0.4177985169064265,3.082998889781161,,0,0,0,4,3,5,6,3,6,6,8,0,1,3,0,0,2,4,2,S001;S003;S005;S008;S009;S011;S012;S013;S015,S002;S010;S014,S004;S006;S007
3,"1,3,5,7,8|2|4,6,9",False,False,13,5,5,2.918249340842762,0.6359060873429755,0.5095262880677781,7.310830803467294,,0,0,0,4,3,5,6,3,6,6,9,0,1,3,0,0,2,4,3,S001;S003;S005;S008;S009;S011;S012;S013;S015,S002,S004;S006;S007;S010;S014
3,"1,3,5,7,9|2,8|4,6",False,False,13,6,5,3.1728320992454346,0.5632216671540895,0.4856406807812242,3.073421164743839,,0,0,0,5,3,5,6,3,6,6,8,1,1,3,0,0,2,4,2,S001;S003;S005;S008;S010;S011;S013;S014;S015,S002;S009;S012,S004;S006;S007
3,"1,3,5,7|2,8,9|4,6",False,False,13,6,4,2.143928732525014,0.3449324459008325,0.2672610997010237,2.445094019440655,,0,0,0,5,3,5,6,3,6,6,8,1,1,3,0,0,2,4,2,S001;S003;S005;S008;S011;S013;S015,S002;S009;S010;S012;S014,S004;S006;S007
3,"1,3,5,7|2,8|4,6,9",False,False,14,6,5,2.6651317026977828,0.3323394281799454,0.20370398384818564,2.307546227031874,,0,0,0,5,3,5,6,3,6,6,9,1,1,3,0,0,2,4,3,S001;S003;S005;S008;S011;S013;S015,S002;S009;S012,S004;S006;S007;S010;S014
3,"1,3,5,7,9|2|4,6,8",False,False,12,5,5,2.7679081157083654,0.6334230225830572,0.5545239832943278,7.288118785158729,,0,0,0,5,2,5,6,2,6,6,8,1,0,3,0,0,2,4,2,S001;S003;S005;S008;S010;S011;S013;S014;S015,S002,S004;S006;S007;S009;S012
3,"1,3,5,7|2,9|4,6,8",False,False,12,5,5,2.6651317026977828,0.3342316441345087,0.15881564344466395,2.3285942364651184,,0,0,0,5,2,5,6,2,6,6,8,1,0,3,0,0,2,4,2,S001;S003;S005;S008;S011;S013;S015,S002;S010;S014,S004;S006;S007;S009;S012
3,"1,3,5,7|2|4,6,8,9",False,False,13,5,4,1.7390047489879445,0.5345364853684874,0.44440707077483266,5.798143078789514,,0,0,0,5,2,5,6,2,6,6,9,1,0,3,0,0,2,4,3,S001;S003;S005;S008;S011;S013;S015,S002,S004;S006;S007;S009;S010;S012;S014
3,"1,3,5,8,9|2,7|4,6",False,False,12,5,5,3.063239571593997,0.5279371677992495,0.4399472277978955,2.9856393145779467,,0,0,0,4,3,4,6,3,6,6,9,0,1,2,0,0,2,4,3,S001;S003;S005;S009;S010;S011;S012;S013;S014,S002;S008;S015,S004;S006;S007
3,"1,3,5,8|2,7,9|4,6",False,False,12,5,7,4.407793082466021,0.32495795526193816,0.30329958573731036,2.3573121692747625,,0,0,0,4,3,4,6,3,6,6,9,0,1,2,0,0,2,4,3,S001;S003;S005;S009;S011;S012;S013,S002;S008;S010;S014;S015,S004;S006;S007
3,"1,3,5,8|2,7|4,6,9",False,False,13,5,7,4.002869098928953,0.2907036964770968,0.20644461208040757,2.054500086112557,,0,0,0,4,3,4,6,3,6,6,10,0,1,2,0,0,2,4,4,S001;S003;S005;S009;S011;S012;S013,S002;S008;S015,S004;S006;S007;S010;S014
3,"1,3,5,9|2,7,8|4,6",False,False,12,5,7,4.257451857331625,0.32303261757946927,0.3173310330695049,2.34773444423744,,0,0,0,4,3,4,6,3,6,6,9,0,1,2,0,0,2,4,3,S001;S003;S005;S010;S011;S013;S014,S002;S008;S009;S012;S015,S004;S006;S007
3,"1,3,5|2,7,8,9|4,6",False,False,11,5,6,3.228548490611204,0.337309131992845,0.37103948639705,2.4136216824580514,,0,0,0,4,3,4,6,3,6,6,8,0,1,2,0,0,2,4,2,S001;S003;S005;S011;S013,S002;S008;S009;S010;S012;S014;S015,S004;S006;S007
3,"1,3,5|2,7,8|4,6,9",False,False,12,5,7,3.749751460783973,0.037612996457299125,0.09055573770780846,1.0963979457717978,,0,0,0,4,3,4,6,3,6,6,9,0,1,2,0,0,2,4,3,S001;S003;S005;S011;S013,S002;S008;S009;S012;S015,S004;S006;S007;S010;S014
3,"1,3,5,9|2,7|4,6,8",False,False,12,5,7,3.852527873794556,0.28799231557405125,0.25878110705793694,2.0461526821622376,,0,0,0,5,2,4,6,2,6,6,9,1,0,2,0,0,2,4,3,S001;S003;S005;S010;S011;S013;S014,S002;S008;S015,S004;S006;S007;S009;S012
3,"1,3,5|2,7,9|4,6,8",False,False,11,5,7,3.749751460783973,0.033064676839927094,0.15624880142661704,1.0841391611152535,,1,0,0,5,2,4,6,2,6,6,8,1,0,2,0,0,2,4,2,S001;S003;S005;S011;S013,S002;S008;S010;S014;S015,S004;S006;S007;S009;S012
3,"1,3,5|2,7|4,6,8,9",False,False,12,5,6,2.823624507074135,0.2669792478689215,0.21415099965256681,1.975119770718966,,0,0,0,5,2,4,6,2,6,6,9,1,0,2,0,0,2,4,3,S001;S003;S005;S011;S013,S002;S008;S015,S004;S006;S007;S009;S010;S012;S014
3,"1,3,5,8,9|2|4,6,7",False,False,10,5,4,2.531949681968798,0.6117873629028464,0.5272845078325211,7.079958394214277,,0,0,0,4,3,4,6,3,5,6,8,0,1,2,0,0,1,4,2,S001;S003;S005;S009;S010;S011;S012;S013;S014,S002,S004;S006;S007;S008;S015
3,"1,3,5,8|2,9|4,6,7",False,False,10,5,6,3.8765031928408225,0.3119775322689663,0.19405158751267396,2.244994870249621,,0,0,0,4,3,4,6,3,5,6,8,0,1,2,0,0,1,4,2,S001;S003;S005;S009;S011;S012;S013,S002;S010;S014,S004;S006;S007;S008;S015
3,"1,3,5,8|2|4,6,7,9",False,False,11,5,6,3.471579209303753,0.532830723326167,0.4628532548725384,5.589982687845063,,0,0,0,4,3,4,6,3,5,6,9,0,1,2,0,0,1,4,3,S001;S003;S005;S009;S011;S012;S013,S002,S004;S006;S007;S008;S010;S014;S015
3,"1,3,5,9|2,8|4,6,7",False,False,11,6,6,3.726161967706426,0.307407903130362,0.27780950934393084,2.215663576042037,,0,0,0,5,3,4,6,3,5,6,8,1,1,2,0,0,1,4,2,S001;S003;S005;S010;S011;S013;S014,S002;S009;S012,S004;S006;S007;S008;S015
3,"1,3,5|2,8,9|4,6,7",False,False,10,6,5,2.697258600986005,0.009653035865300025,0.07054189054088918,1.0223656476142282,,1,0,0,5,3,4,6,3,5,6,7,1,1,2,0,0,1,4,1,S001;S003;S005;S011;S013,S002;S009;S010;S012;S014,S004;S006;S007;S008;S015
3,"1,3,5|2,8|4,6,7,9",False,False,11,6,6,3.218461571158774,0.30886582960951053,0.28109392912831555,2.2215897512490157,,0,0,0,5,3,4,6,3,5,6,8,1,1,2,0,0,1,4,2,S001;S003;S005;S011;S013,S002;S009;S012,S004;S006;S007;S008;S010;S014;S015
3,"1,3,5,9|2|4,6,7,8",False,False,9,4,6,3.3212379841693567,0.5328435750484319,0.463212207811628,5.604873315541927,,0,0,0,4,2,4,6,2,5,6,8,0,0,2,0,0,1,4,2,S001;S003;S005;S010;S011;S013;S014,S002,S004;S006;S007;S008;S009;S012;S015
3,"1,3,5|2,9|4,6,7,8",False,False,8,4,6,3.218461571158774,0.3134360511876493,0.1909546114774723,2.250975100361415,,1,0,0,4,2,4,6,2,5,6,7,0,0,2,0,0,1,4,1,S001;S003;S005;S011;S013,S002;S010;S014,S004;S006;S007;S008;S009;S012;S015
3,"1,3,5|2|4,6,7,8,9",False,False,9,4,5,2.292334617448936,0.6132653885101108,0.543039718927198,7.094849021911141,,0,0,0,4,2,4,6,2,5,6,8,0,0,2,0,0,1,4,2,S001;S003;S005;S011;S013,S002,S004;S006;S007;S008;S009;S010;S012;S014;S015
3,"1,3,6,7,8,9|2,5|4",False,False,9,5,4,2.4154118616235714,0.854566402242625,0.7287738545149979,8.606197494871523,,0,0,0,4,3,4,6,3,6,5,7,0,1,2,0,0,2,3,1,S001;S003;S006;S007;S008;S009;S010;S012;S013;S014;S015,S002;S005;S011,S004
3,"1,3,6,7,8|2,5,9|4",False,False,9,5,6,3.7599653724955955,0.6454412837885697,0.5194071440870344,7.167454241850434,,0,0,0,4,3,4,6,3,6,5,7,0,1,2,0,0,2,3,1,S001;S003;S006;S007;S008;S009;S012;S013;S015,S002;S005;S010;S011;S014,S004
3,"1,3,6,7,8|2,5|4,9",False,False,11,5,6,3.3550413889585267,0.5872783108434426,0.45442461059266986,3.337720014970075,,0,0,0,4,3,4,6,3,6,6,8,0,1,2,0,0,2,4,2,S001;S003;S006;S007;S008;S009;S012;S013;S015,S002;S005;S011,S004;S010;S014
3,"1,3,6,7,9|2,5,8|4",False,False,11,6,4,3.0734534833056197,0.6428095535864432,0.5614001091520395,7.1455231707838,,0,0,0,5,4,4,6,4,6,5,7,1,2,2,0,0,2,3,1,S001;S003;S006;S007;S008;S010;S013;S014;S015,S002;S005;S009;S011;S012,S004
3,"1,3,6,7|2,5,8,9|4",False,False,10,5,3,2.0445501165851985,0.5310952797004802,0.44845065079469043,5.706779917762712,,0,0,0,5,4,4,6,4,6,5,6,1,2,2,0,0,2,3,0,S001;S003;S006;S007;S008;S013;S015,S002;S005;S009;S010;S011;S012;S014,S004
3,"1,3,6,7|2,5,8|4,9",False,False,12,6,4,2.565753086757968,0.3450940164765591,0.18869328068942548,2.3400494950393878,,0,0,0,5,4,4,6,4,6,6,7,1,2,2,0,0,2,4,1,S001;S003;S006;S007;S008;S013;S015,S002;S005;S009;S011;S012,S004;S010;S014
3,"1,3,6,7,9|2,5|4,8",False,False,10,6,5,2.9366148317963403,0.5834488564590147,0.5130626949403991,3.327507215225722,,0,0,0,5,3,4,6,3,6,5,7,1,1,2,0,0,2,3,1,S001;S003;S006;S007;S008;S010;S013;S014;S015,S002;S005;S011,S004;S009;S012
3,"1,3,6,7|2,5,9|4,8",False,False,9,5,5,2.8338384187857577,0.3435068595541622,0.23905486074448717,2.319193508014704,,0,0,0,5,3,4,6,3,6,5,6,1,1,2,0,0,2,3,0,S001;S003;S006;S007;S008;S013;S015,S002;S005;S010;S011;S014,S004;S009;S012
3,"1,3,6,7|2,5|4,8,9",False,False,11,6,4,1.9077114650759193,0.3709070039915008,0.2729502068335657,2.6575172871460597,,0,0,0,5,3,4,6,3,6,6,7,1,1,2,0,0,2,4,1,S001;S003;S006;S007;S008;S013;S015,S002;S005;S011,S004;S009;S010;S012;S014
3,"1,3,6,8,9|2,5,7|4",False,False,10,5,6,3.5000316197097616,0.6197396639520946,0.5319801570577234,6.944520324403601,,0,0,0,4,3,4,6,3,6,5,8,0,1,2,0,0,2,3,2,S001;S003;S006;S007;S009;S010;S012;S013;S014,S002;S005;S008;S011;S015,S004
3,"1,3,6,8|2,5,7,9|4",False,False,10,5,8,4.844585130581786,0.5273097748709124,0.4800284250323895,5.5057770713825125,,0,0,0,4,3,4,6,3,6,5,8,0,1,2,0,0,2,3,2,S001;S003;S006;S007;S009;S012;S013,S002;S005;S008;S010;S011;S014;S015,S004
3,"1,3,6,8|2,5,7|4,9",False,False,12,5,8,4.439661147044717,0.32019235770360044,0.22823509370176578,2.2576288277013234,,0,0,0,4,3,4,6,3,6,6,9,0,1,2,0,0,2,4,3,S001;S003;S006;S007;S009;S012;S013,S002;S005;S008;S011;S015,S004;S010;S014
3,"1,3,6,9|2,5,7,8|4",False,False,11,5,6,4.15807324139181,0.5270965681632552,0.47107068649782924,5.4838460003158795,,0,0,0,4,4,4,6,4,6,5,8,0,2,2,0,0,2,3,2,S001;S003;S006;S007;S010;S013;S014,S002;S005;S008;S009;S011;S012;S015,S004
3,"1,3,6|2,5,7,8,9|4",False,False,10,5,5,3.129169874671389,0.5952785051804191,0.5578357125992783,6.708505018571165,,0,0,0,4,4,4,6,4,6,5,7,0,2,2,0,0,2,3,1,S001;S003;S006;S007;S013,S002;S005;S008;S009;S010;S011;S012;S014;S015,S004
3,"1,3,6|2,5,7,8|4,9",False,False,12,5,6,3.650372844844158,0.2958891118417752,0.23440967283331487,2.1608513971374204,,0,0,0,4,4,4,6,4,6,6,8,0,2,2,0,0,2,4,2,S001;S003;S006;S007;S013,S002;S005;S008;S009;S011;S012;S015,S004;S010;S014
3,"1,3,6,9|2,5,7|4,8",False,False,11,6,7,4.02123458988253,0.3156305763291113,0.2997938265373037,2.2285947988460357,,0,0,0,5,3,4,6,3,6,5,8,1,1,2,0,0,2,3,2,S001;S003;S006;S007;S010;S013;S014,S002;S005;S008;S011;S015,S004;S009;S012
3,"1,3,6|2,5,7,9|4,8",False,False,10,6,7,3.918458176871948,0.2913326068147918,0.3378656167998392,2.1326799093695756,,0,0,0,5,3,4,6,3,6,5,7,1,1,2,0,0,2,3,1,S001;S003;S006;S007;S013,S002;S005;S008;S010;S011;S014;S015,S004;S009;S012
3,"1,3,6|2,5,7|4,8,9",False,False,12,6,6,2.9923312231621098,0.024817625421830407,0.041827891409482114,1.0619611152170945,,0,0,0,5,3,4,6,3,6,6,8,1,1,2,0,0,2,4,2,S001;S003;S006;S007;S013,S002;S005;S008;S011;S015,S004;S009;S010;S012;S014
3,"1,3,6,8,9|2,5|4,7",False,False,9,5,6,3.5000316197097616,0.5488796575909414,0.4624923004236197,3.2339047727417722,,0,0,0,4,3,3,6,3,5,6,8,0,1,1,0,0,1,4,2,S001;S003;S006;S007;S009;S010;S012;S013;S014,S002;S005;S011,S004;S008;S015
3,"1,3,6,8|2,5,9|4,7",False,False,9,5,8,4.844585130581786,0.30234650618949477,0.2257335177471906,2.068536760382026,,0,0,0,4,3,3,6,3,5,6,8,0,1,1,0,0,1,4,2,S001;S003;S006;S007;S009;S012;S013,S002;S005;S010;S011;S014,S004;S008;S015
3,"1,3,6,8|2,5|4,7,9",False,False,10,5,8,4.439661147044717,0.3514947932538924,0.31230156738862946,2.5639148446621096,,0,0,0,4,3,3,6,3,5,6,9,0,1,1,0,0,1,4,3,S001;S003;S006;S007;S009;S012;S013,S002;S005;S011,S004;S008;S010;S014;S015
3,"1,3,6,9|2,5,8|4,7",False,False,11,6,6,4.15807324139181,0.299342349550162,0.26808354798815864,2.0602971919963613,,0,0,0,5,4,3,6,4,5,6,8,1,2,1,0,0,1,4,2,S001;S003;S006;S007;S010;S013;S014,S002;S005;S009;S011;S012,S004;S008;S015
3,"1,3,6|2,5,8,9|4,7",False,False,10,6,5,3.129169874671389,0.24959513713903256,0.21252980323054163,1.896108177242251,,0,0,0,5,4,3,6,4,5,6,7,1,2,1,0,0,1,4,1,S001;S003;S006;S007;S013,S002;S005;S009;S010;S011;S012;S014,S004;S008;S015
3,"1,3,6|2,5,8|4,7,9",False,False,11,6,6,3.650372844844158,0.05620705367084125,0.1272937874647995,1.1364535158288454,,0,0,0,5,4,3,6,4,5,6,8,1,2,1,0,0,1,4,2,S001;S003;S006;S007;S013,S002;S005;S009;S011;S012,S004;S008;S010;S014;S015
3,"1,3,6,9|2,5|4,7,8",False,False,9,5,7,4.02123458988253,0.3496153107810137,0.3265292207928424,2.553702044917757,,0,0,0,4,3,3,6,3,5,6,8,0,1,1,0,0,1,4,2,S001;S003;S006;S007;S010;S013;S014,S002;S005;S011,S004;S008;S009;S012;S015
3,"1,3,6|2,5,9|4,7,8",False,False,8,5,7,3.918458176871948,0.060407584797340735,0.06683136109453257,1.14951896703511,,1,0,0,4,3,3,6,3,5,6,7,0,1,1,0,0,1,4,1,S001;S003;S006;S007;S013,S002;S005;S010;S011;S014,S004;S008;S009;S012;S015
3,"1,3,6|2,5|4,7,8,9",False,False,9,5,6,2.9923312231621098,0.35645187004888645,0.35123324063920836,2.5896750251648335,,0,0,0,4,3,3,6,3,5,6,8,0,1,1,0,0,1,4,2,S001;S003;S006;S007;S013,S002;S005;S011,S004;S008;S009;S010;S012;S014;S015
3,"1,3,7,8,9|2,5,6|4",False,False,12,5,5,2.9467017512487703,0.6638712604525938,0.5494069232727846,7.316397883672395,,0,0,0,4,3,5,6,3,7,5,8,0,1,3,0,0,3,3,2,S001;S003;S008;S009;S010;S012;S013;S014;S015,S002;S005;S006;S007;S011,S004
3,"1,3,7,8|2,5,6,9|4",False,False,12,5,7,4.291255262120795,0.5368687974373519,0.47242622754002384,5.877654630651307,,0,0,0,4,3,5,6,3,7,5,8,0,1,3,0,0,3,3,2,S001;S003;S008;S009;S012;S013;S015,S002;S005;S006;S007;S010;S011;S014,S004
3,"1,3,7,8|2,5,6|4,9",False,False,14,5,7,3.8863312785837256,0.3686913331165091,0.24370247267033832,2.4101162036512584,,0,0,0,4,3,5,6,3,7,6,9,0,1,3,0,0,3,4,3,S001;S003;S008;S009;S012;S013;S015,S002;S005;S006;S007;S011,S004;S010;S014
3,"1,3,7,9|2,5,6,8|4",False,False,13,6,5,3.6047433729308187,0.535998942477212,0.46942760657831134,5.855723559584674,,0,0,0,5,3,5,6,3,7,5,8,1,1,3,0,0,3,3,2,S001;S003;S008;S010;S013;S014;S015,S002;S005;S006;S007;S009;S011;S012,S004
3,"1,3,7|2,5,6,8,9|4",False,False,12,6,4,2.575840006210398,0.5633340753984252,0.5364620714390244,6.3366274593023695,,0,0,0,5,3,5,6,3,7,5,7,1,1,3,0,0,3,3,1,S001;S003;S008;S013;S015,S002;S005;S006;S007;S009;S010;S011;S012;S014,S004
3,"1,3,7|2,5,6,8|4,9",False,False,14,6,5,3.097042976383167,0.27161884043214096,0.2029232511626326,2.008364021187485,,0,0,0,5,3,5,6,3,7,6,8,1,1,3,0,0,3,4,2,S001;S003;S008;S013;S015,S002;S005;S006;S007;S009;S011;S012,S004;S010;S014
3,"1,3,7,9|2,5,6|4,8",False,False,12,5,6,3.4679047214215393,0.3642507343673879,0.3140988552168145,2.3797231117757307,,0,0,0,5,2,5,6,2,7,5,8,1,0,3,0,0,3,3,2,S001;S003;S008;S010;S013;S014;S015,S002;S005;S006;S007;S011,S004;S009;S012
3,"1,3,7|2,5,6,9|4,8",False,False,11,5,6,3.3651283084109567,0.26731130199599173,0.30992652892390515,1.9815515964398809,,0,0,0,5,2,5,6,2,7,5,7,1,0,3,0,0,3,3,1,S001;S003;S008;S013;S015,S002;S005;S006;S007;S010;S011;S014,S004;S009;S012
3,"1,3,7|2,5,6|4,8,9",False,False,13,5,5,2.4390013547011185,0.1021479569491754,0.03848866101812404,1.2850481809230558,,0,0,0,5,2,5,6,2,7,6,8,1,0,3,0,0,3,4,2,S001;S003;S008;S013;S015,S002;S005;S006;S007;S011,S004;S009;S010;S012;S014
3,"1,3,8,9|2,5,6,7|4",False,False,11,5,6,3.5000316197097616,0.5297997092346609,0.4658874750129589,5.6547207132044734,,0,0,0,4,3,4,6,3,7,5,8,0,1,2,0,0,3,3,2,S001;S003;S009;S010;S012;S013;S014,S002;S005;S006;S007;S008;S011;S015,S004
3,"1,3,8|2,5,6,7,9|4",False,False,11,5,8,4.844585130581786,0.5795329323983828,0.5433541448524845,6.53763030568257,,0,0,0,4,3,4,6,3,7,5,8,0,1,2,0,0,3,3,2,S001;S003;S009;S012;S013,S002;S005;S006;S007;S008;S010;S011;S014;S015,S004
3,"1,3,8|2,5,6,7|4,9",False,False,13,5,8,4.439661147044717,0.2823646523142665,0.20228597844081872,2.090784688525549,,0,0,0,4,3,4,6,3,7,6,9,0,1,2,0,0,3,4,3,S001;S003;S009;S012;S013,S002;S005;S006;S007;S008;S011;S015,S004;S010;S014
3,"1,3,9|2,5,6,7,8|4",False,False,11,5,6,4.15807324139181,0.5814556754739205,0.5047415343056545,6.559561376749203,,0,0,0,4,3,4,6,3,7,5,8,0,1,2,0,0,3,3,2,S001;S003;S010;S013;S014,S002;S005;S006;S007;S008;S009;S011;S012;S015,S004
3,"1,3|2,5,6,7,8,9|4",False,False,10,5,5,3.129169874671389,0.7588206305388423,0.7089749574735231,7.998304629770291,,0,0,0,4,3,4,6,3,7,5,7,0,1,2,0,0,3,3,1,S001;S003;S013,S002;S005;S006;S007;S008;S009;S010;S011;S012;S014;S015,S004
3,"1,3|2,5,6,7,8|4,9",False,False,12,5,6,3.650372844844158,0.47791887072280004,0.41788855711860806,2.6897301996113323,,0,0,0,4,3,4,6,3,7,6,8,0,1,2,0,0,3,4,2,S001;S003;S013,S002;S005;S006;S007;S008;S009;S011;S012;S015,S004;S010;S014
3,"1,3,9|2,5,6,7|4,8",False,False,11,5,7,4.02123458988253,0.2793883610932299,0.261640378313423,2.0721503056085493,,0,0,0,5,2,4,6,2,7,5,8,1,0,2,0,0,3,3,2,S001;S003;S010;S013;S014,S002;S005;S006;S007;S008;S011;S015,S004;S009;S012
3,"1,3|2,5,6,7,9|4,8",False,False,10,5,7,3.918458176871948,0.4738166561278699,0.5072732784816122,2.6568450126395144,,0,0,0,5,2,4,6,2,7,5,7,1,0,2,0,0,3,3,1,S001;S003;S013,S002;S005;S006;S007;S008;S010;S011;S014;S015,S004;S009;S012
3,"1,3|2,5,6,7|4,8,9",False,False,12,5,6,2.9923312231621098,0.24422792683717057,0.2615312983954853,1.8505720789352917,,0,0,0,5,2,4,6,2,7,6,8,1,0,2,0,0,3,4,2,S001;S003;S013,S002;S005;S006;S007;S008;S011;S015,S004;S009;S010;S012;S014
3,"1,3,8,9|2,5,6|4,7",False,False,12,5,7,4.03132150933496,0.3237202128976394,0.25322768481343744,2.1244953279628485,,0,0,0,4,3,4,6,3,6,6,9,0,1,2,0,0,2,4,3,S001;S003;S009;S010;S012;S013;S014,S002;S005;S006;S007;S011,S004;S008;S015
3,"1,3,8|2,5,6,9|4,7",False,False,12,5,9,5.375875020206985,0.236921184693387,0.2413383038247082,1.8319100412757638,,0,0,0,4,3,4,6,3,6,6,9,0,1,2,0,0,2,4,3,S001;S003;S009;S012;S013,S002;S005;S006;S007;S010;S011;S014,S004;S008;S015
3,"1,3,8|2,5,6|4,7,9",False,False,13,5,9,4.970951036669916,0.08758228999649643,0.09821943034460287,1.2265696901502072,,0,0,0,4,3,4,6,3,6,6,10,0,1,2,0,0,2,4,4,S001;S003;S009;S012;S013,S002;S005;S006;S007;S011,S004;S008;S010;S014;S015
3,"1,3,9|2,5,6,8|4,7",False,False,13,6,7,4.689363131017009,0.23828799696424285,0.1976743000389764,1.8401496096614283,,0,0,0,5,3,4,6,3,6,6,9,1,1,2,0,0,2,4,3,S001;S003;S010;S013;S014,S002;S005;S006;S007;S009;S011;S012,S004;S008;S015
3,"1,3|2,5,6,8,9|4,7",False,False,12,6,6,3.660459764296588,0.4366524933819249,0.4219129076462961,2.380689713091086,,0,0,0,5,3,4,6,3,6,6,8,1,1,2,0,0,2,4,2,S001;S003;S013,S002;S005;S006;S007;S009;S010;S011;S012;S014,S004;S008;S015
3,"1,3|2,5,6,8|4,7,9",False,False,13,6,7,4.1816627344693575,0.22567837791969886,0.25941659218590657,1.7776208149719999,,0,0,0,5,3,4,6,3,6,6,9,1,1,2,0,0,2,4,3,S001;S003;S013,S002;S005;S006;S007;S009;S011;S012,S004;S008;S010;S014;S015
3,"1,3,9|2,5,6|4,7,8",False,False,11,4,8,4.5525244795077295,0.08707168325400959,0.08143148620261595,1.2201892037038466,,0,0,0,4,2,4,6,2,6,6,9,0,0,2,0,0,2,4,3,S001;S003;S010;S013;S014,S002;S005;S006;S007;S011,S004;S008;S009;S012;S015
3,"1,3|2,5,6,9|4,7,8",False,False,10,4,8,4.449748066497147,0.2240357762131075,0.2937034887559611,1.7696612294079557,,0,0,0,4,2,4,6,2,6,6,8,0,0,2,0,0,2,4,2,S001;S003;S013,S002;S005;S006;S007;S010;S011;S014,S004;S008;S009;S012;S015
3,"1,3|2,5,6|4,7,8,9",False,False,11,4,7,3.5236211127873087,0.304966749447575,0.31942788232145714,2.018324109142106,,0,0,0,4,2,4,6,2,6,6,9,0,0,2,0,0,2,4,3,S001;S003;S013,S002;S005;S006;S007;S011,S004;S008;S009;S010;S012;S014;S015
3,"1,3,7,8,9|2,5|4,6",False,False,13,5,4,2.2467051455355964,0.6135543195685446,0.5297931984653149,3.4070796728956134,,0,0,0,4,3,5,6,3,7,6,8,0,1,3,0,0,3,4,2,S001;S003;S008;S009;S010;S012;S013;S014;S015,S002;S005;S011,S004;S006;S007
3,"1,3,7,8|2,5,9|4,6",False,False,13,5,6,3.591258656407621,0.3786235441081849,0.31315712923650063,2.5668860287618287,,0,0,0,4,3,5,6,3,7,6,8,0,1,3,0,0,3,4,2,S001;S003;S008;S009;S012;S013;S015,S002;S005;S010;S011;S014,S004;S006;S007
3,"1,3,7,8|2,5|4,6,9",False,False,14,5,6,3.1863346728705517,0.39019651694578567,0.3168800015432976,2.7370897448159512,,0,0,0,4,3,5,6,3,7,6,9,0,1,3,0,0,3,4,3,S001;S003;S008;S009;S012;S013;S015,S002;S005;S011,S004;S006;S007;S010;S014
3,"1,3,7,9|2,5,8|4,6",False,False,14,6,4,2.904746767217645,0.3757579063335274,0.34792833196242545,2.557308303724507,,0,0,0,5,3,5,6,3,7,6,8,1,1,3,0,0,3,4,2,S001;S003;S008;S010;S013;S014;S015,S002;S005;S009;S011;S012,S004;S006;S007
3,"1,3,7|2,5,8,9|4,6",False,False,13,6,3,1.8758434004972238,0.3010784751943834,0.2945834471632656,2.204047822970985,,1,0,0,5,3,5,6,3,7,6,7,1,1,3,0,0,3,4,1,S001;S003;S008;S013;S015,S002;S005;S009;S010;S011;S012;S014,S004;S006;S007
3,"1,3,7|2,5,8|4,6,9",False,False,14,6,4,2.397046370669993,0.09095109910417341,0.04914168891832897,1.2241897855122248,,1,0,0,5,3,5,6,3,7,6,8,1,1,3,0,0,3,4,2,S001;S003;S008;S013;S015,S002;S005;S009;S011;S012,S004;S006;S007;S010;S014
3,"1,3,7,9|2,5|4,6,8",False,False,13,5,5,2.7679081157083654,0.38759149224966666,0.34979971865224396,2.726876945071598,,0,0,0,5,2,5,6,2,7,6,8,1,0,3,0,0,3,4,2,S001;S003;S008;S010;S013;S014;S015,S002;S005;S011,S004;S006;S007;S009;S012
3,"1,3,7|2,5,9|4,6,8",False,False,12,5,5,2.6651317026977828,0.09169367173826355,0.07123289183856112,1.23167630080091,,0,0,0,5,2,5,6,2,7,6,7,1,0,3,0,0,3,4,1,S001;S003;S008;S013;S015,S002;S005;S010;S011;S014,S004;S006;S007;S009;S012
3,"1,3,7|2,5|4,6,8,9",False,False,13,5,4,1.7390047489879445,0.329513190329496,0.29417999349153034,2.416500125010992,,0,0,0,5,2,5,6,2,7,6,8,1,0,3,0,0,3,4,2,S001;S003;S008;S013;S015,S002;S005;S011,S004;S006;S007;S009;S010;S012;S014
3,"1,3,8,9|2,5,7|4,6",False,False,14,5,6,3.3313249036217867,0.35117944330940437,0.3224592648351137,2.4695264535586143,,0,0,0,4,3,5,6,3,7,6,9,0,1,3,0,0,3,4,3,S001;S003;S009;S010;S012;S013;S014,S002;S005;S008;S011;S015,S004;S006;S007
3,"1,3,8|2,5,7,9|4,6",False,False,14,5,8,4.675878414493811,0.31289218449355727,0.3454052380015731,2.291829673136877,,0,0,0,4,3,5,6,3,7,6,9,0,1,3,0,0,3,4,3,S001;S003;S009;S012;S013,S002;S005;S008;S010;S011;S014;S015,S004;S006;S007
3,"1,3,8|2,5,7|4,6,9",False,False,15,5,8,4.270954430956742,0.05445398506646172,0.02930505600413325,1.130730586643024,,0,0,0,4,3,5,6,3,7,6,10,0,1,3,0,0,3,4,4,S001;S003;S009;S012;S013,S002;S005;S008;S011;S015,S004;S006;S007;S010;S014
3,"1,3,9|2,5,7,8|4,6",False,False,14,5,6,3.989366525303835,0.31449206232903104,0.30514431264571484,2.3014073981741996,,0,0,0,4,3,5,6,3,7,6,9,0,1,3,0,0,3,4,3,S001;S003;S010;S013;S014,S002;S005;S008;S009;S011;S012;S015,S004;S006;S007
3,"1,3|2,5,7,8,9|4,6",False,False,13,5,5,2.9604631585834142,0.5059912389986712,0.512263020659299,2.929734543477384,,0,0,0,4,3,5,6,3,7,6,8,0,1,3,0,0,3,4,2,S001;S003;S013,S002;S005;S008;S009;S010;S011;S012;S014;S015,S004;S006;S007
3,"1,3|2,5,7,8|4,6,9",False,False,14,5,6,3.481666128756183,0.2642293924512949,0.2755193740742594,1.9125887444157834,,0,0,0,4,3,5,6,3,7,6,9,0,1,3,0,0,3,4,3,S001;S003;S013,S002;S005;S008;S009;S011;S012;S015,S004;S006;S007;S010;S014
3,"1,3,9|2,5,7|4,6,8",False,False,14,5,7,3.852527873794556,0.050217930892966764,0.09318168564241952,1.1182710402694689,,0,0,0,5,2,5,6,2,7,6,9,1,0,3,0,0,3,4,3,S001;S003;S010;S013;S014,S002;S005;S008;S011;S015,S004;S006;S007;S009;S012
3,"1,3|2,5,7,9|4,6,8",False,False,13,5,7,3.749751460783973,0.2614766486283544,0.34217769694525124,1.904629158851739,,0,0,0,5,2,5,6,2,7,6,8,1,0,3,0,0,3,4,2,S001;S003;S013,S002;S005;S008;S010;S011;S014;S015,S004;S006;S007;S009;S012
3,"1,3|2,5,7|4,6,8,9",False,False,14,5,6,2.823624507074135,0.2543765606951279,0.25524587022310113,1.8833561796983227,,0,0,0,5,2,5,6,2,7,6,9,1,0,3,0,0,3,4,3,S001;S003;S013,S002;S005;S008;S011;S015,S004;S006;S007;S009;S010;S012;S014
3,"1,3,8,9|2,5|4,6,7",False,False,11,5,5,2.8000350139965877,0.3655177313799285,0.3315588195209628,2.633274502587648,,0,0,0,4,3,4,6,3,6,6,8,0,1,2,0,0,2,4,2,S001;S003;S009;S010;S012;S013;S014,S002;S005;S011,S004;S006;S007;S008;S015
3,"1,3,8|2,5,9|4,6,7",False,False,11,5,7,4.144588524868612,0.06590837091041324,0.05905960202135922,1.1756265960032382,,0,0,0,4,3,4,6,3,6,6,8,0,1,2,0,0,2,4,2,S001;S003;S009;S012;S013,S002;S005;S010;S011;S014,S004;S006;S007;S008;S015
3,"1,3,8|2,5|4,6,7,9",False,False,12,5,7,3.739664541331543,0.34216262705146056,0.316018677768357,2.510102567494942,,0,0,0,4,3,4,6,3,6,6,9,0,1,2,0,0,2,4,3,S001;S003;S009;S012;S013,S002;S005;S011,S004;S006;S007;S008;S010;S014;S015
3,"1,3,9|2,5,8|4,6,7",False,False,12,6,5,3.458076635678636,0.06135870305856941,0.10057031921324269,1.162402454430605,,0,0,0,5,3,4,6,3,6,6,8,1,1,2,0,0,2,4,2,S001;S003;S010;S013;S014,S002;S005;S009;S011;S012,S004;S006;S007;S008;S015
3,"1,3|2,5,8,9|4,6,7",False,False,11,6,4,2.4291732689582153,0.2388575952431925,0.26168995364928566,1.8316778948884476,,0,0,0,5,3,4,6,3,6,6,7,1,1,2,0,0,2,4,1,S001;S003;S013,S002;S005;S009;S010;S011;S012;S014,S004;S006;S007;S008;S015
3,"1,3|2,5,8|4,6,7,9",False,False,12,6,5,2.9503762391309842,0.2801974684385194,0.30203740772933635,1.9563074436616141,,0,0,0,5,3,4,6,3,6,6,8,1,1,2,0,0,2,4,2,S001;S003;S013,S002;S005;S009;S011;S012,S004;S006;S007;S008;S010;S014;S015
3,"1,3,9|2,5|4,6,7,8",False,False,10,4,6,3.3212379841693567,0.34382354269328474,0.29005031377886464,2.5203153672392946,,0,0,0,4,2,4,6,2,6,6,8,0,0,2,0,0,2,4,2,S001;S003;S010;S013;S014,S002;S005;S011,S004;S006;S007;S008;S009;S012;S015
3,"1,3|2,5,9|4,6,7,8",False,False,9,4,6,3.218461571158774,0.2832472584047268,0.25243184454266765,1.9642670292256583,,0,0,0,4,2,4,6,2,6,6,7,0,0,2,0,0,2,4,1,S001;S003;S013,S002;S005;S010;S011;S014,S004;S006;S007;S008;S009;S012;S015
3,"1,3|2,5|4,6,7,8,9",False,False,10,4,5,2.292334617448936,0.5331360416152563,0.48945381254277687,3.190305295318957,,0,0,0,4,2,4,6,2,6,6,8,0,0,2,0,0,2,4,2,S001;S003;S013,S002;S005;S011,S004;S006;S007;S008;S009;S010;S012;S014;S015
3,"1,3,6,7,8,9|2|4,5",False,False,7,4,4,2.4154118616235714,0.8555984006421353,0.7284155732720149,8.91265704610481,,0,0,0,4,2,4,6,2,5,5,7,0,0,2,0,0,1,3,1,S001;S003;S006;S007;S008;S009;S010;S012;S013;S014;S015,S002,S004;S005;S011
3,"1,3,6,7,8|2,9|4,5",False,False,7,4,6,3.7599653724955955,0.5869515219105856,0.44069793590541595,3.2851180556535486,,0,0,0,4,2,4,6,2,5,5,7,0,0,2,0,0,1,3,1,S001;S003;S006;S007;S008;S009;S012;S013;S015,S002;S010;S014,S004;S005;S011
3,"1,3,6,7,8|2|4,5,9",False,False,9,4,6,3.3550413889585267,0.6484658439822126,0.5251940451289511,7.422681339735595,,0,0,0,4,2,4,6,2,5,6,8,0,0,2,0,0,1,4,2,S001;S003;S006;S007;S008;S009;S012;S013;S015,S002,S004;S005;S010;S011;S014
3,"1,3,6,7,9|2,8|4,5",False,False,9,6,5,3.3415388153334096,0.5830918375583914,0.4956026633597996,3.2750662080784156,,0,0,0,5,3,4,6,3,5,5,7,1,1,2,0,0,1,3,1,S001;S003;S006;S007;S008;S010;S013;S014;S015,S002;S009;S012,S004;S005;S011
3,"1,3,6,7|2,8,9|4,5",False,False,8,5,4,2.3126354486129883,0.3674328726181021,0.2760983313058485,2.615635219269052,,0,0,0,5,3,4,6,3,5,5,6,1,1,2,0,0,1,3,0,S001;S003;S006;S007;S008;S013;S015,S002;S009;S010;S012;S014,S004;S005;S011
3,"1,3,6,7|2,8|4,5,9",False,False,10,6,5,2.8338384187857577,0.3460189274275368,0.21134881356340338,2.352060527463952,,0,0,0,5,3,4,6,3,5,6,7,1,1,2,0,0,1,4,1,S001;S003;S006;S007;S008;S013;S015,S002;S009;S012,S004;S005;S010;S011;S014
3,"1,3,6,7,9|2|4,5,8",False,False,9,6,4,2.6685294997685505,0.645871793730818,0.5720071193403634,7.3999693214270295,,0,0,0,5,3,4,6,3,5,5,7,1,1,2,0,0,1,3,1,S001;S003;S006;S007;S008;S010;S013;S014;S015,S002,S004;S005;S009;S011;S012
3,"1,3,6,7|2,9|4,5,8",False,False,8,5,4,2.565753086757968,0.34768882540216234,0.17986569933850158,2.3735145688130177,,1,0,0,5,3,4,6,3,5,5,6,1,1,2,0,0,1,3,0,S001;S003;S006;S007;S008;S013;S015,S002;S010;S014,S004;S005;S009;S011;S012
3,"1,3,6,7|2|4,5,8,9",False,False,10,6,3,1.6396261330481294,0.5368026271625763,0.44106651144277736,5.9099936150578145,,0,0,0,5,3,4,6,3,5,6,7,1,1,2,0,0,1,4,1,S001;S003;S006;S007;S008;S013;S015,S002,S004;S005;S009;S010;S011;S012;S014
3,"1,3,6,8,9|2,7|4,5",False,False,7,4,6,3.5000316197097616,0.548226435609622,0.4628585041887964,3.1829389258384,,0,0,0,4,2,3,6,2,5,5,8,0,0,1,0,0,1,3,2,S001;S003;S006;S007;S009;S010;S012;S013;S014,S002;S008;S015,S004;S005;S011
3,"1,3,6,8|2,7,9|4,5",False,False,7,4,8,4.844585130581786,0.3473950535272894,0.3166457509059537,2.5235079370290365,,0,0,0,4,2,3,6,2,5,5,8,0,0,1,0,0,1,3,2,S001;S003;S006;S007;S009;S012;S013,S002;S008;S010;S014;S015,S004;S005;S011
3,"1,3,6,8|2,7|4,5,9",False,False,9,4,8,4.439661147044717,0.3047053800682336,0.22882006490633208,2.0956087888093715,,0,0,0,4,2,3,6,2,5,6,9,0,0,1,0,0,1,4,3,S001;S003;S006;S007;S009;S012;S013,S002;S008;S015,S004;S005;S010;S011;S014
3,"1,3,6,9|2,7,8|4,5",False,False,8,5,7,4.4261585734196,0.3454458673960374,0.32604350049045416,2.5134560894539044,,0,0,0,4,3,3,6,3,5,5,8,0,1,1,0,0,1,3,2,S001;S003;S006;S007;S010;S013;S014,S002;S008;S009;S012;S015,S004;S005;S011
3,"1,3,6|2,7,8,9|4,5",False,False,7,5,6,3.397255206699179,0.34930116629692737,0.36845158380349247,2.5331022932441285,,1,0,0,4,3,3,6,3,5,5,7,0,1,1,0,0,1,3,1,S001;S003;S006;S007;S013,S002;S008;S009;S010;S012;S014;S015,S004;S005;S011
3,"1,3,6|2,7,8|4,5,9",False,False,9,5,7,3.918458176871948,0.05384859072430911,0.07998497577004303,1.12910468532296,,1,0,0,4,3,3,6,3,5,6,8,0,1,1,0,0,1,4,2,S001;S003;S006;S007;S013,S002;S008;S009;S012;S015,S004;S005;S010;S011;S014
3,"1,3,6,9|2,7|4,5,8",False,False,9,6,6,3.7531492578547407,0.30177898010610293,0.27918900703796456,2.0872613848590515,,0,0,0,5,3,3,6,3,5,5,8,1,1,1,0,0,1,3,2,S001;S003;S006;S007;S010;S013;S014,S002;S008;S015,S004;S005;S009;S011;S012
3,"1,3,6|2,7,9|4,5,8",False,False,8,6,6,3.650372844844158,0.049752696696508204,0.16398090140390692,1.1162854844890573,,1,0,0,5,3,3,6,3,5,5,7,1,1,1,0,0,1,3,1,S001;S003;S006;S007;S013,S002;S008;S010;S014;S015,S004;S005;S009;S011;S012
3,"1,3,6|2,7|4,5,8,9",False,False,10,6,5,2.72424589113432,0.2567314856743737,0.19213626006163187,1.9340110680221518,,0,0,0,5,3,3,6,3,5,6,8,1,1,1,0,0,1,4,2,S001;S003;S006;S007;S013,S002;S008;S015,S004;S005;S009;S010;S011;S012;S014
3,"1,3,6,8,9|2|4,5,7",False,False,10,4,6,3.5000316197097616,0.6231562240484523,0.5307685822542224,7.191808930482578,,0,0,0,4,2,4,6,2,5,6,9,0,0,2,0,0,1,4,3,S001;S003;S006;S007;S009;S010;S012;S013;S014,S002,S004;S005;S008;S011;S015
3,"1,3,6,8|2,9|4,5,7",False,False,10,4,8,4.844585130581786,0.32345163745637423,0.20752644353592312,2.2899152025975207,,0,0,0,4,2,4,6,2,5,6,9,0,0,2,0,0,1,4,3,S001;S003;S006;S007;S009;S012;S013,S002;S010;S014,S004;S005;S008;S011;S015
3,"1,3,6,8|2|4,5,7,9",False,False,10,4,8,4.439661147044717,0.5333391414688522,0.4730100180937067,5.701833224113364,,0,0,0,4,2,4,6,2,5,6,9,0,0,2,0,0,1,4,3,S001;S003;S006;S007;S009;S012;S013,S002,S004;S005;S008;S010;S011;S014;S015
3,"1,3,6,9|2,8|4,5,7",False,False,12,6,7,4.4261585734196,0.3188851278958152,0.27658255160239,2.260177876474115,,0,0,0,5,3,4,6,3,5,6,9,1,1,2,0,0,1,4,3,S001;S003;S006;S007;S010;S013;S014,S002;S009;S012,S004;S005;S008;S011;S015
3,"1,3,6|2,8,9|4,5,7",False,False,11,6,6,3.397255206699179,0.02307305695852592,0.05635181560047108,1.052460519523008,,0,0,0,5,3,4,6,3,5,6,8,1,1,2,0,0,1,4,2,S001;S003;S006;S007;S013,S002;S009;S010;S012;S014,S004;S005;S008;S011;S015
3,"1,3,6|2,8|4,5,7,9",False,False,11,6,7,3.918458176871948,0.29847674034375943,0.29917236835445465,2.177075450816938,,0,0,0,5,3,4,6,3,5,6,8,1,1,2,0,0,1,4,2,S001;S003;S006;S007;S013,S002;S009;S012,S004;S005;S008;S010;S011;S014;S015
3,"1,3,6,9|2|4,5,7,8",False,False,11,5,6,3.7531492578547407,0.5331590617066703,0.4672091536390186,5.679121205804799,,0,0,0,4,3,4,6,3,5,6,9,0,1,2,0,0,1,4,3,S001;S003;S006;S007;S010;S013;S014,S002,S004;S005;S008;S009;S011;S012;S015
3,"1,3,6|2,9|4,5,7,8",False,False,10,5,6,3.650372844844158,0.30303390365356825,0.19582241659114857,2.206054768013516,,0,0,0,4,3,4,6,3,5,6,8,0,1,2,0,0,1,4,2,S001;S003;S006;S007;S013,S002;S010;S014,S004;S005;S008;S009;S011;S012;S015
3,"1,3,6|2|4,5,7,8,9",False,False,10,5,5,2.72424589113432,0.6024391291190676,0.5439736265779447,6.982998485642841,,0,0,0,4,3,4,6,3,5,6,8,0,1,2,0,0,1,4,2,S001;S003;S006;S007;S013,S002,S004;S005;S008;S009;S010;S011;S012;S014;S015
3,"1,3,7,8,9|2,6|4,5",False,False,11,5,5,2.9467017512487703,0.6134228635345327,0.4931997222706797,3.3533846159291807,,0,0,0,4,3,5,6,3,6,5,8,0,1,3,0,0,2,3,2,S001;S003;S008;S009;S010;S012;S013;S014;S015,S002;S006;S007,S004;S005;S011
3,"1,3,7,8|2,6,9|4,5",False,False,11,5,7,4.291255262120795,0.387225277621256,0.3148548551602885,2.693953627119817,,0,0,0,4,3,5,6,3,6,5,8,0,1,3,0,0,2,3,2,S001;S003;S008;S009;S012;S013;S015,S002;S006;S007;S010;S014,S004;S005;S011
3,"1,3,7,8|2,6|4,5,9",False,False,13,5,7,3.8863312785837256,0.3812389109891321,0.2684670730167612,2.60601929663531,,0,0,0,4,3,5,6,3,6,6,9,0,1,3,0,0,2,4,3,S001;S003;S008;S009;S012;S013;S015,S002;S006;S007,S004;S005;S010;S011;S014
3,"1,3,7,9|2,6,8|4,5",False,False,11,5,6,3.8728287049586085,0.3845575469216845,0.3325975559545912,2.683901779544685,,0,0,0,5,2,5,6,2,6,5,8,1,0,3,0,0,2,3,2,S001;S003;S008;S010;S013;S014;S015,S002;S006;S007;S009;S012,S004;S005;S011
3,"1,3,7|2,6,8,9|4,5",False,False,10,5,5,2.8439253382381877,0.32262621092802174,0.3416655040964603,2.362656603153348,,0,0,0,5,2,5,6,2,6,5,7,1,0,3,0,0,2,3,1,S001;S003;S008;S013;S015,S002;S006;S007;S009;S010;S012;S014,S004;S005;S011
3,"1,3,7|2,6,8|4,5,9",False,False,12,5,6,3.3651283084109567,0.09062937779988862,0.04703058306978033,1.2199788990248233,,0,0,0,5,2,5,6,2,6,6,8,1,0,3,0,0,2,4,2,S001;S003;S008;S013;S015,S002;S006;S007;S009;S012,S004;S005;S010;S011;S014
3,"1,3,7,9|2,6|4,5,8",False,False,12,6,5,3.1998193893937494,0.3784363553273239,0.3145301552105594,2.596295555111356,,0,0,0,5,3,5,6,3,6,5,8,1,1,3,0,0,2,3,2,S001;S003;S008;S010;S013;S014;S015,S002;S006;S007,S004;S005;S009;S011;S012
3,"1,3,7|2,6,9|4,5,8",False,False,11,6,5,3.097042976383167,0.09024167904067032,0.1293342643511062,1.2126334854209118,,0,0,0,5,3,5,6,3,6,5,7,1,1,3,0,0,2,3,1,S001;S003;S008;S013;S015,S002;S006;S007;S010;S014,S004;S005;S009;S011;S012
3,"1,3,7|2,6|4,5,8,9",False,False,13,6,4,2.1709160226733286,0.30792358100687567,0.22830104456055048,2.2528948930515558,,0,0,0,5,3,5,6,3,6,6,8,1,1,3,0,0,2,4,2,S001;S003;S008;S013;S015,S002;S006;S007,S004;S005;S009;S010;S011;S012;S014
3,"1,3,8,9|2,6,7|4,5",False,False,10,5,6,3.5000316197097616,0.36188448052302835,0.32304305317634396,2.591774497304669,,0,0,0,4,3,4,6,3,6,5,8,0,1,2,0,0,2,3,2,S001;S003;S009;S010;S012;S013;S014,S002;S006;S007;S008;S015,S004;S005;S011
3,"1,3,8|2,6,7,9|4,5",False,False,10,5,8,4.844585130581786,0.3350877735573159,0.3546027200740731,2.4547838853933635,,0,0,0,4,3,4,6,3,6,5,8,0,1,2,0,0,2,3,2,S001;S003;S009;S012;S013,S002;S006;S007;S008;S010;S014;S015,S004;S005;S011
3,"1,3,8|2,6,7|4,5,9",False,False,12,5,8,4.439661147044717,0.06204588060304669,0.02608581605726281,1.164461506098398,,0,0,0,4,3,4,6,3,6,6,9,0,1,2,0,0,2,4,3,S001;S003;S009;S012;S013,S002;S006;S007;S008;S015,S004;S005;S010;S011;S014
3,"1,3,9|2,6,7,8|4,5",False,False,9,4,7,4.4261585734196,0.3367349542071142,0.32281018824487767,2.464835732968496,,0,0,0,4,2,4,6,2,6,5,8,0,0,2,0,0,2,3,2,S001;S003;S010;S013;S014,S002;S006;S007;S008;S009;S012;S015,S004;S005;S011
3,"1,3|2,6,7,8,9|4,5",False,False,8,4,6,3.397255206699179,0.5265560056541376,0.5339550382250196,3.1242667217778597,,0,0,0,4,2,4,6,2,6,5,7,0,0,2,0,0,2,3,1,S001;S003;S013,S002;S006;S007;S008;S009;S010;S012;S014;S015,S004;S005;S011
3,"1,3|2,6,7,8|4,5,9",False,False,10,4,7,3.918458176871948,0.27848415201219395,0.2959075531933471,1.9517875466409482,,0,0,0,4,2,4,6,2,6,6,8,0,0,2,0,0,2,4,2,S001;S003;S013,S002;S006;S007;S008;S009;S012;S015,S004;S005;S010;S011;S014
3,"1,3,9|2,6,7|4,5,8",False,False,11,6,6,3.7531492578547407,0.057475387314123,0.11327665212690621,1.151429424146205,,0,0,0,5,3,4,6,3,6,5,8,1,1,2,0,0,2,3,2,S001;S003;S010;S013;S014,S002;S006;S007;S008;S015,S004;S005;S009;S011;S012
3,"1,3|2,6,7,9|4,5,8",False,False,10,6,6,3.650372844844158,0.27550052336027137,0.3611457637124253,1.943827961076904,,0,0,0,5,3,4,6,3,6,5,7,1,1,2,0,0,2,3,1,S001;S003;S013,S002;S006;S007;S008;S010;S014;S015,S004;S005;S009;S011;S012
3,"1,3|2,6,7|4,5,8,9",False,False,12,6,5,2.72424589113432,0.24236355576837437,0.24182354718420093,1.8441573774731577,,0,0,0,5,3,4,6,3,6,6,8,1,1,2,0,0,2,4,2,S001;S003;S013,S002;S006;S007;S008;S015,S004;S005;S009;S010;S011;S012;S014
3,"1,3,8,9|2,6|4,5,7",False,False,14,5,7,4.03132150933496,0.35446755705449734,0.275581007149217,2.507175433351602,,0,0,0,4,3,5,6,3,6,6,10,0,1,3,0,0,2,4,4,S001;S003;S009;S010;S012;S013;S014,S002;S006;S007,S004;S005;S008;S011;S015
3,"1,3,8|2,6,9|4,5,7",False,False,14,5,9,5.375875020206985,0.056007780149263324,0.056634340403596245,1.141255284259967,,0,0,0,4,3,5,6,3,6,6,10,0,1,3,0,0,2,4,4,S001;S003;S009;S012;S013,S002;S006;S007;S010;S014,S004;S005;S008;S011;S015
3,"1,3,8|2,6|4,5,7,9",False,False,14,5,9,4.970951036669916,0.3199537144208219,0.28540861445986665,2.3420150148113095,,0,0,0,4,3,5,6,3,6,6,10,0,1,3,0,0,2,4,4,S001;S003;S009;S012;S013,S002;S006;S007,S004;S005;S008;S010;S011;S014;S015
3,"1,3,9|2,6,8|4,5,7",False,False,14,5,8,4.957448463044798,0.05158220399192661,0.050568523965987676,1.1286183373073357,,0,0,0,5,2,5,6,2,6,6,10,1,0,3,0,0,2,4,4,S001;S003;S010;S013;S014,S002;S006;S007;S009;S012,S004;S005;S008;S011;S015
3,"1,3|2,6,8,9|4,5,7",False,False,13,5,7,3.928545096324378,0.25039509812120053,0.2987604572432525,1.8708766971136126,,0,0,0,5,2,5,6,2,6,6,9,1,0,3,0,0,2,4,3,S001;S003;S013,S002;S006;S007;S009;S010;S012;S014,S004;S005;S008;S011;S015
3,"1,3|2,6,8|4,5,7,9",False,False,13,5,8,4.449748066497147,0.26581484837544395,0.30454774744325047,1.9171086414364493,,0,0,0,5,2,5,6,2,6,6,9,1,0,3,0,0,2,4,3,S001;S003;S013,S002;S006;S007;S009;S012,S004;S005;S008;S010;S011;S014;S015
3,"1,3,9|2,6|4,5,7,8",False,False,14,5,7,4.28443914747994,0.32156938486838815,0.2436289329280621,2.3517387563352634,,0,0,0,4,3,5,6,3,6,6,10,0,1,3,0,0,2,4,4,S001;S003;S010;S013;S014,S002;S006;S007,S004;S005;S008;S009;S011;S012;S015
3,"1,3|2,6,9|4,5,7,8",False,False,13,5,7,4.1816627344693575,0.26864506546444594,0.2626504246257007,1.9250682270004935,,0,0,0,4,3,5,6,3,6,6,9,0,1,3,0,0,2,4,3,S001;S003;S013,S002;S006;S007;S010;S014,S004;S005;S008;S009;S011;S012;S015
3,"1,3|2,6|4,5,7,8,9",False,False,13,5,6,3.255535780759519,0.512520593355552,0.4584531082203582,2.989645015870173,,0,0,0,4,3,5,6,3,6,6,9,0,1,3,0,0,2,4,3,S001;S003;S013,S002;S006;S007,S004;S005;S008;S009;S010;S011;S012;S014;S015
3,"1,3,7,8,9|2|4,5,6",False,False,11,4,4,2.2467051455355964,0.6666454220109675,0.5705411731391554,7.576928741047041,,0,0,0,4,2,5,6,2,6,6,8,0,0,3,0,0,2,4,2,S001;S003;S008;S009;S010;S012;S013;S014;S015,S002,S004;S005;S006;S007;S011
3,"1,3,7,8|2,9|4,5,6",False,False,11,4,6,3.591258656407621,0.3707772305509654,0.2486946993067042,2.444583302201605,,0,0,0,4,2,5,6,2,6,6,8,0,0,3,0,0,2,4,2,S001;S003;S008;S009;S012;S013;S015,S002;S010;S014,S004;S005;S006;S007;S011
3,"1,3,7,8|2|4,5,6,9",False,False,12,4,6,3.1863346728705517,0.5422801734791197,0.4607942563770402,6.086953034677827,,0,0,0,4,2,5,6,2,6,6,9,0,0,3,0,0,2,4,3,S001;S003;S008;S009;S012;S013;S015,S002,S004;S005;S006;S007;S010;S011;S014
3,"1,3,7,9|2,8|4,5,6",False,False,12,5,5,3.1728320992454346,0.3663172140438674,0.31293377379480797,2.413447941346124,,0,0,0,5,2,5,6,2,6,6,8,1,0,3,0,0,2,4,2,S001;S003;S008;S010;S013;S014;S015,S002;S009;S012,S004;S005;S006;S007;S011
3,"1,3,7|2,8,9|4,5,6",False,False,11,5,4,2.143928732525014,0.09897118910632231,0.09633200958372859,1.2723202922534445,,1,0,0,5,2,5,6,2,6,6,7,1,0,3,0,0,2,4,1,S001;S003;S008;S013;S015,S002;S009;S010;S012;S014,S004;S005;S006;S007;S011
3,"1,3,7|2,8|4,5,6,9",False,False,12,5,5,2.6651317026977828,0.274068693297724,0.2373267188771539,2.0238053859449288,,0,0,0,5,2,5,6,2,6,6,8,1,0,3,0,0,2,4,2,S001;S003;S008;S013;S015,S002;S009;S012,S004;S005;S006;S007;S010;S011;S014
3,"1,3,7,9|2|4,5,6,8",False,False,12,5,4,2.4998227836805755,0.5414492579970364,0.46932236669521166,6.064241016369262,,0,0,0,5,2,5,6,2,6,6,8,1,0,3,0,0,2,4,2,S001;S003;S008;S010;S013;S014;S015,S002,S004;S005;S006;S007;S009;S011;S012
3,"1,3,7|2,9|4,5,6,8",False,False,11,5,4,2.397046370669993,0.2783893217655845,0.12561561703802013,2.0513866684094313,,0,0,0,5,2,5,6,2,6,6,7,1,0,3,0,0,2,4,1,S001;S003;S008;S013;S015,S002;S010;S014,S004;S005;S006;S007;S009;S011;S012
3,"1,3,7|2|4,5,6,8,9",False,False,12,5,3,1.4709194169601547,0.5704089110518002,0.4991901773211509,6.597878675078377,,0,0,0,5,2,5,6,2,6,6,8,1,0,3,0,0,2,4,2,S001;S003;S008;S013;S015,S002,S004;S005;S006;S007;S009;S010;S011;S012;S014
3,"1,3,8,9|2,7|4,5,6",False,False,11,4,6,3.3313249036217867,0.3255830206204933,0.2747223482923417,2.1522997155927546,,0,0,0,4,2,4,6,2,6,6,9,0,0,2,0,0,2,4,3,S001;S003;S009;S010;S012;S013;S014,S002;S008;S015,S004;S005;S006;S007;S011
3,"1,3,8|2,7,9|4,5,6",False,False,11,4,8,4.675878414493811,0.08204615740820302,0.15594560659464662,1.2144210075610937,,0,0,0,4,2,4,6,2,6,6,9,0,0,2,0,0,2,4,3,S001;S003;S009;S012;S013,S002;S008;S010;S014;S015,S004;S005;S006;S007;S011
3,"1,3,8|2,7|4,5,6,9",False,False,12,4,8,4.270954430956742,0.24390528384567642,0.1977162698961215,1.8689727372884484,,0,0,0,4,2,4,6,2,6,6,10,0,0,2,0,0,2,4,4,S001;S003;S009;S012;S013,S002;S008;S015,S004;S005;S006;S007;S010;S011;S014
3,"1,3,9|2,7,8|4,5,6",False,False,11,4,7,4.257451857331625,0.08129969672127914,0.13307446128032605,1.2081037172830582,,0,0,0,4,2,4,6,2,6,6,9,0,0,2,0,0,2,4,3,S001;S003;S010;S013;S014,S002;S008;S009;S012;S015,S004;S005;S006;S007;S011
3,"1,3|2,7,8,9|4,5,6",False,False,10,4,6,3.228548490611204,0.29980705174737804,0.3572653519974767,2.005844626557396,,0,0,0,4,2,4,6,2,6,6,8,0,0,2,0,0,2,4,2,S001;S003;S013,S002;S008;S009;S010;S012;S014;S015,S004;S005;S006;S007;S011
3,"1,3|2,7,8|4,5,6,9",False,False,11,4,7,3.749751460783973,0.2266468714523661,0.25694999876858793,1.7821407119926658,,0,0,0,4,2,4,6,2,6,6,9,0,0,2,0,0,2,4,3,S001;S003;S013,S002;S008;S009;S012;S015,S004;S005;S006;S007;S010;S011;S014
3,"1,3,9|2,7|4,5,6,8",False,False,12,5,6,3.5844425417667662,0.24529994086972143,0.16754173881377366,1.8773201412387681,,0,0,0,5,2,4,6,2,6,6,9,1,0,2,0,0,2,4,3,S001;S003;S010;S013;S014,S002;S008;S015,S004;S005;S006;S007;S009;S011;S012
3,"1,3|2,7,9|4,5,6,8",False,False,11,5,6,3.481666128756183,0.22841411755947547,0.25022516402203804,1.79010029755671,,0,0,0,5,2,4,6,2,6,6,8,1,0,2,0,0,2,4,2,S001;S003;S013,S002;S008;S010;S014;S015,S004;S005;S006;S007;S009;S011;S012
3,"1,3|2,7|4,5,6,8,9",False,False,12,5,5,2.555539175046345,0.4429502275917242,0.3731336067988171,2.424934577272244,,0,0,0,5,2,4,6,2,6,6,9,1,0,2,0,0,2,4,3,S001;S003;S013,S002;S008;S015,S004;S005;S006;S007;S009;S010;S011;S012;S014
3,"1,3,8,9|2|4,5,6,7",False,False,11,4,5,2.8000350139965877,0.535593447769659,0.4615502260471793,5.85608062542481,,0,0,0,4,2,4,6,2,6,6,9,0,0,2,0,0,2,4,3,S001;S003;S009;S010;S012;S013;S014,S002,S004;S005;S006;S007;S008;S011;S015
3,"1,3,8|2,9|4,5,6,7",False,False,11,4,7,4.144588524868612,0.28940247685838044,0.15090542469435808,2.1349860346249288,,0,0,0,4,2,4,6,2,6,6,9,0,0,2,0,0,2,4,3,S001;S003;S009;S012;S013,S002;S010;S014,S004;S005;S006;S007;S008;S011;S015
3,"1,3,8|2|4,5,6,7,9",False,False,11,4,7,3.739664541331543,0.5866682552996864,0.5120925449622934,6.806039066022828,,0,0,0,4,2,4,6,2,6,6,9,0,0,2,0,0,2,4,3,S001;S003;S009;S012;S013,S002,S004;S005;S006;S007;S008;S010;S011;S014;S015
3,"1,3,9|2,8|4,5,6,7",False,False,12,5,6,3.726161967706426,0.2864421430017483,0.214896028933879,2.115688036934766,,0,0,0,5,2,4,6,2,6,6,9,1,0,2,0,0,2,4,3,S001;S003;S010;S013;S014,S002;S009;S012,S004;S005;S006;S007;S008;S011;S015
3,"1,3|2,8,9|4,5,6,7",False,False,11,5,5,2.697258600986005,0.24797159629039164,0.2351642665484054,1.8630515615200018,,0,0,0,5,2,4,6,2,6,6,8,1,0,2,0,0,2,4,2,S001;S003;S013,S002;S009;S010;S012;S014,S004;S005;S006;S007;S008;S011;S015
3,"1,3|2,8|4,5,6,7,9",False,False,11,5,6,3.218461571158774,0.4802521017660616,0.4446674320835234,2.7086688883695715,,0,0,0,5,2,4,6,2,6,6,8,1,0,2,0,0,2,4,2,S001;S003;S013,S002;S009;S012,S004;S005;S006;S007;S008;S010;S011;S014;S015
3,"1,3,9|2|4,5,6,7,8",False,False,11,4,5,3.053152652141567,0.5885955116589648,0.4761288935434927,6.828751084331394,,0,0,0,4,2,4,6,2,6,6,9,0,0,2,0,0,2,4,3,S001;S003;S010;S013;S014,S002,S004;S005;S006;S007;S008;S009;S011;S012;S015
3,"1,3|2,9|4,5,6,7,8",False,False,10,4,5,2.9503762391309842,0.4843674309279595,0.35517405609114494,2.7424970721054995,,0,0,0,4,2,4,6,2,6,6,8,0,0,2,0,0,2,4,2,S001;S003;S013,S002;S010;S014,S004;S005;S006;S007;S008;S009;S011;S012;S015
3,"1,3|2|4,5,6,7,8,9",False,False,10,4,4,2.024249285421146,0.7657096941981747,0.6734074956021421,8.318726790700609,,0,0,0,4,2,4,6,2,6,6,8,0,0,2,0,0,2,4,2,S001;S003;S013,S002,S004;S005;S006;S007;S008;S009;S010;S011;S012;S014;S015
3,"1,4,5,6,7,8|2,3|9",False,False,10,4,6,3.3366758980049482,0.7765791607008156,0.5327915331470229,5.7015610293660615,,0,0,0,4,2,3,6,2,5,6,10,0,0,1,0,0,1,4,4,S001;S004;S005;S006;S007;S008;S009;S011;S012;S013;S015,S002;S003,S010;S014
3,"1,4,5,6,7|2,3,8|9",False,False,10,4,7,4.009685213569807,0.556155457871426,0.37152207971503926,4.686317815526079,,0,0,0,4,2,3,6,2,5,6,10,0,0,1,0,0,1,4,4,S001;S004;S005;S006;S007;S008;S011;S013;S015,S002;S003;S009;S012,S010;S014
3,"1,4,5,6,7,9|2,3|8",False,False,9,5,6,3.1863346728705517,0.7724331647837478,0.6158571169822953,5.600941467038781,,0,0,0,5,2,3,6,2,5,5,9,1,0,1,0,0,1,3,3,S001;S004;S005;S006;S007;S008;S010;S011;S013;S014;S015,S002;S003,S009;S012
3,"1,4,5,6,7|2,3,9|8",False,False,8,5,6,3.591258656407621,0.5543441202746767,0.43162923814018805,4.615955813977706,,0,0,0,5,2,3,6,2,5,5,8,1,0,1,0,0,1,3,2,S001;S004;S005;S006;S007;S008;S011;S013;S015,S002;S003;S010;S014,S009;S012
3,"1,4,5,6,7|2,3|8,9",False,False,11,5,6,3.083558259859969,0.5163442670122997,0.347119142392547,3.1927575755751363,,0,0,0,5,2,3,6,2,5,6,10,1,0,1,0,0,1,4,4,S001;S004;S005;S006;S007;S008;S011;S013;S015,S002;S003,S009;S010;S012;S014
3,"1,4,5,6,8|2,3,7|9",False,False,10,4,7,3.8900057664659395,0.5323440228245073,0.36999402977438267,4.546610577310968,,0,0,0,4,2,3,6,2,5,6,10,0,0,1,0,0,1,4,4,S001;S004;S005;S006;S007;S009;S011;S012;S013,S002;S003;S008;S015,S010;S014
3,"1,4,5,6|2,3,7,8|9",False,False,10,4,8,4.563015082030798,0.4477242609869376,0.35436726605544866,3.6379899844683377,,0,0,0,4,2,3,6,2,5,6,10,0,0,1,0,0,1,4,4,S001;S004;S005;S006;S007;S011;S013,S002;S003;S008;S009;S012;S015,S010;S014
3,"1,4,5,6,9|2,3,7|8",False,False,9,5,7,3.739664541331543,0.5277790455539939,0.45720223155186923,4.463331841768111,,0,0,0,5,2,3,6,2,5,5,9,1,0,1,0,0,1,3,3,S001;S004;S005;S006;S007;S010;S011;S013;S014,S002;S003;S008;S015,S009;S012
3,"1,4,5,6|2,3,7,9|8",False,False,8,5,7,4.144588524868612,0.4436921941767486,0.42986591897061344,3.5683535937422715,,0,0,0,5,2,3,6,2,5,5,8,1,0,1,0,0,1,3,2,S001;S004;S005;S006;S007;S011;S013,S002;S003;S008;S010;S014;S015,S009;S012
3,"1,4,5,6|2,3,7|8,9",False,False,11,5,7,3.6368881283209604,0.22878580649950553,0.16811477026848617,1.7523281255675718,,0,0,0,5,2,3,6,2,5,6,10,1,0,1,0,0,1,4,4,S001;S004;S005;S006;S007;S011;S013,S002;S003;S008;S015,S009;S010;S012;S014
3,"1,4,5,6,8,9|2,3|7",False,False,12,4,5,2.555539175046345,0.7346689049794937,0.5982302827638171,4.802466259432561,,0,0,0,4,2,4,6,2,6,6,10,0,0,2,0,0,2,4,4,S001;S004;S005;S006;S007;S009;S010;S011;S012;S013;S014,S002;S003,S008;S015
3,"1,4,5,6,8|2,3,9|7",False,False,11,4,6,3.481666128756183,0.5127796275199036,0.4328505799495769,3.9366282503468706,,0,0,0,4,2,4,6,2,6,6,9,0,0,2,0,0,2,4,3,S001;S004;S005;S006;S007;S009;S011;S012;S013,S002;S003;S010;S014,S008;S015
3,"1,4,5,6,8|2,3|7,9",False,False,13,4,8,4.421295656091139,0.48457928311394916,0.29977245538870384,3.097575950953738,,0,0,0,4,2,4,6,2,6,6,11,0,0,2,0,0,2,4,5,S001;S004;S005;S006;S007;S009;S011;S012;S013,S002;S003,S008;S010;S014;S015
3,"1,4,5,6,9|2,3,8|7",False,False,12,4,7,3.749751460783973,0.510014704028645,0.45917599155767697,3.923430096423593,,0,0,0,4,2,4,6,2,6,6,10,0,0,2,0,0,2,4,4,S001;S004;S005;S006;S007;S010;S011;S013;S014,S002;S003;S009;S012,S008;S015
3,"1,4,5,6|2,3,8,9|7",False,False,11,4,6,3.228548490611204,0.4072676070380571,0.4140829211431918,3.0575920873379023,,0,0,0,4,2,4,6,2,6,6,9,0,0,2,0,0,2,4,3,S001;S004;S005;S006;S007;S011;S013,S002;S003;S009;S010;S012;S014,S008;S015
3,"1,4,5,6|2,3,8|7,9",False,False,13,4,9,5.094304971655998,0.21556288986183367,0.08783170637801183,1.6387232291597502,,0,0,0,4,2,4,6,2,6,6,11,0,0,2,0,0,2,4,5,S001;S004;S005;S006;S007;S011;S013,S002;S003;S009;S012,S008;S010;S014;S015
3,"1,4,5,6,9|2,3|7,8",False,False,12,4,8,4.270954430956742,0.4812072370382493,0.3589582990594085,3.0871908493922358,,0,0,0,4,2,4,6,2,6,6,10,0,0,2,0,0,2,4,4,S001;S004;S005;S006;S007;S010;S011;S013;S014,S002;S003,S008;S009;S012;S015
3,"1,4,5,6|2,3,9|7,8",False,False,11,4,8,4.675878414493811,0.2145661457787939,0.14168962582331587,1.6272130082061165,,0,0,0,4,2,4,6,2,6,6,9,0,0,2,0,0,2,4,3,S001;S004;S005;S006;S007;S011;S013,S002;S003;S010;S014,S008;S009;S012;S015
3,"1,4,5,6|2,3|7,8,9",False,False,13,4,8,4.168178017946159,0.33043372348905675,0.222379985415673,2.405897411504323,,0,0,0,4,2,4,6,2,6,6,11,0,0,2,0,0,2,4,5,S001;S004;S005;S006;S007;S011;S013,S002;S003,S008;S009;S010;S012;S014;S015
3,"1,4,5,7,8|2,3,6|9",False,False,13,5,7,4.036672503718123,0.5780160463300332,0.4076444678533011,4.805084463105339,,0,0,0,4,3,4,6,3,6,6,10,0,1,2,0,0,2,4,4,S001;S004;S005;S008;S009;S011;S012;S013;S015,S002;S003;S006;S007,S010;S014
3,"1,4,5,7|2,3,6,8|9",False,False,12,4,8,4.709681819282981,0.45164773866595526,0.3461816545705683,3.789841249265357,,0,0,0,4,2,4,6,2,6,6,10,0,0,2,0,0,2,4,4,S001;S004;S005;S008;S011;S013;S015,S002;S003;S006;S007;S009;S012,S010;S014
3,"1,4,5,7,9|2,3,6|8",False,False,12,6,7,3.8863312785837256,0.5735057939496377,0.49392941341288554,4.717924910966514,,0,0,0,5,3,4,6,3,6,5,9,1,1,2,0,0,2,3,3,S001;S004;S005;S008;S010;S011;S013;S014;S015,S002;S003;S006;S007,S009;S012
3,"1,4,5,7|2,3,6,9|8",False,False,11,6,7,4.291255262120795,0.44804647699681005,0.41892887634433784,3.7329392579054383,,0,0,0,5,3,4,6,3,6,5,8,1,1,2,0,0,2,3,2,S001;S004;S005;S008;S011;S013;S015,S002;S003;S006;S007;S010;S014,S009;S012
3,"1,4,5,7|2,3,6|8,9",False,False,14,6,7,3.783554865573143,0.2818926636638966,0.20550535838912243,1.8805875257329032,,0,0,0,5,3,4,6,3,6,6,10,1,1,2,0,0,2,4,4,S001;S004;S005;S008;S011;S013;S015,S002;S003;S006;S007,S009;S010;S012;S014
3,"1,4,5,8|2,3,6,7|9",False,False,10,5,7,4.058712482553915,0.44786904540709666,0.3387097933381745,3.6501340110502465,,0,0,0,4,3,3,6,3,6,5,9,0,1,1,0,0,2,3,3,S001;S004;S005;S009;S011;S012;S013,S002;S003;S006;S007;S008;S015,S010;S014
3,"1,4,5|2,3,6,7,8|9",False,False,9,4,8,4.731721798118773,0.5303800209423991,0.4503171400571497,4.534466550729061,,0,0,0,4,2,3,6,2,6,5,9,0,0,1,0,0,2,3,3,S001;S004;S005;S011;S013,S002;S003;S006;S007;S008;S009;S012;S015,S010;S014
3,"1,4,5,9|2,3,6,7|8",False,False,10,6,7,3.908371257419518,0.44381954528672696,0.4125192891214115,3.5803152856958436,,0,0,0,5,3,3,6,3,6,5,8,1,1,1,0,0,2,3,2,S001;S004;S005;S010;S011;S013;S014,S002;S003;S006;S007;S008;S015,S009;S012
3,"1,4,5|2,3,6,7,9|8",False,False,8,6,7,4.313295240956586,0.5258138180536813,0.5234142052448727,4.451370149814539,,0,0,0,5,3,3,6,3,6,4,7,1,1,1,0,0,2,2,1,S001;S004;S005;S011;S013,S002;S003;S006;S007;S008;S010;S014;S015,S009;S012
3,"1,4,5|2,3,6,7|8,9",False,False,11,6,7,3.8055948444089354,0.22663667669499465,0.22567519397763486,1.7463020407265426,,0,0,0,5,3,3,6,3,6,5,9,1,1,1,0,0,2,3,3,S001;S004;S005;S011;S013,S002;S003;S006;S007;S008;S015,S009;S010;S012;S014
3,"1,4,5,8,9|2,3,6|7",False,False,13,5,5,2.72424589113432,0.5322162811463311,0.45914309303202816,4.0262627741094015,,0,0,0,4,3,4,6,3,7,6,9,0,1,2,0,0,3,4,3,S001;S004;S005;S009;S010;S011;S012;S013;S014,S002;S003;S006;S007,S008;S015
3,"1,4,5,8|2,3,6,9|7",False,False,11,5,6,3.650372844844158,0.40945214201795693,0.41902968134120927,3.160424765023711,,0,0,0,4,3,4,6,3,7,5,8,0,1,2,0,0,3,3,2,S001;S004;S005;S009;S011;S012;S013,S002;S003;S006;S007;S010;S014,S008;S015
3,"1,4,5,8|2,3,6|7,9",False,False,13,5,8,4.590002372179114,0.24275300556693644,0.10870508306785143,1.6938366297792389,,0,0,0,4,3,4,6,3,7,5,10,0,1,2,0,0,3,3,4,S001;S004;S005;S009;S011;S012;S013,S002;S003;S006;S007,S008;S010;S014;S015
3,"1,4,5,9|2,3,6,8|7",False,False,12,4,7,3.918458176871948,0.4089990193638176,0.4164191953938193,3.147226611100433,,0,0,0,4,2,4,6,2,7,6,9,0,0,2,0,0,3,4,3,S001;S004;S005;S010;S011;S013;S014,S002;S003;S006;S007;S009;S012,S008;S015
3,"1,4,5|2,3,6,8,9|7",False,False,10,4,6,3.397255206699179,0.48396739919939136,0.4989632352423817,3.7919514996345978,,0,0,0,4,2,4,6,2,7,5,8,0,0,2,0,0,3,3,2,S001;S004;S005;S011;S013,S002;S003;S006;S007;S009;S010;S012;S014,S008;S015
3,"1,4,5|2,3,6,8|7,9",False,False,12,4,9,5.2630116877439725,0.18501007841686062,0.16919294073566654,1.5682569849580776,,0,0,0,4,2,4,6,2,7,5,10,0,0,2,0,0,3,3,4,S001;S004;S005;S011;S013,S002;S003;S006;S007;S009;S012,S008;S010;S014;S015
3,"1,4,5,9|2,3,6|7,8",False,False,13,5,8,4.439661147044717,0.23853907378516814,0.1861724805908724,1.6749154024053827,,0,0,0,4,3,4,6,3,7,6,9,0,1,2,0,0,3,4,3,S001;S004;S005;S010;S011;S013;S014,S002;S003;S006;S007,S008;S009;S012;S015
3,"1,4,5|2,3,6,9|7,8",False,False,11,5,8,4.844585130581786,0.1804756379372202,0.22586917418376826,1.5502178159046567,,0,0,0,4,3,4,6,3,7,5,8,0,1,2,0,0,3,3,2,S001;S004;S005;S011;S013,S002;S003;S006;S007;S010;S014,S008;S009;S012;S015
3,"1,4,5|2,3,6|7,8,9",False,False,13,5,8,4.336884734034134,0.12297601586582829,0.11120603534602524,1.3408746876178306,,0,0,0,4,3,4,6,3,7,5,10,0,1,2,0,0,3,3,4,S001;S004;S005;S011;S013,S002;S003;S006;S007,S008;S009;S010;S012;S014;S015
3,"1,4,5,7,8,9|2,3|6",False,False,11,5,5,2.7022059122985276,0.8048581047965183,0.6674102123659768,6.475444737299521,,0,0,0,4,3,4,6,3,6,5,9,0,1,2,0,0,2,3,3,S001;S004;S005;S008;S009;S010;S011;S012;S013;S014;S015,S002;S003,S006;S007
3,"1,4,5,7,8|2,3,9|6",False,False,10,5,6,3.628332866008366,0.5897147353732175,0.5003482461538423,5.359966611450585,,0,0,0,4,3,4,6,3,6,5,8,0,1,2,0,0,2,3,2,S001;S004;S005;S008;S009;S011;S012;S013;S015,S002;S003;S010;S014,S006;S007
3,"1,4,5,7,8|2,3|6,9",False,False,14,5,8,4.567962393343322,0.5444262651122368,0.3504880429183804,3.2736725132108324,,0,0,0,4,3,4,6,3,6,6,11,0,1,2,0,0,2,4,5,S001;S004;S005;S008;S009;S011;S012;S013;S015,S002;S003,S006;S007;S010;S014
3,"1,4,5,7,9|2,3,8|6",False,False,11,5,7,3.8964181980361556,0.5870104808537709,0.5271529425769257,5.342963139844446,,0,0,0,4,3,4,6,3,6,5,9,0,1,2,0,0,2,3,3,S001;S004;S005;S008;S010;S011;S013;S014;S015,S002;S003;S009;S012,S006;S007
3,"1,4,5,7|2,3,8,9|6",False,False,10,5,6,3.3752152278633867,0.47654544783601915,0.4667902584353686,4.227485013995511,,0,0,0,4,3,4,6,3,6,5,8,0,1,2,0,0,2,3,2,S001;S004;S005;S008;S011;S013;S015,S002;S003;S009;S010;S012;S014,S006;S007
3,"1,4,5,7|2,3,8|6,9",False,False,14,5,9,5.24097170890818,0.29061722832669384,0.15523940087632165,1.9983591238028195,,0,0,0,4,3,4,6,3,6,6,11,0,1,2,0,0,2,4,5,S001;S004;S005;S008;S011;S013;S015,S002;S003;S009;S012,S006;S007;S010;S014
3,"1,4,5,7,9|2,3|6,8",False,False,13,5,8,4.417621168208925,0.540772455547256,0.416183814711307,3.2632874116493302,,0,0,0,5,2,4,6,2,6,6,10,1,0,2,0,0,2,4,4,S001;S004;S005;S008;S010;S011;S013;S014;S015,S002;S003,S006;S007;S009;S012
3,"1,4,5,7|2,3,9|6,8",False,False,12,5,8,4.822545151745993,0.289267053808358,0.2061001007011188,1.9824250858908397,,0,0,0,5,2,4,6,2,6,6,9,1,0,2,0,0,2,4,3,S001;S004;S005;S008;S011;S013;S015,S002;S003;S010;S014,S006;S007;S009;S012
3,"1,4,5,7|2,3|6,8,9",False,False,14,5,8,4.314844755198342,0.3515474319738677,0.23487278832460476,2.5819939737614175,,0,0,0,5,2,4,6,2,6,6,11,1,0,2,0,0,2,4,5,S001;S004;S005;S008;S011;S013;S015,S002;S003,S006;S007;S009;S010;S012;S014
3,"1,4,5,8,9|2,3,7|6",False,False,9,5,5,2.72424589113432,0.5633491825289709,0.49655187792033206,5.187122771592725,,0,0,0,4,3,3,6,3,6,5,8,0,1,1,0,0,2,3,2,S001;S004;S005;S009;S010;S011;S012;S013;S014,S002;S003;S008;S015,S006;S007
3,"1,4,5,8|2,3,7,9|6",False,False,7,5,6,3.650372844844158,0.4743383121127204,0.4797967716651662,4.071644645743789,,1,0,0,4,3,3,6,3,6,4,7,0,1,1,0,0,2,2,1,S001;S004;S005;S009;S011;S012;S013,S002;S003;S008;S010;S014;S015,S006;S007
3,"1,4,5,8|2,3,7|6,9",False,False,11,5,8,4.590002372179114,0.26419596335786094,0.12858882787477796,1.9246923879725053,,0,0,0,4,3,3,6,3,6,5,10,0,1,1,0,0,2,3,4,S001;S004;S005;S009;S011;S012;S013,S002;S003;S008;S015,S006;S007;S010;S014
3,"1,4,5,9|2,3,7,8|6",False,False,9,5,7,3.918458176871948,0.4743207690851409,0.47297890559233824,4.058098249731941,,0,0,0,4,3,3,6,3,6,5,8,0,1,1,0,0,2,3,2,S001;S004;S005;S010;S011;S013;S014,S002;S003;S008;S009;S012;S015,S006;S007
3,"1,4,5|2,3,7,8,9|6",False,False,7,5,6,3.397255206699179,0.5613929851973575,0.5634248015185839,5.173576375580877,,0,0,0,4,3,3,6,3,6,4,7,0,1,1,0,0,2,2,1,S001;S004;S005;S011;S013,S002;S003;S008;S009;S010;S012;S014;S015,S006;S007
3,"1,4,5|2,3,7,8|6,9",False,False,11,5,9,5.2630116877439725,0.26208982632819994,0.22203668330723783,1.9182889201954934,,0,0,0,4,3,3,6,3,6,5,10,0,1,1,0,0,2,3,4,S001;S004;S005;S011;S013,S002;S003;S008;S009;S012;S015,S006;S007;S010;S014
3,"1,4,5,9|2,3,7|6,8",False,False,11,5,8,4.439661147044717,0.25964814394674424,0.21200193143409748,1.9013721754862976,,0,0,0,5,2,3,6,2,6,6,9,1,0,1,0,0,2,4,3,S001;S004;S005;S010;S011;S013;S014,S002;S003;S008;S015,S006;S007;S009;S012
3,"1,4,5|2,3,7,9|6,8",False,False,9,5,8,4.844585130581786,0.25753712551314234,0.28369733817900084,1.8950197661487385,,0,0,0,5,2,3,6,2,6,5,8,1,0,1,0,0,2,3,2,S001;S004;S005;S011;S013,S002;S003;S008;S010;S014;S015,S006;S007;S009;S012
3,"1,4,5|2,3,7|6,8,9",False,False,11,5,8,4.336884734034134,0.04900737918837964,0.07301169594255597,1.1101795311344975,,0,0,0,5,2,3,6,2,6,5,10,1,0,1,0,0,2,3,4,S001;S004;S005;S011;S013,S002;S003;S008;S015,S006;S007;S009;S010;S012;S014
3,"1,4,5,8,9|2,3|6,7",False,False,13,5,5,2.72424589113432,0.5079763687806053,0.3944222106247553,3.1681057870279323,,0,0,0,4,3,4,6,3,7,6,9,0,1,2,0,0,3,4,3,S001;S004;S005;S009;S010;S011;S012;S013;S014,S002;S003,S006;S007;S008;S015
3,"1,4,5,8|2,3,9|6,7",False,False,11,5,6,3.650372844844158,0.24867791982864546,0.22563857164245163,1.779314583682797,,0,0,0,4,3,4,6,3,7,5,8,0,1,2,0,0,3,3,2,S001;S004;S005;S009;S011;S012;S013,S002;S003;S010;S014,S006;S007;S008;S015
3,"1,4,5,8|2,3|6,7,9",False,False,13,5,8,4.590002372179114,0.33809911734455905,0.22985112087859622,2.4868123491400196,,0,0,0,4,3,4,6,3,7,5,10,0,1,2,0,0,3,3,4,S001;S004;S005;S009;S011;S012;S013,S002;S003,S006;S007;S008;S010;S014;S015
3,"1,4,5,9|2,3,8|6,7",False,False,13,5,7,3.918458176871948,0.2454410405617313,0.24873447994866663,1.7718840420627995,,0,0,0,4,3,4,6,3,7,6,9,0,1,2,0,0,3,4,3,S001;S004;S005;S010;S011;S013;S014,S002;S003;S009;S012,S006;S007;S008;S015
3,"1,4,5|2,3,8,9|6,7",False,False,11,5,6,3.397255206699179,0.21584573177200925,0.2794302403066196,1.6978617817331652,,0,0,0,4,3,4,6,3,7,5,8,0,1,2,0,0,3,3,2,S001;S004;S005;S011;S013,S002;S003;S009;S010;S012;S014,S006;S007;S008;S015
3,"1,4,5|2,3,8|6,7,9",False,False,13,5,9,5.2630116877439725,0.08823834643942459,0.11004993550870829,1.2289079486987304,,0,0,0,4,3,4,6,3,7,5,10,0,1,2,0,0,3,3,4,S001;S004;S005;S011;S013,S002;S003;S009;S012,S006;S007;S008;S010;S014;S015
3,"1,4,5,9|2,3|6,7,8",False,False,12,4,8,4.439661147044717,0.3369145675322198,0.23930623874479662,2.4764272475785165,,0,0,0,4,2,4,6,2,7,6,9,0,0,2,0,0,3,4,3,S001;S004;S005;S010;S011;S013;S014,S002;S003,S006;S007;S008;S009;S012;S015
3,"1,4,5|2,3,9|6,7,8",False,False,10,4,8,4.844585130581786,0.09265971005185293,0.08003300889404137,1.2426755843159576,,0,0,0,4,2,4,6,2,7,5,8,0,0,2,0,0,3,3,2,S001;S004;S005;S011;S013,S002;S003;S010;S014,S006;S007;S008;S009;S012;S015
3,"1,4,5|2,3|6,7,8,9",False,False,12,4,8,4.336884734034134,0.3902945127547391,0.3075159612879631,2.77059574322186,,0,0,0,4,2,4,6,2,7,5,10,0,0,2,0,0,3,3,4,S001;S004;S005;S011;S013,S002;S003,S006;S007;S008;S009;S010;S012;S014;S015
3,"1,4,6,7,8|2,3,5|9",False,False,10,4,7,3.604761230032738,0.5925217524450438,0.40460827462847265,4.880153161064758,,0,0,0,4,2,3,6,2,5,6,10,0,0,1,0,0,1,4,4,S001;S004;S006;S007;S008;S009;S012;S013;S015,S002;S003;S005;S011,S010;S014
3,"1,4,6,7|2,3,5,8|9",False,False,11,5,6,3.7415998815420175,0.45525988687172,0.33066218156515825,3.864909947224775,,0,0,0,4,3,3,6,3,5,6,10,0,1,1,0,0,1,4,4,S001;S004;S006;S007;S008;S013;S015,S002;S003;S005;S009;S011;S012,S010;S014
3,"1,4,6,7,9|2,3,5|8",False,False,10,6,6,3.1863346728705517,0.5880352861460746,0.4817644829865664,4.7918665014505155,,0,0,0,5,3,3,6,3,5,5,9,1,1,1,0,0,1,3,3,S001;S004;S006;S007;S008;S010;S013;S014;S015,S002;S003;S005;S011,S009;S012
3,"1,4,6,7|2,3,5,9|8",False,False,9,6,6,3.591258656407621,0.4518012898920106,0.4123627988260887,3.8068808483894405,,0,0,0,5,3,3,6,3,5,5,8,1,1,1,0,0,1,3,2,S001;S004;S006;S007;S008;S013;S015,S002;S003;S005;S010;S011;S014,S009;S012
3,"1,4,6,7|2,3,5|8,9",False,False,12,6,6,3.083558259859969,0.2993178158020137,0.18434355168433494,1.9178379664955232,,0,0,0,5,3,3,6,3,5,6,10,1,1,1,0,0,1,4,4,S001;S004;S006;S007;S008;S013;S015,S002;S003;S005;S011,S009;S010;S012;S014
3,"1,4,6,8|2,3,5,7|9",False,False,12,4,8,4.158091098493729,0.4494183133230571,0.33834927915777757,3.725202709009664,,0,0,0,4,2,4,6,2,6,6,10,0,0,2,0,0,2,4,4,S001;S004;S006;S007;S009;S012;S013,S002;S003;S005;S008;S011;S015,S010;S014
3,"1,4,6|2,3,5,7,8|9",False,False,13,5,7,4.294929750003009,0.5186419888304212,0.4309717241639585,4.459397852769642,,0,0,0,4,3,4,6,3,6,6,10,0,1,2,0,0,2,4,4,S001;S004;S006;S007;S013,S002;S003;S005;S008;S009;S011;S012;S015,S010;S014
3,"1,4,6,9|2,3,5,7|8",False,False,12,6,7,3.739664541331543,0.4452673938751222,0.41049735450059427,3.6542568761798457,,0,0,0,5,3,4,6,3,6,5,9,1,1,2,0,0,2,3,3,S001;S004;S006;S007;S010;S013;S014,S002;S003;S005;S008;S011;S015,S009;S012
3,"1,4,6|2,3,5,7,9|8",False,False,11,6,7,4.144588524868612,0.5140715830171478,0.5159663171734957,4.3774285593305375,,0,0,0,5,3,4,6,3,6,5,8,1,1,2,0,0,2,3,2,S001;S004;S006;S007;S013,S002;S003;S005;S008;S010;S011;S014;S015,S009;S012
3,"1,4,6|2,3,5,7|8,9",False,False,14,6,7,3.6368881283209604,0.21424874670123006,0.21541799365450548,1.7090515999639226,,0,0,0,5,3,4,6,3,6,6,10,1,1,2,0,0,2,4,4,S001;S004;S006;S007;S013,S002;S003;S005;S008;S011;S015,S009;S010;S012;S014
3,"1,4,6,8,9|2,3,5|7",False,False,12,4,6,2.823624507074135,0.5469807115961864,0.47507532295956795,4.0912601060952385,,0,0,0,4,2,4,6,2,6,6,10,0,0,2,0,0,2,4,4,S001;S004;S006;S007;S009;S010;S012;S013;S014,S002;S003;S005;S011,S008;S015
3,"1,4,6,8|2,3,5,9|7",False,False,11,4,7,3.749751460783973,0.4124159835455866,0.41681503614356097,3.2254220970095484,,0,0,0,4,2,4,6,2,6,6,9,0,0,2,0,0,2,4,3,S001;S004;S006;S007;S009;S012;S013,S002;S003;S005;S010;S011;S014,S008;S015
3,"1,4,6,8|2,3,5|7,9",False,False,13,4,9,4.689380988118929,0.2609862632835131,0.1334578367763283,1.728672093345386,,0,0,0,4,2,4,6,2,6,6,11,0,0,2,0,0,2,4,5,S001;S004;S006;S007;S009;S012;S013,S002;S003;S005;S011,S008;S010;S014;S015
3,"1,4,6,9|2,3,5,8|7",False,False,13,5,6,3.481666128756183,0.411716327376559,0.4107886253535537,3.2122239430862702,,0,0,0,4,3,4,6,3,6,6,10,0,1,2,0,0,2,4,4,S001;S004;S006;S007;S010;S013;S014,S002;S003;S005;S009;S011;S012,S008;S015
3,"1,4,6|2,3,5,8,9|7",False,False,12,5,5,2.9604631585834142,0.4721829495179182,0.4808516090128957,3.72695416764876,,0,0,0,4,3,4,6,3,6,6,9,0,1,2,0,0,2,4,3,S001;S004;S006;S007;S013,S002;S003;S005;S009;S010;S011;S012;S014,S008;S015
3,"1,4,6|2,3,5,8|7,9",False,False,14,5,8,4.826219639628208,0.17236572882554277,0.1422202051210846,1.5334215213919302,,0,0,0,4,3,4,6,3,6,6,11,0,1,2,0,0,2,4,5,S001;S004;S006;S007;S013,S002;S003;S005;S009;S011;S012,S008;S010;S014;S015
3,"1,4,6,9|2,3,5|7,8",False,False,13,5,8,4.270954430956742,0.2568712175132602,0.1926181354385928,1.7095061853106754,,0,0,0,4,3,4,6,3,6,6,10,0,1,2,0,0,2,4,4,S001;S004;S006;S007;S010;S013;S014,S002;S003;S005;S011,S008;S009;S012;S015
3,"1,4,6|2,3,5,9|7,8",False,False,12,5,8,4.675878414493811,0.1677961456441883,0.2154334541340805,1.5156270329993637,,0,0,0,4,3,4,6,3,6,6,9,0,1,2,0,0,2,4,3,S001;S004;S006;S007;S013,S002;S003;S005;S010;S011;S014,S008;S009;S012;S015
3,"1,4,6|2,3,5|7,8,9",False,False,14,5,8,4.168178017946159,0.13212158079799585,0.11552978034397876,1.384845303041018,,0,0,0,4,3,4,6,3,6,6,11,0,1,2,0,0,2,4,5,S001;S004;S006;S007;S013,S002;S003;S005;S011,S008;S009;S010;S012;S014;S015
3,"1,4,7,8|2,3,5,6|9",False,False,12,4,8,4.304757835745912,0.46315660491429483,0.3442265375658194,3.983676594804036,,0,0,0,4,2,4,6,2,6,6,10,0,0,2,0,0,2,4,4,S001;S004;S008;S009;S012;S013;S015,S002;S003;S005;S006;S007;S011,S010;S014
3,"1,4,7|2,3,5,6,8|9",False,False,13,5,7,4.441596487255191,0.4840898756339751,0.39268681863357885,4.200923966975271,,0,0,0,4,3,4,6,3,6,6,10,0,1,2,0,0,2,4,4,S001;S004;S008;S013;S015,S002;S003;S005;S006;S007;S009;S011;S012,S010;S014
3,"1,4,7,9|2,3,5,6|8",False,False,12,6,7,3.8863312785837256,0.4587439982864452,0.4193906861089138,3.9088499453782477,,0,0,0,5,3,4,6,3,6,5,9,1,1,2,0,0,2,3,3,S001;S004;S008;S010;S013;S014;S015,S002;S003;S005;S006;S007;S011,S009;S012
3,"1,4,7|2,3,5,6,9|8",False,False,11,6,7,4.291255262120795,0.47955948952054206,0.47808859796379455,4.122835490132135,,0,0,0,5,3,4,6,3,6,5,8,1,1,2,0,0,2,3,2,S001;S004;S008;S013;S015,S002;S003;S005;S006;S007;S010;S011;S014,S009;S012
3,"1,4,7|2,3,5,6|8,9",False,False,14,6,7,3.783554865573143,0.18667587734497593,0.17835927691186584,1.5807921997985912,,0,0,0,5,3,4,6,3,6,6,10,1,1,2,0,0,2,4,4,S001;S004;S008;S013;S015,S002;S003;S005;S006;S007;S011,S009;S010;S012;S014
3,"1,4,8|2,3,5,6,7|9",False,False,10,4,8,4.326797814581704,0.5015755178654523,0.40680960592941867,4.340631205190381,,0,0,0,4,2,3,6,2,7,5,9,0,0,1,0,0,3,3,3,S001;S004;S009;S012;S013,S002;S003;S005;S006;S007;S008;S011;S015,S010;S014
3,"1,4|2,3,5,6,7,8|9",False,False,11,5,7,4.463636466090984,0.6944351099213701,0.5797062248868392,5.355874419030364,,0,0,0,4,3,3,6,3,7,5,9,0,1,1,0,0,3,3,3,S001;S004;S013,S002;S003;S005;S006;S007;S008;S009;S011;S012;S015,S010;S014
3,"1,4,9|2,3,5,6,7|8",False,False,11,6,7,3.908371257419518,0.499091951924639,0.460224885502178,4.27545946234173,,0,0,0,5,3,3,6,3,7,5,8,1,1,1,0,0,3,3,2,S001;S004;S010;S013;S014,S002;S003;S005;S006;S007;S008;S011;S015,S009;S012
3,"1,4|2,3,5,6,7,9|8",False,False,9,6,7,4.313295240956586,0.6901388679994334,0.6584371839274814,5.2604451154028045,,0,0,0,5,3,3,6,3,7,4,7,1,1,1,0,0,3,2,1,S001;S004;S013,S002;S003;S005;S006;S007;S008;S010;S011;S014;S015,S009;S012
3,"1,4|2,3,5,6,7|8,9",False,False,12,6,7,3.8055948444089354,0.4211038114357798,0.38866213889473433,2.3935329834076917,,0,0,0,5,3,3,6,3,7,5,9,1,1,1,0,0,3,3,3,S001;S004;S013,S002;S003;S005;S006;S007;S008;S011;S015,S009;S010;S012;S014
3,"1,4,8,9|2,3,5,6|7",False,False,12,4,6,2.9923312231621098,0.4184594668623273,0.4064070880526193,3.3150566207720793,,0,0,0,4,2,4,6,2,7,6,9,0,0,2,0,0,3,4,3,S001;S004;S009;S010;S012;S013;S014,S002;S003;S005;S006;S007;S011,S008;S015
3,"1,4,8|2,3,5,6,9|7",False,False,10,4,7,3.918458176871948,0.455191948811143,0.48716106737948256,3.6241214899629517,,0,0,0,4,2,4,6,2,7,5,8,0,0,2,0,0,3,3,2,S001;S004;S009;S012;S013,S002;S003;S005;S006;S007;S010;S011;S014,S008;S015
3,"1,4,8|2,3,5,6|7,9",False,False,12,4,9,4.858087704206904,0.15694083689790223,0.1085507860398089,1.4783081207724418,,0,0,0,4,2,4,6,2,7,5,10,0,0,2,0,0,3,3,4,S001;S004;S009;S012;S013,S002;S003;S005;S006;S007;S011,S008;S010;S014;S015
3,"1,4,9|2,3,5,6,8|7",False,False,13,5,6,3.650372844844158,0.45725287349403326,0.45567680886270495,3.6373196438862294,,0,0,0,4,3,4,6,3,7,6,9,0,1,2,0,0,3,4,3,S001;S004;S010;S013;S014,S002;S003;S005;S006;S007;S009;S011;S012,S008;S015
3,"1,4|2,3,5,6,8,9|7",False,False,11,5,5,3.129169874671389,0.6509369663306344,0.6247681321708325,4.50315765297192,,0,0,0,4,3,4,6,3,7,5,8,0,1,2,0,0,3,3,2,S001;S004;S013,S002;S003;S005;S006;S007;S009;S010;S011;S012;S014,S008;S015
3,"1,4|2,3,5,6,8|7,9",False,False,13,5,8,4.994926355716183,0.3871381803423153,0.33202516233613893,2.316494906021895,,0,0,0,4,3,4,6,3,7,5,10,0,1,2,0,0,3,3,4,S001;S004;S013,S002;S003;S005;S006;S007;S009;S011;S012,S008;S010;S014;S015
3,"1,4,9|2,3,5,6|7,8",False,False,13,5,8,4.439661147044717,0.15403883830390086,0.14856762668700005,1.4679246388000975,,0,0,0,4,3,4,6,3,7,6,9,0,1,2,0,0,3,4,3,S001;S004;S010;S013;S014,S002;S003;S005;S006;S007;S011,S008;S009;S012;S015
3,"1,4|2,3,5,6,9|7,8",False,False,11,5,8,4.844585130581786,0.3835270890595555,0.39080532655959016,2.308089415351435,,0,0,0,4,3,4,6,3,7,5,8,0,1,2,0,0,3,3,2,S001;S004;S013,S002;S003;S005;S006;S007;S010;S011;S014,S008;S009;S012;S015
3,"1,4|2,3,5,6|7,8,9",False,False,13,5,8,4.336884734034134,0.23621478265959978,0.23509070346121175,1.7566643183412154,,0,0,0,4,3,4,6,3,7,5,10,0,1,2,0,0,3,3,4,S001;S004;S013,S002;S003;S005;S006;S007;S011,S008;S009;S010;S012;S014;S015
3,"1,4,7,8,9|2,3,5|6",False,False,11,5,6,2.9702912443263174,0.6230236611437249,0.546222955253714,5.559182227809213,,0,0,0,4,3,4,6,3,6,5,9,0,1,2,0,0,2,3,3,S001;S004;S008;S009;S010;S012;S013;S014;S015,S002;S003;S005;S011,S006;S007
3,"1,4,7,8|2,3,5,9|6",False,False,10,5,7,3.8964181980361556,0.4856128918948835,0.4711142393352314,4.443704101960277,,0,0,0,4,3,4,6,3,6,5,8,0,1,2,0,0,2,3,2,S001;S004;S008;S009;S012;S013;S015,S002;S003;S005;S010;S011;S014,S006;S007
3,"1,4,7,8|2,3,5|6,9",False,False,14,5,9,4.836047725371111,0.3325794953350363,0.19652624004956504,2.1005672654625203,,0,0,0,4,3,4,6,3,6,6,11,0,1,2,0,0,2,4,5,S001;S004;S008;S009;S012;S013;S015,S002;S003;S005;S011,S006;S007;S010;S014
3,"1,4,7,9|2,3,5,8|6",False,False,12,5,6,3.628332866008366,0.48465354131479976,0.4714813039814598,4.426700630354138,,0,0,0,4,4,4,6,4,6,5,9,0,2,2,0,0,2,3,3,S001;S004;S008;S010;S013;S014;S015,S002;S003;S005;S009;S011;S012,S006;S007
3,"1,4,7|2,3,5,8,9|6",False,False,11,5,5,3.107129895835597,0.5148765021827596,0.5113236502958727,4.801516919364389,,0,0,0,4,4,4,6,4,6,5,8,0,2,2,0,0,2,3,2,S001;S004;S008;S013;S015,S002;S003;S005;S009;S010;S011;S012;S014,S006;S007
3,"1,4,7|2,3,5,8|6,9",False,False,15,5,8,4.972886376880391,0.22048440525817414,0.15037325990747,1.7424140427054782,,0,0,0,4,4,4,6,4,6,6,11,0,2,2,0,0,2,4,5,S001;S004;S008;S013;S015,S002;S003;S005;S009;S011;S012,S006;S007;S010;S014
3,"1,4,7,9|2,3,5|6,8",False,False,14,6,8,4.417621168208925,0.32828292776377077,0.26016577117159495,2.075844703952901,,0,0,0,5,3,4,6,3,6,6,10,1,1,2,0,0,2,4,4,S001;S004;S008;S010;S013;S014;S015,S002;S003;S005;S011,S006;S007;S009;S012
3,"1,4,7|2,3,5,9|6,8",False,False,13,6,8,4.822545151745993,0.21611283759053293,0.23216463793798844,1.720547237682135,,0,0,0,5,3,4,6,3,6,6,9,1,1,2,0,0,2,4,3,S001;S004;S008;S013;S015,S002;S003;S005;S010;S011;S014,S006;S007;S009;S012
3,"1,4,7|2,3,5|6,8,9",False,False,15,6,8,4.314844755198342,0.11299415026861176,0.06659773877124102,1.296709746550321,,0,0,0,5,3,4,6,3,6,6,11,1,1,2,0,0,2,4,5,S001;S004;S008;S013;S015,S002;S003;S005;S011,S006;S007;S009;S010;S012;S014
3,"1,4,8,9|2,3,5,7|6",False,False,11,5,6,2.9923312231621098,0.4778117227232364,0.4618681605606514,4.270860262102416,,0,0,0,4,3,4,6,3,7,5,8,0,1,2,0,0,3,3,2,S001;S004;S009;S010;S012;S013;S014,S002;S003;S005;S008;S011;S015,S006;S007
3,"1,4,8|2,3,5,7,9|6",False,False,9,5,7,3.918458176871948,0.532572129784832,0.5503781022153418,4.957357287616111,,0,0,0,4,3,4,6,3,7,4,7,0,1,2,0,0,3,2,1,S001;S004;S009;S012;S013,S002;S003;S005;S008;S010;S011;S014;S015,S006;S007
3,"1,4,8|2,3,5,7|6,9",False,False,13,5,9,4.858087704206904,0.23364181358488792,0.16680055042497893,1.8160807785357929,,0,0,0,4,3,4,6,3,7,5,10,0,1,2,0,0,3,3,4,S001;S004;S009;S012;S013,S002;S003;S005;S008;S011;S015,S006;S007;S010;S014
3,"1,4,9|2,3,5,7,8|6",False,False,12,5,6,3.650372844844158,0.5346660358482854,0.5195441909291604,4.97436075922225,,0,0,0,4,4,4,6,4,7,5,8,0,2,2,0,0,3,3,2,S001;S004;S010;S013;S014,S002;S003;S005;S008;S009;S011;S012;S015,S006;S007
3,"1,4|2,3,5,7,8,9|6",False,False,10,5,5,3.129169874671389,0.7237017064391386,0.6868908165638501,6.089838885071186,,0,0,0,4,4,4,6,4,7,4,7,0,2,2,0,0,3,2,1,S001;S004;S013,S002;S003;S005;S008;S009;S010;S011;S012;S014;S015,S006;S007
3,"1,4|2,3,5,7,8|6,9",False,False,14,5,8,4.994926355716183,0.4510276089707886,0.37545746193512525,2.459023893570664,,0,0,0,4,4,4,6,4,7,5,10,0,2,2,0,0,3,3,4,S001;S004;S013,S002;S003;S005;S008;S009;S011;S012;S015,S006;S007;S010;S014
3,"1,4,9|2,3,5,7|6,8",False,False,14,6,8,4.439661147044717,0.2309368270002276,0.21026867743958091,1.801600148086677,,0,0,0,5,3,4,6,3,7,6,9,1,1,2,0,0,3,4,3,S001;S004;S010;S013;S014,S002;S003;S005;S008;S011;S015,S006;S007;S009;S012
3,"1,4|2,3,5,7,9|6,8",False,False,12,6,8,4.844585130581786,0.4471403902550474,0.44012165739412606,2.4506184029002043,,0,0,0,5,3,4,6,3,7,5,8,1,1,2,0,0,3,3,2,S001;S004;S013,S002;S003;S005;S008;S010;S011;S014;S015,S006;S007;S009;S012
3,"1,4|2,3,5,7|6,8,9",False,False,14,6,8,4.336884734034134,0.24932635582669066,0.24530122963835235,1.8991933058899848,,0,0,0,5,3,4,6,3,7,5,10,1,1,2,0,0,3,3,4,S001;S004;S013,S002;S003;S005;S008;S011;S015,S006;S007;S009;S010;S012;S014
3,"1,4,8,9|2,3,5|6,7",False,False,13,5,6,2.9923312231621098,0.2892953826826777,0.2564041397681248,1.866372095407156,,0,0,0,4,3,4,6,3,7,6,9,0,1,2,0,0,3,4,3,S001;S004;S009;S010;S012;S013;S014,S002;S003;S005;S011,S006;S007;S008;S015
3,"1,4,8|2,3,5,9|6,7",False,False,11,5,7,3.918458176871948,0.18758207052437045,0.27122714033988743,1.603373728388809,,0,0,0,4,3,4,6,3,7,5,8,0,1,2,0,0,3,3,2,S001;S004;S009;S012;S013,S002;S003;S005;S010;S011;S014,S006;S007;S008;S015
3,"1,4,8|2,3,5|6,7,9",False,False,13,5,9,4.858087704206904,0.11751633689031289,0.11267757816406426,1.3329641085804174,,0,0,0,4,3,4,6,3,7,5,10,0,1,2,0,0,3,3,4,S001;S004;S009;S012;S013,S002;S003;S005;S011,S006;S007;S008;S010;S014;S015
3,"1,4,9|2,3,5,8|6,7",False,False,14,5,6,3.650372844844158,0.18931182895563117,0.23828094113941806,1.6108042700088063,,0,0,0,4,4,4,6,4,7,6,9,0,2,2,0,0,3,4,3,S001;S004;S010;S013;S014,S002;S003;S005;S009;S011;S012,S006;S007;S008;S015
3,"1,4|2,3,5,8,9|6,7",False,False,12,5,5,3.129169874671389,0.4121668864484569,0.4204195588000776,2.373580325514407,,0,0,0,4,4,4,6,4,7,5,8,0,2,2,0,0,3,3,2,S001;S004;S013,S002;S003;S005;S009;S010;S011;S012;S014,S006;S007;S008;S015
3,"1,4|2,3,5,8|6,7,9",False,False,14,5,8,4.994926355716183,0.23922984566693328,0.2464535600410534,1.8221552285041875,,0,0,0,4,4,4,6,4,7,5,10,0,2,2,0,0,3,3,4,S001;S004;S013,S002;S003;S005;S009;S011;S012,S006;S007;S008;S010;S014;S015
3,"1,4,9|2,3,5|6,7,8",False,False,13,5,8,4.439661147044717,0.11889563285363684,0.06459962609149057,1.3396228478608108,,0,0,0,4,3,4,6,3,7,6,9,0,1,2,0,0,3,4,3,S001;S004;S010;S013;S014,S002;S003;S005;S011,S006;S007;S008;S009;S012;S015
3,"1,4|2,3,5,9|6,7,8",False,False,11,5,8,4.844585130581786,0.2385478269300682,0.2622771845993511,1.8137497378337275,,0,0,0,4,3,4,6,3,7,5,8,0,1,2,0,0,3,3,2,S001;S004;S013,S002;S003;S005;S010;S011;S014,S006;S007;S008;S009;S012;S015
3,"1,4|2,3,5|6,7,8,9",False,False,13,5,8,4.336884734034134,0.35609240579892093,0.31091702280972083,2.242464027275082,,0,0,0,4,3,4,6,3,7,5,10,0,1,2,0,0,3,3,4,S001;S004;S013,S002;S003;S005;S011,S006;S007;S008;S009;S010;S012;S014;S015
3,"1,4,6,7,8,9|2,3|5",False,False,10,4,4,1.7390047489879445,0.8254883455474595,0.7182723280283567,7.158627751186617,,0,0,0,4,2,4,6,2,6,5,9,0,0,2,0,0,2,3,3,S001;S004;S006;S007;S008;S009;S010;S012;S013;S014;S015,S002;S003,S005;S011
3,"1,4,6,7,8|2,3,9|5",False,False,9,4,5,2.6651317026977828,0.6120857683888858,0.5558534706181651,5.941205763169836,,0,0,0,4,2,4,6,2,6,5,8,0,0,2,0,0,2,3,2,S001;S004;S006;S007;S008;S009;S012;S013;S015,S002;S003;S010;S014,S005;S011
3,"1,4,6,7,8|2,3|5,9",False,False,12,4,7,3.604761230032738,0.5626158155098723,0.3695240731636721,3.324816324521374,,0,0,0,4,2,4,6,2,6,6,10,0,0,2,0,0,2,4,4,S001;S004;S006;S007;S008;S009;S012;S013;S015,S002;S003,S005;S010;S011;S014
3,"1,4,6,7,9|2,3,8|5",False,False,11,5,5,2.6651317026977828,0.6093963801448388,0.5728154393476693,5.922648339473,,0,0,0,4,3,4,6,3,6,5,9,0,1,2,0,0,2,3,3,S001;S004;S006;S007;S008;S010;S013;S014;S015,S002;S003;S009;S012,S005;S011
3,"1,4,6,7|2,3,8,9|5",False,False,10,5,4,2.143928732525014,0.49712099767014445,0.5273573019559015,4.7052263514562185,,0,0,0,4,3,4,6,3,6,5,8,0,1,2,0,0,2,3,2,S001;S004;S006;S007;S008;S013;S015,S002;S003;S009;S010;S012;S014,S005;S011
3,"1,4,6,7|2,3,8|5,9",False,False,13,5,7,4.009685213569807,0.3126390488110651,0.17747307517113747,2.1219354623900344,,0,0,0,4,3,4,6,3,6,6,10,0,1,2,0,0,2,4,4,S001;S004;S006;S007;S008;S013;S015,S002;S003;S009;S012,S005;S010;S011;S014
3,"1,4,6,7,9|2,3|5,8",False,False,12,6,5,2.918249340842762,0.5588968562297386,0.4464133011481846,3.314431222959872,,0,0,0,5,3,4,6,3,6,5,9,1,1,2,0,0,2,3,3,S001;S004;S006;S007;S008;S010;S013;S014;S015,S002;S003,S005;S009;S011;S012
3,"1,4,6,7|2,3,9|5,8",False,False,11,6,5,3.323173324379831,0.3112191424281513,0.26136653326406845,2.1043245419912924,,0,0,0,5,3,4,6,3,6,5,8,1,1,2,0,0,2,3,2,S001;S004;S006;S007;S008;S013;S015,S002;S003;S010;S014,S005;S009;S011;S012
3,"1,4,6,7|2,3|5,8,9",False,False,14,6,5,2.8154729278321793,0.36058092308390044,0.21644540559463873,2.633137785071959,,0,0,0,5,3,4,6,3,6,6,10,1,1,2,0,0,2,4,4,S001;S004;S006;S007;S008;S013;S015,S002;S003,S005;S009;S010;S011;S012;S014
3,"1,4,6,8,9|2,3,7|5",False,False,10,4,5,2.292334617448936,0.585834508918232,0.5669175106744109,5.752565675784825,,0,0,0,4,2,4,6,2,6,5,9,0,0,2,0,0,2,3,3,S001;S004;S006;S007;S009;S010;S012;S013;S014,S002;S003;S008;S015,S005;S011
3,"1,4,6,8|2,3,7,9|5",False,False,9,4,6,3.218461571158774,0.4940523086589324,0.5397318838046882,4.535143687768044,,0,0,0,4,2,4,6,2,6,5,8,0,0,2,0,0,2,3,2,S001;S004;S006;S007;S009;S012;S013,S002;S003;S008;S010;S014;S015,S005;S011
3,"1,4,6,8|2,3,7|5,9",False,False,12,4,8,4.158091098493729,0.2866032717498785,0.187091498369228,2.0452325774149047,,0,0,0,4,2,4,6,2,6,6,10,0,0,2,0,0,2,4,4,S001;S004;S006;S007;S009;S012;S013,S002;S003;S008;S015,S005;S010;S011;S014
3,"1,4,6,9|2,3,7,8|5",False,False,11,5,6,3.218461571158774,0.4939313374269187,0.5339353812119896,4.516586264071208,,0,0,0,4,3,4,6,3,6,5,9,0,1,2,0,0,2,3,3,S001;S004;S006;S007;S010;S013;S014,S002;S003;S008;S009;S012;S015,S005;S011
3,"1,4,6|2,3,7,8,9|5",False,False,10,5,5,2.697258600986005,0.5721897735065662,0.6201639992240585,5.646390987293364,,0,0,0,4,3,4,6,3,6,5,8,0,1,2,0,0,2,3,2,S001;S004;S006;S007;S013,S002;S003;S008;S009;S010;S012;S014;S015,S005;S011
3,"1,4,6|2,3,7,8|5,9",False,False,13,5,8,4.563015082030798,0.2723622754922408,0.25550470257648383,1.9973505373407816,,0,0,0,4,3,4,6,3,6,6,10,0,1,2,0,0,2,4,4,S001;S004;S006;S007;S013,S002;S003;S008;S009;S012;S015,S005;S010;S011;S014
3,"1,4,6,9|2,3,7|5,8",False,False,12,6,6,3.471579209303753,0.282052010248523,0.2814877056659092,2.0199587887125356,,0,0,0,5,3,4,6,3,6,5,9,1,1,2,0,0,2,3,3,S001;S004;S006;S007;S010;S013;S014,S002;S003;S008;S015,S005;S009;S011;S012
3,"1,4,6|2,3,7,9|5,8",False,False,11,6,6,3.8765031928408225,0.2677921354664582,0.3421250954687813,1.9724741437577367,,0,0,0,5,3,4,6,3,6,5,8,1,1,2,0,0,2,3,2,S001;S004;S006;S007;S013,S002;S003;S008;S010;S014;S015,S005;S009;S011;S012
3,"1,4,6|2,3,7|5,8,9",False,False,14,6,6,3.3688027962931706,0.03224994550224319,0.04686921850147498,1.0815573634131992,,0,0,0,5,3,4,6,3,6,6,10,1,1,2,0,0,2,4,4,S001;S004;S006;S007;S013,S002;S003;S008;S015,S005;S009;S010;S011;S012;S014
3,"1,4,6,8,9|2,3|5,7",False,False,15,4,6,2.823624507074135,0.5254380003656979,0.41985147246603294,3.2192495983384735,,0,0,0,4,2,5,6,2,7,6,11,0,0,3,0,0,3,4,5,S001;S004;S006;S007;S009;S010;S012;S013;S014,S002;S003,S005;S008;S011;S015
3,"1,4,6,8|2,3,9|5,7",False,False,14,4,7,3.749751460783973,0.27043832525909856,0.24928754033994588,1.8848822456131828,,0,0,0,4,2,5,6,2,7,6,10,0,0,3,0,0,3,4,4,S001;S004;S006;S007;S009;S012;S013,S002;S003;S010;S014,S005;S008;S011;S015
3,"1,4,6,8|2,3|5,7,9",False,False,15,4,9,4.689380988118929,0.3447582806513629,0.23353943658202186,2.5379561604505603,,0,0,0,4,2,5,6,2,7,6,11,0,0,3,0,0,3,4,5,S001;S004;S006;S007;S009;S012;S013,S002;S003,S005;S008;S010;S011;S014;S015
3,"1,4,6,9|2,3,8|5,7",False,False,16,5,7,3.749751460783973,0.267272537130581,0.26302562359341913,1.877169467174689,,0,0,0,4,3,5,6,3,7,6,11,0,1,3,0,0,3,4,5,S001;S004;S006;S007;S010;S013;S014,S002;S003;S009;S012,S005;S008;S011;S015
3,"1,4,6|2,3,8,9|5,7",False,False,15,5,6,3.228548490611204,0.2259065373251883,0.2904975378956452,1.7623522498618303,,0,0,0,4,3,5,6,3,7,6,10,0,1,3,0,0,3,4,4,S001;S004;S006;S007;S013,S002;S003;S009;S010;S012;S014,S005;S008;S011;S015
3,"1,4,6|2,3,8|5,7,9",False,False,16,5,9,5.094304971655998,0.07403693966052784,0.09902549181608405,1.1986753660195255,,0,0,0,4,3,5,6,3,7,6,11,0,1,3,0,0,3,4,5,S001;S004;S006;S007;S013,S002;S003;S009;S012,S005;S008;S010;S011;S014;S015
3,"1,4,6,9|2,3|5,7,8",False,False,16,5,7,4.002869098928953,0.34329715153352763,0.24160524115857554,2.527571058889058,,0,0,0,4,3,5,6,3,7,6,11,0,1,3,0,0,3,4,5,S001;S004;S006;S007;S010;S013;S014,S002;S003,S005;S008;S009;S011;S012;S015
3,"1,4,6|2,3,9|5,7,8",False,False,15,5,7,4.407793082466021,0.07860285791480329,0.07056783435060547,1.2122562594330928,,0,0,0,4,3,5,6,3,7,6,10,0,1,3,0,0,3,4,4,S001;S004;S006;S007;S013,S002;S003;S010;S014,S005;S008;S009;S011;S012;S015
3,"1,4,6|2,3|5,7,8,9",False,False,16,5,7,3.9000926859183696,0.37838270713896355,0.28450373332596623,2.719451931911319,,0,0,0,4,3,5,6,3,7,6,11,0,1,3,0,0,3,4,5,S001;S004;S006;S007;S013,S002;S003,S005;S008;S009;S010;S011;S012;S014;S015
3,"1,4,7,8,9|2,3,6|5",False,False,13,5,5,2.4390013547011185,0.6309235482903592,0.6001836301259963,6.067237467679031,,0,0,0,4,3,5,6,3,7,5,9,0,1,3,0,0,3,3,3,S001;S004;S008;S009;S010;S012;S013;S014;S015,S002;S003;S006;S007,S005;S011
3,"1,4,7,8|2,3,6,9|5",False,False,12,5,6,3.3651283084109567,0.5024687485277148,0.5337179470844475,4.84981547966225,,0,0,0,4,3,5,6,3,7,5,8,0,1,3,0,0,3,3,2,S001;S004;S008;S009;S012;S013;S015,S002;S003;S006;S007;S010;S014,S005;S011
3,"1,4,7,8|2,3,6|5,9",False,False,15,5,8,4.304757835745912,0.33729251567377505,0.22812475693237183,2.187141421827349,,0,0,0,4,3,5,6,3,7,6,10,0,1,3,0,0,3,4,4,S001;S004;S008;S009;S012;S013;S015,S002;S003;S006;S007,S005;S010;S011;S014
3,"1,4,7,9|2,3,6,8|5",False,False,13,5,6,3.3651283084109567,0.5016441894689142,0.5344144165568079,4.831258055965413,,0,0,0,4,3,5,6,3,7,5,9,0,1,3,0,0,3,3,3,S001;S004;S008;S010;S013;S014;S015,S002;S003;S006;S007;S009;S012,S005;S011
3,"1,4,7|2,3,6,8,9|5",False,False,12,5,5,2.8439253382381877,0.5372192953059585,0.584524116879988,5.331719195399159,,0,0,0,4,3,5,6,3,7,5,8,0,1,3,0,0,3,3,2,S001;S004;S008;S013;S015,S002;S003;S006;S007;S009;S010;S012;S014,S005;S011
3,"1,4,7|2,3,6,8|5,9",False,False,15,5,8,4.709681819282981,0.24212040321061012,0.21366266538688503,1.855441692928338,,0,0,0,4,3,5,6,3,7,6,10,0,1,3,0,0,3,4,4,S001;S004;S008;S013;S015,S002;S003;S006;S007;S009;S012,S005;S010;S011;S014
3,"1,4,7,9|2,3,6|5,8",False,False,15,6,6,3.618245946555936,0.3329022766923322,0.3178054207469902,2.160689866219661,,0,0,0,5,4,5,6,4,7,5,9,1,2,3,0,0,3,3,3,S001;S004;S008;S010;S013;S014;S015,S002;S003;S006;S007,S005;S009;S011;S012
3,"1,4,7|2,3,6,9|5,8",False,False,14,6,6,4.023169930093005,0.23771395576900164,0.30499952176371997,1.8317430662506116,,0,0,0,5,4,5,6,4,7,5,8,1,2,3,0,0,3,3,2,S001;S004;S008;S013;S015,S002;S003;S006;S007;S010;S014,S005;S009;S011;S012
3,"1,4,7|2,3,6|5,8,9",False,False,17,6,6,3.515469533545353,0.09525230774412109,0.029199638039342217,1.2555375481424138,,0,0,0,5,4,5,6,4,7,6,10,1,2,3,0,0,3,4,4,S001;S004;S008;S013;S015,S002;S003;S006;S007,S005;S009;S010;S011;S012;S014
3,"1,4,8,9|2,3,6,7|5",False,False,11,5,5,2.461041333536911,0.49598866237923805,0.5266293239124356,4.661175392277239,,0,0,0,4,3,4,6,3,7,5,8,0,1,2,0,0,3,3,2,S001;S004;S009;S010;S012;S013;S014,S002;S003;S006;S007;S008;S015,S005;S011
3,"1,4,8|2,3,6,7,9|5",False,False,9,5,6,3.387168287246749,0.5550519843137944,0.6128676813542886,5.501801859087332,,0,0,0,4,3,4,6,3,7,4,7,0,1,2,0,0,3,2,1,S001;S004;S009;S012;S013,S002;S003;S006;S007;S008;S010;S014;S015,S005;S011
3,"1,4,8|2,3,6,7|5,9",False,False,12,5,8,4.326797814581704,0.25600837264063164,0.21487531804646434,1.9321445779034674,,0,0,0,4,3,4,6,3,7,5,9,0,1,2,0,0,3,3,3,S001;S004;S009;S012;S013,S002;S003;S006;S007;S008;S015,S005;S010;S011;S014
3,"1,4,9|2,3,6,7,8|5",False,False,11,5,6,3.387168287246749,0.5571537283401234,0.5911729936933708,5.5203592827841685,,0,0,0,4,3,4,6,3,7,5,8,0,1,2,0,0,3,3,2,S001;S004;S010;S013;S014,S002;S003;S006;S007;S008;S009;S012;S015,S005;S011
3,"1,4|2,3,6,7,8,9|5",False,False,9,5,5,2.8659653170739796,0.7450138173528268,0.756625639179637,6.73778127080095,,0,0,0,4,3,4,6,3,7,4,7,0,1,2,0,0,3,2,1,S001;S004;S013,S002;S003;S006;S007;S008;S009;S010;S012;S014;S015,S005;S011
3,"1,4|2,3,6,7,8|5,9",False,False,12,5,8,4.731721798118773,0.47035039081237806,0.4242271992008854,2.5004186576253673,,0,0,0,4,3,4,6,3,7,5,9,0,1,2,0,0,3,3,3,S001;S004;S013,S002;S003;S006;S007;S008;S009;S012;S015,S005;S010;S011;S014
3,"1,4,9|2,3,6,7|5,8",False,False,13,6,6,3.640285925391728,0.25333916520220595,0.2855806216876796,1.9161088195293683,,0,0,0,5,4,4,6,4,7,5,8,1,2,2,0,0,3,3,2,S001;S004;S010;S013;S014,S002;S003;S006;S007;S008;S015,S005;S009;S011;S012
3,"1,4|2,3,6,7,9|5,8",False,False,11,6,6,4.045209908928797,0.4664036494153787,0.4987156009288775,2.4920131669549073,,1,0,0,5,4,4,6,4,7,4,7,1,2,2,0,0,3,2,1,S001;S004;S013,S002;S003;S006;S007;S008;S010;S014;S015,S005;S009;S011;S012
3,"1,4|2,3,6,7|5,8,9",False,False,14,6,6,3.5375095123811455,0.2574172201701069,0.2580168756943561,1.9405880699446878,,0,0,0,5,4,4,6,4,7,5,9,1,2,2,0,0,3,3,3,S001;S004;S013,S002;S003;S006;S007;S008;S015,S005;S009;S010;S011;S012;S014
3,"1,4,8,9|2,3,6|5,7",False,False,16,5,6,2.9923312231621098,0.2929218163422632,0.26599638393249636,1.937263148748506,,0,0,0,4,3,5,6,3,8,6,10,0,1,3,0,0,4,4,4,S001;S004;S009;S010;S012;S013;S014,S002;S003;S006;S007,S005;S008;S011;S015
3,"1,4,8|2,3,6,9|5,7",False,False,14,5,7,3.918458176871948,0.20987454886210805,0.2913495132284594,1.7022585682880138,,0,0,0,4,3,5,6,3,8,5,9,0,1,3,0,0,4,3,3,S001;S004;S009;S012;S013,S002;S003;S006;S007;S010;S014,S005;S008;S011;S015
3,"1,4,8|2,3,6|5,7,9",False,False,15,5,9,4.858087704206904,0.09577338071573618,0.0947007603728328,1.2588895044428818,,0,0,0,4,3,5,6,3,8,5,10,0,1,3,0,0,4,3,4,S001;S004;S009;S012;S013,S002;S003;S006;S007,S005;S008;S010;S011;S014;S015
3,"1,4,9|2,3,6,8|5,7",False,False,16,5,7,3.918458176871948,0.21166515279289846,0.2697419456126315,1.7099713467265076,,0,0,0,4,3,5,6,3,8,6,10,0,1,3,0,0,4,4,4,S001;S004;S010;S013;S014,S002;S003;S006;S007;S009;S012,S005;S008;S011;S015
3,"1,4|2,3,6,8,9|5,7",False,False,14,5,6,3.397255206699179,0.43080579341399283,0.45166862623706444,2.41497508956911,,0,0,0,4,3,5,6,3,8,5,9,0,1,3,0,0,4,3,3,S001;S004;S013,S002;S003;S006;S007;S009;S010;S012;S014,S005;S008;S011;S015
3,"1,4|2,3,6,8|5,7,9",False,False,15,5,9,5.2630116877439725,0.24381379442519208,0.2565374677577348,1.8635499925588905,,0,0,0,4,3,5,6,3,8,5,10,0,1,3,0,0,4,3,4,S001;S004;S013,S002;S003;S006;S007;S009;S012,S005;S008;S010;S011;S014;S015
3,"1,4,9|2,3,6|5,7,8",False,False,17,5,7,4.1715758150169275,0.09693166295292377,0.03591684877217792,1.2653368202065414,,0,0,0,4,4,5,6,4,8,6,10,0,2,3,0,0,4,4,4,S001;S004;S010;S013;S014,S002;S003;S006;S007,S005;S008;S009;S011;S012;S015
3,"1,4|2,3,6,9|5,7,8",False,False,15,5,7,4.576499798553996,0.24272116210652092,0.272746627905705,1.8551445018884307,,0,0,0,4,4,5,6,4,8,5,9,0,2,3,0,0,4,3,3,S001;S004;S013,S002;S003;S006;S007;S010;S014,S005;S008;S009;S011;S012;S015
3,"1,4|2,3,6|5,7,8,9",False,False,16,5,7,4.068799402006345,0.3395768782009252,0.28527576656537273,2.2010692632203797,,0,0,0,4,4,5,6,4,8,5,10,0,2,3,0,0,4,3,4,S001;S004;S013,S002;S003;S006;S007,S005;S008;S009;S010;S011;S012;S014;S015
3,"1,4,7,8,9|2,3|5,6",False,False,11,4,6,2.9702912443263174,0.5881905221004068,0.4860876878295817,3.3953461605955684,,0,0,0,4,2,4,6,2,7,5,9,0,0,2,0,0,3,3,3,S001;S004;S008;S009;S010;S012;S013;S014;S015,S002;S003,S005;S006;S007;S011
3,"1,4,7,8|2,3,9|5,6",False,False,10,4,7,3.8964181980361556,0.34609570877630064,0.3154432088022079,2.3189432971488984,,0,0,0,4,2,4,6,2,7,5,8,0,0,2,0,0,3,3,2,S001;S004;S008;S009;S012;S013;S015,S002;S003;S010;S014,S005;S006;S007;S011
3,"1,4,7,8|2,3|5,6,9",False,False,14,4,9,4.836047725371111,0.3771816243483842,0.2518663017196237,2.7140527227076556,,0,0,0,4,2,4,6,2,7,6,11,0,0,2,0,0,3,4,5,S001;S004;S008;S009;S012;S013;S015,S002;S003,S005;S006;S007;S010;S011;S014
3,"1,4,7,9|2,3,8|5,6",False,False,12,5,7,3.8964181980361556,0.34311185429614327,0.3318355052701612,2.3100700496048225,,0,0,0,4,3,4,6,3,7,5,9,0,1,2,0,0,3,3,3,S001;S004;S008;S010;S013;S014;S015,S002;S003;S009;S012,S005;S006;S007;S011
3,"1,4,7|2,3,8,9|5,6",False,False,11,5,6,3.3752152278633867,0.27218973688321646,0.3204648606737364,2.0275167888701686,,0,0,0,4,3,4,6,3,7,5,8,0,1,2,0,0,3,3,2,S001;S004;S008;S013;S015,S002;S003;S009;S010;S012;S014,S005;S006;S007;S011
3,"1,4,7|2,3,8|5,6,9",False,False,15,5,9,5.24097170890818,0.07278263183323619,0.031596390750811,1.1954837376588434,,0,0,0,4,3,4,6,3,7,6,11,0,1,2,0,0,3,4,5,S001;S004;S008;S013;S015,S002;S003;S009;S012,S005;S006;S007;S010;S011;S014
3,"1,4,7,9|2,3|5,6,8",False,False,15,6,7,4.149535836181135,0.374902930235585,0.281908003876538,2.7036676211461526,,0,0,0,5,3,4,6,3,7,6,10,1,1,2,0,0,3,4,4,S001;S004;S008;S010;S013;S014;S015,S002;S003,S005;S006;S007;S009;S011;S012
3,"1,4,7|2,3,9|5,6,8",False,False,14,6,7,4.554459819718204,0.07510017259997942,0.05930615230397438,1.2028680643628764,,0,0,0,5,3,4,6,3,7,6,9,1,1,2,0,0,3,4,3,S001;S004;S008;S013;S015,S002;S003;S010;S014,S005;S006;S007;S009;S011;S012
3,"1,4,7|2,3|5,6,8,9",False,False,16,6,7,4.046759423170553,0.3455393660901178,0.24659371987303405,2.543355369654224,,0,0,0,5,3,4,6,3,7,6,11,1,1,2,0,0,3,4,5,S001;S004;S008;S013;S015,S002;S003,S005;S006;S007;S009;S010;S011;S012;S014
3,"1,4,8,9|2,3,7|5,6",False,False,9,4,6,2.9923312231621098,0.3175275367615625,0.303606125377052,2.2287448827866436,,0,0,0,4,2,3,6,2,7,5,8,0,0,1,0,0,3,3,2,S001;S004;S009;S010;S012;S013;S014,S002;S003;S008;S015,S005;S006;S007;S011
3,"1,4,8|2,3,7,9|5,6",False,False,7,4,7,3.918458176871948,0.28688938385501533,0.35454360153677517,2.108841955688348,,1,0,0,4,2,3,6,2,7,4,7,0,0,1,0,0,3,2,1,S001;S004;S009;S012;S013,S002;S003;S008;S010;S014;S015,S005;S006;S007;S011
3,"1,4,8|2,3,7|5,6,9",False,False,11,4,9,4.858087704206904,0.030910198483898824,0.04615807255821511,1.078535745207014,,0,0,0,4,2,3,6,2,7,5,10,0,0,1,0,0,3,3,4,S001;S004;S009;S012;S013,S002;S003;S008;S015,S005;S006;S007;S010;S011;S014
3,"1,4,9|2,3,7,8|5,6",False,False,10,5,7,3.918458176871948,0.2888157641569827,0.33268311411605994,2.1177152032324233,,0,0,0,4,3,3,6,3,7,5,8,0,1,1,0,0,3,3,2,S001;S004;S010;S013;S014,S002;S003;S008;S009;S012;S015,S005;S006;S007;S011
3,"1,4|2,3,7,8,9|5,6",False,False,8,5,6,3.397255206699179,0.49743711819065406,0.5094445106448996,2.69982653731349,,0,0,0,4,3,3,6,3,7,4,7,0,1,1,0,0,3,2,1,S001;S004;S013,S002;S003;S008;S009;S010;S012;S014;S015,S005;S006;S007;S011
3,"1,4|2,3,7,8|5,6,9",False,False,12,5,9,5.2630116877439725,0.27353231778846254,0.27454351693368173,2.00607898010766,,0,0,0,4,3,3,6,3,7,5,10,0,1,1,0,0,3,3,4,S001;S004;S013,S002;S003;S008;S009;S012;S015,S005;S006;S007;S010;S011;S014
3,"1,4,9|2,3,7|5,6,8",False,False,13,6,7,4.1715758150169275,0.028712902836670263,0.04076721316260189,1.0727238177991953,,0,0,0,5,3,3,6,3,7,6,9,1,1,1,0,0,3,4,3,S001;S004;S010;S013;S014,S002;S003;S008;S015,S005;S006;S007;S009;S011;S012
3,"1,4|2,3,7,9|5,6,8",False,False,11,6,7,4.576499798553996,0.2712561376943404,0.307787273765052,1.9976734894372,,0,0,0,5,3,3,6,3,7,5,8,1,1,1,0,0,3,3,2,S001;S004;S013,S002;S003;S008;S010;S014;S015,S005;S006;S007;S009;S011;S012
3,"1,4|2,3,7|5,6,8,9",False,False,13,6,7,4.068799402006345,0.28896971038354985,0.2528003987314183,2.05854027567161,,0,0,0,5,3,3,6,3,7,5,10,1,1,1,0,0,3,3,4,S001;S004;S013,S002;S003;S008;S015,S005;S006;S007;S009;S010;S011;S012;S014
3,"1,4,8,9|2,3|5,6,7",False,False,14,4,6,2.9923312231621098,0.35607771637528063,0.2503293418624115,2.6084859965247547,,0,0,0,4,2,4,6,2,8,6,10,0,0,2,0,0,4,4,4,S001;S004;S009;S010;S012;S013;S014,S002;S003,S005;S006;S007;S008;S011;S015
3,"1,4,8|2,3,9|5,6,7",False,False,12,4,7,3.918458176871948,0.06662811534755922,0.07591382138661047,1.1641296589169188,,1,0,0,4,2,4,6,2,8,5,9,0,0,2,0,0,4,3,3,S001;S004;S009;S012;S013,S002;S003;S010;S014,S005;S006;S007;S008;S011;S015
3,"1,4,8|2,3|5,6,7,9",False,False,13,4,9,4.858087704206904,0.36160318054269863,0.29671721924487804,2.6385369942756225,,0,0,0,4,2,4,6,2,8,5,10,0,0,2,0,0,4,3,4,S001;S004;S009;S012;S013,S002;S003,S005;S006;S007;S008;S010;S011;S014;S015
3,"1,4,9|2,3,8|5,6,7",False,False,15,5,7,3.918458176871948,0.0629727857553357,0.059537123813605146,1.1569831446964665,,0,0,0,4,3,4,6,3,8,6,10,0,1,2,0,0,4,4,4,S001;S004;S010;S013;S014,S002;S003;S009;S012,S005;S006;S007;S008;S011;S015
3,"1,4|2,3,8,9|5,6,7",False,False,13,5,6,3.397255206699179,0.25330001256003964,0.2781720252680424,1.9206354120514026,,0,0,0,4,3,4,6,3,8,5,9,0,1,2,0,0,4,3,3,S001;S004;S013,S002;S003;S009;S010;S012;S014,S005;S006;S007;S008;S011;S015
3,"1,4|2,3,8|5,6,7,9",False,False,14,5,9,5.2630116877439725,0.31496788932531855,0.29539602311239943,2.135578353057407,,0,0,0,4,3,4,6,3,8,5,10,0,1,2,0,0,4,3,4,S001;S004;S013,S002;S003;S009;S012,S005;S006;S007;S008;S010;S011;S014;S015
3,"1,4,9|2,3|5,6,7,8",False,False,15,5,7,4.1715758150169275,0.3636050215047109,0.24344841432795378,2.6489220958371247,,0,0,0,4,3,4,6,3,8,6,10,0,1,2,0,0,4,4,4,S001;S004;S010;S013;S014,S002;S003,S005;S006;S007;S008;S009;S011;S012;S015
3,"1,4|2,3,9|5,6,7,8",False,False,13,5,7,4.576499798553996,0.3180098375834813,0.24978455848846848,2.143983843727867,,0,0,0,4,3,4,6,3,8,5,9,0,1,2,0,0,4,3,3,S001;S004;S013,S002;S003;S010;S014,S005;S006;S007;S008;S009;S011;S012;S015
3,"1,4|2,3|5,6,7,8,9",False,False,14,5,7,4.068799402006345,0.5645542407106672,0.448065827820655,3.330215533725038,,0,0,0,4,3,4,6,3,8,5,10,0,1,2,0,0,4,3,4,S001;S004;S013,S002;S003,S005;S006;S007;S008;S009;S010;S011;S012;S014;S015
3,"1,5,6,7,8|2,3,4|9",False,False,12,5,8,4.962799457427961,0.6180212981007658,0.4072889007251031,5.0065099854079484,,0,0,0,4,3,3,6,3,6,6,10,0,1,1,0,0,2,4,4,S001;S005;S006;S007;S008;S009;S011;S012;S013;S015,S002;S003;S004,S010;S014
3,"1,5,6,7|2,3,4,8|9",False,False,11,4,7,3.783554865573143,0.4637496714925659,0.3337203789479532,3.9912667715679655,,0,0,0,4,2,3,6,2,6,6,10,0,0,1,0,0,2,4,4,S001;S005;S006;S007;S008;S011;S013;S015,S002;S003;S004;S009;S012,S010;S014
3,"1,5,6,7,9|2,3,4|8",False,False,11,6,8,4.812458232293563,0.6135801775564701,0.49085818646661966,4.916326160594917,,0,0,0,5,3,3,6,3,6,5,9,1,1,1,0,0,2,3,3,S001;S005;S006;S007;S008;S010;S011;S013;S014;S015,S002;S003;S004,S009;S012
3,"1,5,6,7|2,3,4,9|8",False,False,10,6,6,3.3651283084109567,0.4605428970371515,0.40972603293167464,3.9313405075338417,,0,0,0,5,3,3,6,3,6,5,8,1,1,1,0,0,2,3,2,S001;S005;S006;S007;S008;S011;S013;S015,S002;S003;S004;S010;S014,S009;S012
3,"1,5,6,7|2,3,4|8,9",False,False,13,6,7,3.783554865573143,0.3300399981165903,0.17581160535667878,1.9805384998482305,,0,0,0,5,3,3,6,3,6,6,10,1,1,1,0,0,2,4,4,S001;S005;S006;S007;S008;S011;S013;S015,S002;S003;S004,S009;S010;S012;S014
3,"1,5,6,8|2,3,4,7|9",False,False,10,4,9,5.5161293258889526,0.4545381123280411,0.35783802210640564,3.8515595333528547,,0,0,0,4,3,2,6,3,5,6,10,0,1,0,0,0,1,4,4,S001;S005;S006;S007;S009;S011;S012;S013,S002;S003;S004;S008;S015,S010;S014
3,"1,5,6|2,3,4,7,8|9",False,False,8,3,8,4.336884734034134,0.5005511794172236,0.4397716089096691,4.333041028426451,,0,0,0,4,2,2,6,2,5,6,9,0,0,0,0,0,1,4,3,S001;S005;S006;S007;S011;S013,S002;S003;S004;S008;S009;S012;S015,S010;S014
3,"1,5,6,9|2,3,4,7|8",False,False,9,5,9,5.365788100754555,0.4502421193187776,0.4292942508275577,3.778716535324247,,0,0,0,5,3,2,6,3,5,5,9,1,1,0,0,0,1,3,3,S001;S005;S006;S007;S010;S011;S013;S014,S002;S003;S004;S008;S015,S009;S012
3,"1,5,6|2,3,4,7,9|8",False,False,7,5,7,3.918458176871948,0.4959886332891425,0.5139636856803498,4.252968900186136,,0,0,0,5,3,2,6,3,5,5,7,1,1,0,0,0,1,3,1,S001;S005;S006;S007;S011;S013,S002;S003;S004;S008;S010;S014;S015,S009;S012
3,"1,5,6|2,3,4,7|8,9",False,False,10,5,8,4.336884734034134,0.19747796936961337,0.2534148398314805,1.6463510666112153,,0,0,0,5,3,2,6,3,5,6,9,1,1,0,0,0,1,4,3,S001;S005;S006;S007;S011;S013,S002;S003;S004;S008;S015,S009;S010;S012;S014
3,"1,5,6,8,9|2,3,4|7",False,False,12,5,7,4.1816627344693575,0.572971182863848,0.47579107910910295,4.200664647318937,,0,0,0,4,3,3,6,3,6,6,10,0,1,1,0,0,2,4,4,S001;S005;S006;S007;S009;S010;S011;S012;S013;S014,S002;S003;S004,S008;S015
3,"1,5,6,8|2,3,4,9|7",False,False,11,5,7,4.1816627344693575,0.42008956062243946,0.41934684613100487,3.3348266382332468,,0,0,0,4,3,3,6,3,6,6,9,0,1,1,0,0,2,4,3,S001;S005;S006;S007;S009;S011;S012;S013,S002;S003;S004;S010;S014,S008;S015
3,"1,5,6,8|2,3,4|7,9",False,False,13,5,10,6.047419215514152,0.2930222109666686,0.13814104447449546,1.7873076987360756,,0,0,0,4,3,3,6,3,6,6,11,0,1,1,0,0,2,4,5,S001;S005;S006;S007;S009;S011;S012;S013,S002;S003;S004,S008;S010;S014;S015
3,"1,5,6,9|2,3,4,8|7",False,False,11,4,8,4.449748066497147,0.418989626592318,0.42555028890095603,3.321628484309969,,0,0,0,4,2,3,6,2,6,6,10,0,0,1,0,0,2,4,4,S001;S005;S006;S007;S010;S011;S013;S014,S002;S003;S004;S009;S012,S008;S015
3,"1,5,6|2,3,4,8,9|7",False,False,9,4,6,3.0024181426145398,0.45417940145379015,0.48906754889017373,3.6175496264250615,,0,0,0,4,2,3,6,2,6,6,8,0,0,1,0,0,2,4,2,S001;S005;S006;S007;S011;S013,S002;S003;S004;S009;S010;S012;S014,S008;S015
3,"1,5,6|2,3,4,8|7,9",False,False,11,4,9,4.868174623659334,0.156179468561222,0.15450074137079087,1.4747859160012404,,0,0,0,4,2,3,6,2,6,6,10,0,0,1,0,0,2,4,4,S001;S005;S006;S007;S011;S013,S002;S003;S004;S009;S012,S008;S010;S014;S015
3,"1,5,6,9|2,3,4|7,8",False,False,12,5,10,5.8970779903797546,0.28906374320480255,0.214432170756558,1.773734192237627,,0,0,0,4,3,3,6,3,6,6,10,0,1,1,0,0,2,4,4,S001;S005;S006;S007;S010;S011;S013;S014,S002;S003;S004,S008;S009;S012;S015
3,"1,5,6|2,3,4,9|7,8",False,False,10,5,8,4.449748066497147,0.15169307719150235,0.21163092417506815,1.4574032779820547,,0,0,0,4,3,3,6,3,6,6,8,0,1,1,0,0,2,4,2,S001;S005;S006;S007;S011;S013,S002;S003;S004;S010;S014,S008;S009;S012;S015
3,"1,5,6|2,3,4|7,8,9",False,False,12,5,9,4.868174623659334,0.1538546272439206,0.10233374006480257,1.4657500667012913,,0,0,0,4,3,3,6,3,6,6,10,0,1,1,0,0,2,4,4,S001;S005;S006;S007;S011;S013,S002;S003;S004,S008;S009;S010;S012;S014;S015
3,"1,5,7,8|2,3,4,6|9",False,False,14,5,7,4.2628028517147865,0.4743570240245352,0.3405882687096005,4.110033419147226,,0,0,0,4,3,4,6,3,7,6,10,0,1,2,0,0,3,4,4,S001;S005;S008;S009;S011;S012;S013;S015,S002;S003;S004;S006;S007,S010;S014
3,"1,5,7|2,3,4,6,8|9",False,False,13,4,6,3.083558259859969,0.47093253092815357,0.38839888933225925,4.07456714263208,,0,0,0,4,2,4,6,2,7,6,10,0,0,2,0,0,3,4,4,S001;S005;S008;S011;S013;S015,S002;S003;S004;S006;S007;S009;S012,S010;S014
3,"1,5,7,9|2,3,4,6|8",False,False,13,6,7,4.11246162658039,0.4698653427113295,0.4219726071653184,4.033309604522649,,0,0,0,5,3,4,6,3,7,5,9,1,1,2,0,0,3,3,3,S001;S005;S008;S010;S011;S013;S014;S015,S002;S003;S004;S006;S007,S009;S012
3,"1,5,7|2,3,4,6,9|8",False,False,12,6,5,2.6651317026977828,0.46645997280855506,0.4674108724164355,3.998375830987734,,0,0,0,5,3,4,6,3,7,5,8,1,1,2,0,0,3,3,2,S001;S005;S008;S011;S013;S015,S002;S003;S004;S006;S007;S010;S014,S009;S012
3,"1,5,7|2,3,4,6|8,9",False,False,15,6,6,3.083558259859969,0.18388957681960816,0.18853455489866308,1.5356906720009331,,0,0,0,5,3,4,6,3,7,6,10,1,1,2,0,0,3,4,4,S001;S005;S008;S011;S013;S015,S002;S003;S004;S006;S007,S009;S010;S012;S014
3,"1,5,8|2,3,4,6,7|9",False,False,10,5,7,4.284842830550579,0.4856318802453782,0.4132257670151071,4.214274380847192,,0,0,0,4,3,3,6,3,6,5,9,0,1,1,0,0,2,3,3,S001;S005;S009;S011;S012;S013,S002;S003;S004;S006;S007;S008;S015,S010;S014
3,"1,5|2,3,4,6,7,8|9",False,False,9,4,6,3.1055982386957615,0.66590865763224,0.6013231956060144,5.229517594687174,,0,0,0,4,2,3,6,2,6,5,9,0,0,1,0,0,2,3,3,S001;S005;S011;S013,S002;S003;S004;S006;S007;S008;S009;S012;S015,S010;S014
3,"1,5,9|2,3,4,6,7|8",False,False,10,6,7,4.134501605416182,0.48288708640461153,0.4603797947947849,4.150999803197329,,0,0,0,5,3,3,6,3,6,5,8,1,1,1,0,0,2,3,2,S001;S005;S010;S011;S013;S014,S002;S003;S004;S006;S007;S008;S015,S009;S012
3,"1,5|2,3,4,6,7,9|8",False,False,8,6,5,2.687171681533575,0.6615580373556668,0.6721702108282098,5.135985456258404,,0,0,0,5,3,3,6,3,6,4,7,1,1,1,0,0,2,2,1,S001;S005;S011;S013,S002;S003;S004;S006;S007;S008;S010;S014;S015,S009;S012
3,"1,5|2,3,4,6,7|8,9",False,False,11,6,6,3.1055982386957615,0.3873702243450138,0.4336563568466878,2.172485832286889,,0,0,0,5,3,3,6,3,6,5,9,1,1,1,0,0,2,3,3,S001;S005;S011;S013,S002;S003;S004;S006;S007;S008;S015,S009;S010;S012;S014
3,"1,5,8,9|2,3,4,6|7",False,False,13,5,5,2.9503762391309842,0.42877575808445284,0.40378947057211667,3.4244611619957777,,0,0,0,4,3,4,6,3,7,6,9,0,1,2,0,0,3,4,3,S001;S005;S009;S010;S011;S012;S013;S014,S002;S003;S004;S006;S007,S008;S015
3,"1,5,8|2,3,4,6,9|7",False,False,11,5,5,2.9503762391309842,0.4395682580699319,0.4644921846671062,3.5147169487392533,,0,0,0,4,3,4,6,3,7,5,8,0,1,2,0,0,3,3,2,S001;S005;S009;S011;S012;S013,S002;S003;S004;S006;S007;S010;S014,S008;S015
3,"1,5,8|2,3,4,6|7,9",False,False,13,5,8,4.816132720175778,0.1483605761763716,0.11721004983891356,1.4196725153817522,,0,0,0,4,3,4,6,3,7,5,10,0,1,2,0,0,3,3,4,S001;S005;S009;S011;S012;S013,S002;S003;S004;S006;S007,S008;S010;S014;S015
3,"1,5,9|2,3,4,6,8|7",False,False,12,4,6,3.218461571158774,0.44130988099310214,0.4390083140883937,3.527915102662531,,0,0,0,4,2,4,6,2,7,6,9,0,0,2,0,0,3,4,3,S001;S005;S010;S011;S013;S014,S002;S003;S004;S006;S007;S009;S012,S008;S015
3,"1,5|2,3,4,6,8,9|7",False,False,10,4,4,1.7711316472761667,0.6218306624839908,0.6470029548699396,4.393753111748222,,0,0,0,4,2,4,6,2,7,5,8,0,0,2,0,0,3,3,2,S001;S005;S011;S013,S002;S003;S004;S006;S007;S009;S010;S012;S014,S008;S015
3,"1,5|2,3,4,6,8|7,9",False,False,12,4,7,3.6368881283209604,0.3524064420315434,0.35743398961441053,2.100465843016698,,0,0,0,4,2,4,6,2,7,5,10,0,0,2,0,0,3,3,4,S001;S005;S011;S013,S002;S003;S004;S006;S007;S009;S012,S008;S010;S014;S015
3,"1,5,9|2,3,4,6|7,8",False,False,13,5,8,4.665791495041381,0.14469014042052095,0.15117986365795621,1.4097008837827885,,0,0,0,4,3,4,6,3,7,6,9,0,1,2,0,0,3,4,3,S001;S005;S010;S011;S013;S014,S002;S003;S004;S006;S007,S008;S009;S012;S015
3,"1,5|2,3,4,6,9|7,8",False,False,11,5,6,3.218461571158774,0.34868398156116237,0.3998330025829892,2.092607867215126,,0,0,0,4,3,4,6,3,7,5,8,0,1,2,0,0,3,3,2,S001;S005;S011;S013,S002;S003;S004;S006;S007;S010;S014,S008;S009;S012;S015
3,"1,5|2,3,4,6|7,8,9",False,False,13,5,7,3.6368881283209604,0.20407058959780008,0.290565453536434,1.6342554381516472,,0,0,0,4,3,4,6,3,7,5,10,0,1,2,0,0,3,3,4,S001;S005;S011;S013,S002;S003;S004;S006;S007,S008;S009;S010;S012;S014;S015
3,"1,5,7,8,9|2,3,4|6",False,False,13,5,6,3.628332866008366,0.6482305107425889,0.5232260244881193,5.700130501415778,,0,0,0,4,4,4,6,4,7,5,9,0,2,2,0,0,3,3,3,S001;S005;S008;S009;S010;S011;S012;S013;S014;S015,S002;S003;S004,S006;S007
3,"1,5,7,8|2,3,4,9|6",False,False,12,5,6,3.628332866008366,0.4951206028970441,0.46805726495008854,4.584652375566842,,0,0,0,4,4,4,6,4,7,5,8,0,2,2,0,0,3,3,2,S001;S005;S008;S009;S011;S012;S013;S015,S002;S003;S004;S010;S014,S006;S007
3,"1,5,7,8|2,3,4|6,9",False,False,16,5,9,5.49408934705316,0.36234450788296896,0.17054679880453052,2.1671944131906504,,0,0,0,4,4,4,6,4,7,6,11,0,2,2,0,0,3,4,5,S001;S005;S008;S009;S011;S012;S013;S015,S002;S003;S004,S006;S007;S010;S014
3,"1,5,7,9|2,3,4,8|6",False,False,12,5,7,3.8964181980361556,0.4938291842844492,0.4740343916071135,4.567648903960704,,0,0,0,4,3,4,6,3,7,5,9,0,1,2,0,0,3,3,3,S001;S005;S008;S010;S011;S013;S014;S015,S002;S003;S004;S009;S012,S006;S007
3,"1,5,7|2,3,4,8,9|6",False,False,11,5,5,2.4490882741535485,0.501354404157354,0.5334226920158183,4.660568645757824,,0,0,0,4,3,4,6,3,7,5,8,0,1,2,0,0,3,3,2,S001;S005;S008;S011;S013;S015,S002;S003;S004;S009;S010;S012;S014,S006;S007
3,"1,5,7|2,3,4,8|6,9",False,False,15,5,8,4.314844755198342,0.21501555773268113,0.17542766567205684,1.6757868949773478,,0,0,0,4,3,4,6,3,7,6,11,0,1,2,0,0,3,4,5,S001;S005;S008;S011;S013;S015,S002;S003;S004;S009;S012,S006;S007;S010;S014
3,"1,5,7,9|2,3,4|6,8",False,False,15,6,9,5.343748121918763,0.3581632883037017,0.25034103772716576,2.1419405960697544,,0,0,0,5,3,4,6,3,7,6,10,1,1,2,0,0,3,4,4,S001;S005;S008;S010;S011;S013;S014;S015,S002;S003;S004,S006;S007;S009;S012
3,"1,5,7|2,3,4,9|6,8",False,False,14,6,7,3.8964181980361556,0.21094131156497883,0.24043997157654812,1.6544513455652818,,0,0,0,5,3,4,6,3,7,6,9,1,1,2,0,0,3,4,3,S001;S005;S008;S011;S013;S015,S002;S003;S004;S010;S014,S006;S007;S009;S012
3,"1,5,7|2,3,4|6,8,9",False,False,16,6,8,4.314844755198342,0.14805082703338743,0.07025866471422772,1.430887014460942,,0,0,0,5,3,4,6,3,7,6,11,1,1,2,0,0,3,4,5,S001;S005;S008;S011;S013;S015,S002;S003;S004,S006;S007;S009;S010;S012;S014
3,"1,5,8,9|2,3,4,7|6",False,False,10,5,6,3.650372844844158,0.48384722021253873,0.47048263445912086,4.411808535708982,,0,0,0,4,4,3,6,4,6,5,8,0,2,1,0,0,2,3,2,S001;S005;S009;S010;S011;S012;S013;S014,S002;S003;S004;S008;S015,S006;S007
3,"1,5,8|2,3,4,7,9|6",False,False,8,5,6,3.650372844844158,0.5164468815717257,0.5517701131392763,4.816409014009547,,0,0,0,4,4,3,6,4,6,4,7,0,2,1,0,0,2,2,1,S001;S005;S009;S011;S012;S013,S002;S003;S004;S008;S010;S014;S015,S006;S007
3,"1,5,8|2,3,4,7|6,9",False,False,12,5,9,5.5161293258889526,0.22143327697946968,0.20796049812877906,1.7494536308076625,,0,0,0,4,4,3,6,4,6,5,10,0,2,1,0,0,2,3,4,S001;S005;S009;S011;S012;S013,S002;S003;S004;S008;S015,S006;S007;S010;S014
3,"1,5,9|2,3,4,7,8|6",False,False,9,5,7,3.918458176871948,0.5182718933675409,0.5227781328178358,4.833412485615685,,0,0,0,4,3,3,6,3,6,5,8,0,1,1,0,0,2,3,2,S001;S005;S010;S011;S013;S014,S002;S003;S004;S008;S009;S012;S015,S006;S007
3,"1,5|2,3,4,7,8,9|6",False,False,7,5,5,2.471128252989341,0.6955302749657493,0.7330238086073995,5.948890611464621,,0,0,0,4,3,3,6,3,6,4,7,0,1,1,0,0,2,2,1,S001;S005;S011;S013,S002;S003;S004;S008;S009;S010;S012;S014;S015,S006;S007
3,"1,5|2,3,4,7,8|6,9",False,False,11,5,8,4.336884734034134,0.41809568113284684,0.42617342974614913,2.2847849034960115,,0,0,0,4,3,3,6,3,6,5,10,0,1,1,0,0,2,3,4,S001;S005;S011;S013,S002;S003;S004;S008;S009;S012;S015,S006;S007;S010;S014
3,"1,5,9|2,3,4,7|6,8",False,False,12,6,9,5.365788100754555,0.21818078722767464,0.23998075845696956,1.7355042559698237,,0,0,0,5,3,3,6,3,6,6,9,1,1,1,0,0,2,4,3,S001;S005;S010;S011;S013;S014,S002;S003;S004;S008;S015,S006;S007;S009;S012
3,"1,5|2,3,4,7,9|6,8",False,False,10,6,7,3.918458176871948,0.41410842103698514,0.4765489412469655,2.2585934714548057,,0,0,0,5,3,3,6,3,6,5,8,1,1,1,0,0,2,3,2,S001;S005;S011;S013,S002;S003;S004;S008;S010;S014;S015,S006;S007;S009;S012
3,"1,5|2,3,4,7|6,8,9",False,False,12,6,8,4.336884734034134,0.21230821586351617,0.32168973611906704,1.710346336095116,,0,0,0,5,3,3,6,3,6,5,10,1,1,1,0,0,2,3,4,S001;S005;S011;S013,S002;S003;S004;S008;S015,S006;S007;S009;S010;S012;S014
3,"1,5,8,9|2,3,4|6,7",False,False,14,5,6,3.650372844844158,0.3203373532163823,0.24121267115234396,1.9279666942961418,,0,0,0,4,4,4,6,4,7,6,9,0,2,2,0,0,3,4,3,S001;S005;S009;S010;S011;S012;S013;S014,S002;S003;S004,S006;S007;S008;S015
3,"1,5,8|2,3,4,9|6,7",False,False,12,5,6,3.650372844844158,0.17717633174982553,0.26916918460116596,1.5417791294998233,,0,0,0,4,4,4,6,4,7,5,8,0,2,2,0,0,3,3,2,S001;S005;S009;S011;S012;S013,S002;S003;S004;S010;S014,S006;S007;S008;S015
3,"1,5,8|2,3,4|6,7,9",False,False,14,5,9,5.5161293258889526,0.1461998625965662,0.09616239378480988,1.4108378941473032,,0,0,0,4,4,4,6,4,7,5,10,0,2,2,0,0,3,3,4,S001;S005;S009;S011;S012;S013,S002;S003;S004,S006;S007;S008;S010;S014;S015
3,"1,5,9|2,3,4,8|6,7",False,False,13,5,7,3.918458176871948,0.17803669688041282,0.24518735196783184,1.5492096711198204,,0,0,0,4,3,4,6,3,7,6,9,0,1,2,0,0,3,4,3,S001;S005;S010;S011;S013;S014,S002;S003;S004;S009;S012,S006;S007;S008;S015
3,"1,5|2,3,4,8,9|6,7",False,False,11,5,5,2.471128252989341,0.37817966241474565,0.4696085631393851,2.153832845917695,,0,0,0,4,3,4,6,3,7,5,8,0,1,2,0,0,3,3,2,S001;S005;S011;S013,S002;S003;S004;S009;S010;S012;S014,S006;S007;S008;S015
3,"1,5|2,3,4,8|6,7,9",False,False,13,5,8,4.336884734034134,0.20427707868080452,0.3035859189388541,1.6383263468249245,,0,0,0,4,3,4,6,3,7,5,10,0,1,2,0,0,3,3,4,S001;S005;S011;S013,S002;S003;S004;S009;S012,S006;S007;S008;S010;S014;S015
3,"1,5,9|2,3,4|6,7,8",False,False,13,5,9,5.365788100754555,0.14672191605390067,0.023784984515029084,1.417885647078949,,0,0,0,4,3,4,6,3,7,6,9,0,1,2,0,0,3,4,3,S001;S005;S010;S011;S013;S014,S002;S003;S004,S006;S007;S008;S009;S012;S015
3,"1,5|2,3,4,9|6,7,8",False,False,11,5,7,3.918458176871948,0.20390299850142685,0.30990955033185796,1.6304683710233527,,0,0,0,4,3,4,6,3,7,5,8,0,1,2,0,0,3,3,2,S001;S005;S011;S013,S002;S003;S004;S010;S014,S006;S007;S008;S009;S012;S015
3,"1,5|2,3,4|6,7,8,9",False,False,13,5,8,4.336884734034134,0.3504754764166838,0.3443839141873907,2.09639493434342,,0,0,0,4,3,4,6,3,7,5,10,0,1,2,0,0,3,3,4,S001;S005;S011;S013,S002;S003;S004,S006;S007;S008;S009;S010;S012;S014;S015
3,"1,6,7,8|2,3,4,5|9",False,False,11,4,9,5.23088478945575,0.4822990507266119,0.35523806945383196,4.185102117106644,,0,0,0,4,2,3,6,2,6,6,10,0,0,1,0,0,2,4,4,S001;S006;S007;S008;S009;S012;S013;S015,S002;S003;S004;S005;S011,S010;S014
3,"1,6,7|2,3,4,5,8|9",False,False,11,5,6,3.515469533545353,0.46440461262094634,0.3919137002169733,3.9994984446726622,,0,0,0,4,3,3,6,3,6,6,9,0,1,1,0,0,2,4,3,S001;S006;S007;S008;S013;S015,S002;S003;S004;S005;S009;S011;S012,S010;S014
3,"1,6,7,9|2,3,4,5|8",False,False,11,6,8,4.812458232293563,0.4777743747054264,0.42733822975201524,4.1072511950066515,,0,0,0,5,3,3,6,3,6,5,9,1,1,1,0,0,2,3,3,S001;S006;S007;S008;S010;S013;S014;S015,S002;S003;S004;S005;S011,S009;S012
3,"1,6,7|2,3,4,5,9|8",False,False,9,6,6,3.3651283084109567,0.45998040938307844,0.48024286458245224,3.924434240503732,,0,0,0,5,3,3,6,3,6,5,7,1,1,1,0,0,2,3,1,S001;S006;S007;S008;S013;S015,S002;S003;S004;S005;S010;S011;S014,S009;S012
3,"1,6,7|2,3,4,5|8,9",False,False,12,6,7,3.783554865573143,0.18590688065989064,0.20956578777260282,1.5729411127635533,,0,0,0,5,3,3,6,3,6,6,9,1,1,1,0,0,2,4,3,S001;S006;S007;S008;S013;S015,S002;S003;S004;S005;S011,S009;S010;S012;S014
3,"1,6,8|2,3,4,5,7|9",False,False,10,4,10,5.784214657916742,0.47733297855037593,0.41100061552946654,4.1392056828877735,,0,0,0,4,2,3,6,2,5,6,10,0,0,1,0,0,1,4,4,S001;S006;S007;S009;S012;S013,S002;S003;S004;S005;S008;S011;S015,S010;S014
3,"1,6|2,3,4,5,7,8|9",False,False,10,5,7,4.068799402006345,0.6494145032700777,0.570170012265018,5.1544488967277555,,0,0,0,4,3,3,6,3,5,6,9,0,1,1,0,0,1,4,3,S001;S006;S007;S013,S002;S003;S004;S005;S008;S009;S011;S012;S015,S010;S014
3,"1,6,9|2,3,4,5,7|8",False,False,10,6,9,5.365788100754555,0.4744317783106394,0.46493888911133,4.077058212713327,,0,0,0,5,3,3,6,3,5,5,9,1,1,1,0,0,1,3,3,S001;S006;S007;S010;S013;S014,S002;S003;S004;S005;S008;S011;S015,S009;S012
3,"1,6|2,3,4,5,7,9|8",False,False,8,6,7,3.918458176871948,0.6450323780898779,0.6500308225921042,5.0620438657744025,,0,0,0,5,3,3,6,3,5,5,7,1,1,1,0,0,1,3,1,S001;S006;S007;S013,S002;S003;S004;S005;S008;S010;S011;S014;S015,S009;S012
3,"1,6|2,3,4,5,7|8,9",False,False,11,6,8,4.336884734034134,0.36771231109882274,0.41420431827805115,2.054289702541503,,0,0,0,5,3,3,6,3,5,6,9,1,1,1,0,0,1,4,3,S001;S006;S007;S013,S002;S003;S004;S005;S008;S011;S015,S009;S010;S012;S014
3,"1,6,8,9|2,3,4,5|7",False,False,11,4,8,4.449748066497147,0.43634927574910914,0.4253685757496123,3.4894584939816147,,0,0,0,4,2,3,6,2,6,6,10,0,0,1,0,0,2,4,4,S001;S006;S007;S009;S010;S012;S013;S014,S002;S003;S004;S005;S011,S008;S015
3,"1,6,8|2,3,4,5,9|7",False,False,10,4,8,4.449748066497147,0.4315952399740402,0.4628440138827282,3.4497196167534154,,0,0,0,4,2,3,6,2,6,6,9,0,0,1,0,0,2,4,3,S001;S006;S007;S009;S012;S013,S002;S003;S004;S005;S010;S011;S014,S008;S015
3,"1,6,8|2,3,4,5|7,9",False,False,12,4,11,6.315504547541941,0.14769556276046303,0.12304940432702781,1.4061351907937427,,0,0,0,4,2,3,6,2,6,6,11,0,0,1,0,0,2,4,5,S001;S006;S007;S009;S012;S013,S002;S003;S004;S005;S011,S008;S010;S014;S015
3,"1,6,9|2,3,4,5,8|7",False,False,12,5,7,4.1816627344693575,0.4331314560671601,0.43869907074610714,3.462917770676693,,0,0,0,4,3,3,6,3,6,6,10,0,1,1,0,0,2,4,4,S001;S006;S007;S010;S013;S014,S002;S003;S004;S005;S009;S011;S012,S008;S015
3,"1,6|2,3,4,5,8,9|7",False,False,10,5,5,2.7343328105867495,0.6049991553033206,0.6154594696438173,4.328755779762384,,0,0,0,4,3,3,6,3,6,6,8,0,1,1,0,0,2,4,2,S001;S006;S007;S013,S002;S003;S004;S005;S009;S010;S011;S012;S014,S008;S015
3,"1,6|2,3,4,5,8|7,9",False,False,12,5,8,4.600089291631544,0.33209912154041304,0.3206114813458903,1.9849529353394477,,0,0,0,4,3,3,6,3,6,6,10,0,1,1,0,0,2,4,4,S001;S006;S007;S013,S002;S003;S004;S005;S009;S011;S012,S008;S010;S014;S015
3,"1,6,9|2,3,4,5|7,8",False,False,12,5,10,5.8970779903797546,0.14365054884755424,0.17271735669425045,1.389234748304409,,0,0,0,4,3,3,6,3,6,6,10,0,1,1,0,0,2,4,4,S001;S006;S007;S010;S013;S014,S002;S003;S004;S005;S011,S008;S009;S012;S015
3,"1,6|2,3,4,5,9|7,8",False,False,10,5,8,4.449748066497147,0.32830309225832593,0.3792551819856673,1.9773877212321682,,0,0,0,4,3,3,6,3,6,6,8,0,1,1,0,0,2,4,2,S001;S006;S007;S013,S002;S003;S004;S005;S010;S011;S014,S008;S009;S012;S015
3,"1,6|2,3,4,5|7,8,9",False,False,12,5,9,4.868174623659334,0.1860003439726858,0.25036959510386936,1.5733685885275992,,0,0,0,4,3,3,6,3,6,6,10,0,1,1,0,0,2,4,4,S001;S006;S007;S013,S002;S003;S004;S005;S011,S008;S009;S010;S012;S014;S015
3,"1,7,8|2,3,4,5,6|9",False,False,13,4,8,4.530888183742577,0.456159283849424,0.3694227748766871,3.8807317970934023,,0,0,0,4,2,4,6,2,7,6,10,0,0,2,0,0,3,4,4,S001;S008;S009;S012;S013;S015,S002;S003;S004;S005;S006;S007;S011,S010;S014
3,"1,7|2,3,4,5,6,8|9",False,False,12,4,5,2.8154729278321793,0.5956425032479763,0.5180440566974691,4.895975010933385,,0,0,0,4,2,4,6,2,7,6,9,0,0,2,0,0,3,4,3,S001;S008;S013;S015,S002;S003;S004;S005;S006;S007;S009;S011;S012,S010;S014
3,"1,7,9|2,3,4,5,6|8",False,False,12,5,7,4.11246162658039,0.4527315050790452,0.43089023687526157,3.8224651435149246,,0,0,0,5,2,4,6,2,7,5,9,1,0,2,0,0,3,3,3,S001;S008;S010;S013;S014;S015,S002;S003;S004;S005;S006;S007;S011,S009;S012
3,"1,7|2,3,4,5,6,9|8",False,False,10,5,5,2.6651317026977828,0.5911613822065684,0.6030238813347735,4.807450796576,,0,0,0,5,2,4,6,2,7,5,7,1,0,2,0,0,3,3,1,S001;S008;S013;S015,S002;S003;S004;S005;S006;S007;S010;S011;S014,S009;S012
3,"1,7|2,3,4,5,6|8,9",False,False,13,5,6,3.083558259859969,0.3030758996650131,0.35327564178249676,1.9256890535305613,,0,0,0,5,2,4,6,2,7,6,9,1,0,2,0,0,3,4,3,S001;S008;S013;S015,S002;S003;S004;S005;S006;S007;S011,S009;S010;S012;S014
3,"1,8|2,3,4,5,6,7|9",False,False,9,4,8,4.552928162578368,0.624087218695165,0.5343928628074509,5.035682249148495,,0,0,0,4,2,3,6,2,6,5,9,0,0,1,0,0,2,3,3,S001;S009;S012;S013,S002;S003;S004;S005;S006;S007;S008;S011;S015,S010;S014
3,"1|2,3,4,5,6,7,8|9",False,False,8,4,5,2.8375129066679716,0.864307069695771,0.771905376818288,6.050925462988478,,0,0,0,4,2,3,6,2,6,5,8,0,0,1,0,0,2,3,2,S001;S013,S002;S003;S004;S005;S006;S007;S008;S009;S011;S012;S015,S010;S014
3,"1,9|2,3,4,5,6,7|8",False,False,9,5,7,4.134501605416182,0.6228580424572172,0.572404184738792,4.960074768785594,,0,0,0,5,2,3,6,2,6,5,8,1,0,1,0,0,2,3,2,S001;S010;S013;S014,S002;S003;S004;S005;S006;S007;S008;S011;S015,S009;S012
3,"1|2,3,4,5,6,7,9|8",False,False,6,4,5,2.687171681533575,0.8603056072100798,0.8480255301930925,5.94506042184667,,0,0,0,5,2,3,6,2,6,4,6,1,0,1,0,0,2,2,0,S001;S013,S002;S003;S004;S005;S006;S007;S008;S010;S011;S014;S015,S009;S012
3,"1|2,3,4,5,6,7|8,9",False,False,9,5,6,3.1055982386957615,0.6153658607945101,0.62835019558821,4.502448756072265,,0,0,0,5,2,3,6,2,6,5,8,1,0,1,0,0,2,3,2,S001;S013,S002;S003;S004;S005;S006;S007;S008;S011;S015,S009;S010;S012;S014
3,"1,8,9|2,3,4,5,6|7",False,False,12,4,6,3.218461571158774,0.42232454504828726,0.43965480899275067,3.360085092990885,,0,0,0,4,2,4,6,2,7,6,9,0,0,2,0,0,3,4,3,S001;S009;S010;S012;S013;S014,S002;S003;S004;S005;S006;S007;S011,S008;S015
3,"1,8|2,3,4,5,6,9|7",False,False,10,4,6,3.218461571158774,0.5791581151135673,0.5799590259770877,4.2259231020765755,,0,0,0,4,2,4,6,2,7,5,8,0,0,2,0,0,3,3,2,S001;S009;S012;S013,S002;S003;S004;S005;S006;S007;S010;S011;S014,S008;S015
3,"1,8|2,3,4,5,6|7,9",False,False,12,4,9,5.084218052203568,0.3006118432092964,0.27751078995774847,1.8188016532098281,,0,0,0,4,2,4,6,2,7,5,10,0,0,2,0,0,3,3,4,S001;S009;S012;S013,S002;S003;S004;S005;S006;S007;S011,S008;S010;S014;S015
3,"1,9|2,3,4,5,6,8|7",False,False,12,4,5,2.9503762391309842,0.5824170487545884,0.5365042820892157,4.239121255999853,,0,0,0,4,2,4,6,2,7,6,9,0,0,2,0,0,3,4,3,S001;S010;S013;S014,S002;S003;S004;S005;S006;S007;S009;S011;S012,S008;S015
3,"1|2,3,4,5,6,8,9|7",False,False,9,4,3,1.5030463152483768,0.8239072026588053,0.8207637699517323,5.271644246079864,,1,0,0,4,2,4,6,2,7,5,7,0,0,2,0,0,3,3,1,S001;S013,S002;S003;S004;S005;S006;S007;S009;S010;S011;S012;S014,S008;S015
3,"1|2,3,4,5,6,8|7,9",False,False,11,4,6,3.3688027962931706,0.5852288074660633,0.545462746216461,4.37753525879545,,0,0,0,4,2,4,6,2,7,5,9,0,0,2,0,0,3,3,3,S001;S013,S002;S003;S004;S005;S006;S007;S009;S011;S012,S008;S010;S014;S015
3,"1,9|2,3,4,5,6|7,8",False,False,12,4,8,4.665791495041381,0.30069507122417594,0.28606506947767885,1.831888872454092,,0,0,0,4,2,4,6,2,7,6,9,0,0,2,0,0,3,4,3,S001;S010;S013;S014,S002;S003;S004;S005;S006;S007;S011,S008;S009;S012;S015
3,"1|2,3,4,5,6,9|7,8",False,False,9,4,6,3.218461571158774,0.5820286129485968,0.5970924305907872,4.363906164306024,,0,0,0,4,2,4,6,2,7,5,7,0,0,2,0,0,3,3,1,S001;S013,S002;S003;S004;S005;S006;S007;S010;S011;S014,S008;S009;S012;S015
3,"1|2,3,4,5,6|7,8,9",False,False,11,4,7,3.6368881283209604,0.43008643753012726,0.475072805063108,3.4697971770216087,,0,0,0,4,2,4,6,2,7,5,9,0,0,2,0,0,3,3,3,S001;S013,S002;S003;S004;S005;S006;S007;S011,S008;S009;S010;S012;S014;S015
3,"1,7,8,9|2,3,4,5|6",False,False,12,5,7,3.8964181980361556,0.5130496308211887,0.47385084088758067,4.7838679919254705,,0,0,0,4,3,4,6,3,7,5,9,0,1,2,0,0,3,3,3,S001;S008;S009;S010;S012;S013;S014;S015,S002;S003;S004;S005;S011,S006;S007
3,"1,7,8|2,3,4,5,9|6",False,False,11,5,7,3.8964181980361556,0.48565011913023676,0.50754923517169,4.444349557793058,,0,0,0,4,3,4,6,3,7,5,8,0,1,2,0,0,3,3,2,S001;S008;S009;S012;S013;S015,S002;S003;S004;S005;S010;S011;S014,S006;S007
3,"1,7,8|2,3,4,5|6,9",False,False,15,5,10,5.76217467908095,0.21944912874302236,0.155653147186578,1.7340712821620021,,0,0,0,4,3,4,6,3,7,6,11,0,1,2,0,0,3,4,5,S001;S008;S009;S012;S013;S015,S002;S003;S004;S005;S011,S006;S007;S010;S014
3,"1,7,9|2,3,4,5,8|6",False,False,12,5,6,3.628332866008366,0.48665206140292694,0.48536089002188126,4.461353029399196,,0,0,0,4,3,4,6,3,7,5,9,0,1,2,0,0,3,3,3,S001;S008;S010;S013;S014;S015,S002;S003;S004;S005;S009;S011;S012,S006;S007
3,"1,7|2,3,4,5,8,9|6",False,False,10,5,4,2.181002942125758,0.6261099762458425,0.6556407541219188,5.576831155248132,,0,0,0,4,3,4,6,3,7,5,7,0,1,2,0,0,3,3,1,S001;S008;S013;S015,S002;S003;S004;S005;S009;S010;S011;S012;S014,S006;S007
3,"1,7|2,3,4,5,8|6,9",False,False,14,5,7,4.046759423170553,0.3362170500862944,0.3338920290919215,2.1089100260059963,,0,0,0,4,3,4,6,3,7,6,10,0,1,2,0,0,3,4,4,S001;S008;S013;S015,S002;S003;S004;S005;S009;S011;S012,S006;S007;S010;S014
3,"1,7,9|2,3,4,5|6,8",False,False,14,5,9,5.343748121918763,0.21510692274061669,0.21105445890728422,1.7122709986468336,,0,0,0,5,2,4,6,2,7,6,10,1,0,2,0,0,3,4,4,S001;S008;S010;S013;S014;S015,S002;S003;S004;S005;S011,S006;S007;S009;S012
3,"1,7|2,3,4,5,9|6,8",False,False,12,5,7,3.8964181980361556,0.33193490659629454,0.4000032901099061,2.0841209429882026,,0,0,0,5,2,4,6,2,7,6,8,1,0,2,0,0,3,4,2,S001;S008;S013;S015,S002;S003;S004;S005;S010;S011;S014,S006;S007;S009;S012
3,"1,7|2,3,4,5|6,8,9",False,False,14,5,8,4.314844755198342,0.11728744004643984,0.24111808816538233,1.3126939460447138,,0,0,0,5,2,4,6,2,7,6,10,1,0,2,0,0,3,4,4,S001;S008;S013;S015,S002;S003;S004;S005;S011,S006;S007;S009;S010;S012;S014
3,"1,8,9|2,3,4,5,7|6",False,False,10,5,7,3.918458176871948,0.4976997976320274,0.5235069890138981,4.617193397650919,,0,0,0,4,3,4,6,3,6,5,8,0,1,2,0,0,2,3,2,S001;S009;S010;S012;S013;S014,S002;S003;S004;S005;S008;S011;S015,S006;S007
3,"1,8|2,3,4,5,7,9|6",False,False,8,5,7,3.918458176871948,0.6542238422058922,0.664371539355705,5.732671523499855,,0,0,0,4,3,4,6,3,6,4,7,0,1,2,0,0,2,2,1,S001;S009;S012;S013,S002;S003;S004;S005;S008;S010;S011;S014;S015,S006;S007
3,"1,8|2,3,4,5,7|6,9",False,False,12,5,10,5.784214657916742,0.3694278025465688,0.35301683710372045,2.182576761836311,,0,0,0,4,3,4,6,3,6,5,10,0,1,2,0,0,2,3,4,S001;S009;S012;S013,S002;S003;S004;S005;S008;S011;S015,S006;S007;S010;S014
3,"1,9|2,3,4,5,7,8|6",False,False,10,5,6,3.650372844844158,0.6573800639651683,0.6234952794352685,5.749674995105993,,0,0,0,4,3,4,6,3,6,5,8,0,1,2,0,0,2,3,2,S001;S010;S013;S014,S002;S003;S004;S005;S008;S009;S011;S012;S015,S006;S007
3,"1|2,3,4,5,7,8,9|6",False,False,7,4,4,2.2030429209615505,0.891627531320071,0.8982474796295018,6.865153120954929,,0,0,0,4,3,4,6,3,6,4,6,0,1,2,0,0,2,2,0,S001;S013,S002;S003;S004;S005;S008;S009;S010;S011;S012;S014;S015,S006;S007
3,"1|2,3,4,5,7,8|6,9",False,False,11,5,7,4.068799402006345,0.6420233957660519,0.6048439650048607,4.608639083062522,,0,0,0,4,3,4,6,3,6,5,9,0,1,2,0,0,2,3,3,S001;S013,S002;S003;S004;S005;S008;S009;S011;S012;S015,S006;S007;S010;S014
3,"1,9|2,3,4,5,7|6,8",False,False,12,5,9,5.365788100754555,0.3690158945968377,0.37018794933212484,2.1651738533927447,,0,0,0,5,2,4,6,2,6,6,9,1,0,2,0,0,2,4,3,S001;S010;S013;S014,S002;S003;S004;S005;S008;S011;S015,S006;S007;S009;S012
3,"1|2,3,4,5,7,9|6,8",False,False,9,5,7,3.918458176871948,0.6385531748362713,0.6624818502184342,4.595009988573096,,0,0,0,5,2,4,6,2,6,5,7,1,0,2,0,0,2,3,1,S001;S013,S002;S003;S004;S005;S008;S010;S011;S014;S015,S006;S007;S009;S012
3,"1|2,3,4,5,7|6,8,9",False,False,11,5,8,4.336884734034134,0.4555127903340652,0.5121631728365978,3.700901001288681,,0,0,0,5,2,4,6,2,6,5,9,1,0,2,0,0,2,3,3,S001;S013,S002;S003;S004;S005;S008;S011;S015,S006;S007;S009;S010;S012;S014
3,"1,8,9|2,3,4,5|6,7",False,False,13,5,7,3.918458176871948,0.17584954423465946,0.24578777498404158,1.5275586559074958,,0,0,0,4,3,4,6,3,7,6,9,0,1,2,0,0,3,4,3,S001;S009;S010;S012;S013;S014,S002;S003;S004;S005;S011,S006;S007;S008;S015
3,"1,8|2,3,4,5,9|6,7",False,False,11,5,7,3.918458176871948,0.327708701508069,0.40087119327428317,1.942187167888469,,0,0,0,4,3,4,6,3,7,5,8,0,1,2,0,0,3,3,2,S001;S009;S012;S013,S002;S003;S004;S005;S010;S011;S014,S006;S007;S008;S015
3,"1,8|2,3,4,5|6,7,9",False,False,13,5,10,5.784214657916742,0.1533906491611375,0.21061728546556271,1.4301273047827592,,0,0,0,4,3,4,6,3,7,5,10,0,1,2,0,0,3,3,4,S001;S009;S012;S013,S002;S003;S004;S005;S011,S006;S007;S008;S010;S014;S015
3,"1,9|2,3,4,5,8|6,7",False,False,13,5,6,3.650372844844158,0.33158700934515134,0.35055951468004876,1.9496177095084664,,0,0,0,4,3,4,6,3,7,6,9,0,1,2,0,0,3,4,3,S001;S010;S013;S014,S002;S003;S004;S005;S009;S011;S012,S006;S007;S008;S015
3,"1|2,3,4,5,8,9|6,7",False,False,10,5,4,2.2030429209615505,0.6074267318487266,0.6541091405242728,4.470096491296281,,0,0,0,4,3,4,6,3,7,5,7,0,1,2,0,0,3,3,1,S001;S013,S002;S003;S004;S005;S009;S010;S011;S012;S014,S006;S007;S008;S015
3,"1|2,3,4,5,8|6,7,9",False,False,12,5,7,4.068799402006345,0.44026043802469605,0.4782796290044156,3.575987504011866,,0,0,0,4,3,4,6,3,7,5,9,0,1,2,0,0,3,3,3,S001;S013,S002;S003;S004;S005;S009;S011;S012,S006;S007;S008;S010;S014;S015
3,"1,9|2,3,4,5|6,7,8",False,False,12,4,9,5.365788100754555,0.15750327452673715,0.17685544226037936,1.4476133284913022,,0,0,0,4,2,4,6,2,7,6,9,0,0,2,0,0,3,4,3,S001;S010;S013;S014,S002;S003;S004;S005;S011,S006;S007;S008;S009;S012;S015
3,"1|2,3,4,5,9|6,7,8",False,False,9,4,7,3.918458176871948,0.43880621213003584,0.5031107428172261,3.5623584095224397,,0,0,0,4,2,4,6,2,7,5,7,0,0,2,0,0,3,3,1,S001;S013,S002;S003;S004;S005;S010;S011;S014,S006;S007;S008;S009;S012;S015
3,"1|2,3,4,5|6,7,8,9",False,False,11,4,8,4.336884734034134,0.4471691732337757,0.4740131356250003,3.636046402892496,,0,0,0,4,2,4,6,2,7,5,9,0,0,2,0,0,3,3,3,S001;S013,S002;S003;S004;S005;S011,S006;S007;S008;S009;S010;S012;S014;S015
3,"1,6,7,8,9|2,3,4|5",False,False,12,5,6,3.3651283084109567,0.6701838480805499,0.5948378526998542,6.312457327477992,,0,0,0,4,3,4,6,3,7,5,9,0,1,2,0,0,3,3,3,S001;S006;S007;S008;S009;S010;S012;S013;S014;S015,S002;S003;S004,S005;S011
3,"1,6,7,8|2,3,4,9|5",False,False,11,5,6,3.3651283084109567,0.5170484363707707,0.5337758737546957,5.0950353394612105,,0,0,0,4,3,4,6,3,7,5,8,0,1,2,0,0,3,3,2,S001;S006;S007;S008;S009;S012;S013;S015,S002;S003;S004;S010;S014,S005;S011
3,"1,6,7,8|2,3,4|5,9",False,False,14,5,9,5.23088478945575,0.3830656542985125,0.23223460322074924,2.2977292400794265,,0,0,0,4,3,4,6,3,7,6,10,0,1,2,0,0,3,4,4,S001;S006;S007;S008;S009;S012;S013;S015,S002;S003;S004,S005;S010;S011;S014
3,"1,6,7,9|2,3,4,8|5",False,False,12,5,6,3.3651283084109567,0.515712189253773,0.5373569844143296,5.076477915764373,,0,0,0,4,3,4,6,3,7,5,9,0,1,2,0,0,3,3,3,S001;S006;S007;S008;S010;S013;S014;S015,S002;S003;S004;S009;S012,S005;S011
3,"1,6,7|2,3,4,8,9|5",False,False,10,5,4,1.9177983845283493,0.5164291978884623,0.5890535400449541,5.086499335600197,,0,0,0,4,3,4,6,3,7,5,7,0,1,2,0,0,3,3,1,S001;S006;S007;S008;S013;S015,S002;S003;S004;S009;S010;S012;S014,S005;S011
3,"1,6,7|2,3,4,8|5,9",False,False,13,5,7,3.783554865573143,0.23414877087166439,0.20790352274367674,1.74485387467626,,0,0,0,4,3,4,6,3,7,6,9,0,1,2,0,0,3,4,3,S001;S006;S007;S008;S013;S015,S002;S003;S004;S009;S012,S005;S010;S011;S014
3,"1,6,7,9|2,3,4|5,8",False,False,14,6,7,4.544372900265774,0.3788415812787902,0.32136754214861807,2.270359865198331,,0,0,0,5,4,4,6,4,7,5,9,1,2,2,0,0,3,3,3,S001;S006;S007;S008;S010;S013;S014;S015,S002;S003;S004,S005;S009;S011;S012
3,"1,6,7|2,3,4,9|5,8",False,False,12,6,5,3.097042976383167,0.23018974458458677,0.2998981797235364,1.7258906354553933,,0,0,0,5,4,4,6,4,7,5,7,1,2,2,0,0,3,3,1,S001;S006;S007;S008;S013;S015,S002;S003;S004;S010;S014,S005;S009;S011;S012
3,"1,6,7|2,3,4|5,8,9",False,False,15,6,6,3.515469533545353,0.15382200083961983,0.03542049317830878,1.465595288035809,,0,0,0,5,4,4,6,4,7,6,9,1,2,2,0,0,3,4,3,S001;S006;S007;S008;S013;S015,S002;S003;S004,S005;S009;S010;S011;S012;S014
3,"1,6,8,9|2,3,4,7|5",False,False,10,5,7,3.918458176871948,0.5052297084329312,0.5374872854081699,4.9063952520762,,0,0,0,4,3,3,6,3,6,5,9,0,1,1,0,0,2,3,3,S001;S006;S007;S009;S010;S012;S013;S014,S002;S003;S004;S008;S015,S005;S011
3,"1,6,8|2,3,4,7,9|5",False,False,9,5,7,3.918458176871948,0.5302050416875097,0.5863008191799852,5.256581999288372,,0,0,0,4,3,3,6,3,6,5,8,0,1,1,0,0,2,3,2,S001;S006;S007;S009;S012;S013,S002;S003;S004;S008;S010;S014;S015,S005;S011
3,"1,6,8|2,3,4,7|5,9",False,False,12,5,10,5.784214657916742,0.23808355648685708,0.22936963864083898,1.8215567596513897,,0,0,0,4,3,3,6,3,6,6,10,0,1,1,0,0,2,4,4,S001;S006;S007;S009;S012;S013,S002;S003;S004;S008;S015,S005;S010;S011;S014
3,"1,6,9|2,3,4,7,8|5",False,False,10,5,7,3.918458176871948,0.53188615788909,0.569531517066087,5.275139422985208,,0,0,0,4,3,3,6,3,6,5,9,0,1,1,0,0,2,3,3,S001;S006;S007;S010;S013;S014,S002;S003;S004;S008;S009;S012;S015,S005;S011
3,"1,6|2,3,4,7,8,9|5",False,False,8,5,5,2.471128252989341,0.7009354976479957,0.7494019027759806,6.492561411001989,,0,0,0,4,3,3,6,3,6,5,7,0,1,1,0,0,2,3,1,S001;S006;S007;S013,S002;S003;S004;S008;S009;S010;S012;S014;S015,S005;S011
3,"1,6|2,3,4,7,8|5,9",False,False,11,5,8,4.336884734034134,0.4190504576073409,0.4128572037134231,2.3789515263638155,,0,0,0,4,3,3,6,3,6,6,9,0,1,1,0,0,2,4,3,S001;S006;S007;S013,S002;S003;S004;S008;S009;S012;S015,S005;S010;S011;S014
3,"1,6,9|2,3,4,7|5,8",False,False,12,6,8,5.097702768726766,0.2346235050841005,0.30294920258673336,1.8064388205506978,,0,0,0,5,4,3,6,4,6,5,9,1,2,1,0,0,2,3,3,S001;S006;S007;S010;S013;S014,S002;S003;S004;S008;S015,S005;S009;S011;S012
3,"1,6|2,3,4,7,9|5,8",False,False,10,6,6,3.650372844844158,0.4149484263933003,0.4878290018353615,2.350908050293636,,0,0,0,5,4,3,6,4,6,5,7,1,2,1,0,0,2,3,1,S001;S006;S007;S013,S002;S003;S004;S008;S010;S014;S015,S005;S009;S011;S012
3,"1,6|2,3,4,7|5,8,9",False,False,13,6,7,4.068799402006345,0.19754055200274911,0.2839905793487848,1.6466245960661245,,0,0,0,5,4,3,6,4,6,6,9,1,2,1,0,0,2,4,3,S001;S006;S007;S013,S002;S003;S004;S008;S015,S005;S009;S010;S011;S012;S014
3,"1,6,8,9|2,3,4|5,7",False,False,15,5,8,4.449748066497147,0.3405440885507605,0.293694970466424,2.039180660481037,,0,0,0,4,3,4,6,3,7,6,11,0,1,2,0,0,3,4,5,S001;S006;S007;S009;S010;S012;S013;S014,S002;S003;S004,S005;S008;S011;S015
3,"1,6,8|2,3,4,9|5,7",False,False,14,5,8,4.449748066497147,0.19492764781678718,0.2731536972745583,1.6003410565554825,,0,0,0,4,3,4,6,3,7,6,10,0,1,2,0,0,3,4,4,S001;S006;S007;S009;S012;S013,S002;S003;S004;S010;S014,S005;S008;S011;S015
3,"1,6,8|2,3,4|5,7,9",False,False,15,5,11,6.315504547541941,0.1457079755682104,0.05520900192968365,1.4010011605743136,,0,0,0,4,3,4,6,3,7,6,11,0,1,2,0,0,3,4,5,S001;S006;S007;S009;S012;S013,S002;S003;S004,S005;S008;S010;S011;S014;S015
3,"1,6,9|2,3,4,8|5,7",False,False,15,5,8,4.449748066497147,0.19544698908066546,0.26139800895461224,1.6080538349939764,,0,0,0,4,3,4,6,3,7,6,11,0,1,2,0,0,3,4,5,S001;S006;S007;S010;S013;S014,S002;S003;S004;S009;S012,S005;S008;S011;S015
3,"1,6|2,3,4,8,9|5,7",False,False,13,5,6,3.0024181426145398,0.3778536702727803,0.4398402643510875,2.1140349567875534,,0,0,0,4,3,4,6,3,7,6,9,0,1,2,0,0,3,4,3,S001;S006;S007;S013,S002;S003;S004;S009;S010;S012;S014,S005;S008;S011;S015
3,"1,6|2,3,4,8|5,7,9",False,False,14,5,9,4.868174623659334,0.18636990883378607,0.2501387157910881,1.577287828864069,,0,0,0,4,3,4,6,3,7,6,10,0,1,2,0,0,3,4,4,S001;S006;S007;S013,S002;S003;S004;S009;S012,S005;S008;S010;S011;S014;S015
3,"1,6,9|2,3,4|5,7,8",False,False,16,5,9,5.628992658351965,0.14552657653692128,0.052715228767958755,1.3939534076426678,,0,0,0,4,4,4,6,4,7,6,11,0,2,2,0,0,3,4,5,S001;S006;S007;S010;S013;S014,S002;S003;S004,S005;S008;S009;S011;S012;S015
3,"1,6|2,3,4,9|5,7,8",False,False,14,5,7,4.1816627344693575,0.18568299759474907,0.2622995026085169,1.5697226147567895,,0,0,0,4,4,4,6,4,7,6,9,0,2,2,0,0,3,4,3,S001;S006;S007;S013,S002;S003;S004;S010;S014,S005;S008;S009;S011;S012;S015
3,"1,6|2,3,4|5,7,8,9",False,False,15,5,8,4.600089291631544,0.33013009759376744,0.27830406552719605,1.9810336950029779,,0,0,0,4,4,4,6,4,7,6,10,0,2,2,0,0,3,4,4,S001;S006;S007;S013,S002;S003;S004,S005;S008;S009;S010;S011;S012;S014;S015
3,"1,7,8,9|2,3,4,6|5",False,False,14,5,5,2.6651317026977828,0.527083304360617,0.5343357165299005,5.221067043970406,,0,0,0,4,3,5,6,3,8,5,9,0,1,3,0,0,4,3,3,S001;S008;S009;S010;S012;S013;S014;S015,S002;S003;S004;S006;S007,S005;S011
3,"1,7,8|2,3,4,6,9|5",False,False,13,5,5,2.6651317026977828,0.5071507126005955,0.5552519728995722,4.941910207394167,,0,0,0,4,3,5,6,3,8,5,8,0,1,3,0,0,4,3,2,S001;S008;S009;S012;S013;S015,S002;S003;S004;S006;S007;S010;S014,S005;S011
3,"1,7,8|2,3,4,6|5,9",False,False,16,5,8,4.530888183742577,0.23665562559527423,0.18240655404905382,1.8055404328043152,,0,0,0,4,3,5,6,3,8,6,10,0,1,3,0,0,4,4,4,S001;S008;S009;S012;S013;S015,S002;S003;S004;S006;S007,S005;S010;S011;S014
3,"1,7,9|2,3,4,6,8|5",False,False,13,4,5,2.6651317026977828,0.5082114827453708,0.5422468898331146,4.960467631091003,,0,0,0,4,2,5,6,2,8,5,9,0,0,3,0,0,4,3,3,S001;S008;S010;S013;S014;S015,S002;S003;S004;S006;S007;S009;S012,S005;S011
3,"1,7|2,3,4,6,8,9|5",False,False,11,4,3,1.2178017788151754,0.6482370752365443,0.7074598091822873,6.177889619107784,,1,0,0,4,2,5,6,2,8,5,7,0,0,3,0,0,4,3,1,S001;S008;S013;S015,S002;S003;S004;S006;S007;S009;S010;S012;S014,S005;S011
3,"1,7|2,3,4,6,8|5,9",False,False,14,4,6,3.083558259859969,0.35740966140429115,0.35186527453849153,2.2370426819513716,,0,0,0,4,2,5,6,2,8,6,9,0,0,3,0,0,4,4,3,S001;S008;S013;S015,S002;S003;S004;S006;S007;S009;S012,S005;S010;S011;S014
3,"1,7,9|2,3,4,6|5,8",False,False,15,6,6,3.8443762945526,0.2324135925119381,0.2687969817852286,1.782255959683762,,0,0,0,5,3,5,6,3,8,5,9,1,1,3,0,0,4,3,3,S001;S008;S010;S013;S014;S015,S002;S003;S004;S006;S007,S005;S009;S011;S012
3,"1,7|2,3,4,6,9|5,8",False,False,13,6,4,2.397046370669993,0.3530931789493932,0.42936953199395106,2.2101769727865106,,0,0,0,5,3,5,6,3,8,5,7,1,1,3,0,0,4,3,1,S001;S008;S013;S015,S002;S003;S004;S006;S007;S010;S014,S005;S009;S011;S012
3,"1,7|2,3,4,6|5,8,9",False,False,16,6,5,2.8154729278321793,0.12145992069767285,0.22330907133457786,1.3457146556444393,,0,0,0,5,3,5,6,3,8,6,9,1,1,3,0,0,4,4,3,S001;S008;S013;S015,S002;S003;S004;S006;S007,S005;S009;S010;S011;S012;S014
3,"1,8,9|2,3,4,6,7|5",False,False,11,5,5,2.687171681533575,0.5197082296900275,0.5695036911863209,5.1305502947791775,,0,0,0,4,3,4,6,3,7,5,8,0,1,2,0,0,3,3,2,S001;S009;S010;S012;S013;S014,S002;S003;S004;S006;S007;S008;S015,S005;S011
3,"1,8|2,3,4,6,7,9|5",False,False,9,5,5,2.687171681533575,0.6761281773342622,0.7048117131689402,6.347972282795959,,0,0,0,4,3,4,6,3,7,4,7,0,1,2,0,0,3,2,1,S001;S009;S012;S013,S002;S003;S004;S006;S007;S008;S010;S014;S015,S005;S011
3,"1,8|2,3,4,6,7|5,9",False,False,12,5,8,4.552928162578368,0.39002504497639406,0.3609289124932252,2.3137455669265012,,0,0,0,4,3,4,6,3,7,5,9,0,1,2,0,0,3,3,3,S001;S009;S012;S013,S002;S003;S004;S006;S007;S008;S015,S005;S010;S011;S014
3,"1,9|2,3,4,6,7,8|5",False,False,10,4,5,2.687171681533575,0.679258345712448,0.6737224063889711,6.366529706492795,,0,0,0,4,2,4,6,2,7,5,8,0,0,2,0,0,3,3,2,S001;S010;S013;S014,S002;S003;S004;S006;S007;S008;S009;S012;S015,S005;S011
3,"1|2,3,4,6,7,8,9|5",False,False,7,3,3,1.2398417576509675,0.9115875862248326,0.9511480471958657,7.583951694509575,,1,0,0,4,2,4,6,2,7,4,6,0,0,2,0,0,3,2,0,S001;S013,S002;S003;S004;S006;S007;S008;S009;S010;S012;S014;S015,S005;S011
3,"1|2,3,4,6,7,8|5,9",False,False,10,4,6,3.1055982386957615,0.6593090863942385,0.6271581126656842,4.675758680571778,,0,0,0,4,2,4,6,2,7,5,8,0,0,2,0,0,3,3,2,S001;S013,S002;S003;S004;S006;S007;S008;S009;S012;S015,S005;S010;S011;S014
3,"1,9|2,3,4,6,7|5,8",False,False,12,6,6,3.8664162733883924,0.38950287499979325,0.40312267289541387,2.2945427260652673,,0,0,0,5,3,4,6,3,7,5,8,1,1,2,0,0,3,3,2,S001;S010;S013;S014,S002;S003;S004;S006;S007;S008;S015,S005;S009;S011;S012
3,"1|2,3,4,6,7,9|5,8",False,False,9,5,4,2.4190863495057853,0.6557734649188024,0.6979004611980609,4.662129586082351,,0,0,0,5,3,4,6,3,7,4,6,1,1,2,0,0,3,2,0,S001;S013,S002;S003;S004;S006;S007;S008;S010;S014;S015,S005;S009;S011;S012
3,"1|2,3,4,6,7|5,8,9",False,False,12,6,5,2.8375129066679716,0.46506208219526607,0.5167233040409557,3.7680205987979365,,0,0,0,5,3,4,6,3,7,5,8,1,1,2,0,0,3,3,2,S001;S013,S002;S003;S004;S006;S007;S008;S015,S005;S009;S010;S011;S012;S014
3,"1,8,9|2,3,4,6|5,7",False,False,16,5,6,3.218461571158774,0.19422996386462546,0.24128312537477412,1.5855804418227826,,0,0,0,4,3,5,6,3,8,6,10,0,1,3,0,0,4,4,4,S001;S009;S010;S012;S013;S014,S002;S003;S004;S006;S007,S005;S008;S011;S015
3,"1,8|2,3,4,6,9|5,7",False,False,14,5,6,3.218461571158774,0.3477702269164955,0.38900054552179464,2.053941275213737,,0,0,0,4,3,5,6,3,8,5,9,0,1,3,0,0,4,3,3,S001;S009;S012;S013,S002;S003;S004;S006;S007;S010;S014,S005;S008;S011;S015
3,"1,8|2,3,4,6|5,7,9",False,False,15,5,9,5.084218052203568,0.15356427603860742,0.19526157994830642,1.4338283886454137,,0,0,0,4,3,5,6,3,8,5,10,0,1,3,0,0,4,3,4,S001;S009;S012;S013,S002;S003;S004;S006;S007,S005;S008;S010;S011;S014;S015
3,"1,9|2,3,4,6,8|5,7",False,False,15,4,6,3.218461571158774,0.35157354521971496,0.3522504472820357,2.061654053652231,,0,0,0,4,2,5,6,2,8,6,10,0,0,3,0,0,4,4,4,S001;S010;S013;S014,S002;S003;S004;S006;S007;S009;S012,S005;S008;S011;S015
3,"1|2,3,4,6,8,9|5,7",False,False,12,4,4,1.7711316472761667,0.6239953273274184,0.6571166766574426,4.537216088805536,,0,0,0,4,2,5,6,2,8,5,8,0,0,3,0,0,4,3,2,S001;S013,S002;S003;S004;S006;S007;S009;S010;S012;S014,S005;S008;S011;S015
3,"1|2,3,4,6,8|5,7,9",False,False,13,4,7,3.6368881283209604,0.44803386612115037,0.4746793154363928,3.6431071015211214,,0,0,0,4,2,5,6,2,8,5,9,0,0,3,0,0,4,3,3,S001;S013,S002;S003;S004;S006;S007;S009;S012,S005;S008;S010;S011;S014;S015
3,"1,9|2,3,4,6|5,7,8",False,False,16,5,7,4.397706163013591,0.15734580345652613,0.15721661090342842,1.4441455260021652,,0,0,0,4,3,5,6,3,8,6,10,0,1,3,0,0,4,4,4,S001;S010;S013;S014,S002;S003;S004;S006;S007,S005;S008;S009;S011;S012;S015
3,"1|2,3,4,6,9|5,7,8",False,False,13,5,5,2.9503762391309842,0.44637454364331175,0.49645381370472635,3.6294780070316945,,0,0,0,4,3,5,6,3,8,5,8,0,1,3,0,0,4,3,2,S001;S013,S002;S003;S004;S006;S007;S010;S014,S005;S008;S009;S011;S012;S015
3,"1|2,3,4,6|5,7,8,9",False,False,14,5,6,3.3688027962931706,0.4395017279137633,0.4641898490671694,3.5689268053832417,,0,0,0,4,3,5,6,3,8,5,9,0,1,3,0,0,4,3,3,S001;S013,S002;S003;S004;S006;S007,S005;S008;S009;S010;S011;S012;S014;S015
3,"1,7,8,9|2,3,4|5,6",False,False,13,5,7,3.8964181980361556,0.411948933800829,0.33630418361110587,2.4964575407770693,,0,0,0,4,3,4,6,3,8,5,9,0,1,2,0,0,4,3,3,S001;S008;S009;S010;S012;S013;S014;S015,S002;S003;S004,S005;S006;S007;S011
3,"1,7,8|2,3,4,9|5,6",False,False,12,5,7,3.8964181980361556,0.26170745021900854,0.3149086036368404,1.9143462066960024,,0,0,0,4,3,4,6,3,8,5,8,0,1,2,0,0,4,3,2,S001;S008;S009;S012;S013;S015,S002;S003;S004;S010;S014,S005;S006;S007;S011
3,"1,7,8|2,3,4|5,6,9",False,False,16,5,10,5.76217467908095,0.16878142541439053,0.03102739784811145,1.5205074605897968,,0,0,0,4,3,4,6,3,8,6,11,0,1,2,0,0,4,4,5,S001;S008;S009;S012;S013;S015,S002;S003;S004,S005;S006;S007;S010;S011;S014
3,"1,7,9|2,3,4,8|5,6",False,False,12,4,7,3.8964181980361556,0.2614178852858835,0.3048405666419748,1.9054729591519268,,0,0,0,4,2,4,6,2,8,5,9,0,0,2,0,0,4,3,3,S001;S008;S010;S013;S014;S015,S002;S003;S004;S009;S012,S005;S006;S007;S011
3,"1,7|2,3,4,8,9|5,6",False,False,10,4,5,2.4490882741535485,0.386879225533285,0.4700577934383581,2.4321138793230643,,0,0,0,4,2,4,6,2,8,5,7,0,0,2,0,0,4,3,1,S001;S008;S013;S015,S002;S003;S004;S009;S010;S012;S014,S005;S006;S007;S011
3,"1,7|2,3,4,8|5,6,9",False,False,14,4,8,4.314844755198342,0.13564009633332996,0.2406555230837187,1.3979569228803486,,0,0,0,4,2,4,6,2,8,6,10,0,0,2,0,0,4,4,4,S001;S008;S013;S015,S002;S003;S004;S009;S012,S005;S006;S007;S010;S011;S014
3,"1,7,9|2,3,4|5,6,8",False,False,16,6,8,5.075662789890973,0.16651098185728172,0.08151998485549918,1.5134597076581509,,0,0,0,5,3,4,6,3,8,6,10,1,1,2,0,0,4,4,4,S001;S008;S010;S013;S014;S015,S002;S003;S004,S005;S006;S007;S009;S011;S012
3,"1,7|2,3,4,9|5,6,8",False,False,14,6,6,3.628332866008366,0.1333733556609755,0.2656170380337309,1.3912518413848804,,0,0,0,5,3,4,6,3,8,6,8,1,1,2,0,0,4,4,2,S001;S008;S013;S015,S002;S003;S004;S010;S014,S005;S006;S007;S009;S011;S012
3,"1,7|2,3,4|5,6,8,9",False,False,16,6,7,4.046759423170553,0.2627898619538922,0.25018128404280093,1.7260245512807673,,0,0,0,5,3,4,6,3,8,6,10,1,1,2,0,0,4,4,4,S001;S008;S013;S015,S002;S003;S004,S005;S006;S007;S009;S010;S011;S012;S014
3,"1,8,9|2,3,4,7|5,6",False,False,10,5,7,3.918458176871948,0.262482714141604,0.3284212433710911,1.931327712060177,,0,0,0,4,3,3,6,3,7,5,8,0,1,1,0,0,3,3,2,S001;S009;S010;S012;S013;S014,S002;S003;S004;S008;S015,S005;S006;S007;S011
3,"1,8|2,3,4,7,9|5,6",False,False,8,5,7,3.918458176871948,0.41875252033374344,0.4776623176089917,2.5134390461412437,,0,0,0,4,3,3,6,3,7,4,7,0,1,1,0,0,3,2,1,S001;S009;S012;S013,S002;S003;S004;S008;S010;S014;S015,S005;S006;S007;S011
3,"1,8|2,3,4,7|5,6,9",False,False,12,5,10,5.784214657916742,0.1775281302766656,0.23294986597978115,1.55496861563726,,0,0,0,4,3,3,6,3,7,5,10,0,1,1,0,0,3,3,4,S001;S009;S012;S013,S002;S003;S004;S008;S015,S005;S006;S007;S010;S011;S014
3,"1,9|2,3,4,7,8|5,6",False,False,9,4,7,3.918458176871948,0.4223360234040831,0.4430342515764648,2.522312293685319,,0,0,0,4,2,3,6,2,7,5,8,0,0,1,0,0,3,3,2,S001;S010;S013;S014,S002;S003;S004;S008;S009;S012;S015,S005;S006;S007;S011
3,"1|2,3,4,7,8,9|5,6",False,False,6,3,5,2.471128252989341,0.683645795488343,0.7319087392980207,4.768319913072609,,1,0,0,4,2,3,6,2,7,4,6,0,0,1,0,0,3,2,0,S001;S013,S002;S003;S004;S008;S009;S010;S012;S014;S015,S005;S006;S007;S011
3,"1|2,3,4,7,8|5,6,9",False,False,10,4,8,4.336884734034134,0.48193408051502024,0.5115048200958767,3.8742109257881934,,0,0,0,4,2,3,6,2,7,5,9,0,0,1,0,0,3,3,3,S001;S013,S002;S003;S004;S008;S009;S012;S015,S005;S006;S007;S010;S011;S014
3,"1,9|2,3,4,7|5,6,8",False,False,13,6,8,5.097702768726766,0.1798269602132646,0.226885005970451,1.5661574196252486,,0,0,0,5,3,3,6,3,7,6,9,1,1,1,0,0,3,4,3,S001;S010;S013;S014,S002;S003;S004;S008;S015,S005;S006;S007;S009;S011;S012
3,"1|2,3,4,7,9|5,6,8",False,False,10,6,6,3.650372844844158,0.4796539514722674,0.5483017100030174,3.860581831298767,,0,0,0,5,3,3,6,3,7,5,7,1,1,1,0,0,3,3,1,S001;S013,S002;S003;S004;S008;S010;S014;S015,S005;S006;S007;S009;S011;S012
3,"1|2,3,4,7|5,6,8,9",False,False,12,6,7,4.068799402006345,0.421312421366051,0.46687826290066875,3.337822981116169,,0,0,0,5,3,3,6,3,7,5,9,1,1,1,0,0,3,3,3,S001;S013,S002;S003;S004;S008;S015,S005;S006;S007;S009;S010;S011;S012;S014
3,"1,8,9|2,3,4|5,6,7",False,False,15,5,7,3.918458176871948,0.15064851906049045,0.06021804140521815,1.448865580196656,,0,0,0,4,3,4,6,3,8,6,10,0,1,2,0,0,4,4,4,S001;S009;S010;S012;S013;S014,S002;S003;S004,S005;S006;S007;S008;S011;S015
3,"1,8|2,3,4,9|5,6,7",False,False,13,5,7,3.918458176871948,0.15911523511821885,0.23850177689679963,1.482347225368936,,0,0,0,4,3,4,6,3,8,5,9,0,1,2,0,0,4,3,3,S001;S009;S012;S013,S002;S003;S004;S010;S014,S005;S006;S007;S008;S011;S015
3,"1,8|2,3,4|5,6,7,9",False,False,14,5,10,5.784214657916742,0.29857637954569816,0.2610784735492752,1.8151005693471733,,0,0,0,4,3,4,6,3,8,5,10,0,1,2,0,0,4,3,4,S001;S009;S012;S013,S002;S003;S004,S005;S006;S007;S008;S010;S011;S014;S015
3,"1,9|2,3,4,8|5,6,7",False,False,14,4,7,3.918458176871948,0.16355103289122436,0.19443772215401647,1.5002089984333384,,0,0,0,4,2,4,6,2,8,6,10,0,0,2,0,0,4,4,4,S001;S010;S013;S014,S002;S003;S004;S009;S012,S005;S006;S007;S008;S011;S015
3,"1|2,3,4,8,9|5,6,7",False,False,11,4,5,2.471128252989341,0.4603465879886474,0.5298532380808237,3.735668334021952,,0,0,0,4,2,4,6,2,8,5,8,0,0,2,0,0,4,3,2,S001;S013,S002;S003;S004;S009;S010;S012;S014,S005;S006;S007;S008;S011;S015
3,"1|2,3,4,8|5,6,7,9",False,False,12,4,8,4.336884734034134,0.4295061093488453,0.47425357756093606,3.462736478392984,,0,0,0,4,2,4,6,2,8,5,9,0,0,2,0,0,4,3,3,S001;S013,S002;S003;S004;S009;S012,S005;S006;S007;S008;S010;S011;S014;S015
3,"1,9|2,3,4|5,6,7,8",False,False,15,5,8,5.097702768726766,0.3025757988810124,0.1866312215833912,1.835356674943229,,0,0,0,4,3,4,6,3,8,6,10,0,1,2,0,0,4,4,4,S001;S010;S013;S014,S002;S003;S004,S005;S006;S007;S008;S009;S011;S012;S015
3,"1|2,3,4,9|5,6,7,8",False,False,12,5,6,3.650372844844158,0.4306372897239486,0.46162144485269313,3.4763655728824103,,0,0,0,4,3,4,6,3,8,5,8,0,1,2,0,0,4,3,2,S001;S013,S002;S003;S004;S010;S014,S005;S006;S007;S008;S009;S011;S012;S015
3,"1|2,3,4|5,6,7,8,9",False,False,13,5,7,4.068799402006345,0.583568634487304,0.5279916311008056,4.370474560166826,,0,0,0,4,3,4,6,3,8,5,9,0,1,2,0,0,4,3,3,S001;S013,S002;S003;S004,S005;S006;S007;S008;S009;S010;S011;S012;S014;S015
3,"1,5,6,7,8,9|2,3|4",False,False,11,5,5,3.097042976383167,0.8604261756251087,0.6752089383527751,8.641825715709482,,0,0,0,4,3,4,6,3,6,5,9,0,1,2,0,0,2,3,3,S001;S005;S006;S007;S008;S009;S010;S011;S012;S013;S014;S015,S002;S003,S004
3,"1,5,6,7,8|2,3,9|4",False,False,10,5,6,4.023169930093005,0.6497624888321567,0.5062852495290614,7.203082462688394,,0,0,0,4,3,4,6,3,6,5,8,0,1,2,0,0,2,3,2,S001;S005;S006;S007;S008;S009;S011;S012;S013;S015,S002;S003;S010;S014,S004
3,"1,5,6,7,8|2,3|4,9",False,False,13,5,7,4.036672503718123,0.5939014807642438,0.3967159746343477,3.4109023997787453,,0,0,0,4,3,4,6,3,6,6,10,0,1,2,0,0,2,4,4,S001;S005;S006;S007;S008;S009;S011;S012;S013;S015,S002;S003,S004;S010;S014
3,"1,5,6,7,9|2,3,8|4",False,False,11,5,7,4.291255262120795,0.6470958900460597,0.533786239646042,7.1811513916217615,,0,0,0,4,3,4,6,3,6,5,9,0,1,2,0,0,2,3,3,S001;S005;S006;S007;S008;S010;S011;S013;S014;S015,S002;S003;S009;S012,S004
3,"1,5,6,7|2,3,8,9|4",False,False,10,5,5,2.8439253382381877,0.5321076376715582,0.4617715881270145,5.7424081386006725,,0,0,0,4,3,4,6,3,6,5,8,0,1,2,0,0,2,3,2,S001;S005;S006;S007;S008;S011;S013;S015,S002;S003;S009;S010;S012;S014,S004
3,"1,5,6,7|2,3,8|4,9",False,False,13,5,7,3.783554865573143,0.3498464456705413,0.18244216514354547,2.3546587495370987,,0,0,0,4,3,4,6,3,6,6,10,0,1,2,0,0,2,4,4,S001;S005;S006;S007;S008;S011;S013;S015,S002;S003;S009;S012,S004;S010;S014
3,"1,5,6,7,9|2,3|4,8",False,False,11,5,7,3.8863312785837256,0.5900862533554356,0.4699039975671778,3.400517298217243,,0,0,0,5,2,4,6,2,6,5,9,1,0,2,0,0,2,3,3,S001;S005;S006;S007;S008;S010;S011;S013;S014;S015,S002;S003,S004;S009;S012
3,"1,5,6,7|2,3,9|4,8",False,False,10,5,6,3.3651283084109567,0.348329662923302,0.24583174869245222,2.333672555684358,,0,0,0,5,2,4,6,2,6,5,8,1,0,2,0,0,2,3,2,S001;S005;S006;S007;S008;S011;S013;S015,S002;S003;S010;S014,S004;S009;S012
3,"1,5,6,7|2,3|4,8,9",False,False,13,5,6,2.857427911863305,0.3783317466372099,0.21287744409384116,2.7192238603293304,,0,0,0,5,2,4,6,2,6,6,10,1,0,2,0,0,2,4,4,S001;S005;S006;S007;S008;S011;S013;S015,S002;S003,S004;S009;S010;S012;S014
3,"1,5,6,8,9|2,3,7|4",False,False,9,5,6,3.650372844844158,0.6236859430972678,0.5185360326006933,6.980148545241561,,0,0,0,4,3,3,6,3,5,5,9,0,1,1,0,0,1,3,3,S001;S005;S006;S007;S009;S010;S011;S012;S013;S014,S002;S003;S008;S015,S004
3,"1,5,6,8|2,3,7,9|4",False,False,8,5,7,4.576499798553996,0.5277403494445544,0.47798501352485034,5.541405292220472,,0,0,0,4,3,3,6,3,5,5,8,0,1,1,0,0,1,3,2,S001;S005;S006;S007;S009;S011;S012;S013,S002;S003;S008;S010;S014;S015,S004
3,"1,5,6,8|2,3,7|4,9",False,False,11,5,8,4.590002372179114,0.324351255711075,0.2149208203120832,2.272238082199034,,0,0,0,4,3,3,6,3,5,6,10,0,1,1,0,0,1,4,4,S001;S005;S006;S007;S009;S011;S012;S013,S002;S003;S008;S015,S004;S010;S014
3,"1,5,6,9|2,3,7,8|4",False,False,9,5,8,4.844585130581786,0.5274629821937343,0.4772636508221682,5.51947422115384,,0,0,0,4,3,3,6,3,5,5,9,0,1,1,0,0,1,3,3,S001;S005;S006;S007;S010;S011;S013;S014,S002;S003;S008;S009;S012;S015,S004
3,"1,5,6|2,3,7,8,9|4",False,False,7,5,6,3.397255206699179,0.5918532566108221,0.5622267814614873,6.672876797733204,,0,0,0,4,3,3,6,3,5,5,7,0,1,1,0,0,1,3,1,S001;S005;S006;S007;S011;S013,S002;S003;S008;S009;S010;S012;S014;S015,S004
3,"1,5,6|2,3,7,8|4,9",False,False,10,5,8,4.336884734034134,0.29276348564947174,0.26321848827201527,2.1462421426397094,,0,0,0,4,3,3,6,3,5,6,9,0,1,1,0,0,1,4,3,S001;S005;S006;S007;S011;S013,S002;S003;S008;S009;S012;S015,S004;S010;S014
3,"1,5,6,9|2,3,7|4,8",False,False,9,5,8,4.439661147044717,0.3197957405787276,0.2987826078744646,2.24307384651569,,0,0,0,5,2,3,6,2,5,5,9,1,0,1,0,0,1,3,3,S001;S005;S006;S007;S010;S011;S013;S014,S002;S003;S008;S015,S004;S009;S012
3,"1,5,6|2,3,7,9|4,8",False,False,7,5,7,3.918458176871948,0.28821643948207887,0.33200481176333574,2.1182008616999215,,0,0,0,5,2,3,6,2,5,5,7,1,0,1,0,0,1,3,1,S001;S005;S006;S007;S011;S013,S002;S003;S008;S010;S014;S015,S004;S009;S012
3,"1,5,6|2,3,7|4,8,9",False,False,10,5,7,3.410757780324296,0.03219093223122933,0.05004657116107602,1.08142972523167,,1,0,0,5,2,3,6,2,5,6,9,1,0,1,0,0,1,4,3,S001;S005;S006;S007;S011;S013,S002;S003;S008;S015,S004;S009;S010;S012;S014
3,"1,5,6,8,9|2,3|4,7",False,False,11,5,7,4.1816627344693575,0.5556501279739429,0.40515192523303845,3.305335673595845,,0,0,0,4,3,3,6,3,5,6,10,0,1,1,0,0,1,4,4,S001;S005;S006;S007;S009;S010;S011;S012;S013;S014,S002;S003,S004;S008;S015
3,"1,5,6,8|2,3,9|4,7",False,False,10,5,8,5.107789688179196,0.30730924037698415,0.2155014102784281,2.0819223885240357,,0,0,0,4,3,3,6,3,5,6,9,0,1,1,0,0,1,4,3,S001;S005;S006;S007;S009;S011;S012;S013,S002;S003;S010;S014,S004;S008;S015
3,"1,5,6,8|2,3|4,7,9",False,False,12,5,9,5.121292261804314,0.35888781324084273,0.24543536899241655,2.624042235707932,,0,0,0,4,3,3,6,3,5,6,11,0,1,1,0,0,1,4,5,S001;S005;S006;S007;S009;S011;S012;S013,S002;S003,S004;S008;S010;S014;S015
3,"1,5,6,9|2,3,8|4,7",False,False,11,5,9,5.375875020206985,0.304242550127484,0.24690262868102322,2.0736828201383712,,0,0,0,4,3,3,6,3,5,6,10,0,1,1,0,0,1,4,4,S001;S005;S006;S007;S010;S011;S013;S014,S002;S003;S009;S012,S004;S008;S015
3,"1,5,6|2,3,8,9|4,7",False,False,9,5,7,3.928545096324378,0.2465822231489743,0.24755784724809052,1.882722549100241,,0,0,0,4,3,3,6,3,5,6,8,0,1,1,0,0,1,4,2,S001;S005;S006;S007;S011;S013,S002;S003;S009;S010;S012;S014,S004;S008;S015
3,"1,5,6|2,3,8|4,7,9",False,False,11,5,9,4.868174623659334,0.0623747269661961,0.09710415271465646,1.147787402822103,,0,0,0,4,3,3,6,3,5,6,10,0,1,1,0,0,1,4,4,S001;S005;S006;S007;S011;S013,S002;S003;S009;S012,S004;S008;S010;S014;S015
3,"1,5,6,9|2,3|4,7,8",False,False,10,4,9,4.970951036669916,0.3569997229264911,0.27167520950560475,2.6136571341464294,,0,0,0,4,2,3,6,2,5,6,10,0,0,1,0,0,1,4,4,S001;S005;S006;S007;S010;S011;S013;S014,S002;S003,S004;S008;S009;S012;S015
3,"1,5,6|2,3,9|4,7,8",False,False,8,4,8,4.449748066497147,0.06644084702883749,0.07589056656590344,1.1610539687933845,,1,0,0,4,2,3,6,2,5,6,8,0,0,1,0,0,1,4,2,S001;S005;S006;S007;S011;S013,S002;S003;S010;S014,S004;S008;S009;S012;S015
3,"1,5,6|2,3|4,7,8,9",False,False,10,4,8,3.942047669949495,0.36062384683534493,0.2945666774736862,2.6333658566539477,,0,0,0,4,2,3,6,2,5,6,10,0,0,1,0,0,1,4,4,S001;S005;S006;S007;S011;S013,S002;S003,S004;S008;S009;S010;S012;S014;S015
3,"1,5,7,8,9|2,3,6|4",False,False,14,5,5,3.097042976383167,0.6684181645822468,0.5334113174575295,7.3520261045103545,,0,0,0,4,4,5,6,4,7,5,9,0,2,3,0,0,3,3,3,S001;S005;S008;S009;S010;S011;S012;S013;S014;S015,S002;S003;S006;S007,S004
3,"1,5,7,8|2,3,6,9|4",False,False,13,5,6,4.023169930093005,0.5383616546209317,0.4696978805544776,5.913282851489266,,0,0,0,4,4,5,6,4,7,5,8,0,2,3,0,0,3,3,2,S001;S005;S008;S009;S011;S012;S013;S015,S002;S003;S006;S007;S010;S014,S004
3,"1,5,7,8|2,3,6|4,9",False,False,16,5,7,4.036672503718123,0.37385127793241546,0.22574001384527184,2.424725458148969,,0,0,0,4,4,5,6,4,7,6,10,0,2,3,0,0,3,4,4,S001;S005;S008;S009;S011;S012;S013;S015,S002;S003;S006;S007,S004;S010;S014
3,"1,5,7,9|2,3,6,8|4",False,False,13,5,7,4.291255262120795,0.5374310741842407,0.47347243336008127,5.891351780422633,,0,0,0,4,3,5,6,3,7,5,9,0,1,3,0,0,3,3,3,S001;S005;S008;S010;S011;S013;S014;S015,S002;S003;S006;S007;S009;S012,S004
3,"1,5,7|2,3,6,8,9|4",False,False,12,5,5,2.8439253382381877,0.5607405343676438,0.541218236323378,6.30099923846441,,0,0,0,4,3,5,6,3,7,5,8,0,1,3,0,0,3,3,2,S001;S005;S008;S011;S013;S015,S002;S003;S006;S007;S009;S010;S012;S014,S004
3,"1,5,7|2,3,6,8|4,9",False,False,15,5,7,3.783554865573143,0.27034750645738453,0.23298342217372198,1.9937547666897741,,0,0,0,4,3,5,6,3,7,6,10,0,1,3,0,0,3,4,4,S001;S005;S008;S011;S013;S015,S002;S003;S006;S007;S009;S012,S004;S010;S014
3,"1,5,7,9|2,3,6|4,8",False,False,14,6,7,3.8863312785837256,0.36942677246315275,0.31046780837840027,2.3942021594453844,,0,0,0,5,3,5,6,3,7,5,9,1,1,3,0,0,3,3,3,S001;S005;S008;S010;S011;S013;S014;S015,S002;S003;S006;S007,S004;S009;S012
3,"1,5,7|2,3,6,9|4,8",False,False,13,6,6,3.3651283084109567,0.26608316015097194,0.30431126766801964,1.9670725487702267,,0,0,0,5,3,5,6,3,7,5,8,1,1,3,0,0,3,3,2,S001;S005;S008;S011;S013;S015,S002;S003;S006;S007;S010;S014,S004;S009;S012
3,"1,5,7|2,3,6|4,8,9",False,False,16,6,6,2.857427911863305,0.10956931341456272,0.02783478826207953,1.308981812192358,,0,0,0,5,3,5,6,3,7,6,10,1,1,3,0,0,3,4,4,S001;S005;S008;S011;S013;S015,S002;S003;S006;S007,S004;S009;S010;S012;S014
3,"1,5,8,9|2,3,6,7|4",False,False,11,5,5,3.119082955218959,0.5306627562552717,0.4601566769382553,5.690348934042434,,0,0,0,4,4,4,6,4,6,5,8,0,2,2,0,0,2,3,2,S001;S005;S009;S010;S011;S012;S013;S014,S002;S003;S006;S007;S008;S015,S004
3,"1,5,8|2,3,6,7,9|4",False,False,9,5,6,4.045209908928797,0.5764729151671861,0.5590660599824844,6.5020020848446105,,0,0,0,4,4,4,6,4,6,4,7,0,2,2,0,0,2,2,1,S001;S005;S009;S011;S012;S013,S002;S003;S006;S007;S008;S010;S014;S015,S004
3,"1,5,8|2,3,6,7|4,9",False,False,12,5,7,4.058712482553915,0.28003341310592667,0.22460497700422605,2.0761754340278387,,0,0,0,4,4,4,6,4,6,5,9,0,2,2,0,0,2,3,3,S001;S005;S009;S011;S012;S013,S002;S003;S006;S007;S008;S015,S004;S010;S014
3,"1,5,9|2,3,6,7,8|4",False,False,10,5,7,4.313295240956586,0.578347155595752,0.5292988445754476,6.523933155911243,,0,0,0,4,3,4,6,3,6,5,8,0,1,2,0,0,2,3,2,S001;S005;S010;S011;S013;S014,S002;S003;S006;S007;S008;S009;S012;S015,S004
3,"1,5|2,3,6,7,8,9|4",False,False,8,5,5,2.8659653170739796,0.75349243685123,0.7403310701528122,7.962676408932332,,0,0,0,4,3,4,6,3,6,4,7,0,1,2,0,0,2,2,1,S001;S005;S011;S013,S002;S003;S006;S007;S008;S009;S010;S012;S014;S015,S004
3,"1,5|2,3,6,7,8|4,9",False,False,11,5,7,3.8055948444089354,0.4717784050226416,0.4704095480443393,2.6751209451136218,,0,0,0,4,3,4,6,3,6,5,9,0,1,2,0,0,2,3,3,S001;S005;S011;S013,S002;S003;S006;S007;S008;S009;S012;S015,S004;S010;S014
3,"1,5,9|2,3,6,7|4,8",False,False,11,6,7,3.908371257419518,0.2769708210668558,0.2721668280182241,2.057671257938895,,0,0,0,5,3,4,6,3,6,5,8,1,1,2,0,0,2,3,2,S001;S005;S010;S011;S013;S014,S002;S003;S006;S007;S008;S015,S004;S009;S012
3,"1,5|2,3,6,7,9|4,8",False,False,9,6,6,3.387168287246749,0.4676586107921655,0.5285997027571753,2.6423659649698603,,1,0,0,5,3,4,6,3,6,4,7,1,1,2,0,0,2,2,1,S001;S005;S011;S013,S002;S003;S006;S007;S008;S010;S014;S015,S004;S009;S012
3,"1,5|2,3,6,7|4,8,9",False,False,12,6,6,2.879467890699097,0.23680360272419196,0.30671768097347246,1.8141825019252666,,0,0,0,5,3,4,6,3,6,5,9,1,1,2,0,0,2,3,3,S001;S005;S011;S013,S002;S003;S006;S007;S008;S015,S004;S009;S010;S012;S014
3,"1,5,8,9|2,3,6|4,7",False,False,13,5,6,3.650372844844158,0.3290612205478493,0.21011929386157102,2.1378809561048584,,0,0,0,4,4,4,6,4,6,6,9,0,2,2,0,0,2,4,3,S001;S005;S009;S010;S011;S012;S013;S014,S002;S003;S006;S007,S004;S008;S015
3,"1,5,8|2,3,6,9|4,7",False,False,11,5,7,4.576499798553996,0.23487343741308878,0.24944555330765503,1.8185244131337541,,0,0,0,4,4,4,6,4,6,5,8,0,2,2,0,0,2,3,2,S001;S005;S009;S011;S012;S013,S002;S003;S006;S007;S010;S014,S004;S008;S015
3,"1,5,8|2,3,6|4,7,9",False,False,13,5,8,4.590002372179114,0.09450319972818448,0.09416023489993355,1.2498908167699239,,0,0,0,4,4,4,6,4,6,5,10,0,2,2,0,0,2,3,4,S001;S005;S009;S011;S012;S013,S002;S003;S006;S007,S004;S008;S010;S014;S015
3,"1,5,9|2,3,6,8|4,7",False,False,12,5,8,4.844585130581786,0.23610840942400074,0.22061927427941838,1.8267639815194188,,0,0,0,4,3,4,6,3,6,6,9,0,1,2,0,0,2,4,3,S001;S005;S010;S011;S013;S014,S002;S003;S006;S007;S009;S012,S004;S008;S015
3,"1,5|2,3,6,8,9|4,7",False,False,10,5,6,3.397255206699179,0.43032404615118525,0.45677522441217705,2.367304084949076,,0,0,0,4,3,4,6,3,6,5,8,0,1,2,0,0,2,3,2,S001;S005;S011;S013,S002;S003;S006;S007;S009;S010;S012;S014,S004;S008;S015
3,"1,5|2,3,6,8|4,7,9",False,False,12,5,8,4.336884734034134,0.21833558659058397,0.3079113003945837,1.7421625126550753,,0,0,0,4,3,4,6,3,6,5,10,0,1,2,0,0,2,3,4,S001;S005;S011;S013,S002;S003;S006;S007;S009;S012,S004;S008;S010;S014;S015
3,"1,5,9|2,3,6|4,7,8",False,False,12,5,8,4.439661147044717,0.0938495556271339,0.044162253900776716,1.2434435010062643,,0,0,0,4,3,4,6,3,6,6,9,0,1,2,0,0,2,4,3,S001;S005;S010;S011;S013;S014,S002;S003;S006;S007,S004;S008;S009;S012;S015
3,"1,5|2,3,6,9|4,7,8",False,False,10,5,7,3.918458176871948,0.216715627738076,0.3212443478197775,1.7343045368535033,,0,0,0,4,3,4,6,3,6,5,8,0,1,2,0,0,2,3,2,S001;S005;S011;S013,S002;S003;S006;S007;S010;S014,S004;S008;S009;S012;S015
3,"1,5|2,3,6|4,7,8,9",False,False,12,5,7,3.410757780324296,0.3033227092441832,0.3413696080997063,1.9925587685132697,,0,0,0,4,3,4,6,3,6,5,10,0,1,2,0,0,2,3,4,S001;S005;S011;S013,S002;S003;S006;S007,S004;S008;S009;S010;S012;S014;S015
3,"1,5,7,8,9|2,3|4,6",False,False,15,5,5,2.928336260295192,0.6200826824988626,0.47453809282507614,3.4814322358529393,,0,0,0,4,3,5,6,3,7,6,10,0,1,3,0,0,3,4,4,S001;S005;S008;S009;S010;S011;S012;S013;S014;S015,S002;S003,S004;S006;S007
3,"1,5,7,8|2,3,9|4,6",False,False,14,5,6,3.85446321400503,0.38334943777522734,0.3050703277121292,2.5824455653534617,,0,0,0,4,3,5,6,3,7,6,9,0,1,3,0,0,3,4,3,S001;S005;S008;S009;S011;S012;S013;S015,S002;S003;S010;S014,S004;S006;S007
3,"1,5,7,8|2,3|4,6,9",False,False,16,5,7,3.8679657876301476,0.3975935594527101,0.24912375348603624,2.8001387979650265,,0,0,0,4,3,5,6,3,7,6,11,0,1,3,0,0,3,4,5,S001;S005;S008;S009;S011;S012;S013;S015,S002;S003,S004;S006;S007;S010;S014
3,"1,5,7,9|2,3,8|4,6",False,False,15,5,7,4.12254854603282,0.38043019743374035,0.3315309757071214,2.57286784031614,,0,0,0,4,3,5,6,3,7,6,10,0,1,3,0,0,3,4,4,S001;S005;S008;S010;S011;S013;S014;S015,S002;S003;S009;S012,S004;S006;S007
3,"1,5,7|2,3,8,9|4,6",False,False,14,5,5,2.6752186221502128,0.2995475795069431,0.3257363846472165,2.1884882863793513,,0,0,0,4,3,5,6,3,7,6,9,0,1,3,0,0,3,4,3,S001;S005;S008;S011;S013;S015,S002;S003;S009;S010;S012;S014,S004;S006;S007
3,"1,5,7|2,3,8|4,6,9",False,False,16,5,7,3.614848149485168,0.09787195708405569,0.04911362455708827,1.2463717008562658,,0,0,0,4,3,5,6,3,7,6,11,0,1,3,0,0,3,4,5,S001;S005;S008;S011;S013;S015,S002;S003;S009;S012,S004;S006;S007;S010;S014
3,"1,5,7,9|2,3|4,6,8",False,False,15,5,7,3.717624562495751,0.3949943611937587,0.2994374001893818,2.7897536964035243,,0,0,0,5,2,5,6,2,7,6,10,1,0,3,0,0,3,4,4,S001;S005;S008;S010;S011;S013;S014;S015,S002;S003,S004;S006;S007;S009;S012
3,"1,5,7|2,3,9|4,6,8",False,False,14,5,6,3.1964215923229817,0.09873440719000286,0.0955990099289146,1.254070355002585,,0,0,0,5,2,5,6,2,7,6,9,1,0,3,0,0,3,4,3,S001;S005;S008;S011;S013;S015,S002;S003;S010;S014,S004;S006;S007;S009;S012
3,"1,5,7|2,3|4,6,8,9",False,False,16,5,6,2.68872119577533,0.3348820833062768,0.23331016663270682,2.4572692943968533,,0,0,0,5,2,5,6,2,7,6,11,1,0,3,0,0,3,4,5,S001;S005;S008;S011;S013;S015,S002;S003,S004;S006;S007;S009;S010;S012;S014
3,"1,5,8,9|2,3,7|4,6",False,False,12,5,5,2.9503762391309842,0.3552999692648384,0.2924366051541858,2.4850859901502473,,0,0,0,4,3,4,6,3,6,6,9,0,1,2,0,0,2,4,3,S001;S005;S009;S010;S011;S012;S013;S014,S002;S003;S008;S015,S004;S006;S007
3,"1,5,8|2,3,7,9|4,6",False,False,10,5,6,3.8765031928408225,0.31041900568331354,0.3537981444866019,2.276270136545244,,0,0,0,4,3,4,6,3,6,5,8,0,1,2,0,0,2,3,2,S001;S005;S009;S011;S012;S013,S002;S003;S008;S010;S014;S015,S004;S006;S007
3,"1,5,8|2,3,7|4,6,9",False,False,12,5,7,3.8900057664659395,0.060415145899002716,0.030988086707610368,1.140286121374797,,0,0,0,4,3,4,6,3,6,5,10,0,1,2,0,0,2,3,4,S001;S005;S009;S011;S012;S013,S002;S003;S008;S015,S004;S006;S007;S010;S014
3,"1,5,9|2,3,7,8|4,6",False,False,12,5,7,4.144588524868612,0.31192278675661433,0.3273350056062032,2.285847861582566,,0,0,0,4,3,4,6,3,6,6,9,0,1,2,0,0,2,4,3,S001;S005;S010;S011;S013;S014,S002;S003;S008;S009;S012;S015,S004;S006;S007
3,"1,5|2,3,7,8,9|4,6",False,False,10,5,5,2.697258600986005,0.4999650735693747,0.5455535674623518,2.9141750068857504,,0,0,0,4,3,4,6,3,6,5,8,0,1,2,0,0,2,3,2,S001;S005;S011;S013,S002;S003;S008;S009;S010;S012;S014;S015,S004;S006;S007
3,"1,5|2,3,7,8|4,6,9",False,False,12,5,7,3.6368881283209604,0.2568684995734451,0.33153734623477144,1.875407480627836,,0,0,0,4,3,4,6,3,6,5,10,0,1,2,0,0,2,3,4,S001;S005;S011;S013,S002;S003;S008;S009;S012;S015,S004;S006;S007;S010;S014
3,"1,5,9|2,3,7|4,6,8",False,False,12,5,7,3.739664541331543,0.05632635064016961,0.07608403925615737,1.1277706985667169,,0,0,0,5,2,4,6,2,6,6,9,1,0,2,0,0,2,4,3,S001;S005;S010;S011;S013;S014,S002;S003;S008;S015,S004;S006;S007;S009;S012
3,"1,5|2,3,7,9|4,6,8",False,False,10,5,6,3.218461571158774,0.2541027905926247,0.36657069946535853,1.867549504826264,,0,0,0,5,2,4,6,2,6,5,8,1,0,2,0,0,2,3,2,S001;S005;S011;S013,S002;S003;S008;S010;S014;S015,S004;S006;S007;S009;S012
3,"1,5|2,3,7|4,6,8,9",False,False,12,5,6,2.710761174611122,0.2512606981448512,0.28707946335045353,1.8593138005405092,,0,0,0,5,2,4,6,2,6,5,10,1,0,2,0,0,2,3,4,S001;S005;S011;S013,S002;S003;S008;S015,S004;S006;S007;S009;S010;S012;S014
3,"1,5,8,9|2,3|4,6,7",False,False,12,5,5,2.9503762391309842,0.3729417653847022,0.240220616092465,2.6945720717821264,,0,0,0,4,3,4,6,3,6,6,9,0,1,2,0,0,2,4,3,S001;S005;S009;S010;S011;S012;S013;S014,S002;S003,S004;S006;S007;S008;S015
3,"1,5,8|2,3,9|4,6,7",False,False,10,5,6,3.8765031928408225,0.07330508159035162,0.07623505789089553,1.197458211948623,,0,0,0,4,3,4,6,3,6,5,8,0,1,2,0,0,2,3,2,S001;S005;S009;S011;S012;S013,S002;S003;S010;S014,S004;S006;S007;S008;S015
3,"1,5,8|2,3|4,6,7,9",False,False,12,5,7,3.8900057664659395,0.3468880199340602,0.2657157731595317,2.552450919018251,,0,0,0,4,3,4,6,3,6,5,10,0,1,2,0,0,2,3,4,S001;S005;S009;S011;S012;S013,S002;S003,S004;S006;S007;S008;S010;S014;S015
3,"1,5,9|2,3,8|4,6,7",False,False,12,5,7,4.144588524868612,0.06875128893127466,0.05889486340075916,1.1839681627601575,,0,0,0,4,3,4,6,3,6,6,9,0,1,2,0,0,2,4,3,S001;S005;S010;S011;S013;S014,S002;S003;S009;S012,S004;S006;S007;S008;S015
3,"1,5|2,3,8,9|4,6,7",False,False,10,5,5,2.697258600986005,0.23143503042931396,0.32550944463410664,1.7955295155560727,,0,0,0,4,3,4,6,3,6,5,8,0,1,2,0,0,2,3,2,S001;S005;S011;S013,S002;S003;S009;S010;S012;S014,S004;S006;S007;S008;S015
3,"1,5|2,3,8|4,6,7,9",False,False,12,5,7,3.6368881283209604,0.2779319291048158,0.3150316139154288,1.9313337898107004,,0,0,0,4,3,4,6,3,6,5,10,0,1,2,0,0,2,3,4,S001;S005;S011;S013,S002;S003;S009;S012,S004;S006;S007;S008;S010;S014;S015
3,"1,5,9|2,3|4,6,7,8",False,False,11,4,7,3.739664541331543,0.34847772864570026,0.2244063580582446,2.5628360205797533,,0,0,0,4,2,4,6,2,6,6,9,0,0,2,0,0,2,4,3,S001;S005;S010;S011;S013;S014,S002;S003,S004;S006;S007;S008;S009;S012;S015
3,"1,5|2,3,9|4,6,7,8",False,False,9,4,6,3.218461571158774,0.2810666850793138,0.2875005195464739,1.9391917656122721,,0,0,0,4,2,4,6,2,6,5,8,0,0,2,0,0,2,3,2,S001;S005;S011;S013,S002;S003;S010;S014,S004;S006;S007;S008;S009;S012;S015
3,"1,5|2,3|4,6,7,8,9",False,False,11,4,6,2.710761174611122,0.5340691194302262,0.46791035101579215,3.244129458467666,,0,0,0,4,2,4,6,2,6,5,10,0,0,2,0,0,2,3,4,S001;S005;S011;S013,S002;S003,S004;S006;S007;S008;S009;S010;S012;S014;S015
3,"1,6,7,8,9|2,3,5|4",False,False,11,5,6,3.3651283084109567,0.6825103636367652,0.5538234663677998,7.460030687212546,,0,0,0,4,3,4,6,3,6,5,9,0,1,2,0,0,2,3,3,S001;S006;S007;S008;S009;S010;S012;S013;S014;S015,S002;S003;S005;S011,S004
3,"1,6,7,8|2,3,5,9|4",False,False,10,5,7,4.291255262120795,0.5434822746272574,0.47221262659608715,6.021287434191457,,0,0,0,4,3,4,6,3,6,5,8,0,1,2,0,0,2,3,2,S001;S006;S007;S008;S009;S012;S013;S015,S002;S003;S005;S010;S011;S014,S004
3,"1,6,7,8|2,3,5|4,9",False,False,13,5,8,4.304757835745912,0.3899402655659714,0.25293709786787444,2.4690124418519055,,0,0,0,4,3,4,6,3,6,6,10,0,1,2,0,0,2,4,4,S001;S006;S007;S008;S009;S012;S013;S015,S002;S003;S005;S011,S004;S010;S014
3,"1,6,7,9|2,3,5,8|4",False,False,12,5,6,4.023169930093005,0.5423708331702162,0.47462926756016455,5.999356363124825,,0,0,0,4,4,4,6,4,6,5,9,0,2,2,0,0,2,3,3,S001;S006;S007;S008;S010;S013;S014;S015,S002;S003;S005;S009;S011;S012,S004
3,"1,6,7|2,3,5,8,9|4",False,False,10,5,4,2.575840006210398,0.5534131060948759,0.5206573554518621,6.192994655762218,,0,0,0,4,4,4,6,4,6,5,7,0,2,2,0,0,2,3,1,S001;S006;S007;S008;S013;S015,S002;S003;S005;S009;S010;S011;S012;S014,S004
3,"1,6,7|2,3,5,8|4,9",False,False,13,5,6,3.515469533545353,0.26771778871140256,0.20545026675912045,1.9494677829868379,,0,0,0,4,4,4,6,4,6,6,9,0,2,2,0,0,2,4,3,S001;S006;S007;S008;S013;S015,S002;S003;S005;S009;S011;S012,S004;S010;S014
3,"1,6,7,9|2,3,5|4,8",False,False,12,6,7,3.8863312785837256,0.3855669820719232,0.3225489330076926,2.438094429805963,,0,0,0,5,3,4,6,3,6,5,9,1,1,2,0,0,2,3,3,S001;S006;S007;S008;S010;S013;S014;S015,S002;S003;S005;S011,S004;S009;S012
3,"1,6,7|2,3,5,9|4,8",False,False,10,6,6,3.3651283084109567,0.26360607638515615,0.292360948561172,1.9231802784096488,,0,0,0,5,3,4,6,3,6,5,7,1,1,2,0,0,2,3,1,S001;S006;S007;S008;S013;S015,S002;S003;S005;S010;S011;S014,S004;S009;S012
3,"1,6,7|2,3,5|4,8,9",False,False,13,6,6,2.857427911863305,0.13206918968297465,0.025123729684097745,1.3846990676678985,,0,0,0,5,3,4,6,3,6,6,9,1,1,2,0,0,2,4,3,S001;S006;S007;S008;S013;S015,S002;S003;S005;S011,S004;S009;S010;S012;S014
3,"1,6,8,9|2,3,5,7|4",False,False,11,5,7,3.918458176871948,0.5339018409925804,0.47088135330714215,5.7983535167446245,,0,0,0,4,3,4,6,3,6,5,9,0,1,2,0,0,2,3,3,S001;S006;S007;S009;S010;S012;S013;S014,S002;S003;S005;S008;S011;S015,S004
3,"1,6,8|2,3,5,7,9|4",False,False,10,5,8,4.844585130581786,0.5676895232430478,0.5305148586577216,6.393997502142419,,0,0,0,4,3,4,6,3,6,5,8,0,1,2,0,0,2,3,2,S001;S006;S007;S009;S012;S013,S002;S003;S005;S008;S010;S011;S014;S015,S004
3,"1,6,8|2,3,5,7|4,9",False,False,13,5,9,4.858087704206904,0.27407664323041014,0.208089716738178,2.031888450324902,,0,0,0,4,3,4,6,3,6,6,10,0,1,2,0,0,2,4,4,S001;S006;S007;S009;S012;S013,S002;S003;S005;S008;S011;S015,S004;S010;S014
3,"1,6,9|2,3,5,7,8|4",False,False,12,5,7,4.576499798553996,0.569412025488889,0.5053281616986443,6.415928573209052,,0,0,0,4,4,4,6,4,6,5,9,0,2,2,0,0,2,3,3,S001;S006;S007;S010;S013;S014,S002;S003;S005;S008;S009;S011;S012;S015,S004
3,"1,6|2,3,5,7,8,9|4",False,False,10,5,5,3.129169874671389,0.7375619517826333,0.6862972951342844,7.85467182623014,,0,0,0,4,4,4,6,4,6,5,7,0,2,2,0,0,2,3,1,S001;S006;S007;S013,S002;S003;S005;S008;S009;S010;S011;S012;S014;S015,S004
3,"1,6|2,3,5,7,8|4,9",False,False,13,5,7,4.068799402006345,0.4533989025143754,0.40978484675248317,2.6308339614106853,,0,0,0,4,4,4,6,4,6,6,9,0,2,2,0,0,2,4,3,S001;S006;S007;S013,S002;S003;S005;S008;S009;S011;S012;S015,S004;S010;S014
3,"1,6,9|2,3,5,7|4,8",False,False,12,6,8,4.439661147044717,0.2707568177990939,0.26813383186432727,2.013778987578317,,0,0,0,5,3,4,6,3,6,5,9,1,1,2,0,0,2,3,3,S001;S006;S007;S010;S013;S014,S002;S003;S005;S008;S011;S015,S004;S009;S012
3,"1,6|2,3,5,7,9|4,8",False,False,10,6,7,3.918458176871948,0.44922505812792995,0.4822812794634103,2.5984736946092823,,0,0,0,5,3,4,6,3,6,5,7,1,1,2,0,0,2,3,1,S001;S006;S007;S013,S002;S003;S005;S008;S010;S011;S014;S015,S004;S009;S012
3,"1,6|2,3,5,7|4,8,9",False,False,13,6,7,3.410757780324296,0.2142975592377819,0.2493036059784918,1.70933554666401,,0,0,0,5,3,4,6,3,6,6,9,1,1,2,0,0,2,4,3,S001;S006;S007;S013,S002;S003;S005;S008;S011;S015,S004;S009;S010;S012;S014
3,"1,6,8,9|2,3,5|4,7",False,False,11,5,8,4.449748066497147,0.34572267961749004,0.2622227578238593,2.1784585978641715,,0,0,0,4,3,3,6,3,5,6,10,0,1,1,0,0,1,4,4,S001;S006;S007;S009;S010;S012;S013;S014,S002;S003;S005;S011,S004;S008;S015
3,"1,6,8|2,3,5,9|4,7",False,False,10,5,9,5.375875020206985,0.23002298553718023,0.2286456638512186,1.7779467713744406,,0,0,0,4,3,3,6,3,5,6,9,0,1,1,0,0,1,4,3,S001;S006;S007;S009;S012;S013,S002;S003;S005;S010;S011;S014,S004;S008;S015
3,"1,6,8|2,3,5|4,7,9",False,False,12,5,10,5.389377593832103,0.11586551714031515,0.09069142295433413,1.3236703315612028,,0,0,0,4,3,3,6,3,5,6,11,0,1,1,0,0,1,4,5,S001;S006;S007;S009;S012;S013,S002;S003;S005;S011,S004;S008;S010;S014;S015
3,"1,6,9|2,3,5,8|4,7",False,False,12,5,8,5.107789688179196,0.23083862930849855,0.20516693772581066,1.786186339760105,,0,0,0,4,4,3,6,4,5,6,10,0,2,1,0,0,1,4,4,S001;S006;S007;S010;S013;S014,S002;S003;S005;S009;S011;S012,S004;S008;S015
3,"1,6|2,3,5,8,9|4,7",False,False,10,5,6,3.660459764296588,0.41136387106303174,0.3951705744454346,2.3267264431897625,,0,0,0,4,4,3,6,4,5,6,8,0,2,1,0,0,1,4,2,S001;S006;S007;S013,S002;S003;S005;S009;S010;S011;S012;S014,S004;S008;S015
3,"1,6|2,3,5,8|4,7,9",False,False,12,5,8,4.600089291631544,0.19611425017580802,0.24390976229557476,1.6399987794619544,,0,0,0,4,4,3,6,4,5,6,10,0,2,1,0,0,1,4,4,S001;S006;S007;S013,S002;S003;S005;S009;S011;S012,S004;S008;S010;S014;S015
3,"1,6,9|2,3,5|4,7,8",False,False,11,5,9,4.970951036669916,0.1148861486354496,0.08436441359144825,1.3170115922808094,,0,0,0,4,3,3,6,3,5,6,10,0,1,1,0,0,1,4,4,S001;S006;S007;S010;S013;S014,S002;S003;S005;S011,S004;S008;S009;S012;S015
3,"1,6|2,3,5,9|4,7,8",False,False,9,5,8,4.449748066497147,0.19457366035135584,0.26533072562513244,1.6324335653546749,,0,0,0,4,3,3,6,3,5,6,8,0,1,1,0,0,1,4,2,S001;S006;S007;S013,S002;S003;S005;S010;S011;S014,S004;S008;S009;S012;S015
3,"1,6|2,3,5|4,7,8,9",False,False,11,5,8,3.942047669949495,0.2994108097079623,0.29909751436747717,1.9183227444050923,,0,0,0,4,3,3,6,3,5,6,10,0,1,1,0,0,1,4,4,S001;S006;S007;S013,S002;S003;S005;S011,S004;S008;S009;S010;S012;S014;S015
3,"1,7,8,9|2,3,5,6|4",False,False,13,5,6,3.3651283084109567,0.5519734523409697,0.47042407207034814,6.17023107601342,,0,0,0,4,3,5,6,3,7,5,9,0,1,3,0,0,3,3,3,S001;S008;S009;S010;S012;S013;S014;S015,S002;S003;S005;S006;S007;S011,S004
3,"1,7,8|2,3,5,6,9|4",False,False,12,5,7,4.291255262120795,0.5435251775969692,0.5135347527545026,6.022119942873625,,0,0,0,4,3,5,6,3,7,5,8,0,1,3,0,0,3,3,2,S001;S008;S009;S012;S013;S015,S002;S003;S005;S006;S007;S010;S011;S014,S004
3,"1,7,8|2,3,5,6|4,9",False,False,15,5,8,4.304757835745912,0.2674020875804257,0.18789713280237763,1.9401336393779933,,0,0,0,4,3,5,6,3,7,6,10,0,1,3,0,0,3,4,4,S001;S008;S009;S012;S013;S015,S002;S003;S005;S006;S007;S011,S004;S010;S014
3,"1,7,9|2,3,5,6,8|4",False,False,13,5,6,4.023169930093005,0.5446740730317992,0.49034505233783426,6.0440510139402575,,0,0,0,4,3,5,6,3,7,5,9,0,1,3,0,0,3,3,3,S001;S008;S010;S013;S014;S015,S002;S003;S005;S006;S007;S009;S011;S012,S004
3,"1,7|2,3,5,6,8,9|4",False,False,11,5,4,2.575840006210398,0.6855378409592381,0.6637761468910207,7.4827942669613465,,0,0,0,4,3,5,6,3,7,5,7,0,1,3,0,0,3,3,1,S001;S008;S013;S015,S002;S003;S005;S006;S007;S009;S010;S011;S012;S014,S004
3,"1,7|2,3,5,6,8|4,9",False,False,14,5,6,3.515469533545353,0.3934116287896283,0.37984239230113576,2.4783465854607503,,0,0,0,4,3,5,6,3,7,6,9,0,1,3,0,0,3,4,3,S001;S008;S013;S015,S002;S003;S005;S006;S007;S009;S011;S012,S004;S010;S014
3,"1,7,9|2,3,5,6|4,8",False,False,13,5,7,3.8863312785837256,0.26332661857948975,0.2537240315417663,1.9139293265360238,,0,0,0,5,2,5,6,2,7,5,9,1,0,3,0,0,3,3,3,S001;S008;S010;S013;S014;S015,S002;S003;S005;S006;S007;S011,S004;S009;S012
3,"1,7|2,3,5,6,9|4,8",False,False,11,5,6,3.3651283084109567,0.38904950086822376,0.45419049734031103,2.447345381679588,,0,0,0,5,2,5,6,2,7,5,7,1,0,3,0,0,3,3,1,S001;S008;S013;S015,S002;S003;S005;S006;S007;S010;S011;S014,S004;S009;S012
3,"1,7|2,3,5,6|4,8,9",False,False,14,5,6,2.857427911863305,0.13681173694922824,0.21966716749501788,1.4012956383442536,,0,0,0,5,2,5,6,2,7,6,9,1,0,3,0,0,3,4,3,S001;S008;S013;S015,S002;S003;S005;S006;S007;S011,S004;S009;S010;S012;S014
3,"1,8,9|2,3,5,6,7|4",False,False,11,5,6,3.387168287246749,0.5568434588369974,0.5057954811630292,6.245053860320457,,0,0,0,4,3,4,6,3,7,5,8,0,1,2,0,0,3,3,2,S001;S009;S010;S012;S013;S014,S002;S003;S005;S006;S007;S008;S011;S015,S004
3,"1,8|2,3,5,6,7,9|4",False,False,9,5,7,4.313295240956586,0.7130828821843803,0.6716588205513782,7.683797113341546,,0,0,0,4,3,4,6,3,7,4,7,0,1,2,0,0,3,2,1,S001;S009;S012;S013,S002;S003;S005;S006;S007;S008;S010;S011;S014;S015,S004
3,"1,8|2,3,5,6,7|4,9",False,False,12,5,8,4.326797814581704,0.42513249501046557,0.36326848272964524,2.5607672527988146,,0,0,0,4,3,4,6,3,7,5,9,0,1,2,0,0,3,3,3,S001;S009;S012;S013,S002;S003;S005;S006;S007;S008;S011;S015,S004;S010;S014
3,"1,9|2,3,5,6,7,8|4",False,False,11,5,6,4.045209908928797,0.7161724276648181,0.6310794527049146,7.705728184408179,,0,0,0,4,3,4,6,3,7,5,8,0,1,2,0,0,3,3,2,S001;S010;S013;S014,S002;S003;S005;S006;S007;S008;S009;S011;S012;S015,S004
3,"1|2,3,5,6,7,8,9|4",False,False,8,4,4,2.5978799850461898,0.9454432105227406,0.9035575146150632,9.144471437429267,,0,0,0,4,3,4,6,3,7,4,6,0,1,2,0,0,3,2,0,S001;S013,S002;S003;S005;S006;S007;S008;S009;S010;S011;S012;S014;S015,S004
3,"1|2,3,5,6,7,8|4,9",False,False,11,5,6,3.5375095123811455,0.6890860804662142,0.6481148409661894,4.788735452821743,,0,0,0,4,3,4,6,3,7,5,8,0,1,2,0,0,3,3,2,S001;S013,S002;S003;S005;S006;S007;S008;S009;S011;S012;S015,S004;S010;S014
3,"1,9|2,3,5,6,7|4,8",False,False,11,5,7,3.908371257419518,0.424449562362613,0.3896045855692739,2.5379440908482556,,0,0,0,5,2,4,6,2,7,5,8,1,0,2,0,0,3,3,2,S001;S010;S013;S014,S002;S003;S005;S006;S007;S008;S011;S015,S004;S009;S012
3,"1|2,3,5,6,7,9|4,8",False,False,8,4,6,3.387168287246749,0.685451434957535,0.712699874461482,4.775106358332315,,0,0,0,5,2,4,6,2,7,4,6,1,0,2,0,0,3,2,0,S001;S013,S002;S003;S005;S006;S007;S008;S010;S011;S014;S015,S004;S009;S012
3,"1|2,3,5,6,7|4,8,9",False,False,11,5,6,2.879467890699097,0.483081556898504,0.510805243905504,3.8809973710479007,,0,0,0,5,2,4,6,2,7,5,8,1,0,2,0,0,3,3,2,S001;S013,S002;S003;S005;S006;S007;S008;S011;S015,S004;S009;S010;S012;S014
3,"1,8,9|2,3,5,6|4,7",False,False,12,5,7,3.918458176871948,0.22685468901446462,0.18742799215579625,1.7219882037936183,,0,0,0,4,3,4,6,3,6,6,9,0,1,2,0,0,2,4,3,S001;S009;S010;S012;S013;S014,S002;S003;S005;S006;S007;S011,S004;S008;S015
3,"1,8|2,3,5,6,9|4,7",False,False,10,5,8,4.844585130581786,0.38215414799733566,0.38649049856748613,2.262528307223276,,0,0,0,4,3,4,6,3,6,5,8,0,1,2,0,0,2,3,2,S001;S009;S012;S013,S002;S003;S005;S006;S007;S010;S011;S014,S004;S008;S015
3,"1,8|2,3,5,6|4,7,9",False,False,12,5,9,4.858087704206904,0.16112065945506304,0.1916711040043965,1.4930486628168649,,0,0,0,4,3,4,6,3,6,5,10,0,1,2,0,0,2,3,4,S001;S009;S012;S013,S002;S003;S005;S006;S007;S011,S004;S008;S010;S014;S015
3,"1,9|2,3,5,6,8|4,7",False,False,12,5,7,4.576499798553996,0.38584294868333924,0.3356720823492489,2.2707678756089402,,0,0,0,4,3,4,6,3,6,6,9,0,1,2,0,0,2,4,3,S001;S010;S013;S014,S002;S003;S005;S006;S007;S009;S011;S012,S004;S008;S015
3,"1|2,3,5,6,8,9|4,7",False,False,9,5,5,3.129169874671389,0.6526874312515678,0.6378518657655468,4.650192861055501,,0,0,0,4,3,4,6,3,6,5,7,0,1,2,0,0,2,3,1,S001;S013,S002;S003;S005;S006;S007;S009;S010;S011;S012;S014,S004;S008;S015
3,"1|2,3,5,6,8|4,7,9",False,False,11,5,7,4.068799402006345,0.46329825976873357,0.48650430670675865,3.756083873771086,,0,0,0,4,3,4,6,3,6,5,9,0,1,2,0,0,2,3,3,S001;S013,S002;S003;S005;S006;S007;S009;S011;S012,S004;S008;S010;S014;S015
3,"1,9|2,3,5,6|4,7,8",False,False,11,4,8,4.439661147044717,0.16420237709934737,0.15437788225434157,1.5037919206966648,,0,0,0,4,2,4,6,2,6,6,9,0,0,2,0,0,2,4,3,S001;S010;S013;S014,S002;S003;S005;S006;S007;S011,S004;S008;S009;S012;S015
3,"1|2,3,5,6,9|4,7,8",False,False,8,4,7,3.918458176871948,0.46131859167986533,0.5163149379872614,3.7424547792816596,,0,0,0,4,2,4,6,2,6,5,7,0,0,2,0,0,2,3,1,S001;S013,S002;S003;S005;S006;S007;S010;S011;S014,S004;S008;S009;S012;S015
3,"1|2,3,5,6|4,7,8,9",False,False,10,4,7,3.410757780324296,0.42895990090200414,0.46774734267729473,3.4559500331332766,,0,0,0,4,2,4,6,2,6,5,9,0,0,2,0,0,2,3,3,S001;S013,S002;S003;S005;S006;S007;S011,S004;S008;S009;S010;S012;S014;S015
3,"1,7,8,9|2,3,5|4,6",False,False,15,5,6,3.1964215923229817,0.4197523724688274,0.3434926718023924,2.694659849637314,,0,0,0,4,3,5,6,3,7,6,10,0,1,3,0,0,3,4,4,S001;S008;S009;S010;S012;S013;S014;S015,S002;S003;S005;S011,S004;S006;S007
3,"1,7,8|2,3,5,9|4,6",False,False,14,5,7,4.12254854603282,0.2938380687908346,0.3139505044524834,2.0666962770581776,,0,0,0,4,3,5,6,3,7,6,9,0,1,3,0,0,3,4,3,S001;S008;S009;S012;S013;S015,S002;S003;S005;S010;S011;S014,S004;S006;S007
3,"1,7,8|2,3,5|4,6,9",False,False,16,5,8,4.136051119657938,0.15367956487919893,0.06861631542592024,1.436580262128499,,0,0,0,4,3,5,6,3,7,6,11,0,1,3,0,0,3,4,5,S001;S008;S009;S012;S013;S015,S002;S003;S005;S011,S004;S006;S007;S010;S014
3,"1,7,9|2,3,5,8|4,6",False,False,15,5,6,3.85446321400503,0.29387496178853345,0.29559818136588617,2.0762740020954995,,0,0,0,4,3,5,6,3,7,6,10,0,1,3,0,0,3,4,4,S001;S008;S010;S013;S014;S015,S002;S003;S005;S009;S011;S012,S004;S006;S007
3,"1,7|2,3,5,8,9|4,6",False,False,13,5,4,2.407133290122423,0.4231531739277469,0.4581452823559355,2.7046011473986837,,0,0,0,4,3,5,6,3,7,6,8,0,1,3,0,0,3,4,2,S001;S008;S013;S015,S002;S003;S005;S009;S010;S011;S012;S014,S004;S006;S007
3,"1,7|2,3,5,8|4,6,9",False,False,15,5,6,3.3467628174573782,0.15830832926653193,0.23423664703138788,1.453537905580163,,0,0,0,4,3,5,6,3,7,6,10,0,1,3,0,0,3,4,4,S001;S008;S013;S015,S002;S003;S005;S009;S011;S012,S004;S006;S007;S010;S014
3,"1,7,9|2,3,5|4,6,8",False,False,15,5,7,3.717624562495751,0.15060871464608616,0.11948380014979378,1.4299215228481055,,0,0,0,5,2,5,6,2,7,6,10,1,0,3,0,0,3,4,4,S001;S008;S010;S013;S014;S015,S002;S003;S005;S011,S004;S006;S007;S009;S012
3,"1,7|2,3,5,9|4,6,8",False,False,13,5,6,3.1964215923229817,0.15525920547768574,0.28186714591462786,1.4468328240846948,,0,0,0,5,2,5,6,2,7,6,8,1,0,3,0,0,3,4,2,S001;S008;S013;S015,S002;S003;S005;S010;S011;S014,S004;S006;S007;S009;S012
3,"1,7|2,3,5|4,6,8,9",False,False,15,5,6,2.68872119577533,0.22946829488404918,0.23632547168037024,1.586521882108472,,0,0,0,5,2,5,6,2,7,6,10,1,0,3,0,0,3,4,4,S001;S008;S013;S015,S002;S003;S005;S011,S004;S006;S007;S009;S010;S012;S014
3,"1,8,9|2,3,5,7|4,6",False,False,14,5,6,3.218461571158774,0.29750196074180535,0.29807507620842977,2.164055852261392,,0,0,0,4,3,5,6,3,7,6,9,0,1,3,0,0,3,4,3,S001;S009;S010;S012;S013;S014,S002;S003;S005;S008;S011;S015,S004;S006;S007
3,"1,8|2,3,5,7,9|4,6",False,False,12,5,7,4.144588524868612,0.45422880329737003,0.4784651741106544,2.792382997564576,,0,0,0,4,3,5,6,3,7,5,8,0,1,3,0,0,3,3,2,S001;S009;S012;S013,S002;S003;S005;S008;S010;S011;S014;S015,S004;S006;S007
3,"1,8|2,3,5,7|4,6,9",False,False,14,5,8,4.158091098493729,0.19941561479628792,0.20876205569447992,1.614188889808711,,0,0,0,4,3,5,6,3,7,5,10,0,1,3,0,0,3,3,4,S001;S009;S012;S013,S002;S003;S005;S008;S011;S015,S004;S006;S007;S010;S014
3,"1,9|2,3,5,7,8|4,6",False,False,14,5,6,3.8765031928408225,0.45772372712385045,0.43154632733802417,2.8019607226018985,,0,0,0,4,3,5,6,3,7,6,9,0,1,3,0,0,3,4,3,S001;S010;S013;S014,S002;S003;S005;S008;S009;S011;S012;S015,S004;S006;S007
3,"1|2,3,5,7,8,9|4,6",False,False,11,5,4,2.4291732689582153,0.7140551508345047,0.7224363689374912,4.881296685322573,,0,0,0,4,3,5,6,3,7,5,7,0,1,3,0,0,3,3,1,S001;S013,S002;S003;S005;S008;S009;S010;S011;S012;S014;S015,S004;S006;S007
3,"1|2,3,5,7,8|4,6,9",False,False,13,5,6,3.3688027962931706,0.5020397002550794,0.5205440688949509,3.9871876980381584,,0,0,0,4,3,5,6,3,7,5,9,0,1,3,0,0,3,3,3,S001;S013,S002;S003;S005;S008;S009;S011;S012;S015,S004;S006;S007;S010;S014
3,"1,9|2,3,5,7|4,6,8",False,False,14,5,7,3.739664541331543,0.20103463571315155,0.20390302379015998,1.6258038143197482,,0,0,0,5,2,5,6,2,7,6,9,1,0,3,0,0,3,4,3,S001;S010;S013;S014,S002;S003;S005;S008;S011;S015,S004;S006;S007;S009;S012
3,"1|2,3,5,7,9|4,6,8",False,False,11,5,6,3.218461571158774,0.49950474806227796,0.5666293308859068,3.9735586035487316,,0,0,0,5,2,5,6,2,7,5,7,1,0,3,0,0,3,3,1,S001;S013,S002;S003;S005;S008;S010;S011;S014;S015,S004;S006;S007;S009;S012
3,"1|2,3,5,7|4,6,8,9",False,False,13,5,6,2.710761174611122,0.41739843614594235,0.4525877332837922,3.2248462088662047,,0,0,0,5,2,5,6,2,7,5,9,1,0,3,0,0,3,3,3,S001;S013,S002;S003;S005;S008;S011;S015,S004;S006;S007;S009;S010;S012;S014
3,"1,8,9|2,3,5|4,6,7",False,False,12,5,6,3.218461571158774,0.1267477618744492,0.060591107822490074,1.36889278674141,,0,0,0,4,3,4,6,3,6,6,9,0,1,2,0,0,2,4,3,S001;S009;S010;S012;S013;S014,S002;S003;S005;S011,S004;S006;S007;S008;S015
3,"1,8|2,3,5,9|4,6,7",False,False,10,5,7,4.144588524868612,0.17334234315023025,0.24240075933561625,1.5415674995403872,,0,0,0,4,3,4,6,3,6,5,8,0,1,2,0,0,2,3,2,S001;S009;S012;S013,S002;S003;S005;S010;S011;S014,S004;S006;S007;S008;S015
3,"1,8|2,3,5|4,6,7,9",False,False,12,5,8,4.158091098493729,0.266754535539055,0.24064540846059235,1.7558802951757224,,0,0,0,4,3,4,6,3,6,5,10,0,1,2,0,0,2,3,4,S001;S009;S012;S013,S002;S003;S005;S011,S004;S006;S007;S008;S010;S014;S015
3,"1,9|2,3,5,8|4,6,7",False,False,12,5,6,3.8765031928408225,0.1779101219440555,0.1831206114447853,1.5598553931278378,,0,0,0,4,3,4,6,3,6,6,9,0,1,2,0,0,2,4,3,S001;S010;S013;S014,S002;S003;S005;S009;S011;S012,S004;S006;S007;S008;S015
3,"1|2,3,5,8,9|4,6,7",False,False,9,5,4,2.4291732689582153,0.4776839365523765,0.5220149576093701,3.8486451062719165,,0,0,0,4,3,4,6,3,6,5,7,0,1,2,0,0,2,3,1,S001;S013,S002;S003;S005;S009;S010;S011;S012;S014,S004;S006;S007;S008;S015
3,"1|2,3,5,8|4,6,7,9",False,False,11,5,6,3.3688027962931706,0.4219225972394956,0.4603463336850677,3.3497597061430193,,0,0,0,4,3,4,6,3,6,5,9,0,1,2,0,0,2,3,3,S001;S013,S002;S003;S005;S009;S011;S012,S004;S006;S007;S008;S010;S014;S015
3,"1,9|2,3,5|4,6,7,8",False,False,11,4,7,3.739664541331543,0.2709041908650488,0.17493588146867595,1.7757102802487295,,0,0,0,4,2,4,6,2,6,6,9,0,0,2,0,0,2,4,3,S001;S010;S013;S014,S002;S003;S005;S011,S004;S006;S007;S008;S009;S012;S015
3,"1|2,3,5,9|4,6,7,8",False,False,8,4,6,3.218461571158774,0.4226645630965233,0.4596131124449406,3.3633888006324457,,1,0,0,4,2,4,6,2,6,5,7,0,0,2,0,0,2,3,1,S001;S013,S002;S003;S005;S010;S011;S014,S004;S006;S007;S008;S009;S012;S015
3,"1|2,3,5|4,6,7,8,9",False,False,10,4,6,2.710761174611122,0.5577001225390915,0.5300265645810911,4.2574977879168605,,0,0,0,4,2,4,6,2,6,5,9,0,0,2,0,0,2,3,3,S001;S013,S002;S003;S005;S011,S004;S006;S007;S008;S009;S010;S012;S014;S015
3,"1,6,7,8,9|2,3|4,5",False,False,10,4,6,3.3651283084109567,0.6393397247925853,0.4969862996958237,3.532576047163481,,0,0,0,4,2,4,6,2,6,5,9,0,0,2,0,0,2,3,3,S001;S006;S007;S008;S009;S010;S012;S013;S014;S015,S002;S003,S004;S005;S011
3,"1,6,7,8|2,3,9|4,5",False,False,9,4,7,4.291255262120795,0.4055374470691043,0.32322092481116654,2.7597860273517956,,0,0,0,4,2,4,6,2,6,5,8,0,0,2,0,0,2,3,2,S001;S006;S007;S008;S009;S012;S013;S015,S002;S003;S010;S014,S004;S005;S011
3,"1,6,7,8|2,3|4,5,9",False,False,12,4,8,4.304757835745912,0.41089602945378967,0.2704520688047268,2.851282609275568,,0,0,0,4,2,4,6,2,6,6,10,0,0,2,0,0,2,4,4,S001;S006;S007;S008;S009;S012;S013;S015,S002;S003,S004;S005;S010;S011;S014
3,"1,6,7,9|2,3,8|4,5",False,False,11,5,7,4.291255262120795,0.40265132485286437,0.3409111725053152,2.749734179776663,,0,0,0,4,3,4,6,3,6,5,9,0,1,2,0,0,2,3,3,S001;S006;S007;S008;S010;S013;S014;S015,S002;S003;S009;S012,S004;S005;S011
3,"1,6,7|2,3,8,9|4,5",False,False,9,5,5,2.8439253382381877,0.31682926892039326,0.3251353866690563,2.2968242029213695,,0,0,0,4,3,4,6,3,6,5,7,0,1,2,0,0,2,3,1,S001;S006;S007;S008;S013;S015,S002;S003;S009;S010;S012;S014,S004;S005;S011
3,"1,6,7|2,3,8|4,5,9",False,False,12,5,7,3.783554865573143,0.11611215358219779,0.038316011912933386,1.276604283535471,,0,0,0,4,3,4,6,3,6,6,9,0,1,2,0,0,2,4,3,S001;S006;S007;S008;S013;S015,S002;S003;S009;S012,S004;S005;S010;S011;S014
3,"1,6,7,9|2,3|4,5,8",False,False,12,6,6,3.618245946555936,0.40812951790403074,0.3189486367287125,2.8408975077140655,,0,0,0,5,3,4,6,3,6,5,9,1,1,2,0,0,2,3,3,S001;S006;S007;S008;S010;S013;S014;S015,S002;S003,S004;S005;S009;S011;S012
3,"1,6,7|2,3,9|4,5,8",False,False,10,6,5,3.097042976383167,0.11639896968076012,0.10951610427345189,1.28448967988545,,0,0,0,5,3,4,6,3,6,5,7,1,1,2,0,0,2,3,1,S001;S006;S007;S008;S013;S015,S002;S003;S010;S014,S004;S005;S009;S011;S012
3,"1,6,7|2,3|4,5,8,9",False,False,13,6,5,2.589342579835515,0.3304501863655148,0.21512583810306068,2.4061254830863117,,0,0,0,5,3,4,6,3,6,6,9,1,1,2,0,0,2,4,3,S001;S006;S007;S008;S013;S015,S002;S003,S004;S005;S009;S010;S011;S012;S014
3,"1,6,8,9|2,3,7|4,5",False,False,8,4,7,3.918458176871948,0.3777514385516435,0.3316530642285017,2.6576068975366476,,0,0,0,4,2,3,6,2,5,5,9,0,0,1,0,0,1,3,3,S001;S006;S007;S009;S010;S012;S013;S014,S002;S003;S008;S015,S004;S005;S011
3,"1,6,8|2,3,7,9|4,5",False,False,7,4,8,4.844585130581786,0.3256825436334103,0.34242390946430695,2.3889514851613853,,0,0,0,4,2,3,6,2,5,5,8,0,0,1,0,0,1,3,2,S001;S006;S007;S009;S012;S013,S002;S003;S008;S010;S014;S015,S004;S005;S011
3,"1,6,8|2,3,7|4,5,9",False,False,10,4,9,4.858087704206904,0.08130331458175062,0.03939831923397302,1.2041331770964265,,0,0,0,4,2,3,6,2,5,6,10,0,0,1,0,0,1,4,4,S001;S006;S007;S009;S012;S013,S002;S003;S008;S015,S004;S005;S010;S011;S014
3,"1,6,9|2,3,7,8|4,5",False,False,9,5,8,4.844585130581786,0.32695888088515357,0.32722388211499737,2.3990033327365174,,0,0,0,4,3,3,6,3,5,5,9,0,1,1,0,0,1,3,3,S001;S006;S007;S010;S013;S014,S002;S003;S008;S009;S012;S015,S004;S005;S011
3,"1,6|2,3,7,8,9|4,5",False,False,7,5,6,3.397255206699179,0.5028145171440063,0.5092105936862347,3.058434321545881,,0,0,0,4,3,3,6,3,5,5,7,0,1,1,0,0,1,3,1,S001;S006;S007;S013,S002;S003;S008;S009;S010;S012;S014;S015,S004;S005;S011
3,"1,6|2,3,7,8|4,5,9",False,False,10,5,8,4.336884734034134,0.24917838771553416,0.28469931872335325,1.805536118666239,,0,0,0,4,3,3,6,3,5,6,9,0,1,1,0,0,1,4,3,S001;S006;S007;S013,S002;S003;S008;S009;S012;S015,S004;S005;S010;S011;S014
3,"1,6,9|2,3,7|4,5,8",False,False,10,6,7,4.1715758150169275,0.07698796264038825,0.1255947062728436,1.19086223459339,,0,0,0,5,3,3,6,3,5,5,9,1,1,1,0,0,1,3,3,S001;S006;S007;S010;S013;S014,S002;S003;S008;S015,S004;S005;S009;S011;S012
3,"1,6|2,3,7,9|4,5,8",False,False,8,6,6,3.650372844844158,0.24611744304682662,0.33300281665897036,1.7979709045589596,,0,0,0,5,3,3,6,3,5,5,7,1,1,1,0,0,1,3,1,S001;S006;S007;S013,S002;S003;S008;S010;S014;S015,S004;S005;S009;S011;S012
3,"1,6|2,3,7|4,5,8,9",False,False,11,6,6,3.1426724482965063,0.22888552812936178,0.2227237447245231,1.7527854052008078,,0,0,0,5,3,3,6,3,5,6,9,1,1,1,0,0,1,4,3,S001;S006;S007;S013,S002;S003;S008;S015,S004;S005;S009;S010;S011;S012;S014
3,"1,6,8,9|2,3|4,5,7",False,False,13,4,8,4.449748066497147,0.3843812848486079,0.27772242986358986,2.745715883092667,,0,0,0,4,2,4,6,2,6,6,11,0,0,2,0,0,2,4,5,S001;S006;S007;S009;S010;S012;S013;S014,S002;S003,S004;S005;S008;S011;S015
3,"1,6,8|2,3,9|4,5,7",False,False,12,4,9,5.375875020206985,0.08537052026576088,0.04808932931457921,1.2278775368314878,,0,0,0,4,2,4,6,2,6,6,10,0,0,2,0,0,2,4,4,S001;S006;S007;S009;S012;S013,S002;S003;S010;S014,S004;S005;S008;S011;S015
3,"1,6,8|2,3|4,5,7,9",False,False,13,4,10,5.389377593832103,0.3398483015804577,0.27342269718217976,2.50130710770771,,0,0,0,4,2,4,6,2,6,6,11,0,0,2,0,0,2,4,5,S001;S006;S007;S009;S012;S013,S002;S003,S004;S005;S008;S010;S011;S014;S015
3,"1,6,9|2,3,8|4,5,7",False,False,14,5,9,5.375875020206985,0.08086009662830472,0.06292298829654744,1.2142007454393626,,0,0,0,4,3,4,6,3,6,6,11,0,1,2,0,0,2,4,5,S001;S006;S007;S010;S013;S014,S002;S003;S009;S012,S004;S005;S008;S011;S015
3,"1,6|2,3,8,9|4,5,7",False,False,12,5,7,3.928545096324378,0.22051047090039697,0.2696955216785615,1.728634137356904,,0,0,0,4,3,4,6,3,6,6,9,0,1,2,0,0,2,4,3,S001;S006;S007;S013,S002;S003;S009;S010;S012;S014,S004;S005;S008;S011;S015
3,"1,6|2,3,8|4,5,7,9",False,False,13,5,9,4.868174623659334,0.25604673529004796,0.2851724757193635,1.8221221724028633,,0,0,0,4,3,4,6,3,6,6,10,0,1,2,0,0,2,4,4,S001;S006;S007;S013,S002;S003;S009;S012,S004;S005;S008;S010;S011;S014;S015
3,"1,6,9|2,3|4,5,7,8",False,False,14,5,8,4.702865704642127,0.3411693810741407,0.2355045842951258,2.511692209269212,,0,0,0,4,3,4,6,3,6,6,11,0,1,2,0,0,2,4,5,S001;S006;S007;S010;S013;S014,S002;S003,S004;S005;S008;S009;S011;S012;S015
3,"1,6|2,3,9|4,5,7,8",False,False,12,5,7,4.1816627344693575,0.25924771870122654,0.24145508361780135,1.8296873865101428,,0,0,0,4,3,4,6,3,6,6,9,0,1,2,0,0,2,4,3,S001;S006;S007;S013,S002;S003;S010;S014,S004;S005;S008;S009;S011;S012;S015
3,"1,6|2,3|4,5,7,8,9",False,False,13,5,7,3.6739623379217052,0.516422115608117,0.43656516243207877,3.1929856471571254,,0,0,0,4,3,4,6,3,6,6,10,0,1,2,0,0,2,4,4,S001;S006;S007;S013,S002;S003,S004;S005;S008;S009;S010;S011;S012;S014;S015
3,"1,7,8,9|2,3,6|4,5",False,False,13,5,6,3.3651283084109567,0.4259193010747374,0.3424219114424314,2.828052587627428,,0,0,0,4,3,5,6,3,7,5,9,0,1,3,0,0,3,3,3,S001;S008;S009;S010;S012;S013;S014;S015,S002;S003;S006;S007,S004;S005;S011
3,"1,7,8|2,3,6,9|4,5",False,False,12,5,7,4.291255262120795,0.3135361678269999,0.3226248736970398,2.218505795070605,,0,0,0,4,3,5,6,3,7,5,8,0,1,3,0,0,3,3,2,S001;S008;S009;S012;S013;S015,S002;S003;S006;S007;S010;S014,S004;S005;S011
3,"1,7,8|2,3,6|4,5,9",False,False,15,5,8,4.304757835745912,0.1486058022626092,0.06016112256894275,1.3909669953673067,,0,0,0,4,3,5,6,3,7,6,10,0,1,3,0,0,3,4,4,S001;S008;S009;S012;S013;S015,S002;S003;S006;S007,S004;S005;S010;S011;S014
3,"1,7,9|2,3,6,8|4,5",False,False,12,4,7,4.291255262120795,0.3137347387166057,0.31078442324706507,2.228557642645737,,0,0,0,4,2,5,6,2,7,5,9,0,0,3,0,0,3,3,3,S001;S008;S010;S013;S014;S015,S002;S003;S006;S007;S009;S012,S004;S005;S011
3,"1,7|2,3,6,8,9|4,5",False,False,10,4,5,2.8439253382381877,0.4448308923024802,0.4814530468307532,2.8879886314551007,,0,0,0,4,2,5,6,2,7,5,7,0,0,3,0,0,3,3,1,S001;S008;S013;S015,S002;S003;S006;S007;S009;S010;S012;S014,S004;S005;S011
3,"1,7|2,3,6,8|4,5,9",False,False,13,4,7,3.783554865573143,0.1742974446066142,0.2552537947331543,1.4865586151798882,,0,0,0,4,2,5,6,2,7,6,9,0,0,3,0,0,3,4,3,S001;S008;S013;S015,S002;S003;S006;S007;S009;S012,S004;S005;S010;S011;S014
3,"1,7,9|2,3,6|4,5,8",False,False,14,6,6,3.618245946555936,0.14507372431129137,0.1322987614061869,1.3845196796036472,,0,0,0,5,3,5,6,3,7,5,9,1,1,3,0,0,3,3,3,S001;S008;S010;S013;S014;S015,S002;S003;S006;S007,S004;S005;S009;S011;S012
3,"1,7|2,3,6,9|4,5,8",False,False,12,6,5,3.097042976383167,0.1709319820100804,0.3009498127376621,1.4798535336844203,,0,0,0,5,3,5,6,3,7,5,7,1,1,3,0,0,3,3,1,S001;S008;S013;S015,S002;S003;S006;S007;S010;S014,S004;S005;S009;S011;S012
3,"1,7|2,3,6|4,5,8,9",False,False,15,6,5,2.589342579835515,0.21040479529959735,0.21877418819241726,1.5535011725087464,,0,0,0,5,3,5,6,3,7,6,9,1,1,3,0,0,3,4,3,S001;S008;S013;S015,S002;S003;S006;S007,S004;S005;S009;S010;S011;S012;S014
3,"1,8,9|2,3,6,7|4,5",False,False,10,5,6,3.387168287246749,0.3186177692386834,0.30725148410242176,2.320684924885753,,0,0,0,4,3,4,6,3,6,5,8,0,1,2,0,0,2,3,2,S001;S009;S010;S012;S013;S014,S002;S003;S006;S007;S008;S015,S004;S005;S011
3,"1,8|2,3,6,7,9|4,5",False,False,8,5,7,4.313295240956586,0.4754814328704191,0.48809006636666213,2.9801159136951165,,0,0,0,4,3,4,6,3,6,4,7,0,1,2,0,0,2,2,1,S001;S009;S012;S013,S002;S003;S006;S007;S008;S010;S014;S015,S004;S005;S011
3,"1,8|2,3,6,7|4,5,9",False,False,11,5,8,4.326797814581704,0.21454028205413514,0.21777095729396123,1.6493717056000938,,0,0,0,4,3,4,6,3,6,5,9,0,1,2,0,0,2,3,3,S001;S009;S012;S013,S002;S003;S006;S007;S008;S015,S004;S005;S010;S011;S014
3,"1,9|2,3,6,7,8|4,5",False,False,9,4,7,4.313295240956586,0.4789286720150993,0.45365684501456705,2.9901677612702486,,0,0,0,4,2,4,6,2,6,5,8,0,0,2,0,0,2,3,2,S001;S010;S013;S014,S002;S003;S006;S007;S008;S009;S012;S015,S004;S005;S011
3,"1|2,3,6,7,8,9|4,5",False,False,6,3,5,2.8659653170739796,0.7324515970147205,0.7396535027568311,4.948416282831828,,0,0,0,4,2,4,6,2,6,4,6,0,0,2,0,0,2,2,0,S001;S013,S002;S003;S006;S007;S008;S009;S010;S012;S014;S015,S004;S005;S011
3,"1|2,3,6,7,8|4,5,9",False,False,9,4,7,3.8055948444089354,0.5149335899978535,0.5361945804782254,4.054307295547414,,0,0,0,4,2,4,6,2,6,5,8,0,0,2,0,0,2,3,2,S001;S013,S002;S003;S006;S007;S008;S009;S012;S015,S004;S005;S010;S011;S014
3,"1,9|2,3,6,7|4,5,8",False,False,11,6,6,3.640285925391728,0.2158077725874453,0.2257069799582157,1.66123978868017,,0,0,0,5,3,4,6,3,6,5,8,1,1,2,0,0,2,3,2,S001;S010;S013;S014,S002;S003;S006;S007;S008;S015,S004;S005;S009;S011;S012
3,"1|2,3,6,7,9|4,5,8",False,False,8,5,5,3.119082955218959,0.5122616365879106,0.5843676473190709,4.040678201057987,,1,0,0,5,3,4,6,3,6,4,6,1,1,2,0,0,2,2,0,S001;S013,S002;S003;S006;S007;S008;S010;S014;S015,S004;S005;S009;S011;S012
3,"1|2,3,6,7|4,5,8,9",False,False,11,6,5,2.6113825586713073,0.41669005678055654,0.45296204606906443,3.1577266113569493,,0,0,0,5,3,4,6,3,6,5,8,1,1,2,0,0,2,3,2,S001;S013,S002;S003;S006;S007;S008;S015,S004;S005;S009;S010;S011;S012;S014
3,"1,8,9|2,3,6|4,5,7",False,False,15,5,7,3.918458176871948,0.11612718277962798,0.03961300294823935,1.325428684181213,,0,0,0,4,3,5,6,3,7,6,10,0,1,3,0,0,3,4,4,S001;S009;S010;S012;S013;S014,S002;S003;S006;S007,S004;S005;S008;S011;S015
3,"1,8|2,3,6,9|4,5,7",False,False,13,5,8,4.844585130581786,0.18497842144178078,0.24048114000471518,1.57675031533177,,0,0,0,4,3,5,6,3,7,5,9,0,1,3,0,0,3,3,3,S001;S009;S012;S013,S002;S003;S006;S007;S010;S014,S004;S005;S008;S011;S015
3,"1,8|2,3,6|4,5,7,9",False,False,14,5,9,4.858087704206904,0.24865556225565955,0.25918890096662095,1.72069747938434,,0,0,0,4,3,5,6,3,7,5,10,0,1,3,0,0,3,3,4,S001;S009;S012;S013,S002;S003;S006;S007,S004;S005;S008;S010;S011;S014;S015
3,"1,9|2,3,6,8|4,5,7",False,False,14,4,8,4.844585130581786,0.1895371604907096,0.19680225512351093,1.5952913674882596,,0,0,0,4,2,5,6,2,7,6,10,0,0,3,0,0,3,4,4,S001;S010;S013;S014,S002;S003;S006;S007;S009;S012,S004;S005;S008;S011;S015
3,"1|2,3,6,8,9|4,5,7",False,False,11,4,6,3.397255206699179,0.4890840295767558,0.5258224059593369,3.915764703781172,,0,0,0,4,2,5,6,2,7,5,8,0,0,3,0,0,3,3,2,S001;S013,S002;S003;S006;S007;S009;S010;S012;S014,S004;S005;S008;S011;S015
3,"1|2,3,6,8|4,5,7,9",False,False,12,4,8,4.336884734034134,0.41897742271860433,0.47061833101765665,3.2826401086337644,,0,0,0,4,2,5,6,2,7,5,9,0,0,3,0,0,3,3,3,S001;S013,S002;S003;S006;S007;S009;S012,S004;S005;S008;S010;S011;S014;S015
3,"1,9|2,3,6|4,5,7,8",False,False,15,5,7,4.1715758150169275,0.2528988173001538,0.18081562957388517,1.740274305888308,,0,0,0,4,3,5,6,3,7,6,10,0,1,3,0,0,3,4,4,S001;S010;S013;S014,S002;S003;S006;S007,S004;S005;S008;S009;S011;S012;S015
3,"1|2,3,6,9|4,5,7,8",False,False,12,5,6,3.650372844844158,0.419479421534924,0.46370278812213267,3.2962692031231913,,0,0,0,4,3,5,6,3,7,5,8,0,1,3,0,0,3,3,2,S001;S013,S002;S003;S006;S007;S010;S014,S004;S005;S008;S009;S011;S012;S015
3,"1|2,3,6|4,5,7,8,9",False,False,13,5,6,3.1426724482965063,0.5430002180603224,0.5314633837216225,4.190378190407606,,0,0,0,4,3,5,6,3,7,5,9,0,1,3,0,0,3,3,3,S001;S013,S002;S003;S006;S007,S004;S005;S008;S009;S010;S011;S012;S014;S015
3,"1,7,8,9|2,3|4,5,6",False,False,14,4,6,3.1964215923229817,0.4304988614467682,0.31465595149823045,2.9218124453497625,,0,0,0,4,2,5,6,2,7,6,10,0,0,3,0,0,3,4,4,S001;S008;S009;S010;S012;S013;S014;S015,S002;S003,S004;S005;S006;S007;S011
3,"1,7,8|2,3,9|4,5,6",False,False,13,4,7,4.12254854603282,0.14707405311448252,0.13050927814438443,1.3629148313832433,,0,0,0,4,2,5,6,2,7,6,9,0,0,3,0,0,3,4,3,S001;S008;S009;S012;S013;S015,S002;S003;S010;S014,S004;S005;S006;S007;S011
3,"1,7,8|2,3|4,5,6,9",False,False,15,4,8,4.136051119657938,0.3264994230625447,0.22865811525713342,2.325210545450615,,0,0,0,4,2,5,6,2,7,6,11,0,0,3,0,0,3,4,5,S001;S008;S009;S012;S013;S015,S002;S003,S004;S005;S006;S007;S010;S011;S014
3,"1,7,9|2,3,8|4,5,6",False,False,14,4,7,4.12254854603282,0.14327173547392336,0.13850996381993574,1.3565975411052074,,0,0,0,4,2,5,6,2,7,6,10,0,0,3,0,0,3,4,4,S001;S008;S010;S013;S014;S015,S002;S003;S009;S012,S004;S005;S006;S007;S011
3,"1,7|2,3,8,9|4,5,6",False,False,12,4,5,2.6752186221502128,0.19843300264740182,0.29606554454763756,1.5320958009203294,,1,0,0,4,2,5,6,2,7,6,8,0,0,3,0,0,3,4,2,S001;S008;S013;S015,S002;S003;S009;S010;S012;S014,S004;S005;S006;S007;S011
3,"1,7|2,3,8|4,5,6,9",False,False,14,4,7,3.614848149485168,0.18186003744533516,0.23120029612171572,1.501258905272837,,0,0,0,4,2,5,6,2,7,6,10,0,0,3,0,0,3,4,4,S001;S008;S013;S015,S002;S003;S009;S012,S004;S005;S006;S007;S010;S011;S014
3,"1,7,9|2,3|4,5,6,8",False,False,15,5,6,3.4495392304679613,0.3267921647398501,0.2084962760845817,2.3355956470121173,,0,0,0,5,2,5,6,2,7,6,10,1,0,3,0,0,3,4,4,S001;S008;S010;S013;S014;S015,S002;S003,S004;S005;S006;S007;S009;S011;S012
3,"1,7|2,3,9|4,5,6,8",False,False,13,5,5,2.928336260295192,0.1853869084067515,0.20079400306525214,1.507963986768305,,0,0,0,5,2,5,6,2,7,6,8,1,0,3,0,0,3,4,2,S001;S008;S013;S015,S002;S003;S010;S014,S004;S005;S006;S007;S009;S011;S012
3,"1,7|2,3|4,5,6,8,9",False,False,15,5,5,2.42063586374754,0.45892600868763606,0.37507198718598267,3.01688908490003,,0,0,0,5,2,5,6,2,7,6,10,1,0,3,0,0,3,4,4,S001;S008;S013;S015,S002;S003,S004;S005;S006;S007;S009;S010;S011;S012;S014
3,"1,8,9|2,3,7|4,5,6",False,False,11,4,6,3.218461571158774,0.11115178111606432,0.10840961650076901,1.298698256412857,,1,0,0,4,2,4,6,2,6,6,9,0,0,2,0,0,2,4,3,S001;S009;S010;S012;S013;S014,S002;S003;S008;S015,S004;S005;S006;S007;S011
3,"1,8|2,3,7,9|4,5,6",False,False,9,4,7,4.144588524868612,0.2373264807392035,0.3057361522229408,1.6978905423236161,,1,0,0,4,2,4,6,2,6,5,8,0,0,2,0,0,2,3,2,S001;S009;S012;S013,S002;S003;S008;S010;S014;S015,S004;S005;S006;S007;S011
3,"1,8|2,3,7|4,5,6,9",False,False,11,4,8,4.158091098493729,0.19354880084773549,0.1940418059796576,1.5995572523924935,,0,0,0,4,2,4,6,2,6,5,10,0,0,2,0,0,2,3,4,S001;S009;S012;S013,S002;S003;S008;S015,S004;S005;S006;S007;S010;S011;S014
3,"1,9|2,3,7,8|4,5,6",False,False,11,4,7,4.144588524868612,0.24163069688668964,0.2652858331863687,1.717303261111343,,0,0,0,4,2,4,6,2,6,6,9,0,0,2,0,0,2,4,3,S001;S010;S013;S014,S002;S003;S008;S009;S012;S015,S004;S005;S006;S007;S011
3,"1|2,3,7,8,9|4,5,6",False,False,8,4,5,2.697258600986005,0.5337620187444264,0.5832330797140863,4.146868528048244,,0,0,0,4,2,4,6,2,6,5,7,0,0,2,0,0,2,3,1,S001;S013,S002;S003;S008;S009;S010;S012;S014;S015,S004;S005;S006;S007;S011
3,"1|2,3,7,8|4,5,6,9",False,False,10,4,7,3.6368881283209604,0.4180496298562747,0.4659052541547505,3.2527595407638294,,0,0,0,4,2,4,6,2,6,5,9,0,0,2,0,0,2,3,3,S001;S013,S002;S003;S008;S009;S012;S015,S004;S005;S006;S007;S010;S011;S014
3,"1,9|2,3,7|4,5,6,8",False,False,12,5,6,3.471579209303753,0.19807863350354307,0.12032640798072797,1.6182624122652243,,0,0,0,5,2,4,6,2,6,6,9,1,0,2,0,0,2,4,3,S001;S010;S013;S014,S002;S003;S008;S015,S004;S005;S006;S007;S009;S011;S012
3,"1|2,3,7,9|4,5,6,8",False,False,9,5,5,2.9503762391309842,0.41770559554081993,0.47836924433755174,3.2391304462744026,,0,0,0,5,2,4,6,2,6,5,7,1,0,2,0,0,2,3,1,S001;S013,S002;S003;S008;S010;S014;S015,S004;S005;S006;S007;S009;S011;S012
3,"1|2,3,7|4,5,6,8,9",False,False,11,5,5,2.4426758425833324,0.49687918438625495,0.4814041882396786,3.959274366140533,,0,0,0,5,2,4,6,2,6,5,9,1,0,2,0,0,2,3,3,S001;S013,S002;S003;S008;S015,S004;S005;S006;S007;S009;S010;S011;S012;S014
3,"1,8,9|2,3|4,5,6,7",False,False,13,4,6,3.218461571158774,0.33240355649065545,0.20685572093623375,2.4307772716335156,,0,0,0,4,2,4,6,2,7,6,10,0,0,2,0,0,3,4,4,S001;S009;S010;S012;S013;S014,S002;S003,S004;S005;S006;S007;S008;S011;S015
3,"1,8|2,3,9|4,5,6,7",False,False,11,4,7,4.144588524868612,0.22500544009269272,0.17624856571021777,1.6721786426608172,,0,0,0,4,2,4,6,2,7,5,9,0,0,2,0,0,3,3,3,S001;S009;S012;S013,S002;S003;S010;S014,S004;S005;S006;S007;S008;S011;S015
3,"1,8|2,3|4,5,6,7,9",False,False,12,4,8,4.158091098493729,0.48931826099489817,0.39879988464368504,3.112070709521429,,0,0,0,4,2,4,6,2,7,5,10,0,0,2,0,0,3,3,4,S001;S009;S012;S013,S002;S003,S004;S005;S006;S007;S008;S010;S011;S014;S015
3,"1,9|2,3,8|4,5,6,7",False,False,13,4,7,4.144588524868612,0.22606685343797384,0.14344633405460175,1.6842108334571346,,0,0,0,4,2,4,6,2,7,6,10,0,0,2,0,0,3,4,4,S001;S010;S013;S014,S002;S003;S009;S012,S004;S005;S006;S007;S008;S011;S015
3,"1|2,3,8,9|4,5,6,7",False,False,10,4,5,2.697258600986005,0.416879964604216,0.45753799624965175,3.1900788761329335,,0,0,0,4,2,4,6,2,7,5,8,0,0,2,0,0,3,3,2,S001;S013,S002;S003;S009;S010;S012;S014,S004;S005;S006;S007;S008;S011;S015
3,"1|2,3,8|4,5,6,7,9",False,False,11,4,7,3.6368881283209604,0.5208839965668741,0.5122011129775935,4.084187863417348,,0,0,0,4,2,4,6,2,7,5,9,0,0,2,0,0,3,3,3,S001;S013,S002;S003;S009;S012,S004;S005;S006;S007;S008;S010;S011;S014;S015
3,"1,9|2,3|4,5,6,7,8",False,False,13,4,6,3.471579209303753,0.4927363680001281,0.32859260088237224,3.122455811082931,,0,0,0,4,2,4,6,2,7,6,10,0,0,2,0,0,3,4,4,S001;S010;S013;S014,S002;S003,S004;S005;S006;S007;S008;S009;S011;S012;S015
3,"1|2,3,9|4,5,6,7,8",False,False,10,4,5,2.9503762391309842,0.5236393143513248,0.47504106369744364,4.097816957906775,,0,0,0,4,2,4,6,2,7,5,8,0,0,2,0,0,3,3,2,S001;S013,S002;S003;S010;S014,S004;S005;S006;S007;S008;S009;S011;S012;S015
3,"1|2,3|4,5,6,7,8,9",False,False,11,4,5,2.4426758425833324,0.744497631619328,0.6512212234767961,4.99192594519119,,0,0,0,4,2,4,6,2,7,5,9,0,0,2,0,0,3,3,3,S001;S013,S002;S003,S004;S005;S006;S007;S008;S009;S010;S011;S012;S014;S015
3,"1,4,5,6,7,8,9|2|3",False,False,9,4,3,1.4709194169601547,1.0332451877318012,0.8674118096039705,9.985163128506096,,0,0,0,4,2,4,6,2,5,6,8,0,0,2,0,0,1,4,2,S001;S004;S005;S006;S007;S008;S009;S010;S011;S012;S013;S014;S015,S002,S003
3,"1,4,5,6,7,8|2,9|3",False,False,9,4,5,2.8154729278321793,0.7844395530712666,0.589081460630843,7.156970877077685,,0,0,0,4,2,4,6,2,5,6,8,0,0,2,0,0,1,4,2,S001;S004;S005;S006;S007;S008;S009;S011;S012;S013;S015,S002;S010;S014,S003
3,"1,4,5,6,7,8|2|3,9",False,False,10,4,5,2.918249340842762,0.7915981320853461,0.5898215137273487,8.495187422136881,,0,0,0,4,2,4,6,2,5,6,9,0,0,2,0,0,1,4,3,S001;S004;S005;S006;S007;S008;S009;S011;S012;S013;S015,S002,S003;S010;S014
3,"1,4,5,6,7,9|2,8|3",False,False,10,5,5,2.6651317026977828,0.7809244329924543,0.6516457549328505,7.137836601926736,,0,0,0,5,2,4,6,2,5,6,8,1,0,2,0,0,1,4,2,S001;S004;S005;S006;S007;S008;S010;S011;S013;S014;S015,S002;S009;S012,S003
3,"1,4,5,6,7|2,8,9|3",False,False,10,5,5,2.5623552896872,0.5832153319809978,0.47459527322583583,5.882571449065004,,0,0,0,5,2,4,6,2,5,6,8,1,0,2,0,0,1,4,2,S001;S004;S005;S006;S007;S008;S011;S013;S015,S002;S009;S010;S012;S014,S003
3,"1,4,5,6,7|2,8|3,9",False,False,11,5,6,3.591258656407621,0.510047678433466,0.3304809947324921,2.7788967283447534,,0,0,0,5,2,4,6,2,5,6,9,1,0,2,0,0,1,4,3,S001;S004;S005;S006;S007;S008;S011;S013;S015,S002;S009;S012,S003;S010;S014
3,"1,4,5,6,7,9|2|3,8",False,False,10,4,6,3.1863346728705517,0.7882240399672217,0.6311982712306975,8.472475403828316,,0,0,0,4,2,4,6,2,5,6,9,0,0,2,0,0,1,4,3,S001;S004;S005;S006;S007;S008;S010;S011;S013;S014;S015,S002,S003;S009;S012
3,"1,4,5,6,7|2,9|3,8",False,False,10,4,7,4.009685213569807,0.5102162395638438,0.3068585949054805,2.8042441055140706,,0,0,0,4,2,4,6,2,5,6,9,0,0,2,0,0,1,4,3,S001;S004;S005;S006;S007;S008;S011;S013;S015,S002;S010;S014,S003;S009;S012
3,"1,4,5,6,7|2|3,8,9",False,False,10,4,5,2.6651317026977828,0.6023922981693312,0.4811568835937208,6.982499697459104,,0,0,0,4,2,4,6,2,5,6,9,0,0,2,0,0,1,4,3,S001;S004;S005;S006;S007;S008;S011;S013;S015,S002,S003;S009;S010;S012;S014
3,"1,4,5,6,8,9|2,7|3",False,False,11,4,5,2.555539175046345,0.7492383702180144,0.610384819346022,6.962466974192755,,0,0,0,4,2,4,6,2,6,6,9,0,0,2,0,0,2,4,3,S001;S004;S005;S006;S007;S009;S010;S011;S012;S013;S014,S002;S008;S015,S003
3,"1,4,5,6,8|2,7,9|3",False,False,11,4,7,3.9000926859183696,0.5628281820244024,0.46525815199729603,5.707201821331022,,0,0,0,4,2,4,6,2,6,6,9,0,0,2,0,0,2,4,3,S001;S004;S005;S006;S007;S009;S011;S012;S013,S002;S008;S010;S014;S015,S003
3,"1,4,5,6,8|2,7|3,9",False,False,12,4,7,4.002869098928953,0.47352289962381183,0.303040059959296,2.5306123380167014,,0,0,0,4,2,4,6,2,6,6,10,0,0,2,0,0,2,4,4,S001;S004;S005;S006;S007;S009;S011;S012;S013,S002;S008;S015,S003;S010;S014
3,"1,4,5,6,9|2,7,8|3",False,False,11,4,7,3.749751460783973,0.5607482877678142,0.4875465758663437,5.688067546180073,,0,0,0,4,2,4,6,2,6,6,9,0,0,2,0,0,2,4,3,S001;S004;S005;S006;S007;S010;S011;S013;S014,S002;S008;S009;S012;S015,S003
3,"1,4,5,6|2,7,8,9|3",False,False,11,4,7,3.6469750477733904,0.5023976794033573,0.4694797415347841,4.821907206824832,,0,0,0,4,2,4,6,2,6,6,9,0,0,2,0,0,2,4,3,S001;S004;S005;S006;S007;S011;S013,S002;S008;S009;S010;S012;S014;S015,S003
3,"1,4,5,6|2,7,8|3,9",False,False,12,4,8,4.675878414493811,0.26187424993005576,0.1425761537103017,1.9655349118011713,,0,0,0,4,2,4,6,2,6,6,10,0,0,2,0,0,2,4,4,S001;S004;S005;S006;S007;S011;S013,S002;S008;S009;S012;S015,S003;S010;S014
3,"1,4,5,6,9|2,7|3,8",False,False,12,4,8,4.270954430956742,0.4695489665575184,0.3549783739665036,2.5009096802095905,,0,0,0,4,2,4,6,2,6,6,10,0,0,2,0,0,2,4,4,S001;S004;S005;S006;S007;S010;S011;S013;S014,S002;S008;S015,S003;S009;S012
3,"1,4,5,6|2,7,9|3,8",False,False,12,4,9,5.094304971655998,0.25916662314016986,0.18909992961529185,1.9489990802502184,,0,0,0,4,2,4,6,2,6,6,10,0,0,2,0,0,2,4,4,S001;S004;S005;S006;S007;S011;S013,S002;S008;S010;S014;S015,S003;S009;S012
3,"1,4,5,6|2,7|3,8,9",False,False,12,4,7,3.749751460783973,0.2566892908125026,0.17718893932063942,1.9338277471741876,,0,0,0,4,2,4,6,2,6,6,10,0,0,2,0,0,2,4,4,S001;S004;S005;S006;S007;S011;S013,S002;S008;S015,S003;S009;S010;S012;S014
3,"1,4,5,6,8,9|2|3,7",False,False,9,4,4,2.024249285421146,0.7578842300722518,0.6378936070621004,8.264315012883866,,0,0,0,4,2,4,6,2,5,6,8,0,0,2,0,0,1,4,2,S001;S004;S005;S006;S007;S009;S010;S011;S012;S013;S014,S002,S003;S008;S015
3,"1,4,5,6,8|2,9|3,7",False,False,9,4,6,3.3688027962931706,0.4753652458426523,0.33211882680149896,2.720644739298573,,0,0,0,4,2,4,6,2,5,6,8,0,0,2,0,0,1,4,2,S001;S004;S005;S006;S007;S009;S011;S012;S013,S002;S010;S014,S003;S008;S015
3,"1,4,5,6,8|2|3,7,9",False,False,10,4,6,3.471579209303753,0.584027502404226,0.47431889449066933,6.774339306514651,,0,0,0,4,2,4,6,2,5,6,9,0,0,2,0,0,1,4,3,S001;S004;S005;S006;S007;S009;S011;S012;S013,S002,S003;S008;S010;S014;S015
3,"1,4,5,6,9|2,8|3,7",False,False,10,5,6,3.218461571158774,0.47122440051724285,0.4044171500051369,2.6870140773549163,,0,0,0,5,2,4,6,2,5,6,8,1,0,2,0,0,1,4,2,S001;S004;S005;S006;S007;S010;S011;S013;S014,S002;S009;S012,S003;S008;S015
3,"1,4,5,6|2,8,9|3,7",False,False,10,5,6,3.1156851581481915,0.2370303891214502,0.2051361427282291,1.80947766603545,,0,0,0,5,2,4,6,2,5,6,8,1,0,2,0,0,1,4,2,S001;S004;S005;S006;S007;S011;S013,S002;S009;S010;S012;S014,S003;S008;S015
3,"1,4,5,6|2,8|3,7,9",False,False,11,5,7,4.144588524868612,0.28288819787301295,0.2229447854307942,2.09403322592011,,0,0,0,5,2,4,6,2,5,6,9,1,0,2,0,0,1,4,3,S001;S004;S005;S006;S007;S011;S013,S002;S009;S012,S003;S008;S010;S014;S015
3,"1,4,5,6,9|2|3,7,8",False,False,10,4,7,3.739664541331543,0.5821710918256426,0.4949283047073313,6.751627288206087,,0,0,0,4,2,4,6,2,5,6,9,0,0,2,0,0,1,4,3,S001;S004;S005;S006;S007;S010;S011;S013;S014,S002,S003;S008;S009;S012;S015
3,"1,4,5,6|2,9|3,7,8",False,False,10,4,8,4.563015082030798,0.2859728490626234,0.15616125908480227,2.113133701818002,,0,0,0,4,2,4,6,2,5,6,9,0,0,2,0,0,1,4,3,S001;S004;S005;S006;S007;S011;S013,S002;S010;S014,S003;S008;S009;S012;S015
3,"1,4,5,6|2|3,7,8,9",False,False,10,4,6,3.218461571158774,0.5368148251410022,0.47038366792597736,5.910492403241553,,0,0,0,4,2,4,6,2,5,6,9,0,0,2,0,0,1,4,3,S001;S004;S005;S006;S007;S011;S013,S002,S003;S008;S009;S010;S012;S014;S015
3,"1,4,5,7,8,9|2,6|3",False,False,13,5,5,2.7022059122985276,0.808591562121292,0.6636694347330783,7.286920235955193,,0,0,0,4,3,5,6,3,6,6,9,0,1,3,0,0,2,4,3,S001;S004;S005;S008;S009;S010;S011;S012;S013;S014;S015,S002;S006;S007,S003
3,"1,4,5,7,8|2,6,9|3",False,False,13,5,7,4.046759423170553,0.6022976415491385,0.48533452793668735,6.031655083093459,,0,0,0,4,3,5,6,3,6,6,9,0,1,3,0,0,2,4,3,S001;S004;S005;S008;S009;S011;S012;S013;S015,S002;S006;S007;S010;S014,S003
3,"1,4,5,7,8|2,6|3,9",False,False,14,5,7,4.149535836181135,0.541708841721201,0.36850745438831534,3.0651934566088355,,0,0,0,4,3,5,6,3,6,6,10,0,1,3,0,0,2,4,4,S001;S004;S005;S008;S009;S011;S012;S013;S015,S002;S006;S007,S003;S010;S014
3,"1,4,5,7,9|2,6,8|3",False,False,13,5,7,3.8964181980361556,0.5997642002896538,0.5184395643885908,6.01252080794251,,0,0,0,5,2,5,6,2,6,6,9,1,0,3,0,0,2,4,3,S001;S004;S005;S008;S010;S011;S013;S014;S015,S002;S006;S007;S009;S012,S003
3,"1,4,5,7|2,6,8,9|3",False,False,13,5,7,3.793641785025573,0.501205137236628,0.4584006274997857,4.757255655080777,,0,0,0,5,2,5,6,2,6,6,9,1,0,3,0,0,2,4,3,S001;S004;S005;S008;S011;S013;S015,S002;S006;S007;S009;S010;S012;S014,S003
3,"1,4,5,7|2,6,8|3,9",False,False,14,5,8,4.822545151745993,0.30102978306964906,0.17205997580329443,2.1093997080761167,,0,0,0,5,2,5,6,2,6,6,10,1,0,3,0,0,2,4,4,S001;S004;S005;S008;S011;S013;S015,S002;S006;S007;S009;S012,S003;S010;S014
3,"1,4,5,7,9|2,6|3,8",False,False,14,5,8,4.417621168208925,0.5379094238958008,0.41734047103187133,3.0554697150848815,,0,0,0,4,3,5,6,3,6,6,10,0,1,3,0,0,2,4,4,S001;S004;S005;S008;S010;S011;S013;S014;S015,S002;S006;S007,S003;S009;S012
3,"1,4,5,7|2,6,9|3,8",False,False,14,5,9,5.24097170890818,0.2992697152712137,0.1977733650482293,2.09165355763282,,0,0,0,4,3,5,6,3,6,6,10,0,1,3,0,0,2,4,4,S001;S004;S005;S008;S011;S013;S015,S002;S006;S007;S010;S014,S003;S009;S012
3,"1,4,5,7|2,6|3,8,9",False,False,14,5,7,3.8964181980361556,0.33394919095946635,0.2445509598749425,2.4175634555499723,,0,0,0,4,3,5,6,3,6,6,10,0,1,3,0,0,2,4,4,S001;S004;S005;S008;S011;S013;S015,S002;S006;S007,S003;S009;S010;S012;S014
3,"1,4,5,8,9|2,6,7|3",False,False,12,5,5,2.72424589113432,0.577712729638561,0.48638534755884805,5.8371511802085285,,0,0,0,4,3,4,6,3,7,6,8,0,1,2,0,0,3,4,2,S001;S004;S005;S009;S010;S011;S012;S013;S014,S002;S006;S007;S008;S015,S003
3,"1,4,5,8|2,6,7,9|3",False,False,11,5,7,4.068799402006345,0.5003616345110448,0.47348195665698267,4.672823572796377,,0,0,0,4,3,4,6,3,7,5,8,0,1,2,0,0,3,3,2,S001;S004;S005;S009;S011;S012;S013,S002;S006;S007;S008;S010;S014;S015,S003
3,"1,4,5,8|2,6,7|3,9",False,False,12,5,7,4.1715758150169275,0.2778740167103127,0.14532088053550746,2.031639615205683,,0,0,0,4,3,4,6,3,7,5,9,0,1,2,0,0,3,3,3,S001;S004;S005;S009;S011;S012;S013,S002;S006;S007;S008;S015,S003;S010;S014
3,"1,4,5,9|2,6,7,8|3",False,False,11,4,7,3.918458176871948,0.5004817023185778,0.45833925815159615,4.691957847947326,,0,0,0,4,2,4,6,2,7,6,8,0,0,2,0,0,3,4,2,S001;S004;S005;S010;S011;S013;S014,S002;S006;S007;S008;S009;S012;S015,S003
3,"1,4,5|2,6,7,8,9|3",False,False,10,4,7,3.8156817638613654,0.5913028501717413,0.5605542009510893,5.947223000809059,,0,0,0,4,2,4,6,2,7,5,8,0,0,2,0,0,3,3,2,S001;S004;S005;S011;S013,S002;S006;S007;S008;S009;S010;S012;S014;S015,S003
3,"1,4,5|2,6,7,8|3,9",False,False,11,4,8,4.844585130581786,0.29192051146277054,0.22694996615024965,2.0804462136053696,,0,0,0,4,2,4,6,2,7,5,9,0,0,2,0,0,3,3,3,S001;S004;S005;S011;S013,S002;S006;S007;S008;S009;S012;S015,S003;S010;S014
3,"1,4,5,9|2,6,7|3,8",False,False,13,5,8,4.439661147044717,0.27330351140364434,0.2039222417865351,2.0061347606751174,,0,0,0,4,3,4,6,3,7,6,9,0,1,2,0,0,3,4,3,S001;S004;S005;S010;S011;S013;S014,S002;S006;S007;S008;S015,S003;S009;S012
3,"1,4,5|2,6,7,9|3,8",False,False,12,5,9,5.2630116877439725,0.2873643264749248,0.2882719797440853,2.0545307544679527,,0,0,0,4,3,4,6,3,7,5,9,0,1,2,0,0,3,3,3,S001;S004;S005;S011;S013,S002;S006;S007;S008;S010;S014;S015,S003;S009;S012
3,"1,4,5|2,6,7|3,8,9",False,False,12,5,7,3.918458176871948,0.026535626678937333,0.05986938316064035,1.0671742650703502,,1,0,0,4,3,4,6,3,7,5,9,0,1,2,0,0,3,3,3,S001;S004;S005;S011;S013,S002;S006;S007;S008;S015,S003;S009;S010;S012;S014
3,"1,4,5,8,9|2,6|3,7",False,False,11,5,5,2.72424589113432,0.503684212243513,0.3944590291965802,2.9663495933251283,,0,0,0,4,3,4,6,3,6,6,8,0,1,2,0,0,2,4,2,S001;S004;S005;S009;S010;S011;S012;S013;S014,S002;S006;S007,S003;S008;S015
3,"1,4,5,8|2,6,9|3,7",False,False,10,5,7,4.068799402006345,0.25782501169666094,0.21875888369479393,1.8703338653897261,,0,0,0,4,3,4,6,3,6,5,8,0,1,2,0,0,2,3,2,S001;S004;S005;S009;S011;S012;S013,S002;S006;S007;S010;S014,S003;S008;S015
3,"1,4,5,8|2,6|3,7,9",False,False,11,5,7,4.1715758150169275,0.3177948601704663,0.2349720905355073,2.3284433337902186,,0,0,0,4,3,4,6,3,6,5,9,0,1,2,0,0,2,3,3,S001;S004;S005;S009;S011;S012;S013,S002;S006;S007,S003;S008;S010;S014;S015
3,"1,4,5,9|2,6,8|3,7",False,False,11,5,7,3.918458176871948,0.25497283121083464,0.2393161539303175,1.8625232209103761,,0,0,0,5,2,4,6,2,6,6,8,1,0,2,0,0,2,4,2,S001;S004;S005;S010;S011;S013;S014,S002;S006;S007;S009;S012,S003;S008;S015
3,"1,4,5|2,6,8,9|3,7",False,False,10,5,7,3.8156817638613654,0.24563072814711107,0.28287745047963436,1.8358685421845284,,0,0,0,5,2,4,6,2,6,5,8,1,0,2,0,0,2,3,2,S001;S004;S005;S011;S013,S002;S006;S007;S009;S010;S012;S014,S003;S008;S015
3,"1,4,5|2,6,8|3,7,9",False,False,11,5,8,4.844585130581786,0.05983821207025541,0.09810707481936665,1.1427570835853678,,0,0,0,5,2,4,6,2,6,5,9,1,0,2,0,0,2,3,3,S001;S004;S005;S011;S013,S002;S006;S007;S009;S012,S003;S008;S010;S014;S015
3,"1,4,5,9|2,6|3,7,8",False,False,12,5,8,4.439661147044717,0.3163181537620893,0.2501143744568896,2.3187195922662642,,0,0,0,4,3,4,6,3,6,6,9,0,1,2,0,0,2,4,3,S001;S004;S005;S010;S011;S013;S014,S002;S006;S007,S003;S008;S009;S012;S015
3,"1,4,5|2,6,9|3,7,8",False,False,11,5,9,5.2630116877439725,0.0640843574764542,0.09140810589030184,1.1554779678900178,,0,0,0,4,3,4,6,3,6,5,9,0,1,2,0,0,2,3,3,S001;S004;S005;S011;S013,S002;S006;S007;S010;S014,S003;S008;S009;S012;S015
3,"1,4,5|2,6|3,7,8,9",False,False,11,5,7,3.918458176871948,0.36041687092622465,0.3042041212195482,2.5304708558966467,,0,0,0,4,3,4,6,3,6,5,9,0,1,2,0,0,2,3,3,S001;S004;S005;S011;S013,S002;S006;S007,S003;S008;S009;S010;S012;S014;S015
3,"1,4,5,7,8,9|2|3,6",False,False,11,5,4,2.1709160226733286,0.81482178023929,0.6939494117984331,8.64943482344833,,0,0,0,4,3,4,6,3,6,6,8,0,1,2,0,0,2,4,2,S001;S004;S005;S008;S009;S010;S011;S012;S013;S014;S015,S002,S003;S006;S007
3,"1,4,5,7,8|2,9|3,6",False,False,11,5,6,3.515469533545353,0.5406297236733649,0.39978343890730883,2.875312838902657,,0,0,0,4,3,4,6,3,6,6,8,0,1,2,0,0,2,4,2,S001;S004;S005;S008;S009;S011;S012;S013;S015,S002;S010;S014,S003;S006;S007
3,"1,4,5,7,8|2|3,6,9",False,False,12,5,6,3.618245946555936,0.6198055005665806,0.49740351788923887,7.159459117079114,,0,0,0,4,3,4,6,3,6,6,9,0,1,2,0,0,2,4,3,S001;S004;S005;S008;S009;S011;S012;S013;S015,S002,S003;S006;S007;S010;S014
3,"1,4,5,7,9|2,8|3,6",False,False,12,6,6,3.3651283084109567,0.5366624641213736,0.46850226518570665,2.840284142226925,,0,0,0,5,3,4,6,3,6,6,8,1,1,2,0,0,2,4,2,S001;S004;S005;S008;S010;S011;S013;S014;S015,S002;S009;S012,S003;S006;S007
3,"1,4,5,7|2,8,9|3,6",False,False,12,6,6,3.262351895400374,0.314483582918145,0.2745054669863706,2.2383759009114503,,0,0,0,5,3,4,6,3,6,6,8,1,1,2,0,0,2,4,2,S001;S004;S005;S008;S011;S013;S015,S002;S009;S010;S012;S014,S003;S006;S007
3,"1,4,5,7|2,8|3,6,9",False,False,13,6,7,4.291255262120795,0.31544350501759666,0.23657692905191308,2.247303290792119,,0,0,0,5,3,4,6,3,6,6,9,1,1,2,0,0,2,4,3,S001;S004;S005;S008;S011;S013;S015,S002;S009;S012,S003;S006;S007;S010;S014
3,"1,4,5,7,9|2|3,6,8",False,False,11,4,7,3.8863312785837256,0.6174831838239196,0.5248341755940604,7.13674709877055,,0,0,0,4,2,4,6,2,6,6,9,0,0,2,0,0,2,4,3,S001;S004;S005;S008;S010;S011;S013;S014;S015,S002,S003;S006;S007;S009;S012
3,"1,4,5,7|2,9|3,6,8",False,False,11,4,8,4.709681819282981,0.3176556726281395,0.18229392562519992,2.267801801422086,,0,0,0,4,2,4,6,2,6,6,9,0,0,2,0,0,2,4,3,S001;S004;S005;S008;S011;S013;S015,S002;S010;S014,S003;S006;S007;S009;S012
3,"1,4,5,7|2|3,6,8,9",False,False,11,4,6,3.3651283084109567,0.5329701363556728,0.46185821165042446,5.646771392401336,,0,0,0,4,2,4,6,2,6,6,9,0,0,2,0,0,2,4,3,S001;S004;S005;S008;S011;S013;S015,S002,S003;S006;S007;S009;S010;S012;S014
3,"1,4,5,8,9|2,7|3,6",False,False,11,5,5,2.72424589113432,0.5007810240980376,0.39847659316942957,2.7464865206059117,,0,0,0,4,3,3,6,3,7,6,8,0,1,1,0,0,3,4,2,S001;S004;S005;S009;S010;S011;S012;S013;S014,S002;S008;S015,S003;S006;S007
3,"1,4,5,8|2,7,9|3,6",False,False,10,5,7,4.068799402006345,0.29461030410648675,0.27252078739306973,2.15586127968181,,0,0,0,4,3,3,6,3,7,5,8,0,1,1,0,0,3,3,2,S001;S004;S005;S009;S011;S012;S013,S002;S008;S010;S014;S015,S003;S006;S007
3,"1,4,5,8|2,7|3,6,9",False,False,11,5,7,4.1715758150169275,0.2735685935703426,0.18460065430663808,1.9988660779078908,,0,0,0,4,3,3,6,3,7,5,9,0,1,1,0,0,3,3,3,S001;S004;S005;S009;S011;S012;S013,S002;S008;S015,S003;S006;S007;S010;S014
3,"1,4,5,9|2,7,8|3,6",False,False,11,5,7,3.918458176871948,0.2927231724601007,0.2796601700119637,2.1468582528351123,,0,0,0,4,3,3,6,3,7,6,8,0,1,1,0,0,3,4,2,S001;S004;S005;S010;S011;S013;S014,S002;S008;S009;S012;S015,S003;S006;S007
3,"1,4,5|2,7,8,9|3,6",False,False,10,5,7,3.8156817638613654,0.32287429728230016,0.3453799015048003,2.2687956399107336,,0,0,0,4,3,3,6,3,7,5,8,0,1,1,0,0,3,3,2,S001;S004;S005;S011;S013,S002;S008;S009;S010;S012;S014;S015,S003;S006;S007
3,"1,4,5|2,7,8|3,6,9",False,False,11,5,8,4.844585130581786,0.03191671140922607,0.08008433416661424,1.0783541964103984,,1,0,0,4,3,3,6,3,7,5,9,0,1,1,0,0,3,3,3,S001;S004;S005;S011;S013,S002;S008;S009;S012;S015,S003;S006;S007;S010;S014
3,"1,4,5,9|2,7|3,6,8",False,False,11,4,8,4.439661147044717,0.2711994841931709,0.2115035762632935,1.9905186739575709,,0,0,0,4,2,3,6,2,7,6,9,0,0,1,0,0,3,4,3,S001;S004;S005;S010;S011;S013;S014,S002;S008;S015,S003;S006;S007;S009;S012
3,"1,4,5|2,7,9|3,6,8",False,False,10,4,9,5.2630116877439725,0.028921218791352645,0.11413029624503866,1.0725690557677117,,1,0,0,4,2,3,6,2,7,5,9,0,0,1,0,0,3,3,3,S001;S004;S005;S011;S013,S002;S008;S010;S014;S015,S003;S006;S007;S009;S012
3,"1,4,5|2,7|3,6,8,9",False,False,10,4,7,3.918458176871948,0.28311598414680494,0.24236046011201534,2.030753778923632,,0,0,0,4,2,3,6,2,7,5,9,0,0,1,0,0,3,3,3,S001;S004;S005;S011;S013,S002;S008;S015,S003;S006;S007;S009;S010;S012;S014
3,"1,4,5,8,9|2|3,6,7",False,False,10,5,4,2.1929560015091205,0.5974082255796911,0.5026047159773842,6.928586707826099,,0,0,0,4,3,4,6,3,6,6,7,0,1,2,0,0,2,4,1,S001;S004;S005;S009;S010;S011;S012;S013;S014,S002,S003;S006;S007;S008;S015
3,"1,4,5,8|2,9|3,6,7",False,False,9,5,6,3.5375095123811455,0.29845664487191476,0.1602066410187215,2.184202435206589,,0,0,0,4,3,4,6,3,6,5,7,0,1,2,0,0,2,3,1,S001;S004;S005;S009;S011;S012;S013,S002;S010;S014,S003;S006;S007;S008;S015
3,"1,4,5,8|2|3,6,7,9",False,False,10,5,6,3.640285925391728,0.5336558306556417,0.4744533335312394,5.733532983621541,,0,0,0,4,3,4,6,3,6,5,8,0,1,2,0,0,2,3,2,S001;S004;S005;S009;S011;S012;S013,S002,S003;S006;S007;S008;S010;S014;S015
3,"1,4,5,9|2,8|3,6,7",False,False,11,6,6,3.387168287246749,0.29391364754250143,0.24706881426718244,2.1554206398022817,,0,0,0,5,3,4,6,3,6,6,7,1,1,2,0,0,2,4,1,S001;S004;S005;S010;S011;S013;S014,S002;S009;S012,S003;S006;S007;S008;S015
3,"1,4,5|2,8,9|3,6,7",False,False,10,6,6,3.284391874236166,0.03335224206944647,0.050972087273169535,1.0809068282999699,,1,0,0,5,3,4,6,3,6,5,7,1,1,2,0,0,2,3,1,S001;S004;S005;S011;S013,S002;S009;S010;S012;S014,S003;S006;S007;S008;S015
3,"1,4,5|2,8|3,6,7,9",False,False,11,6,7,4.313295240956586,0.3248859327439767,0.3061333191649161,2.281832687488771,,0,0,0,5,3,4,6,3,6,5,8,1,1,2,0,0,2,3,2,S001;S004;S005;S011;S013,S002;S009;S012,S003;S006;S007;S008;S010;S014;S015
3,"1,4,5,9|2|3,6,7,8",False,False,10,4,7,3.908371257419518,0.5339294817644008,0.468080780080764,5.756245001930107,,0,0,0,4,2,4,6,2,6,6,8,0,0,2,0,0,2,4,2,S001;S004;S005;S010;S011;S013;S014,S002,S003;S006;S007;S008;S009;S012;S015
3,"1,4,5|2,9|3,6,7,8",False,False,9,4,8,4.731721798118773,0.32944521829254825,0.24006810153303607,2.311767535404447,,0,0,0,4,2,4,6,2,6,5,8,0,0,2,0,0,2,3,2,S001;S004;S005;S011;S013,S002;S010;S014,S003;S006;S007;S008;S009;S012;S015
3,"1,4,5|2|3,6,7,8,9",False,False,9,4,6,3.387168287246749,0.6289038146339118,0.5575836023397318,7.246220708299321,,0,0,0,4,2,4,6,2,6,5,8,0,0,2,0,0,2,3,2,S001;S004;S005;S011;S013,S002,S003;S006;S007;S008;S009;S010;S012;S014;S015
3,"1,4,6,7,8,9|2,5|3",False,False,10,4,4,1.7390047489879445,0.8263928866214428,0.6962611447715602,7.381151356574352,,0,0,0,4,2,4,6,2,6,6,8,0,0,2,0,0,2,4,2,S001;S004;S006;S007;S008;S009;S010;S012;S013;S014;S015,S002;S005;S011,S003
3,"1,4,6,7,8|2,5,9|3",False,False,10,4,6,3.083558259859969,0.6151174649448384,0.4887464217131951,6.12588620371262,,0,0,0,4,2,4,6,2,6,6,8,0,0,2,0,0,2,4,2,S001;S004;S006;S007;S008;S009;S012;S013;S015,S002;S005;S010;S011;S014,S003
3,"1,4,6,7,8|2,5|3,9",False,False,11,4,6,3.1863346728705517,0.5619648004044072,0.4023408982729351,3.269653465399513,,0,0,0,4,2,4,6,2,6,6,9,0,0,2,0,0,2,4,3,S001;S004;S006;S007;S008;S009;S012;S013;S015,S002;S005;S011,S003;S010;S014
3,"1,4,6,7,9|2,5,8|3",False,False,12,6,4,2.397046370669993,0.6124690948290332,0.5275674181655349,6.10675192856167,,0,0,0,5,3,4,6,3,6,6,8,1,1,2,0,0,2,4,2,S001;S004;S006;S007;S008;S010;S013;S014;S015,S002;S005;S009;S011;S012,S003
3,"1,4,6,7|2,5,8,9|3",False,False,12,6,4,2.2942699576594103,0.5031004310311558,0.4387938840208154,4.851486775699938,,0,0,0,5,3,4,6,3,6,6,8,1,1,2,0,0,2,4,2,S001;S004;S006;S007;S008;S013;S015,S002;S005;S009;S010;S011;S012;S014,S003
3,"1,4,6,7|2,5,8|3,9",False,False,13,6,5,3.323173324379831,0.3150734921195965,0.16712005188417425,2.1511824317170993,,0,0,0,5,3,4,6,3,6,6,9,1,1,2,0,0,2,4,3,S001;S004;S006;S007;S008;S013;S015,S002;S005;S009;S011;S012,S003;S010;S014
3,"1,4,6,7,9|2,5|3,8",False,False,12,5,6,3.1863346728705517,0.5582111077039767,0.4370978222145363,3.2594406656551604,,0,0,0,4,3,4,6,3,6,6,9,0,1,2,0,0,2,4,3,S001;S004;S006;S007;S008;S010;S013;S014;S015,S002;S005;S011,S003;S009;S012
3,"1,4,6,7|2,5,9|3,8",False,False,12,5,7,4.009685213569807,0.3135563950335605,0.17637591025777888,2.1330847677617712,,0,0,0,4,3,4,6,3,6,6,9,0,1,2,0,0,2,4,3,S001;S004;S006;S007;S008;S013;S015,S002;S005;S010;S011;S014,S003;S009;S012
3,"1,4,6,7|2,5|3,8,9",False,False,12,5,5,2.6651317026977828,0.3564073982965854,0.28031169262129907,2.5894507375754983,,0,0,0,4,3,4,6,3,6,6,9,0,1,2,0,0,2,4,3,S001;S004;S006;S007;S008;S013;S015,S002;S005;S011,S003;S009;S010;S012;S014
3,"1,4,6,8,9|2,5,7|3",False,False,13,4,6,2.823624507074135,0.5892941098653047,0.5000724274261584,5.931382300827688,,0,0,0,4,2,5,6,2,7,6,9,0,0,3,0,0,3,4,3,S001;S004;S006;S007;S009;S010;S012;S013;S014,S002;S005;S008;S011;S015,S003
3,"1,4,6,8|2,5,7,9|3",False,False,13,4,8,4.168178017946159,0.5003793292751104,0.4687163063904779,4.6761171479659565,,0,0,0,4,2,5,6,2,7,6,9,0,0,3,0,0,3,4,3,S001;S004;S006;S007;S009;S012;S013,S002;S005;S008;S010;S011;S014;S015,S003
3,"1,4,6,8|2,5,7|3,9",False,False,14,4,8,4.270954430956742,0.289794061478316,0.16288004473751275,2.0734223388466657,,0,0,0,4,2,5,6,2,7,6,10,0,0,3,0,0,3,4,4,S001;S004;S006;S007;S009;S012;S013,S002;S005;S008;S011;S015,S003;S010;S014
3,"1,4,6,9|2,5,7,8|3",False,False,14,5,6,3.481666128756183,0.500293805416421,0.4520528755814166,4.656982872815006,,0,0,0,4,3,5,6,3,7,6,9,0,1,3,0,0,3,4,3,S001;S004;S006;S007;S010;S013;S014,S002;S005;S008;S009;S011;S012;S015,S003
3,"1,4,6|2,5,7,8,9|3",False,False,14,5,6,3.3788897157456006,0.579614678854243,0.5437845735414831,5.852991880189899,,0,0,0,4,3,5,6,3,7,6,9,0,1,3,0,0,3,4,3,S001;S004;S006;S007;S013,S002;S005;S008;S009;S010;S011;S012;S014;S015,S003
3,"1,4,6|2,5,7,8|3,9",False,False,15,5,7,4.407793082466021,0.27978674265393266,0.201501083363639,2.038663489964387,,0,0,0,4,3,5,6,3,7,6,10,0,1,3,0,0,3,4,4,S001;S004;S006;S007;S013,S002;S005;S008;S009;S011;S012;S015,S003;S010;S014
3,"1,4,6,9|2,5,7|3,8",False,False,15,5,8,4.270954430956742,0.2852342248126711,0.20783999180032742,2.0475659708040688,,0,0,0,4,3,5,6,3,7,6,10,0,1,3,0,0,3,4,4,S001;S004;S006;S007;S010;S013;S014,S002;S005;S008;S011;S015,S003;S009;S012
3,"1,4,6|2,5,7,9|3,8",False,False,15,5,9,5.094304971655998,0.27521658331040105,0.27857773588250223,2.0130995443390014,,0,0,0,4,3,5,6,3,7,6,10,0,1,3,0,0,3,4,4,S001;S004;S006;S007;S013,S002;S005;S008;S010;S011;S014;S015,S003;S009;S012
3,"1,4,6|2,5,7|3,8,9",False,False,15,5,7,3.749751460783973,0.024879150147011066,0.05721596948556472,1.0620875595375245,,0,0,0,4,3,5,6,3,7,6,10,0,1,3,0,0,3,4,4,S001;S004;S006;S007;S013,S002;S005;S008;S011;S015,S003;S009;S010;S012;S014
3,"1,4,6,8,9|2,5|3,7",False,False,10,4,5,2.292334617448936,0.5244120564913677,0.4502046179559239,3.16583822317121,,0,0,0,4,2,4,6,2,6,6,8,0,0,2,0,0,2,4,2,S001;S004;S006;S007;S009;S010;S012;S013;S014,S002;S005;S011,S003;S008;S015
3,"1,4,6,8|2,5,9|3,7",False,False,10,4,7,3.6368881283209604,0.2725547906866818,0.2234473900272145,1.9087991731288834,,0,0,0,4,2,4,6,2,6,6,8,0,0,2,0,0,2,4,2,S001;S004;S006;S007;S009;S012;S013,S002;S005;S010;S011;S014,S003;S008;S015
3,"1,4,6,8|2,5|3,7,9",False,False,11,4,7,3.739664541331543,0.3399336280081358,0.29495181445446716,2.4958482950915477,,0,0,0,4,2,4,6,2,6,6,9,0,0,2,0,0,2,4,3,S001;S004;S006;S007;S009;S012;S013,S002;S005;S011,S003;S008;S010;S014;S015
3,"1,4,6,9|2,5,8|3,7",False,False,12,6,5,2.9503762391309842,0.2694768476746074,0.2562064695830538,1.9009885286495334,,0,0,0,5,3,4,6,3,6,6,8,1,1,2,0,0,2,4,2,S001;S004;S006;S007;S010;S013;S014,S002;S005;S009;S011;S012,S003;S008;S015
3,"1,4,6|2,5,8,9|3,7",False,False,12,6,5,2.8475998261204016,0.23333075092407998,0.23408486665102018,1.7974032344453712,,0,0,0,5,3,4,6,3,6,6,8,1,1,2,0,0,2,4,2,S001;S004;S006;S007;S013,S002;S005;S009;S010;S011;S012;S014,S003;S008;S015
3,"1,4,6|2,5,8|3,7,9",False,False,13,6,6,3.8765031928408225,0.06662069776435672,0.12421141278560612,1.1769644306389364,,0,0,0,5,3,4,6,3,6,6,9,1,1,2,0,0,2,4,3,S001;S004;S006;S007;S013,S002;S005;S009;S011;S012,S003;S008;S010;S014;S015
3,"1,4,6,9|2,5|3,7,8",False,False,12,5,7,3.739664541331543,0.3384015328762752,0.3024040574667261,2.485635495347195,,0,0,0,4,3,4,6,3,6,6,9,0,1,2,0,0,2,4,3,S001;S004;S006;S007;S010;S013;S014,S002;S005;S011,S003;S008;S009;S012;S015
3,"1,4,6|2,5,9|3,7,8",False,False,12,5,8,4.563015082030798,0.07118557344340425,0.07521702168719752,1.1902776257707541,,0,0,0,4,3,4,6,3,6,6,9,0,1,2,0,0,2,4,3,S001;S004;S006;S007;S013,S002;S005;S010;S011;S014,S003;S008;S009;S012;S015
3,"1,4,6|2,5|3,7,8,9",False,False,12,5,6,3.218461571158774,0.37095797992721097,0.349150705817868,2.657741574735395,,0,0,0,4,3,4,6,3,6,6,9,0,1,2,0,0,2,4,3,S001;S004;S006;S007;S013,S002;S005;S011,S003;S008;S009;S010;S012;S014;S015
3,"1,4,7,8,9|2,5,6|3",False,False,13,4,6,2.9702912443263174,0.6336833246948491,0.5386052469527508,6.255835562590126,,0,0,0,4,2,5,6,2,7,6,9,0,0,3,0,0,3,4,3,S001;S004;S008;S009;S010;S012;S013;S014;S015,S002;S005;S006;S007;S011,S003
3,"1,4,7,8|2,5,6,9|3",False,False,13,4,8,4.314844755198342,0.5081251704532466,0.46201809493163787,5.000570409728394,,0,0,0,4,2,5,6,2,7,6,9,0,0,3,0,0,3,4,3,S001;S004;S008;S009;S012;S013;S015,S002;S005;S006;S007;S010;S011;S014,S003
3,"1,4,7,8|2,5,6|3,9",False,False,14,4,8,4.417621168208925,0.33916066981071324,0.2136870895572908,2.2172871351216115,,0,0,0,4,2,5,6,2,7,6,10,0,0,3,0,0,3,4,4,S001;S004;S008;S009;S012;S013;S015,S002;S005;S006;S007;S011,S003;S010;S014
3,"1,4,7,9|2,5,6,8|3",False,False,15,6,6,3.628332866008366,0.5073432512610843,0.45849723694921246,4.981436134577443,,0,0,0,5,3,5,6,3,7,6,9,1,1,3,0,0,3,4,3,S001;S004;S008;S010;S013;S014;S015,S002;S005;S006;S007;S009;S011;S012,S003
3,"1,4,7|2,5,6,8,9|3",False,False,15,6,6,3.525556452997783,0.5445926609984632,0.5073463604219933,5.528538618427461,,0,0,0,5,3,5,6,3,7,6,9,1,1,3,0,0,3,4,3,S001;S004;S008;S013;S015,S002;S005;S006;S007;S009;S010;S011;S012;S014,S003
3,"1,4,7|2,5,6,8|3,9",False,False,16,6,7,4.554459819718204,0.24929151215193762,0.1587662613544401,1.8947986936894414,,0,0,0,5,3,5,6,3,7,6,10,1,1,3,0,0,3,4,4,S001;S004;S008;S013;S015,S002;S005;S006;S007;S009;S011;S012,S003;S010;S014
3,"1,4,7,9|2,5,6|3,8",False,False,15,5,8,4.417621168208925,0.33474424337505077,0.2561599740035626,2.19022044818667,,0,0,0,4,3,5,6,3,7,6,10,0,1,3,0,0,3,4,4,S001;S004;S008;S010;S013;S014;S015,S002;S005;S006;S007;S011,S003;S009;S012
3,"1,4,7|2,5,6,9|3,8",False,False,15,5,9,5.24097170890818,0.24487552104131707,0.23506018941327747,1.8704450669564001,,0,0,0,4,3,5,6,3,7,6,10,0,1,3,0,0,3,4,4,S001;S004;S008;S013;S015,S002;S005;S006;S007;S010;S011;S014,S003;S009;S012
3,"1,4,7|2,5,6|3,8,9",False,False,15,5,7,3.8964181980361556,0.08986919040619669,0.06335910449130916,1.2425233387782126,,0,0,0,4,3,5,6,3,7,6,10,0,1,3,0,0,3,4,4,S001;S004;S008;S013;S015,S002;S005;S006;S007;S011,S003;S009;S010;S012;S014
3,"1,4,8,9|2,5,6,7|3",False,False,12,4,6,2.9923312231621098,0.5020618159912213,0.4474121685852053,4.806066506843463,,0,0,0,4,2,4,6,2,8,6,8,0,0,2,0,0,4,4,2,S001;S004;S009;S010;S012;S013;S014,S002;S005;S006;S007;S008;S011;S015,S003
3,"1,4,8|2,5,6,7,9|3",False,False,11,4,8,4.336884734034134,0.5624680724720742,0.5471364670960346,5.703908246161443,,0,0,0,4,2,4,6,2,8,5,8,0,0,2,0,0,4,3,2,S001;S004;S009;S012;S013,S002;S005;S006;S007;S008;S010;S011;S014;S015,S003
3,"1,4,8|2,5,6,7|3,9",False,False,12,4,8,4.439661147044717,0.26339188927840795,0.17359915142058321,1.9725587865598753,,0,0,0,4,2,4,6,2,8,5,9,0,0,2,0,0,4,3,3,S001;S004;S009;S012;S013,S002;S005;S006;S007;S008;S011;S015,S003;S010;S014
3,"1,4,9|2,5,6,7,8|3",False,False,13,5,6,3.650372844844158,0.5645722632526156,0.503195655131087,5.723042521312393,,0,0,0,4,3,4,6,3,8,6,8,0,1,2,0,0,4,4,2,S001;S004;S010;S013;S014,S002;S005;S006;S007;S008;S009;S011;S012;S015,S003
3,"1,4|2,5,6,7,8,9|3",False,False,12,5,6,3.5475964318335755,0.7520594822682738,0.6843597465783334,6.9783076741741255,,0,0,0,4,3,4,6,3,8,5,8,0,1,2,0,0,4,3,2,S001;S004;S013,S002;S005;S006;S007;S008;S009;S010;S011;S012;S014;S015,S003
3,"1,4|2,5,6,7,8|3,9",False,False,13,5,7,4.576499798553996,0.4767858430953301,0.37889200136840584,2.5376362127754053,,0,0,0,4,3,4,6,3,8,5,9,0,1,2,0,0,4,3,3,S001;S004;S013,S002;S005;S006;S007;S008;S009;S011;S012;S015,S003;S010;S014
3,"1,4,9|2,5,6,7|3,8",False,False,14,5,8,4.439661147044717,0.26073319107812953,0.19446962177190516,1.9559638639141026,,0,0,0,4,3,4,6,3,8,6,9,0,1,2,0,0,4,4,3,S001;S004;S010;S013;S014,S002;S005;S006;S007;S008;S011;S015,S003;S009;S012
3,"1,4|2,5,6,7,9|3,8",False,False,13,5,9,5.2630116877439725,0.4728210463637695,0.4444185738933613,2.507874463873475,,0,0,0,4,3,4,6,3,8,5,9,0,1,2,0,0,4,3,3,S001;S004;S013,S002;S005;S006;S007;S008;S010;S011;S014;S015,S003;S009;S012
3,"1,4|2,5,6,7|3,8,9",False,False,13,5,7,3.918458176871948,0.2604580122638321,0.23938087822893309,1.9542432478860057,,0,0,0,4,3,4,6,3,8,5,9,0,1,2,0,0,4,3,3,S001;S004;S013,S002;S005;S006;S007;S008;S011;S015,S003;S009;S010;S012;S014
3,"1,4,8,9|2,5,6|3,7",False,False,11,4,6,2.9923312231621098,0.29448589276845555,0.24970155700935687,1.9618447280038096,,0,0,0,4,2,4,6,2,7,6,8,0,0,2,0,0,3,4,2,S001;S004;S009;S010;S012;S013;S014,S002;S005;S006;S007;S011,S003;S008;S015
3,"1,4,8|2,5,6,9|3,7",False,False,10,4,8,4.336884734034134,0.21723809565214308,0.2734553518546666,1.736547035091095,,0,0,0,4,2,4,6,2,7,5,8,0,0,2,0,0,3,3,2,S001;S004;S009;S012;S013,S002;S005;S006;S007;S010;S011;S014,S003;S008;S015
3,"1,4,8|2,5,6|3,7,9",False,False,11,4,8,4.439661147044717,0.08868470900889543,0.10489645586863543,1.2354751023926118,,0,0,0,4,2,4,6,2,7,5,9,0,0,2,0,0,3,3,3,S001;S004;S009;S012;S013,S002;S005;S006;S007;S011,S003;S008;S010;S014;S015
3,"1,4,9|2,5,6,8|3,7",False,False,13,6,6,3.650372844844158,0.21904597010775648,0.22211604210943034,1.7443576795704447,,0,0,0,5,3,4,6,3,7,6,8,1,1,2,0,0,3,4,2,S001;S004;S010;S013;S014,S002;S005;S006;S007;S009;S011;S012,S003;S008;S015
3,"1,4|2,5,6,8,9|3,7",False,False,12,6,6,3.5475964318335755,0.4370342608363554,0.4249002420047358,2.4286302675104277,,0,0,0,5,3,4,6,3,7,5,8,1,1,2,0,0,3,3,2,S001;S004;S013,S002;S005;S006;S007;S009;S010;S011;S012;S014,S003;S008;S015
3,"1,4|2,5,6,8|3,7,9",False,False,13,6,7,4.576499798553996,0.24575974665006536,0.238678200308293,1.8772051705002084,,0,0,0,5,3,4,6,3,7,5,9,1,1,2,0,0,3,3,3,S001;S004;S013,S002;S005;S006;S007;S009;S011;S012,S003;S008;S010;S014;S015
3,"1,4,9|2,5,6|3,7,8",False,False,13,5,8,4.439661147044717,0.08974546378497097,0.08018036801735814,1.2418555888389724,,0,0,0,4,3,4,6,3,7,6,9,0,1,2,0,0,3,4,3,S001;S004;S010;S013;S014,S002;S005;S006;S007;S011,S003;S008;S009;S012;S015
3,"1,4|2,5,6,9|3,7,8",False,False,12,5,9,5.2630116877439725,0.24453706654332164,0.2714564571517375,1.8687996798297486,,0,0,0,4,3,4,6,3,7,5,9,0,1,2,0,0,3,3,3,S001;S004;S013,S002;S005;S006;S007;S010;S011;S014,S003;S008;S009;S012;S015
3,"1,4|2,5,6|3,7,8,9",False,False,12,5,7,3.918458176871948,0.3342822816179968,0.30257592580135634,2.187414085279061,,0,0,0,4,3,4,6,3,7,5,9,0,1,2,0,0,3,3,3,S001;S004;S013,S002;S005;S006;S007;S011,S003;S008;S009;S010;S012;S014;S015
3,"1,4,7,8,9|2,5|3,6",False,False,12,5,5,2.4390013547011185,0.5877639380970959,0.5129458044817992,3.339013123325052,,0,0,0,4,3,4,6,3,7,6,8,0,1,2,0,0,3,4,2,S001;S004;S008;S009;S010;S012;S013;S014;S015,S002;S005;S011,S003;S006;S007
3,"1,4,7,8|2,5,9|3,6",False,False,12,5,7,3.783554865573143,0.34857841250447535,0.29249684590615493,2.352859948569839,,0,0,0,4,3,4,6,3,7,6,8,0,1,2,0,0,3,4,2,S001;S004;S008;S009;S012;S013;S015,S002;S005;S010;S011;S014,S003;S006;S007
3,"1,4,7,8|2,5|3,6,9",False,False,13,5,7,3.8863312785837256,0.3735478831323112,0.3120492519117644,2.66902319524539,,0,0,0,4,3,4,6,3,7,6,9,0,1,2,0,0,3,4,3,S001;S004;S008;S009;S012;S013;S015,S002;S005;S011,S003;S006;S007;S010;S014
3,"1,4,7,9|2,5,8|3,6",False,False,14,6,5,3.097042976383167,0.34566508467072415,0.32840623829715515,2.343856921723141,,0,0,0,5,4,4,6,4,7,6,8,1,2,2,0,0,3,4,2,S001;S004;S008;S010;S013;S014;S015,S002;S005;S009;S011;S012,S003;S006;S007
3,"1,4,7|2,5,8,9|3,6",False,False,14,6,5,2.9942665633725842,0.27941398042787396,0.2683295990939603,2.071796971022705,,0,0,0,5,4,4,6,4,7,6,8,1,2,2,0,0,3,4,2,S001;S004;S008;S013;S015,S002;S005;S009;S010;S011;S012;S014,S003;S006;S007
3,"1,4,7|2,5,8|3,6,9",False,False,15,6,6,4.023169930093005,0.06949535456662502,0.08293090483039779,1.1836788707021333,,0,0,0,5,4,4,6,4,7,6,9,1,2,2,0,0,3,4,3,S001;S004;S008;S013;S015,S002;S005;S009;S011;S012,S003;S006;S007;S010;S014
3,"1,4,7,9|2,5|3,6,8",False,False,13,5,7,3.8863312785837256,0.3712011774963305,0.32915681295412275,2.6588103955010363,,0,0,0,4,3,4,6,3,7,6,9,0,1,2,0,0,3,4,3,S001;S004;S008;S010;S013;S014;S015,S002;S005;S011,S003;S006;S007;S009;S012
3,"1,4,7|2,5,9|3,6,8",False,False,13,5,8,4.709681819282981,0.07144547845800771,0.007428427033259472,1.1909176420652658,,0,0,0,4,3,4,6,3,7,6,9,0,1,2,0,0,3,4,3,S001;S004;S008;S013;S015,S002;S005;S010;S011;S014,S003;S006;S007;S009;S012
3,"1,4,7|2,5|3,6,8,9",False,False,13,5,6,3.3651283084109567,0.33824436019138926,0.3145267649507091,2.484566674581554,,0,0,0,4,3,4,6,3,7,6,9,0,1,2,0,0,3,4,3,S001;S004;S008;S013;S015,S002;S005;S011,S003;S006;S007;S009;S010;S012;S014
3,"1,4,8,9|2,5,7|3,6",False,False,13,5,6,2.9923312231621098,0.3207699719412025,0.28074405200660657,2.261342300493501,,0,0,0,4,3,4,6,3,8,6,8,0,1,2,0,0,4,4,2,S001;S004;S009;S010;S012;S013;S014,S002;S005;S008;S011;S015,S003;S006;S007
3,"1,4,8|2,5,7,9|3,6",False,False,12,5,8,4.336884734034134,0.2942812774508724,0.335348856852395,2.1543115922523453,,0,0,0,4,3,4,6,3,8,5,8,0,1,2,0,0,4,3,2,S001;S004;S009;S012;S013,S002;S005;S008;S010;S011;S014;S015,S003;S006;S007
3,"1,4,8|2,5,7|3,6,9",False,False,13,5,8,4.439661147044717,0.028262435767214194,0.04754717344017898,1.0684476833542995,,0,0,0,4,3,4,6,3,8,5,9,0,1,2,0,0,4,3,3,S001;S004;S009;S012;S013,S002;S005;S008;S011;S015,S003;S006;S007;S010;S014
3,"1,4,9|2,5,7,8|3,6",False,False,14,5,6,3.650372844844158,0.29621686901002053,0.2854337578444575,2.163314619099043,,0,0,0,4,4,4,6,4,8,6,8,0,2,2,0,0,4,4,2,S001;S004;S010;S013;S014,S002;S005;S008;S009;S011;S012;S015,S003;S006;S007
3,"1,4|2,5,7,8,9|3,6",False,False,13,5,6,3.5475964318335755,0.5039840154275265,0.48122550953911036,2.7539398600231446,,0,0,0,4,4,4,6,4,8,5,8,0,2,2,0,0,4,3,2,S001;S004;S013,S002;S005;S008;S009;S010;S011;S012;S014;S015,S003;S006;S007
3,"1,4|2,5,7,8|3,6,9",False,False,14,5,7,4.576499798553996,0.27735086685123905,0.25209879560539866,2.019734158048978,,0,0,0,4,4,4,6,4,8,5,9,0,2,2,0,0,4,3,3,S001;S004;S013,S002;S005;S008;S009;S011;S012;S015,S003;S006;S007;S010;S014
3,"1,4,9|2,5,7|3,6,8",False,False,14,5,8,4.439661147044717,0.025175772547812024,0.021480327929394482,1.0626901176896446,,0,0,0,4,3,4,6,3,8,6,9,0,1,2,0,0,4,4,3,S001;S004;S010;S013;S014,S002;S005;S008;S011;S015,S003;S006;S007;S009;S012
3,"1,4|2,5,7,9|3,6,8",False,False,13,5,9,5.2630116877439725,0.27498289831012157,0.29911579369941776,2.011328667378518,,0,0,0,4,3,4,6,3,8,5,9,0,1,2,0,0,4,3,3,S001;S004;S013,S002;S005;S008;S010;S011;S014;S015,S003;S006;S007;S009;S012
3,"1,4|2,5,7|3,6,8,9",False,False,13,5,7,3.918458176871948,0.28475703478774883,0.26483466121547733,2.044885097730292,,0,0,0,4,3,4,6,3,8,5,9,0,1,2,0,0,4,3,3,S001;S004;S013,S002;S005;S008;S011;S015,S003;S006;S007;S009;S010;S012;S014
3,"1,4,8,9|2,5|3,6,7",False,False,11,5,5,2.461041333536911,0.35173628627006315,0.3038822525759729,2.5652079530170866,,0,0,0,4,3,4,6,3,7,6,7,0,1,2,0,0,3,4,1,S001;S004;S009;S010;S012;S013;S014,S002;S005;S011,S003;S006;S007;S008;S015
3,"1,4,8|2,5,9|3,6,7",False,False,10,5,7,3.8055948444089354,0.059939086804031635,0.03420584342018036,1.1426291601531247,,0,0,0,4,3,4,6,3,7,5,7,0,1,2,0,0,3,3,1,S001;S004;S009;S012;S013,S002;S005;S010;S011;S014,S003;S006;S007;S008;S015
3,"1,4,8|2,5|3,6,7,9",False,False,11,5,7,3.908371257419518,0.35419997426101535,0.34864765533883324,2.578169117065504,,0,0,0,4,3,4,6,3,7,5,8,0,1,2,0,0,3,3,2,S001;S004;S009;S012;S013,S002;S005;S011,S003;S006;S007;S008;S010;S014;S015
3,"1,4,9|2,5,8|3,6,7",False,False,13,6,5,3.119082955218959,0.0561506570667858,0.06350457269779795,1.135683901345091,,0,0,0,5,4,4,6,4,7,6,7,1,2,2,0,0,3,4,1,S001;S004;S010;S013;S014,S002;S005;S009;S011;S012,S003;S006;S007;S008;S015
3,"1,4|2,5,8,9|3,6,7",False,False,12,6,5,3.016306542208376,0.25607525124125763,0.2381518803192818,1.9342905899927207,,0,0,0,5,4,4,6,4,7,5,7,1,2,2,0,0,3,3,1,S001;S004;S013,S002;S005;S009;S010;S011;S012;S014,S003;S006;S007;S008;S015
3,"1,4|2,5,8|3,6,7,9",False,False,13,6,6,4.045209908928797,0.3101060825865528,0.3166763064145238,2.1219231751160894,,0,0,0,5,4,4,6,4,7,5,8,1,2,2,0,0,3,3,2,S001;S004;S013,S002;S005;S009;S011;S012,S003;S006;S007;S008;S010;S014;S015
3,"1,4,9|2,5|3,6,7,8",False,False,12,5,7,3.908371257419518,0.3561957847592233,0.3268675128243725,2.5883819168098565,,0,0,0,4,3,4,6,3,7,6,8,0,1,2,0,0,3,4,2,S001;S004;S010;S013;S014,S002;S005;S011,S003;S006;S007;S008;S009;S012;S015
3,"1,4|2,5,9|3,6,7,8",False,False,11,5,8,4.731721798118773,0.3130868818854957,0.2754100694897409,2.1303286657865494,,0,0,0,4,3,4,6,3,7,5,8,0,1,2,0,0,3,3,2,S001;S004;S013,S002;S005;S010;S011;S014,S003;S006;S007;S008;S009;S012;S015
3,"1,4|2,5|3,6,7,8,9",False,False,11,5,6,3.387168287246749,0.5578189694955551,0.5038924373111405,3.258371844889519,,0,0,0,4,3,4,6,3,7,5,8,0,1,2,0,0,3,3,2,S001;S004;S013,S002;S005;S011,S003;S006;S007;S008;S009;S010;S012;S014;S015
3,"1,4,6,7,8,9|2|3,5",False,False,9,4,4,1.7390047489879445,0.8319810592442999,0.6981502548542285,8.76128535971663,,0,0,0,4,2,4,6,2,5,6,8,0,0,2,0,0,1,4,2,S001;S004;S006;S007;S008;S009;S010;S012;S013;S014;S015,S002,S003;S005;S011
3,"1,4,6,7,8|2,9|3,5",False,False,9,4,6,3.083558259859969,0.5601691945099718,0.40261156305393636,3.0160663826798304,,0,0,0,4,2,4,6,2,5,6,8,0,0,2,0,0,1,4,2,S001;S004;S006;S007;S008;S009;S012;S013;S015,S002;S010;S014,S003;S005;S011
3,"1,4,6,7,8|2|3,5,9",False,False,10,4,6,3.1863346728705517,0.6316003212960484,0.4945540657801115,7.271309653347416,,0,0,0,4,2,4,6,2,5,6,9,0,0,2,0,0,1,4,3,S001;S004;S006;S007;S008;S009;S012;S013;S015,S002,S003;S005;S010;S011;S014
3,"1,4,6,7,9|2,8|3,5",False,False,11,6,5,2.6651317026977828,0.5562488233777984,0.45816118022124647,3.00664566506925,,0,0,0,5,3,4,6,3,5,6,8,1,1,2,0,0,1,4,2,S001;S004;S006;S007;S008;S010;S013;S014;S015,S002;S009;S012,S003;S005;S011
3,"1,4,6,7|2,8,9|3,5",False,False,11,6,5,2.5623552896872,0.3369824268522978,0.27123234509233285,2.3886186722398324,,0,0,0,5,3,4,6,3,5,6,8,1,1,2,0,0,1,4,2,S001;S004;S006;S007;S008;S013;S015,S002;S009;S010;S012;S014,S003;S005;S011
3,"1,4,6,7|2,8|3,5,9",False,False,12,6,6,3.591258656407621,0.3277390973165807,0.21870278953035782,2.291817591224197,,0,0,0,5,3,4,6,3,5,6,9,1,1,2,0,0,1,4,3,S001;S004;S006;S007;S008;S013;S015,S002;S009;S012,S003;S005;S010;S011;S014
3,"1,4,6,7,9|2|3,5,8",False,False,11,5,5,2.918249340842762,0.629158039876392,0.5202721122646526,7.248597635038851,,0,0,0,4,3,4,6,3,5,6,9,0,1,2,0,0,1,4,3,S001;S004;S006;S007;S008;S010;S013;S014;S015,S002,S003;S005;S009;S011;S012
3,"1,4,6,7|2,9|3,5,8",False,False,11,5,6,3.7415998815420175,0.32971284803368667,0.16418373219340396,2.3127221337699857,,0,0,0,4,3,4,6,3,5,6,9,0,1,2,0,0,1,4,3,S001;S004;S006;S007;S008;S013;S015,S002;S010;S014,S003;S005;S009;S011;S012
3,"1,4,6,7|2|3,5,8,9",False,False,11,5,4,2.397046370669993,0.5339603740189939,0.45071888330729515,5.758621928669637,,0,0,0,4,3,4,6,3,5,6,9,0,1,2,0,0,1,4,3,S001;S004;S006;S007;S008;S013;S015,S002,S003;S005;S009;S010;S011;S012;S014
3,"1,4,6,8,9|2,7|3,5",False,False,11,4,6,2.823624507074135,0.5208117837482061,0.4248334062798342,2.9203028207586623,,0,0,0,4,2,4,6,2,6,6,9,0,0,2,0,0,2,4,3,S001;S004;S006;S007;S009;S010;S012;S013;S014,S002;S008;S015,S003;S005;S011
3,"1,4,6,8|2,7,9|3,5",False,False,11,4,8,4.168178017946159,0.3170324750713966,0.2923645731103496,2.302275827929244,,0,0,0,4,2,4,6,2,6,6,9,0,0,2,0,0,2,4,3,S001;S004;S006;S007;S009;S012;S013,S002;S008;S010;S014;S015,S003;S005;S011
3,"1,4,6,8|2,7|3,5,9",False,False,12,4,8,4.270954430956742,0.2860161067529318,0.1952756266871154,2.039974780604705,,0,0,0,4,2,4,6,2,6,6,10,0,0,2,0,0,2,4,4,S001;S004;S006;S007;S009;S012;S013,S002;S008;S015,S003;S005;S010;S011;S014
3,"1,4,6,9|2,7,8|3,5",False,False,12,5,7,3.749751460783973,0.3151163902637144,0.2944513548075503,2.292855110318664,,0,0,0,4,3,4,6,3,6,6,9,0,1,2,0,0,2,4,3,S001;S004;S006;S007;S010;S013;S014,S002;S008;S009;S012;S015,S003;S005;S011
3,"1,4,6|2,7,8,9|3,5",False,False,12,5,7,3.6469750477733904,0.33333222846454114,0.35657984949629984,2.3740552376066035,,0,0,0,4,3,4,6,3,6,6,9,0,1,2,0,0,2,4,3,S001;S004;S006;S007;S013,S002;S008;S009;S010;S012;S014;S015,S003;S005;S011
3,"1,4,6|2,7,8|3,5,9",False,False,13,5,8,4.675878414493811,0.033649934987274976,0.07395581110452575,1.0852898329628278,,0,0,0,4,3,4,6,3,6,6,10,0,1,2,0,0,2,4,4,S001;S004;S006;S007;S013,S002;S008;S009;S012;S015,S003;S005;S010;S011;S014
3,"1,4,6,9|2,7|3,5,8",False,False,13,5,7,4.002869098928953,0.28338815724689065,0.21859083118260364,2.031627376654385,,0,0,0,4,3,4,6,3,6,6,10,0,1,2,0,0,2,4,4,S001;S004;S006;S007;S010;S013;S014,S002;S008;S015,S003;S005;S009;S011;S012
3,"1,4,6|2,7,9|3,5,8",False,False,13,5,8,4.826219639628208,0.029106757074498626,0.12193406059660021,1.0732188296817173,,0,0,0,4,3,4,6,3,6,6,10,0,1,2,0,0,2,4,4,S001;S004;S006;S007;S013,S002;S008;S010;S014;S015,S003;S005;S009;S011;S012
3,"1,4,6|2,7|3,5,8,9",False,False,13,5,6,3.481666128756183,0.2709548040915692,0.2175380752367653,1.989645076226818,,0,0,0,4,3,4,6,3,6,6,10,0,1,2,0,0,2,4,4,S001;S004;S006;S007;S013,S002;S008;S015,S003;S005;S009;S010;S011;S012;S014
3,"1,4,6,8,9|2|3,5,7",False,False,12,4,5,2.292334617448936,0.6079187434106234,0.5177286669945856,7.0404372440944,,0,0,0,4,2,5,6,2,6,6,9,0,0,3,0,0,2,4,3,S001;S004;S006;S007;S009;S010;S012;S013;S014,S002,S003;S005;S008;S011;S015
3,"1,4,6,8|2,9|3,5,7",False,False,12,4,7,3.6368881283209604,0.30821430602382294,0.18058560309199187,2.2291227675544882,,0,0,0,4,2,5,6,2,6,6,9,0,0,3,0,0,2,4,3,S001;S004;S006;S007;S009;S012;S013,S002;S010;S014,S003;S005;S008;S011;S015
3,"1,4,6,8|2|3,5,7,9",False,False,12,4,7,3.739664541331543,0.5328783295764425,0.47062027481203406,5.62168244735324,,0,0,0,4,2,5,6,2,6,6,9,0,0,3,0,0,2,4,3,S001;S004;S006;S007;S009;S012;S013,S002,S003;S005;S008;S010;S011;S014;S015
3,"1,4,6,9|2,8|3,5,7",False,False,14,6,6,3.218461571158774,0.30364789894684413,0.25176696599521514,2.19993494023436,,0,0,0,5,3,5,6,3,6,6,9,1,1,3,0,0,2,4,3,S001;S004;S006;S007;S010;S013;S014,S002;S009;S012,S003;S005;S008;S011;S015
3,"1,4,6|2,8,9|3,5,7",False,False,14,6,6,3.1156851581481915,0.013426293011260406,0.053443238054323994,1.0322393606557316,,0,0,0,5,3,5,6,3,6,6,9,1,1,3,0,0,2,4,3,S001;S004;S006;S007;S013,S002;S009;S010;S012;S014,S003;S005;S008;S011;S015
3,"1,4,6|2,8|3,5,7,9",False,False,14,6,7,4.144588524868612,0.31284155983142525,0.2967100529124619,2.2373183870566926,,0,0,0,5,3,5,6,3,6,6,9,1,1,3,0,0,2,4,3,S001;S004;S006;S007;S013,S002;S009;S012,S003;S005;S008;S010;S011;S014;S015
3,"1,4,6,9|2|3,5,7,8",False,False,13,5,6,3.471579209303753,0.5329593882686704,0.46174221087207207,5.644394465661805,,0,0,0,4,3,5,6,3,6,6,9,0,1,3,0,0,2,4,3,S001;S004;S006;S007;S010;S013;S014,S002,S003;S005;S008;S009;S011;S012;S015
3,"1,4,6|2,9|3,5,7,8",False,False,13,5,7,4.294929750003009,0.3174117969959667,0.21502908697391063,2.2668472030565474,,0,0,0,4,3,5,6,3,6,6,9,0,1,3,0,0,2,4,3,S001;S004;S006;S007;S013,S002;S010;S014,S003;S005;S008;S009;S011;S012;S015
3,"1,4,6|2|3,5,7,8,9",False,False,13,5,5,2.9503762391309842,0.6172415929337067,0.5407963622580408,7.134370172031019,,0,0,0,4,3,5,6,3,6,6,9,0,1,3,0,0,2,4,3,S001;S004;S006;S007;S013,S002,S003;S005;S008;S009;S010;S011;S012;S014;S015
3,"1,4,7,8,9|2,6|3,5",False,False,13,5,6,2.9702912443263174,0.5870430202221797,0.48461798245005583,3.179118495323117,,0,0,0,4,3,5,6,3,6,6,9,0,1,3,0,0,2,4,3,S001;S004;S008;S009;S010;S012;S013;S014;S015,S002;S006;S007,S003;S005;S011
3,"1,4,7,8|2,6,9|3,5",False,False,13,5,8,4.314844755198342,0.35694382101171285,0.30492742956297547,2.462019666291674,,0,0,0,4,3,5,6,3,6,6,9,0,1,3,0,0,2,4,3,S001;S004;S008;S009;S012;S013;S015,S002;S006;S007;S010;S014,S003;S005;S011
3,"1,4,7,8|2,6|3,5,9",False,False,14,5,8,4.417621168208925,0.3632384349524051,0.2626012859438492,2.5412122357882074,,0,0,0,4,3,5,6,3,6,6,10,0,1,3,0,0,2,4,4,S001;S004;S008;S009;S012;S013;S015,S002;S006;S007,S003;S005;S010;S011;S014
3,"1,4,7,9|2,6,8|3,5",False,False,14,6,7,3.8964181980361556,0.3542445591694697,0.3227573186671205,2.4525989486810933,,0,0,0,5,3,5,6,3,6,6,9,1,1,3,0,0,2,4,3,S001;S004;S008;S010;S013;S014;S015,S002;S006;S007;S009;S012,S003;S005;S011
3,"1,4,7|2,6,8,9|3,5",False,False,14,6,7,3.793641785025573,0.3013734401526304,0.3199399504760077,2.214311399244174,,0,0,0,5,3,5,6,3,6,6,9,1,1,3,0,0,2,4,3,S001;S004;S008;S013;S015,S002;S006;S007;S009;S010;S012;S014,S003;S005;S011
3,"1,4,7|2,6,8|3,5,9",False,False,15,6,8,4.822545151745993,0.06391823070896155,0.01941688238681174,1.1492763748611137,,0,0,0,5,3,5,6,3,6,6,10,1,1,3,0,0,2,4,4,S001;S004;S008;S013;S015,S002;S006;S007;S009;S012,S003;S005;S010;S011;S014
3,"1,4,7,9|2,6|3,5,8",False,False,15,5,7,4.149535836181135,0.36068210180469545,0.28821017190274045,2.531488494264253,,0,0,0,4,4,5,6,4,6,6,10,0,2,3,0,0,2,4,4,S001;S004;S008;S010;S013;S014;S015,S002;S006;S007,S003;S005;S009;S011;S012
3,"1,4,7|2,6,9|3,5,8",False,False,15,5,8,4.972886376880391,0.06445651099628259,0.06587158448218576,1.1560992722910983,,0,0,0,4,4,5,6,4,6,6,10,0,2,3,0,0,2,4,4,S001;S004;S008;S013;S015,S002;S006;S007;S010;S014,S003;S005;S009;S011;S012
3,"1,4,7|2,6|3,5,8,9",False,False,15,5,6,3.628332866008366,0.31616702952512754,0.2456963892125769,2.317701953898658,,0,0,0,4,4,5,6,4,6,6,10,0,2,3,0,0,2,4,4,S001;S004;S008;S013;S015,S002;S006;S007,S003;S005;S009;S010;S011;S012;S014
3,"1,4,8,9|2,6,7|3,5",False,False,12,5,6,2.9923312231621098,0.3314228491790573,0.293041103160255,2.366256104370506,,0,0,0,4,3,4,6,3,7,6,8,0,1,2,0,0,3,4,2,S001;S004;S009;S010;S012;S013;S014,S002;S006;S007;S008;S015,S003;S005;S011
3,"1,4,8|2,6,7,9|3,5",False,False,11,5,8,4.336884734034134,0.31669878646286515,0.3550746064712943,2.300654243554762,,0,0,0,4,3,4,6,3,7,5,8,0,1,2,0,0,3,3,2,S001;S004;S009;S012;S013,S002;S006;S007;S008;S010;S014;S015,S003;S005;S011
3,"1,4,8|2,6,7|3,5,9",False,False,12,5,8,4.439661147044717,0.031584399696216,0.03291434975455791,1.0804696826991664,,0,0,0,4,3,4,6,3,7,5,9,0,1,2,0,0,3,3,3,S001;S004;S009;S012;S013,S002;S006;S007;S008;S015,S003;S005;S010;S011;S014
3,"1,4,9|2,6,7,8|3,5",False,False,12,5,7,3.918458176871948,0.3186596300466772,0.31656541880556477,2.3100749611653417,,0,0,0,4,3,4,6,3,7,6,8,0,1,2,0,0,3,4,2,S001;S004;S010;S013;S014,S002;S006;S007;S008;S009;S012;S015,S003;S005;S011
3,"1,4|2,6,7,8,9|3,5",False,False,11,5,7,3.8156817638613654,0.5239736015983711,0.5114974861312223,2.92810195399476,,0,0,0,4,3,4,6,3,7,5,8,0,1,2,0,0,3,3,2,S001;S004;S013,S002;S006;S007;S008;S009;S010;S012;S014;S015,S003;S005;S011
3,"1,4|2,6,7,8|3,5,9",False,False,12,5,8,4.844585130581786,0.28978286465626185,0.27059028029575616,2.0611289221036806,,0,0,0,4,3,4,6,3,7,5,9,0,1,2,0,0,3,3,3,S001;S004;S013,S002;S006;S007;S008;S009;S012;S015,S003;S005;S010;S011;S014
3,"1,4,9|2,6,7|3,5,8",False,False,14,5,7,4.1715758150169275,0.027013946501800914,0.028620388414190394,1.0684265815584342,,0,0,0,4,4,4,6,4,7,6,9,0,2,2,0,0,3,4,3,S001;S004;S010;S013;S014,S002;S006;S007;S008;S015,S003;S005;S009;S011;S012
3,"1,4|2,6,7,9|3,5,8",False,False,13,5,8,4.994926355716183,0.2871592749248882,0.3159643266500364,2.052723431433221,,0,0,0,4,4,4,6,4,7,5,9,0,2,2,0,0,3,3,3,S001;S004;S013,S002;S006;S007;S008;S010;S014;S015,S003;S005;S009;S011;S012
3,"1,4|2,6,7|3,5,8,9",False,False,13,5,6,3.650372844844158,0.27282518507865866,0.24276277180824232,2.003490333675589,,0,0,0,4,4,4,6,4,7,5,9,0,2,2,0,0,3,3,3,S001;S004;S013,S002;S006;S007;S008;S015,S003;S005;S009;S010;S011;S012;S014
3,"1,4,8,9|2,6|3,5,7",False,False,14,5,6,2.9923312231621098,0.3392297250368766,0.25712549853410005,2.4423683725044993,,0,0,0,4,3,5,6,3,7,6,9,0,1,3,0,0,3,4,3,S001;S004;S009;S010;S012;S013;S014,S002;S006;S007,S003;S005;S008;S011;S015
3,"1,4,8|2,6,9|3,5,7",False,False,13,5,8,4.336884734034134,0.041231134189713664,0.083515302644078,1.1016882696827686,,0,0,0,4,3,5,6,3,7,5,9,0,1,3,0,0,3,3,3,S001;S004;S009;S012;S013,S002;S006;S007;S010;S014,S003;S005;S008;S011;S015
3,"1,4,8|2,6|3,5,7,9",False,False,13,5,8,4.439661147044717,0.3317636086220325,0.2944059773212278,2.406822075658412,,0,0,0,4,3,5,6,3,7,5,9,0,1,3,0,0,3,3,3,S001;S004;S009;S012;S013,S002;S006;S007,S003;S005;S008;S010;S011;S014;S015
3,"1,4,9|2,6,8|3,5,7",False,False,15,6,7,3.918458176871948,0.03691996526477431,0.04601987251846722,1.0892848335440797,,0,0,0,5,3,5,6,3,7,6,9,1,1,3,0,0,3,4,3,S001;S004;S010;S013;S014,S002;S006;S007;S009;S012,S003;S005;S008;S011;S015
3,"1,4|2,6,8,9|3,5,7",False,False,14,6,7,3.8156817638613654,0.26558170658861924,0.2872924019664544,1.975685354047424,,0,0,0,5,3,5,6,3,7,5,9,1,1,3,0,0,3,3,3,S001;S004;S013,S002;S006;S007;S009;S010;S012;S014,S003;S005;S008;S011;S015
3,"1,4|2,6,8|3,5,7,9",False,False,14,6,8,4.844585130581786,0.29601866321765663,0.2866647263848884,2.0805284110613864,,0,0,0,5,3,5,6,3,7,5,9,1,1,3,0,0,3,3,3,S001;S004;S013,S002;S006;S007;S009;S012,S003;S005;S008;S010;S011;S014;S015
3,"1,4,9|2,6|3,5,7,8",False,False,15,5,7,4.1715758150169275,0.33373946735919136,0.25942175070980095,2.416545817182366,,0,0,0,4,4,5,6,4,7,6,9,0,2,3,0,0,3,4,3,S001;S004;S010;S013;S014,S002;S006;S007,S003;S005;S008;S009;S011;S012;S015
3,"1,4|2,6,9|3,5,7,8",False,False,14,5,8,4.994926355716183,0.29879576909968125,0.2555578698742733,2.088933901731846,,0,0,0,4,4,5,6,4,7,5,9,0,2,3,0,0,3,3,3,S001;S004;S013,S002;S006;S007;S010;S014,S003;S005;S008;S009;S011;S012;S015
3,"1,4|2,6|3,5,7,8,9",False,False,14,5,6,3.650372844844158,0.5375124898008521,0.4441377654354243,3.054452076717275,,0,0,0,4,4,5,6,4,7,5,9,0,2,3,0,0,3,3,3,S001;S004;S013,S002;S006;S007,S003;S005;S008;S009;S010;S011;S012;S014;S015
3,"1,4,7,8,9|2|3,5,6",False,False,10,4,5,2.4390013547011185,0.6487958500927994,0.559907962239504,7.425557054658864,,0,0,0,4,2,4,6,2,6,6,8,0,0,2,0,0,2,4,2,S001;S004;S008;S009;S010;S012;S013;S014;S015,S002,S003;S005;S006;S007;S011
3,"1,4,7,8|2,9|3,5,6",False,False,10,4,7,3.783554865573143,0.35089780385378816,0.23660032940027964,2.383790867158573,,0,0,0,4,2,4,6,2,6,6,8,0,0,2,0,0,2,4,2,S001;S004;S008;S009;S012;S013;S015,S002;S010;S014,S003;S005;S006;S007;S011
3,"1,4,7,8|2|3,5,6,9",False,False,11,4,7,3.8863312785837256,0.53745221019903,0.46649338861033907,5.93558134828965,,0,0,0,4,2,4,6,2,6,6,9,0,0,2,0,0,2,4,3,S001;S004;S008;S009;S012;S013;S015,S002,S003;S005;S006;S007;S010;S011;S014
3,"1,4,7,9|2,8|3,5,6",False,False,12,6,6,3.3651283084109567,0.3463827946598875,0.30221739617265053,2.3532050051063687,,0,0,0,5,3,4,6,3,6,6,8,1,1,2,0,0,2,4,2,S001;S004;S008;S010;S013;S014;S015,S002;S009;S012,S003;S005;S006;S007;S011
3,"1,4,7|2,8,9|3,5,6",False,False,12,6,6,3.262351895400374,0.06871399456852342,0.0840473356326783,1.1805127455341256,,0,0,0,5,3,4,6,3,6,6,8,1,1,2,0,0,2,4,2,S001;S004;S008;S013;S015,S002;S009;S010;S012;S014,S003;S005;S006;S007;S011
3,"1,4,7|2,8|3,5,6,9",False,False,13,6,7,4.291255262120795,0.28137793635478237,0.25790175636685025,2.084048322184684,,0,0,0,5,3,4,6,3,6,6,9,1,1,2,0,0,2,4,3,S001;S004;S008;S013;S015,S002;S009;S012,S003;S005;S006;S007;S010;S011;S014
3,"1,4,7,9|2|3,5,6,8",False,False,12,5,6,3.618245946555936,0.5368732074141439,0.4673396594974389,5.912869329981083,,0,0,0,4,3,4,6,3,6,6,9,0,1,2,0,0,2,4,3,S001;S004;S008;S010;S013;S014;S015,S002,S003;S005;S006;S007;S009;S011;S012
3,"1,4,7|2,9|3,5,6,8",False,False,12,5,7,4.441596487255191,0.2858316532010087,0.17365153573147094,2.1121791034524637,,0,0,0,4,3,4,6,3,6,6,9,0,1,2,0,0,2,4,3,S001;S004;S008;S013;S015,S002;S010;S014,S003;S005;S006;S007;S009;S011;S012
3,"1,4,7|2|3,5,6,8,9",False,False,12,5,5,3.097042976383167,0.5819785416583078,0.5054691973934478,6.749250361466556,,0,0,0,4,3,4,6,3,6,6,9,0,1,2,0,0,2,4,3,S001;S004;S008;S013;S015,S002,S003;S005;S006;S007;S009;S010;S011;S012;S014
3,"1,4,8,9|2,7|3,5,6",False,False,10,4,6,2.9923312231621098,0.3050787920450905,0.23631970662988033,2.0966657073880883,,0,0,0,4,2,3,6,2,7,6,8,0,0,1,0,0,3,4,2,S001;S004;S009;S010;S012;S013;S014,S002;S008;S015,S003;S005;S006;S007;S011
3,"1,4,8|2,7,9|3,5,6",False,False,9,4,8,4.336884734034134,0.054165631443646965,0.14413040688083034,1.1249527399049115,,1,0,0,4,2,3,6,2,7,5,8,0,0,1,0,0,3,3,2,S001;S004;S009;S012;S013,S002;S008;S010;S014;S015,S003;S005;S006;S007;S011
3,"1,4,8|2,7|3,5,6,9",False,False,10,4,8,4.439661147044717,0.2546089331052384,0.23285284088906835,1.924606745493115,,0,0,0,4,2,3,6,2,7,5,9,0,0,1,0,0,3,3,3,S001;S004;S009;S012;S013,S002;S008;S015,S003;S005;S006;S007;S010;S011;S014
3,"1,4,9|2,7,8|3,5,6",False,False,11,5,7,3.918458176871948,0.05432503518981637,0.10328918712972086,1.1299713362919133,,0,0,0,4,3,3,6,3,7,6,8,0,1,1,0,0,3,4,2,S001;S004;S010;S013;S014,S002;S008;S009;S012;S015,S003;S005;S006;S007;S011
3,"1,4|2,7,8,9|3,5,6",False,False,10,5,7,3.8156817638613654,0.3088031973341082,0.33064605522474755,2.118214341596193,,0,0,0,4,3,3,6,3,7,5,8,0,1,1,0,0,3,3,2,S001;S004;S013,S002;S008;S009;S010;S012;S014;S015,S003;S005;S006;S007;S011
3,"1,4|2,7,8|3,5,6,9",False,False,11,5,8,4.844585130581786,0.25686091253900223,0.2597194517282225,1.937999423512617,,0,0,0,4,3,3,6,3,7,5,9,0,1,1,0,0,3,3,3,S001;S004;S013,S002;S008;S009;S012;S015,S003;S005;S006;S007;S010;S011;S014
3,"1,4,9|2,7|3,5,6,8",False,False,12,5,7,4.1715758150169275,0.256488659543005,0.19705866976976866,1.9329541494434348,,0,0,0,4,3,3,6,3,7,6,9,0,1,1,0,0,3,4,3,S001;S004;S010;S013;S014,S002;S008;S015,S003;S005;S006;S007;S009;S011;S012
3,"1,4|2,7,9|3,5,6,8",False,False,11,5,8,4.994926355716183,0.25869085455203655,0.24609875769012055,1.9464049141830768,,0,0,0,4,3,3,6,3,7,5,9,0,1,1,0,0,3,3,3,S001;S004;S013,S002;S008;S010;S014;S015,S003;S005;S006;S007;S009;S011;S012
3,"1,4|2,7|3,5,6,8,9",False,False,11,5,6,3.650372844844158,0.46913370258046877,0.38976300496079797,2.4978300111932965,,0,0,0,4,3,3,6,3,7,5,9,0,1,1,0,0,3,3,3,S001;S004;S013,S002;S008;S015,S003;S005;S006;S007;S009;S010;S011;S012;S014
3,"1,4,8,9|2|3,5,6,7",False,False,11,4,5,2.461041333536911,0.5333647316452289,0.4524680318958439,5.704708939036633,,0,0,0,4,2,4,6,2,7,6,8,0,0,2,0,0,3,4,2,S001;S004;S009;S010;S012;S013;S014,S002,S003;S005;S006;S007;S008;S011;S015
3,"1,4,8|2,9|3,5,6,7",False,False,10,4,7,3.8055948444089354,0.3008404343266915,0.1636891467907373,2.1957784696679608,,0,0,0,4,2,4,6,2,7,5,8,0,0,2,0,0,3,3,2,S001;S004;S009;S012;S013,S002;S010;S014,S003;S005;S006;S007;S008;S011;S015
3,"1,4,8|2|3,5,6,7,9",False,False,10,4,7,3.908371257419518,0.6000536582134929,0.5446748097892778,6.957410752411007,,0,0,0,4,2,4,6,2,7,5,8,0,0,2,0,0,3,3,2,S001;S004;S009;S012;S013,S002,S003;S005;S006;S007;S008;S010;S011;S014;S015
3,"1,4,9|2,8|3,5,6,7",False,False,13,6,6,3.387168287246749,0.2982272617966144,0.21816201767943963,2.1759309731745207,,0,0,0,5,3,4,6,3,7,6,8,1,1,2,0,0,3,4,2,S001;S004;S010;S013;S014,S002;S009;S012,S003;S005;S006;S007;S008;S011;S015
3,"1,4|2,8,9|3,5,6,7",False,False,12,6,6,3.284391874236166,0.278413161691375,0.22341529062641796,2.023442991568874,,0,0,0,5,3,4,6,3,7,5,8,1,1,2,0,0,3,3,2,S001;S004;S013,S002;S009;S010;S012;S014,S003;S005;S006;S007;S008;S011;S015
3,"1,4|2,8|3,5,6,7,9",False,False,12,6,7,4.313295240956586,0.5057663837502574,0.4590753812407814,2.7689118246093263,,0,0,0,5,3,4,6,3,7,5,8,1,1,2,0,0,3,3,2,S001;S004;S013,S002;S009;S012,S003;S005;S006;S007;S008;S010;S011;S014;S015
3,"1,4,9|2|3,5,6,7,8",False,False,12,5,6,3.640285925391728,0.6021693096284689,0.5138168458984552,6.980122770719571,,0,0,0,4,3,4,6,3,7,6,8,0,1,2,0,0,3,4,2,S001;S004;S010;S013;S014,S002,S003;S005;S006;S007;S008;S009;S011;S012;S015
3,"1,4|2,9|3,5,6,7,8",False,False,11,5,7,4.463636466090984,0.5098123055615764,0.3897987480015343,2.8032895071485315,,0,0,0,4,3,4,6,3,7,5,8,0,1,2,0,0,3,3,2,S001;S004;S013,S002;S010;S014,S003;S005;S006;S007;S008;S009;S011;S012;S015
3,"1,4|2|3,5,6,7,8,9",False,False,11,5,5,3.119082955218959,0.7878716216441806,0.6812200502779587,8.470098477088786,,0,0,0,4,3,4,6,3,7,5,8,0,1,2,0,0,3,3,2,S001;S004;S013,S002,S003;S005;S006;S007;S008;S009;S010;S011;S012;S014;S015
3,"1,5,6,7,8,9|2,4|3",False,False,11,5,5,3.097042976383167,0.8568565725206232,0.6722226719147595,7.53976267499863,,0,0,0,4,3,4,6,3,6,6,8,0,1,2,0,0,2,4,2,S001;S005;S006;S007;S008;S009;S010;S011;S012;S013;S014;S015,S002;S004,S003
3,"1,5,6,7,8|2,4,9|3",False,False,11,5,6,3.515469533545353,0.6379088464815232,0.5052694688004961,6.284497522136898,,0,0,0,4,3,4,6,3,6,6,8,0,1,2,0,0,2,4,2,S001;S005;S006;S007;S008;S009;S011;S012;S013;S015,S002;S004;S010;S014,S003
3,"1,5,6,7,8|2,4|3,9",False,False,12,5,7,4.544372900265774,0.596424788778779,0.3803295042511036,3.6645434502920353,,0,0,0,4,3,4,6,3,6,6,9,0,1,2,0,0,2,4,3,S001;S005;S006;S007;S008;S009;S011;S012;S013;S015,S002;S004,S003;S010;S014
3,"1,5,6,7,9|2,4,8|3",False,False,11,5,6,3.3651283084109567,0.635082884640553,0.548732669750012,6.265363246985948,,0,0,0,5,2,4,6,2,6,6,8,1,0,2,0,0,2,4,2,S001;S005;S006;S007;S008;S010;S011;S013;S014;S015,S002;S004;S009;S012,S003
3,"1,5,6,7|2,4,8,9|3",False,False,11,5,5,2.336224941690536,0.5085293893890099,0.44115376526486316,5.010098094124216,,0,0,0,5,2,4,6,2,6,6,8,1,0,2,0,0,2,4,2,S001;S005;S006;S007;S008;S011;S013;S015,S002;S004;S009;S010;S012;S014,S003
3,"1,5,6,7|2,4,8|3,9",False,False,12,5,6,3.3651283084109567,0.34076867908023034,0.15858846311216276,2.2215117755740796,,0,0,0,5,2,4,6,2,6,6,9,1,0,2,0,0,2,4,3,S001;S005;S006;S007;S008;S011;S013;S015,S002;S004;S009;S012,S003;S010;S014
3,"1,5,6,7,9|2,4|3,8",False,False,12,5,8,4.812458232293563,0.5927432591705034,0.4285961744655932,3.6533860932505995,,0,0,0,4,3,4,6,3,6,6,9,0,1,2,0,0,2,4,3,S001;S005;S006;S007;S008;S010;S011;S013;S014;S015,S002;S004,S003;S009;S012
3,"1,5,6,7|2,4,9|3,8",False,False,12,5,7,3.783554865573143,0.3396214971411057,0.17370621936935243,2.2028224384939827,,0,0,0,4,3,4,6,3,6,6,9,0,1,2,0,0,2,4,3,S001;S005;S006;S007;S008;S011;S013;S015,S002;S004;S010;S014,S003;S009;S012
3,"1,5,6,7|2,4|3,8,9",False,False,12,5,6,3.3651283084109567,0.39422236498134866,0.22334996689658992,2.921430407359076,,0,0,0,4,3,4,6,3,6,6,9,0,1,2,0,0,2,4,3,S001;S005;S006;S007;S008;S011;S013;S015,S002;S004,S003;S009;S010;S012;S014
3,"1,5,6,8,9|2,4,7|3",False,False,10,5,7,4.1816627344693575,0.6101682621688858,0.5018754825601921,6.089993619251967,,0,0,0,4,3,3,6,3,5,6,9,0,1,1,0,0,1,4,3,S001;S005;S006;S007;S009;S010;S011;S012;S013;S014,S002;S004;S008;S015,S003
3,"1,5,6,8|2,4,7,9|3",False,False,10,5,8,4.600089291631544,0.5026902140762438,0.46746609999349675,4.834728466390234,,0,0,0,4,3,3,6,3,5,6,9,0,1,1,0,0,1,4,3,S001;S005;S006;S007;S009;S011;S012;S013,S002;S004;S008;S010;S014;S015,S003
3,"1,5,6,8|2,4,7|3,9",False,False,11,5,9,5.628992658351965,0.31250354760759336,0.17897273464094865,2.143751682703646,,0,0,0,4,3,3,6,3,5,6,10,0,1,1,0,0,1,4,4,S001;S005;S006;S007;S009;S011;S012;S013,S002;S004;S008;S015,S003;S010;S014
3,"1,5,6,9|2,4,7,8|3",False,False,9,4,8,4.449748066497147,0.5022604378245431,0.46333465433341287,4.815594191239285,,0,0,0,4,2,3,6,2,5,6,9,0,0,1,0,0,1,4,3,S001;S005;S006;S007;S010;S011;S013;S014,S002;S004;S008;S009;S012;S015,S003
3,"1,5,6|2,4,7,8,9|3",False,False,8,4,7,3.420844699776726,0.5614312509425525,0.5516484359740362,5.6943805617656205,,0,0,0,4,2,3,6,2,5,6,8,0,0,1,0,0,1,4,2,S001;S005;S006;S007;S011;S013,S002;S004;S008;S009;S010;S012;S014;S015,S003
3,"1,5,6|2,4,7,8|3,9",False,False,9,4,8,4.449748066497147,0.2624735910401899,0.21272968575397871,1.9683341461074069,,0,0,0,4,2,3,6,2,5,6,9,0,0,1,0,0,1,4,3,S001;S005;S006;S007;S011;S013,S002;S004;S008;S009;S012;S015,S003;S010;S014
3,"1,5,6,9|2,4,7|3,8",False,False,11,5,10,5.8970779903797546,0.30799881648383415,0.23352422506998854,2.1173036415362803,,0,0,0,4,3,3,6,3,5,6,10,0,1,1,0,0,1,4,4,S001;S005;S006;S007;S010;S011;S013;S014,S002;S004;S008;S015,S003;S009;S012
3,"1,5,6|2,4,7,9|3,8",False,False,10,5,9,4.868174623659334,0.25793234307849444,0.27521784612265043,1.9433618736067904,,0,0,0,4,3,3,6,3,5,6,9,0,1,1,0,0,1,4,3,S001;S005;S006;S007;S011;S013,S002;S004;S008;S010;S014;S015,S003;S009;S012
3,"1,5,6|2,4,7|3,8,9",False,False,10,5,8,4.449748066497147,0.052571751216520475,0.07418409600441299,1.1250074445463945,,0,0,0,4,3,3,6,3,5,6,9,0,1,1,0,0,1,4,3,S001;S005;S006;S007;S011;S013,S002;S004;S008;S015,S003;S009;S010;S012;S014
3,"1,5,6,8,9|2,4|3,7",False,False,9,5,6,3.650372844844158,0.5596122555111425,0.430627199649386,3.5511265858788477,,0,0,0,4,3,3,6,3,5,6,8,0,1,1,0,0,1,4,2,S001;S005;S006;S007;S009;S010;S011;S012;S013;S014,S002;S004,S003;S008;S015
3,"1,5,6,8|2,4,9|3,7",False,False,9,5,7,4.068799402006345,0.2995399862739158,0.24334108986447367,1.9735445898661093,,0,0,0,4,3,3,6,3,5,6,8,0,1,1,0,0,1,4,2,S001;S005;S006;S007;S009;S011;S012;S013,S002;S004;S010;S014,S003;S008;S015
3,"1,5,6,8|2,4|3,7,9",False,False,10,5,8,5.097702768726766,0.3772967690539019,0.25425494111766156,2.8191708999873244,,0,0,0,4,3,3,6,3,5,6,9,0,1,1,0,0,1,4,3,S001;S005;S006;S007;S009;S011;S012;S013,S002;S004,S003;S008;S010;S014;S015
3,"1,5,6,9|2,4,8|3,7",False,False,9,5,7,3.918458176871948,0.29615796188319476,0.2893992531820363,1.9657339453867595,,0,0,0,5,2,3,6,2,5,6,8,1,0,1,0,0,1,4,2,S001;S005;S006;S007;S010;S011;S013;S014,S002;S004;S009;S012,S003;S008;S015
3,"1,5,6|2,4,8,9|3,7",False,False,8,5,6,2.889554810151527,0.21636826062736958,0.2441746160985763,1.732657817708145,,1,0,0,5,2,3,6,2,5,6,7,1,0,1,0,0,1,4,1,S001;S005;S006;S007;S011;S013,S002;S004;S009;S010;S012;S014,S003;S008;S015
3,"1,5,6|2,4,8|3,7,9",False,False,9,5,7,3.918458176871948,0.09038912151222095,0.11893596833615816,1.2394128250462817,,0,0,0,5,2,3,6,2,5,6,8,1,0,1,0,0,1,4,2,S001;S005;S006;S007;S011;S013,S002;S004;S009;S012,S003;S008;S010;S014;S015
3,"1,5,6,9|2,4|3,7,8",False,False,10,5,9,5.365788100754555,0.3756865937087406,0.27656467394502104,2.808013542945889,,0,0,0,4,3,3,6,3,5,6,9,0,1,1,0,0,1,4,3,S001;S005;S006;S007;S010;S011;S013;S014,S002;S004,S003;S008;S009;S012;S015
3,"1,5,6|2,4,9|3,7,8",False,False,9,5,8,4.336884734034134,0.09472287491352774,0.07851028866629584,1.2538392498421043,,0,0,0,4,3,3,6,3,5,6,8,0,1,1,0,0,1,4,2,S001;S005;S006;S007;S011;S013,S002;S004;S010;S014,S003;S008;S009;S012;S015
3,"1,5,6|2,4|3,7,8,9",False,False,9,5,7,3.918458176871948,0.39099200896452796,0.3033199597330172,2.903549703849518,,0,0,0,4,3,3,6,3,5,6,8,0,1,1,0,0,1,4,2,S001;S005;S006;S007;S011;S013,S002;S004,S003;S008;S009;S010;S012;S014;S015
3,"1,5,7,8,9|2,4,6|3",False,False,14,5,5,2.928336260295192,0.6576205490932092,0.5306874350119568,6.4144468810144035,,0,0,0,4,3,5,6,3,7,6,9,0,1,3,0,0,3,4,3,S001;S005;S008;S009;S010;S011;S012;S013;S014;S015,S002;S004;S006;S007,S003
3,"1,5,7,8|2,4,6,9|3",False,False,14,5,6,3.3467628174573782,0.5161217272770362,0.45105377888333786,5.159181728152671,,0,0,0,4,3,5,6,3,7,6,9,0,1,3,0,0,3,4,3,S001;S005;S008;S009;S011;S012;S013;S015,S002;S004;S006;S007;S010;S014,S003
3,"1,5,7,8|2,4,6|3,9",False,False,15,5,7,4.375666184177799,0.3668518767878461,0.2024206115139289,2.2876164789785913,,0,0,0,4,3,5,6,3,7,6,10,0,1,3,0,0,3,4,4,S001;S005;S008;S009;S011;S012;S013;S015,S002;S004;S006;S007,S003;S010;S014
3,"1,5,7,9|2,4,6,8|3",False,False,14,5,6,3.1964215923229817,0.515015825604326,0.4604630807300959,5.1400474530017215,,0,0,0,5,2,5,6,2,7,6,9,1,0,3,0,0,3,4,3,S001;S005;S008;S010;S011;S013;S014;S015,S002;S004;S006;S007;S009;S012,S003
3,"1,5,7|2,4,6,8,9|3",False,False,14,5,5,2.167518225602561,0.5307593714312343,0.507564127942373,5.369927300003184,,0,0,0,5,2,5,6,2,7,6,9,1,0,3,0,0,3,4,3,S001;S005;S008;S011;S013;S015,S002;S004;S006;S007;S009;S010;S012;S014,S003
3,"1,5,7|2,4,6,8|3,9",False,False,15,5,6,3.1964215923229817,0.24213734329242692,0.14413303109687886,1.8244693498324613,,0,0,0,5,2,5,6,2,7,6,10,1,0,3,0,0,3,4,4,S001;S005;S008;S011;S013;S015,S002;S004;S006;S007;S009;S012,S003;S010;S014
3,"1,5,7,9|2,4,6|3,8",False,False,15,5,8,4.643751516205589,0.3625339801739588,0.259756866231279,2.2599581189188815,,0,0,0,4,3,5,6,3,7,6,10,0,1,3,0,0,3,4,4,S001;S005;S008;S010;S011;S013;S014;S015,S002;S004;S006;S007,S003;S009;S012
3,"1,5,7|2,4,6,9|3,8",False,False,15,5,7,3.614848149485168,0.23795255207550872,0.21190457134666194,1.8007073962241886,,0,0,0,4,3,5,6,3,7,6,10,0,1,3,0,0,3,4,4,S001;S005;S008;S011;S013;S015,S002;S004;S006;S007;S010;S014,S003;S009;S012
3,"1,5,7|2,4,6|3,8,9",False,False,15,5,6,3.1964215923229817,0.1268611786768489,0.0681218724892501,1.3677545650888305,,0,0,0,4,3,5,6,3,7,6,10,0,1,3,0,0,3,4,4,S001;S005;S008;S011;S013;S015,S002;S004;S006;S007,S003;S009;S010;S012;S014
3,"1,5,8,9|2,4,6,7|3",False,False,11,5,5,2.9503762391309842,0.5066913015759464,0.4458648047798622,4.96467782526774,,0,0,0,4,3,4,6,3,6,6,8,0,1,2,0,0,2,4,2,S001;S005;S009;S010;S011;S012;S013;S014,S002;S004;S006;S007;S008;S015,S003
3,"1,5,8|2,4,6,7,9|3",False,False,10,5,6,3.3688027962931706,0.5461872925038884,0.5272365049637003,5.545296927737165,,0,0,0,4,3,4,6,3,6,5,8,0,1,2,0,0,2,3,2,S001;S005;S009;S011;S012;S013,S002;S004;S006;S007;S008;S010;S014;S015,S003
3,"1,5,8|2,4,6,7|3,9",False,False,11,5,7,4.397706163013591,0.25037053404294574,0.18018579225787953,1.9022294427028947,,0,0,0,4,3,4,6,3,6,5,9,0,1,2,0,0,2,3,3,S001;S005;S009;S011;S012;S013,S002;S004;S006;S007;S008;S015,S003;S010;S014
3,"1,5,9|2,4,6,7,8|3",False,False,10,4,6,3.218461571158774,0.5480380861581666,0.4870617628430389,5.564431202888114,,0,0,0,4,2,4,6,2,6,6,8,0,0,2,0,0,2,4,2,S001;S005;S010;S011;S013;S014,S002;S004;S006;S007;S008;S009;S012;S015,S003
3,"1,5|2,4,6,7,8,9|3",False,False,9,4,5,2.1895582044383533,0.724208247841257,0.7088053515659448,6.819696355749847,,0,0,0,4,2,4,6,2,6,5,8,0,0,2,0,0,2,3,2,S001;S005;S011;S013,S002;S004;S006;S007;S008;S009;S010;S012;S014;S015,S003
3,"1,5|2,4,6,7,8|3,9",False,False,10,4,6,3.218461571158774,0.44448706683640093,0.40070838367729483,2.467306868918425,,0,0,0,4,2,4,6,2,6,5,9,0,0,2,0,0,2,3,3,S001;S005;S011;S013,S002;S004;S006;S007;S008;S009;S012;S015,S003;S010;S014
3,"1,5,9|2,4,6,7|3,8",False,False,12,5,8,4.665791495041381,0.24722207154865636,0.19663274321723168,1.886226193181891,,0,0,0,4,3,4,6,3,6,6,9,0,1,2,0,0,2,4,3,S001;S005;S010;S011;S013;S014,S002;S004;S006;S007;S008;S015,S003;S009;S012
3,"1,5|2,4,6,7,9|3,8",False,False,11,5,7,3.6368881283209604,0.44042810484971157,0.4534014823125761,2.4381367931412634,,0,0,0,4,3,4,6,3,6,5,9,0,1,2,0,0,2,3,3,S001;S005;S011;S013,S002;S004;S006;S007;S008;S010;S014;S015,S003;S009;S012
3,"1,5|2,4,6,7|3,8,9",False,False,11,5,6,3.218461571158774,0.22274523753927505,0.2946431956111959,1.7618104479527288,,0,0,0,4,3,4,6,3,6,5,9,0,1,2,0,0,2,3,3,S001;S005;S011;S013,S002;S004;S006;S007;S008;S015,S003;S009;S010;S012;S014
3,"1,5,8,9|2,4,6|3,7",False,False,11,5,5,2.9503762391309842,0.32328325094947985,0.23953433909963362,2.0265901447410357,,0,0,0,4,3,4,6,3,6,6,8,0,1,2,0,0,2,4,2,S001;S005;S009;S010;S011;S012;S013;S014,S002;S004;S006;S007,S003;S008;S015
3,"1,5,8|2,4,6,9|3,7",False,False,10,5,6,3.3688027962931706,0.2055790053321442,0.2411756531218096,1.6718016183538689,,0,0,0,4,3,4,6,3,6,5,8,0,1,2,0,0,2,3,2,S001;S005;S009;S011;S012;S013,S002;S004;S006;S007;S010;S014,S003;S008;S015
3,"1,5,8|2,4,6|3,7,9",False,False,11,5,7,4.397706163013591,0.11956256052711293,0.10643329731325443,1.3060104079188297,,0,0,0,4,3,4,6,3,6,5,9,0,1,2,0,0,2,3,3,S001;S005;S009;S011;S012;S013,S002;S004;S006;S007,S003;S008;S010;S014;S015
3,"1,5,9|2,4,6,8|3,7",False,False,11,5,6,3.218461571158774,0.20665224836589555,0.20488324112505285,1.679612262833219,,0,0,0,5,2,4,6,2,6,6,8,1,0,2,0,0,2,4,2,S001;S005;S010;S011;S013;S014,S002;S004;S006;S007;S009;S012,S003;S008;S015
3,"1,5|2,4,6,8,9|3,7",False,False,10,5,5,2.1895582044383533,0.4037365202764858,0.4441495021353723,2.205296957775308,,0,0,0,5,2,4,6,2,6,5,8,1,0,2,0,0,2,3,2,S001;S005;S011;S013,S002;S004;S006;S007;S009;S010;S012;S014,S003;S008;S015
3,"1,5|2,4,6,8|3,7,9",False,False,11,5,6,3.218461571158774,0.20919363463239737,0.2823937786883577,1.6897904586825376,,0,0,0,5,2,4,6,2,6,5,9,1,0,2,0,0,2,3,3,S001;S005;S011;S013,S002;S004;S006;S007;S009;S012,S003;S008;S010;S014;S015
3,"1,5,9|2,4,6|3,7,8",False,False,12,5,8,4.665791495041381,0.11962990967776567,0.07734900259966818,1.3112056355482877,,0,0,0,4,3,4,6,3,6,6,9,0,1,2,0,0,2,4,3,S001;S005;S010;S011;S013;S014,S002;S004;S006;S007,S003;S008;S009;S012;S015
3,"1,5|2,4,6,9|3,7,8",False,False,11,5,7,3.6368881283209604,0.20817219280945712,0.297685490210221,1.6819324828809654,,0,0,0,4,3,4,6,3,6,5,9,0,1,2,0,0,2,3,3,S001;S005;S011;S013,S002;S004;S006;S007;S010;S014,S003;S008;S009;S012;S015
3,"1,5|2,4,6|3,7,8,9",False,False,11,5,6,3.218461571158774,0.32656059129393056,0.34815803171885873,2.0449308224858074,,0,0,0,4,3,4,6,3,6,5,9,0,1,2,0,0,2,3,3,S001;S005;S011;S013,S002;S004;S006;S007,S003;S008;S009;S010;S012;S014;S015
3,"1,5,7,8,9|2,4|3,6",False,False,13,5,5,3.097042976383167,0.6217399405142873,0.464731757860915,3.7403180162405136,,0,0,0,4,4,4,6,4,7,6,8,0,2,2,0,0,3,4,2,S001;S005;S008;S009;S010;S011;S012;S013;S014;S015,S002;S004,S003;S006;S007
3,"1,5,7,8|2,4,9|3,6",False,False,13,5,6,3.515469533545353,0.37400699765298095,0.28618063765200025,2.42748947838994,,0,0,0,4,4,4,6,4,7,6,8,0,2,2,0,0,3,4,2,S001;S005;S008;S009;S011;S012;S013;S015,S002;S004;S010;S014,S003;S006;S007
3,"1,5,7,8|2,4|3,6,9",False,False,14,5,7,4.544372900265774,0.41142707331787304,0.25378285842931253,3.0083623303489904,,0,0,0,4,4,4,6,4,7,6,9,0,2,2,0,0,3,4,3,S001;S005;S008;S009;S011;S012;S013;S015,S002;S004,S003;S006;S007;S010;S014
3,"1,5,7,9|2,4,8|3,6",False,False,13,6,6,3.3651283084109567,0.37082658061838447,0.3288906158138539,2.4184864515432425,,0,0,0,5,3,4,6,3,7,6,8,1,1,2,0,0,3,4,2,S001;S005;S008;S010;S011;S013;S014;S015,S002;S004;S009;S012,S003;S006;S007
3,"1,5,7|2,4,8,9|3,6",False,False,13,6,5,2.336224941690536,0.2708881549961286,0.28196415597589186,1.9971674412026035,,0,0,0,5,3,4,6,3,7,6,8,1,1,2,0,0,3,4,2,S001;S005;S008;S011;S013;S015,S002;S004;S009;S010;S012;S014,S003;S006;S007
3,"1,5,7|2,4,8|3,6,9",False,False,14,6,6,3.3651283084109567,0.10722740042555441,0.08231476551049448,1.2995423886017896,,0,0,0,5,3,4,6,3,7,6,9,1,1,2,0,0,3,4,3,S001;S005;S008;S011;S013;S015,S002;S004;S009;S012,S003;S006;S007;S010;S014
3,"1,5,7,9|2,4|3,6,8",False,False,13,5,8,4.812458232293563,0.40908601612945134,0.28389826848204,2.997204973307555,,0,0,0,4,3,4,6,3,7,6,9,0,1,2,0,0,3,4,3,S001;S005;S008;S010;S011;S013;S014;S015,S002;S004,S003;S006;S007;S009;S012
3,"1,5,7|2,4,9|3,6,8",False,False,13,5,7,3.783554865573143,0.10929651749278721,0.049830822936723675,1.3079141145865956,,0,0,0,4,3,4,6,3,7,6,9,0,1,2,0,0,3,4,3,S001;S005;S008;S011;S013;S015,S002;S004;S010;S014,S003;S006;S007;S009;S012
3,"1,5,7|2,4|3,6,8,9",False,False,13,5,6,3.3651283084109567,0.36415712348142076,0.27468642253241615,2.714358273487852,,0,0,0,4,3,4,6,3,7,6,9,0,1,2,0,0,3,4,3,S001;S005;S008;S011;S013;S015,S002;S004,S003;S006;S007;S009;S010;S012;S014
3,"1,5,8,9|2,4,7|3,6",False,False,11,5,6,3.650372844844158,0.34314320483647925,0.27286975409498626,2.3359718303136026,,0,0,0,4,4,3,6,4,6,6,8,0,2,1,0,0,2,4,2,S001;S005;S009;S010;S011;S012;S013;S014,S002;S004;S008;S015,S003;S006;S007
3,"1,5,8|2,4,7,9|3,6",False,False,10,5,7,4.068799402006345,0.2805985964155229,0.33438611943859714,2.0796820624322443,,0,0,0,4,4,3,6,4,6,5,8,0,2,1,0,0,2,3,2,S001;S005;S009;S011;S012;S013,S002;S004;S008;S010;S014;S015,S003;S006;S007
3,"1,5,8|2,4,7|3,6,9",False,False,11,5,8,5.097702768726766,0.06551914502466452,0.05840444993688603,1.1721155057211206,,0,0,0,4,4,3,6,4,6,5,9,0,2,1,0,0,2,3,3,S001;S005;S009;S011;S012;S013,S002;S004;S008;S015,S003;S006;S007;S010;S014
3,"1,5,9|2,4,7,8|3,6",False,False,10,5,7,3.918458176871948,0.2820145617548699,0.291731962146364,2.0886850892789415,,0,0,0,4,3,3,6,3,6,6,8,0,1,1,0,0,2,4,2,S001;S005;S010;S011;S013;S014,S002;S004;S008;S009;S012;S015,S003;S006;S007
3,"1,5|2,4,7,8,9|3,6",False,False,9,5,6,2.889554810151527,0.4723006302008275,0.5288163046039754,2.679310330203043,,0,0,0,4,3,3,6,3,6,5,8,0,1,1,0,0,2,3,2,S001;S005;S011;S013,S002;S004;S008;S009;S010;S012;S014;S015,S003;S006;S007
3,"1,5|2,4,7,8|3,6,9",False,False,10,5,7,3.918458176871948,0.2394815063043541,0.31027904923371835,1.8230354266552982,,0,0,0,4,3,3,6,3,6,5,9,0,1,1,0,0,2,3,3,S001;S005;S011;S013,S002;S004;S008;S009;S012;S015,S003;S006;S007;S010;S014
3,"1,5,9|2,4,7|3,6,8",False,False,11,5,9,5.365788100754555,0.06288601883065921,0.020973746309221206,1.1660693785910765,,0,0,0,4,3,3,6,3,6,6,9,0,1,1,0,0,2,4,3,S001;S005;S010;S011;S013;S014,S002;S004;S008;S015,S003;S006;S007;S009;S012
3,"1,5|2,4,7,9|3,6,8",False,False,10,5,8,4.336884734034134,0.2371004937362628,0.3429844093819447,1.8151774508537264,,0,0,0,4,3,3,6,3,6,5,9,0,1,1,0,0,2,3,3,S001;S005;S011;S013,S002;S004;S008;S010;S014;S015,S003;S006;S007;S009;S012
3,"1,5|2,4,7|3,6,8,9",False,False,10,5,7,3.918458176871948,0.2702730280014621,0.310842997620976,1.9116858545130468,,0,0,0,4,3,3,6,3,6,5,9,0,1,1,0,0,2,3,3,S001;S005;S011;S013,S002;S004;S008;S015,S003;S006;S007;S009;S010;S012;S014
3,"1,5,8,9|2,4|3,6,7",False,False,11,5,5,3.119082955218959,0.3894770988053755,0.2443250725627143,2.8949454659358036,,0,0,0,4,4,4,6,4,6,6,7,0,2,2,0,0,2,4,1,S001;S005;S009;S010;S011;S012;S013;S014,S002;S004,S003;S006;S007;S008;S015
3,"1,5,8|2,4,9|3,6,7",False,False,10,5,6,3.5375095123811455,0.0940580005509987,0.03194482921393266,1.2488713179349518,,0,0,0,4,4,4,6,4,6,5,7,0,2,2,0,0,2,3,1,S001;S005;S009;S011;S012;S013,S002;S004;S010;S014,S003;S006;S007;S008;S015
3,"1,5,8|2,4|3,6,7,9",False,False,11,5,7,4.566412879101566,0.37692403232518534,0.3045749169794941,2.816617780859604,,0,0,0,4,4,4,6,4,6,5,8,0,2,2,0,0,2,3,2,S001;S005;S009;S011;S012;S013,S002;S004,S003;S006;S007;S008;S010;S014;S015
3,"1,5,9|2,4,8|3,6,7",False,False,11,6,6,3.387168287246749,0.08978188644281049,0.05981061698502849,1.2344766919890489,,0,0,0,5,3,4,6,3,6,6,7,1,1,2,0,0,2,4,1,S001;S005;S010;S011;S013;S014,S002;S004;S009;S012,S003;S006;S007;S008;S015
3,"1,5|2,4,8,9|3,6,7",False,False,10,6,5,2.358264920526328,0.21854666107818987,0.29796330635986135,1.7431574615835348,,0,0,0,5,3,4,6,3,6,5,7,1,1,2,0,0,2,3,1,S001;S005;S011;S013,S002;S004;S009;S010;S012;S014,S003;S006;S007;S008;S015
3,"1,5|2,4,8|3,6,7,9",False,False,11,6,6,3.387168287246749,0.29952259057432196,0.3580027896446468,1.9837058437832382,,0,0,0,5,3,4,6,3,6,5,8,1,1,2,0,0,2,3,2,S001;S005;S011;S013,S002;S004;S009;S012,S003;S006;S007;S008;S010;S014;S015
3,"1,5,9|2,4|3,6,7,8",False,False,11,5,8,4.834498211129356,0.37857149946837804,0.27580253704828783,2.82777513790104,,0,0,0,4,3,4,6,3,6,6,8,0,1,2,0,0,2,4,2,S001;S005;S010;S011;S013;S014,S002;S004,S003;S006;S007;S008;S009;S012;S015
3,"1,5|2,4,9|3,6,7,8",False,False,10,5,7,3.8055948444089354,0.30289363919408013,0.3263276084431474,1.9915638195848102,,0,0,0,4,3,4,6,3,6,5,8,0,1,2,0,0,2,3,2,S001;S005;S011;S013,S002;S004;S010;S014,S003;S006;S007;S008;S009;S012;S015
3,"1,5|2,4|3,6,7,8,9",False,False,10,5,6,3.387168287246749,0.5623549189093638,0.5036997099537727,3.559730823792563,,0,0,0,4,3,4,6,3,6,5,8,0,1,2,0,0,2,3,2,S001;S005;S011;S013,S002;S004,S003;S006;S007;S008;S009;S010;S012;S014;S015
3,"1,6,7,8,9|2,4,5|3",False,False,10,4,6,3.3651283084109567,0.6724492442551026,0.5477587335525437,6.508678001633564,,0,0,0,4,2,4,6,2,6,6,8,0,0,2,0,0,2,4,2,S001;S006;S007;S008;S009;S010;S012;S013;S014;S015,S002;S004;S005;S011,S003
3,"1,6,7,8|2,4,5,9|3",False,False,10,4,7,3.783554865573143,0.5221177978356765,0.4577595653924567,5.2534128487718315,,0,0,0,4,2,4,6,2,6,6,8,0,0,2,0,0,2,4,2,S001;S006;S007;S008;S009;S012;S013;S015,S002;S004;S005;S010;S011;S014,S003
3,"1,6,7,8|2,4,5|3,9",False,False,11,4,8,4.812458232293563,0.38412833530246077,0.22791254935880806,2.329399202619574,,0,0,0,4,2,4,6,2,6,6,9,0,0,2,0,0,2,4,3,S001;S006;S007;S008;S009;S012;S013;S015,S002;S004;S005;S011,S003;S010;S014
3,"1,6,7,9|2,4,5,8|3",False,False,12,6,5,3.097042976383167,0.5208271379059924,0.46618293076534567,5.234278573620882,,0,0,0,5,3,4,6,3,6,6,8,1,1,2,0,0,2,4,2,S001;S006;S007;S008;S010;S013;S014;S015,S002;S004;S005;S009;S011;S012,S003
3,"1,6,7|2,4,5,8,9|3",False,False,11,6,4,2.0681396096627456,0.5236671416637302,0.4920850850321572,5.275696179384024,,0,0,0,5,3,4,6,3,6,6,7,1,1,2,0,0,2,4,1,S001;S006;S007;S008;S013;S015,S002;S004;S005;S009;S010;S011;S012;S014,S003
3,"1,6,7|2,4,5,8|3,9",False,False,12,6,5,3.097042976383167,0.24062663805785692,0.12309888615940029,1.7826866261914787,,0,0,0,5,3,4,6,3,6,6,8,1,1,2,0,0,2,4,2,S001;S006;S007;S008;S013;S015,S002;S004;S005;S009;S011;S012,S003;S010;S014
3,"1,6,7,9|2,4,5|3,8",False,False,12,5,8,4.812458232293563,0.37987141247242556,0.26968255919028666,2.301389329047833,,0,0,0,4,3,4,6,3,6,6,9,0,1,2,0,0,2,4,3,S001;S006;S007;S008;S010;S013;S014;S015,S002;S004;S005;S011,S003;S009;S012
3,"1,6,7|2,4,5,9|3,8",False,False,11,5,7,3.783554865573143,0.23663258062238893,0.2061680671657832,1.7592761860952375,,0,0,0,4,3,4,6,3,6,6,8,0,1,2,0,0,2,4,2,S001;S006;S007;S008;S013;S015,S002;S004;S005;S010;S011;S014,S003;S009;S012
3,"1,6,7|2,4,5|3,8,9",False,False,11,5,6,3.3651283084109567,0.1490511350448996,0.06437198497976028,1.449004965171826,,0,0,0,4,3,4,6,3,6,6,8,0,1,2,0,0,2,4,2,S001;S006;S007;S008;S013;S015,S002;S004;S005;S011,S003;S009;S010;S012;S014
3,"1,6,8,9|2,4,5,7|3",False,False,11,4,8,4.449748066497147,0.5107542812479071,0.46324904233278935,5.0589089458869,,0,0,0,4,2,4,6,2,6,6,9,0,0,2,0,0,2,4,3,S001;S006;S007;S009;S010;S012;S013;S014,S002;S004;S005;S008;S011;S015,S003
3,"1,6,8|2,4,5,7,9|3",False,False,11,4,9,4.868174623659334,0.5375468139174561,0.5202262895550502,5.451065807118004,,0,0,0,4,2,4,6,2,6,6,9,0,0,2,0,0,2,4,3,S001;S006;S007;S009;S012;S013,S002;S004;S005;S008;S010;S011;S014;S015,S003
3,"1,6,8|2,4,5,7|3,9",False,False,12,4,10,5.8970779903797546,0.2450925213203363,0.18954521345283973,1.860446719061912,,0,0,0,4,2,4,6,2,6,6,10,0,0,2,0,0,2,4,4,S001;S006;S007;S009;S012;S013,S002;S004;S005;S008;S011;S015,S003;S010;S014
3,"1,6,9|2,4,5,7,8|3",False,False,12,5,7,4.1816627344693575,0.5392365084516098,0.48422804487651594,5.4702000822689545,,0,0,0,4,3,4,6,3,6,6,9,0,1,2,0,0,2,4,3,S001;S006;S007;S010;S013;S014,S002;S004;S005;S008;S009;S011;S012;S015,S003
3,"1,6|2,4,5,7,8,9|3",False,False,11,5,6,3.1527593677489363,0.7081031085570948,0.6761400362131077,6.725465235130687,,0,0,0,4,3,4,6,3,6,6,8,0,1,2,0,0,2,4,2,S001;S006;S007;S013,S002;S004;S005;S008;S009;S010;S011;S012;S014;S015,S003
3,"1,6|2,4,5,7,8|3,9",False,False,12,5,7,4.1816627344693575,0.4257347762655457,0.36704702814391116,2.4255241452774428,,0,0,0,4,3,4,6,3,6,6,9,0,1,2,0,0,2,4,3,S001;S006;S007;S013,S002;S004;S005;S008;S009;S011;S012;S015,S003;S010;S014
3,"1,6,9|2,4,5,7|3,8",False,False,13,5,10,5.8970779903797546,0.24166261006735643,0.21505384660974047,1.8447949830529398,,0,0,0,4,3,4,6,3,6,6,10,0,1,2,0,0,2,4,4,S001;S006;S007;S010;S013;S014,S002;S004;S005;S008;S011;S015,S003;S009;S012
3,"1,6|2,4,5,7,9|3,8",False,False,12,5,9,4.868174623659334,0.42161728845602026,0.433566403824045,2.396705583012312,,0,0,0,4,3,4,6,3,6,6,9,0,1,2,0,0,2,4,3,S001;S006;S007;S013,S002;S004;S005;S008;S010;S011;S014;S015,S003;S009;S012
3,"1,6|2,4,5,7|3,8,9",False,False,12,5,8,4.449748066497147,0.20037111633181182,0.26158313820170565,1.6589146989106998,,0,0,0,4,3,4,6,3,6,6,9,0,1,2,0,0,2,4,3,S001;S006;S007;S013,S002;S004;S005;S008;S011;S015,S003;S009;S010;S012;S014
3,"1,6,8,9|2,4,5|3,7",False,False,8,4,7,3.918458176871948,0.3412339233713969,0.2882816938923719,2.065055452480193,,0,0,0,4,2,3,6,2,5,6,8,0,0,1,0,0,1,4,2,S001;S006;S007;S009;S010;S012;S013;S014,S002;S004;S005;S011,S003;S008;S015
3,"1,6,8|2,4,5,9|3,7",False,False,8,4,8,4.336884734034134,0.2017260902512765,0.2346410931055743,1.6333363106147119,,0,0,0,4,2,3,6,2,5,6,8,0,0,1,0,0,1,4,2,S001;S006;S007;S009;S012;S013,S002;S004;S005;S010;S011;S014,S003;S008;S015
3,"1,6,8|2,4,5|3,7,9",False,False,9,4,9,5.365788100754555,0.13955219440998315,0.09930049680850475,1.3851420337222526,,0,0,0,4,2,3,6,2,5,6,9,0,0,1,0,0,1,4,3,S001;S006;S007;S009;S012;S013,S002;S004;S005;S011,S003;S008;S010;S014;S015
3,"1,6,9|2,4,5,8|3,7",False,False,10,6,6,3.650372844844158,0.20231186153186692,0.2091150430717175,1.6411469550940616,,0,0,0,5,3,3,6,3,5,6,8,1,1,1,0,0,1,4,2,S001;S006;S007;S010;S013;S014,S002;S004;S005;S009;S011;S012,S003;S008;S015
3,"1,6|2,4,5,8,9|3,7",False,False,9,6,5,2.621469478123737,0.3843569607884253,0.3883599491091594,2.153548379186318,,0,0,0,5,3,3,6,3,5,6,7,1,1,1,0,0,1,4,1,S001;S006;S007;S013,S002;S004;S005;S009;S010;S011;S012;S014,S003;S008;S015
3,"1,6|2,4,5,8|3,7,9",False,False,10,6,6,3.650372844844158,0.18771785557690737,0.22328095333071088,1.5895779317086447,,0,0,0,5,3,3,6,3,5,6,8,1,1,1,0,0,1,4,2,S001;S006;S007;S013,S002;S004;S005;S009;S011;S012,S003;S008;S010;S014;S015
3,"1,6,9|2,4,5|3,7,8",False,False,10,5,9,5.365788100754555,0.13924097503214042,0.09606680587860257,1.3781740603160708,,0,0,0,4,3,3,6,3,5,6,9,0,1,1,0,0,1,4,3,S001;S006;S007;S010;S013;S014,S002;S004;S005;S011,S003;S008;S009;S012;S015
3,"1,6|2,4,5,9|3,7,8",False,False,9,5,8,4.336884734034134,0.18685436477971004,0.24520332078896787,1.5820127176013652,,0,0,0,4,3,3,6,3,5,6,8,0,1,1,0,0,1,4,2,S001;S006;S007;S013,S002;S004;S005;S010;S011;S014,S003;S008;S009;S012;S015
3,"1,6|2,4,5|3,7,8,9",False,False,9,5,7,3.918458176871948,0.32399017360793914,0.30344141725414625,1.9687435921584022,,0,0,0,4,3,3,6,3,5,6,8,0,1,1,0,0,1,4,2,S001;S006;S007;S013,S002;S004;S005;S011,S003;S008;S009;S010;S012;S014;S015
3,"1,7,8,9|2,4,5,6|3",False,False,13,4,6,3.1964215923229817,0.5318404303849916,0.4600905485068945,5.383362207649338,,0,0,0,4,2,5,6,2,7,6,9,0,0,3,0,0,3,4,3,S001;S008;S009;S010;S012;S013;S014;S015,S002;S004;S005;S006;S007;S011,S003
3,"1,7,8|2,4,5,6,9|3",False,False,13,4,7,3.614848149485168,0.5142621824904011,0.484655532126009,5.1266125453555675,,0,0,0,4,2,5,6,2,7,6,9,0,0,3,0,0,3,4,3,S001;S008;S009;S012;S013;S015,S002;S004;S005;S006;S007;S010;S011;S014,S003
3,"1,7,8|2,4,5,6|3,9",False,False,14,4,8,4.643751516205589,0.2425221750483123,0.14195564693920273,1.8304264798085559,,0,0,0,4,2,5,6,2,7,6,10,0,0,3,0,0,3,4,4,S001;S008;S009;S012;S013;S015,S002;S004;S005;S006;S007;S011,S003;S010;S014
3,"1,7,9|2,4,5,6,8|3",False,False,14,5,5,2.928336260295192,0.5153412407462242,0.454194556980321,5.145746820506517,,0,0,0,5,2,5,6,2,7,6,9,1,0,3,0,0,3,4,3,S001;S008;S010;S013;S014;S015,S002;S004;S005;S006;S007;S009;S011;S012,S003
3,"1,7|2,4,5,6,8,9|3",False,False,13,5,4,1.899432893574771,0.655541991273596,0.6299102381095769,6.40101197336825,,0,0,0,5,2,5,6,2,7,6,8,1,0,3,0,0,3,4,2,S001;S008;S013;S015,S002;S004;S005;S006;S007;S009;S010;S011;S012;S014,S003
3,"1,7|2,4,5,6,8|3,9",False,False,14,5,5,2.928336260295192,0.36443522866570827,0.3036803813944617,2.281659349002497,,0,0,0,5,2,5,6,2,7,6,9,1,0,3,0,0,3,4,3,S001;S008;S013;S015,S002;S004;S005;S006;S007;S009;S011;S012,S003;S010;S014
3,"1,7,9|2,4,5,6|3,8",False,False,14,4,8,4.643751516205589,0.23831336948956108,0.17851395911750734,1.8066144095133596,,0,0,0,4,2,5,6,2,7,6,10,0,0,3,0,0,3,4,4,S001;S008;S010;S013;S014;S015,S002;S004;S005;S006;S007;S011,S003;S009;S012
3,"1,7|2,4,5,6,9|3,8",False,False,13,4,7,3.614848149485168,0.3601087203968597,0.3750800293149974,2.2540511056297103,,0,0,0,4,2,5,6,2,7,6,9,0,0,3,0,0,3,4,3,S001;S008;S013;S015,S002;S004;S005;S006;S007;S010;S011;S014,S003;S009;S012
3,"1,7|2,4,5,6|3,8,9",False,False,13,4,6,3.1964215923229817,0.12370684312896855,0.21157165119280796,1.3566074261585306,,0,0,0,4,2,5,6,2,7,6,9,0,0,3,0,0,3,4,3,S001;S008;S013;S015,S002;S004;S005;S006;S007;S011,S003;S009;S010;S012;S014
3,"1,8,9|2,4,5,6,7|3",False,False,11,4,6,3.218461571158774,0.5269775700374403,0.4877303816646366,5.321116448240499,,0,0,0,4,2,4,6,2,7,6,8,0,0,2,0,0,3,4,2,S001;S009;S010;S012;S013;S014,S002;S004;S005;S006;S007;S008;S011;S015,S003
3,"1,8|2,4,5,6,7,9|3",False,False,10,4,7,3.6368881283209604,0.6833625252327545,0.6406093527675328,6.576381601102232,,0,0,0,4,2,4,6,2,7,5,8,0,0,2,0,0,3,3,2,S001;S009;S012;S013,S002;S004;S005;S006;S007;S008;S010;S011;S014;S015,S003
3,"1,8|2,4,5,6,7|3,9",False,False,11,4,8,4.665791495041381,0.39686513783872296,0.3266718892125665,2.3594194418729306,,0,0,0,4,2,4,6,2,7,5,9,0,0,2,0,0,3,3,3,S001;S009;S012;S013,S002;S004;S005;S006;S007;S008;S011;S015,S003;S010;S014
3,"1,9|2,4,5,6,7,8|3",False,False,11,4,5,2.9503762391309842,0.6864844245124996,0.5847876913215686,6.595515876253181,,0,0,0,4,2,4,6,2,7,6,8,0,0,2,0,0,3,4,2,S001;S010;S013;S014,S002;S004;S005;S006;S007;S008;S009;S011;S012;S015,S003
3,"1|2,4,5,6,7,8,9|3",False,False,9,4,4,1.9214728724105632,0.918197803106485,0.8766448804636213,7.850781029114914,,0,0,0,4,2,4,6,2,7,5,7,0,0,2,0,0,3,3,1,S001;S013,S002;S004;S005;S006;S007;S008;S009;S010;S011;S012;S014;S015,S003
3,"1|2,4,5,6,7,8|3,9",False,False,10,4,5,2.9503762391309842,0.6650797868587941,0.5879485581911343,4.697899887757481,,0,0,0,4,2,4,6,2,7,5,8,0,0,2,0,0,3,3,2,S001;S013,S002;S004;S005;S006;S007;S008;S009;S011;S012;S015,S003;S010;S014
3,"1,9|2,4,5,6,7|3,8",False,False,12,4,8,4.665791495041381,0.3963091664154441,0.3260886670432781,2.339569902587413,,0,0,0,4,2,4,6,2,7,6,9,0,0,2,0,0,3,4,3,S001;S010;S013;S014,S002;S004;S005;S006;S007;S008;S011;S015,S003;S009;S012
3,"1|2,4,5,6,7,9|3,8",False,False,10,4,7,3.6368881283209604,0.6615237081431956,0.6429942600124776,4.684270793268055,,0,0,0,4,2,4,6,2,7,5,8,0,0,2,0,0,3,3,2,S001;S013,S002;S004;S005;S006;S007;S008;S010;S011;S014;S015,S003;S009;S012
3,"1|2,4,5,6,7|3,8,9",False,False,10,4,6,3.218461571158774,0.4684067598311145,0.49325973214325314,3.7901618059836406,,0,0,0,4,2,4,6,2,7,5,8,0,0,2,0,0,3,3,2,S001;S013,S002;S004;S005;S006;S007;S008;S011;S015,S003;S009;S010;S012;S014
3,"1,8,9|2,4,5,6|3,7",False,False,10,4,6,3.218461571158774,0.2004780059273416,0.2052608895184169,1.6056995832628629,,1,0,0,4,2,4,6,2,6,6,8,0,0,2,0,0,2,4,2,S001;S009;S010;S012;S013;S014,S002;S004;S005;S006;S007;S011,S003;S008;S015
3,"1,8|2,4,5,6,9|3,7",False,False,9,4,7,3.6368881283209604,0.354452530135437,0.3746663350358741,2.0926921798320417,,0,0,0,4,2,4,6,2,6,5,8,0,0,2,0,0,2,3,2,S001;S009;S012;S013,S002;S004;S005;S006;S007;S010;S011;S014,S003;S008;S015
3,"1,8|2,4,5,6|3,7,9",False,False,10,4,8,4.665791495041381,0.15434320678571672,0.18579529679233583,1.44543438812576,,0,0,0,4,2,4,6,2,6,5,9,0,0,2,0,0,2,3,3,S001;S009;S012;S013,S002;S004;S005;S006;S007;S011,S003;S008;S010;S014;S015
3,"1,9|2,4,5,6,8|3,7",False,False,11,5,5,2.9503762391309842,0.35823226998601315,0.3023299191205441,2.1005028243113917,,0,0,0,5,2,4,6,2,6,6,8,1,0,2,0,0,2,4,2,S001;S010;S013;S014,S002;S004;S005;S006;S007;S009;S011;S012,S003;S008;S015
3,"1|2,4,5,6,8,9|3,7",False,False,9,5,4,1.9214728724105632,0.629541804393908,0.6325228807430897,4.55935729599124,,0,0,0,5,2,4,6,2,6,5,7,1,0,2,0,0,2,3,1,S001;S013,S002;S004;S005;S006;S007;S009;S010;S011;S012;S014,S003;S008;S015
3,"1|2,4,5,6,8|3,7,9",False,False,10,5,5,2.9503762391309842,0.45081529849853724,0.4611738114402788,3.665248308706825,,0,0,0,5,2,4,6,2,6,5,8,1,0,2,0,0,2,3,2,S001;S013,S002;S004;S005;S006;S007;S009;S011;S012,S003;S008;S010;S014;S015
3,"1,9|2,4,5,6|3,7,8",False,False,11,4,8,4.665791495041381,0.15799874777954998,0.14854069495690667,1.4558350366556403,,0,0,0,4,2,4,6,2,6,6,9,0,0,2,0,0,2,4,3,S001;S010;S013;S014,S002;S004;S005;S006;S007;S011,S003;S008;S009;S012;S015
3,"1|2,4,5,6,9|3,7,8",False,False,9,4,7,3.6368881283209604,0.44909069133017393,0.4904395955250089,3.6516192142173987,,0,0,0,4,2,4,6,2,6,5,8,0,0,2,0,0,2,3,2,S001;S013,S002;S004;S005;S006;S007;S010;S011;S014,S003;S008;S009;S012;S015
3,"1|2,4,5,6|3,7,8,9",False,False,9,4,6,3.218461571158774,0.4371971613375334,0.4686123228880683,3.546785598197537,,0,0,0,4,2,4,6,2,6,5,8,0,0,2,0,0,2,3,2,S001;S013,S002;S004;S005;S006;S007;S011,S003;S008;S009;S010;S012;S014;S015
3,"1,7,8,9|2,4,5|3,6",False,False,12,5,6,3.3651283084109567,0.4132162655869966,0.32784159866223334,2.5329704992016313,,0,0,0,4,3,4,6,3,7,6,8,0,1,2,0,0,3,4,2,S001;S008;S009;S010;S012;S013;S014;S015,S002;S004;S005;S011,S003;S006;S007
3,"1,7,8|2,4,5,9|3,6",False,False,12,5,7,3.783554865573143,0.26788591037654613,0.2763815319428966,1.9423452582775296,,0,0,0,4,3,4,6,3,7,6,8,0,1,2,0,0,3,4,2,S001;S008;S009;S012;S013;S015,S002;S004;S005;S010;S011;S014,S003;S006;S007
3,"1,7,8|2,4,5|3,6,9",False,False,13,5,8,4.812458232293563,0.16524713086412243,0.08162869897787317,1.5032955400178585,,0,0,0,4,3,4,6,3,7,6,9,0,1,2,0,0,3,4,3,S001;S008;S009;S012;S013;S015,S002;S004;S005;S011,S003;S006;S007;S010;S014
3,"1,7,9|2,4,5,8|3,6",False,False,13,6,5,3.097042976383167,0.2676664312097993,0.25428367152878084,1.933342231430832,,0,0,0,5,3,4,6,3,7,6,8,1,1,2,0,0,3,4,2,S001;S008;S010;S013;S014;S015,S002;S004;S005;S009;S011;S012,S003;S006;S007
3,"1,7|2,4,5,8,9|3,6",False,False,12,6,4,2.0681396096627456,0.39396428288690577,0.41643806770773956,2.482311661315014,,0,0,0,5,3,4,6,3,7,6,7,1,1,2,0,0,3,4,1,S001;S008;S013;S015,S002;S004;S005;S009;S010;S011;S012;S014,S003;S006;S007
3,"1,7|2,4,5,8|3,6,9",False,False,13,6,5,3.097042976383167,0.1395633547549261,0.20446665504905884,1.40884969339444,,0,0,0,5,3,4,6,3,7,6,8,1,1,2,0,0,3,4,2,S001;S008;S013;S015,S002;S004;S005;S009;S011;S012,S003;S006;S007;S010;S014
3,"1,7,9|2,4,5|3,6,8",False,False,12,4,8,4.812458232293563,0.16282326492819185,0.09493535489976163,1.4963275666116764,,0,0,0,4,2,4,6,2,7,6,9,0,0,2,0,0,3,4,3,S001;S008;S010;S013;S014;S015,S002;S004;S005;S011,S003;S006;S007;S009;S012
3,"1,7|2,4,5,9|3,6,8",False,False,11,4,7,3.783554865573143,0.13711409087027418,0.2398015507812274,1.402144611898972,,0,0,0,4,2,4,6,2,7,6,8,0,0,2,0,0,3,4,2,S001;S008;S013;S015,S002;S004;S005;S010;S011;S014,S003;S006;S007;S009;S012
3,"1,7|2,4,5|3,6,8,9",False,False,11,4,6,3.3651283084109567,0.25615953364345684,0.27208852933235744,1.6951663547444618,,0,0,0,4,2,4,6,2,7,6,8,0,0,2,0,0,3,4,2,S001;S008;S013;S015,S002;S004;S005;S011,S003;S006;S007;S009;S010;S012;S014
3,"1,8,9|2,4,5,7|3,6",False,False,12,5,7,3.918458176871948,0.2692846355955037,0.29237158723704504,1.9742010416205527,,0,0,0,4,3,4,6,3,7,6,8,0,1,2,0,0,3,4,2,S001;S009;S010;S012;S013;S014,S002;S004;S005;S008;S011;S015,S003;S006;S007
3,"1,8|2,4,5,7,9|3,6",False,False,11,5,8,4.336884734034134,0.42567244029022483,0.46132671705225087,2.5648262825446544,,0,0,0,4,3,4,6,3,7,5,8,0,1,2,0,0,3,3,2,S001;S009;S012;S013,S002;S004;S005;S008;S010;S011;S014;S015,S003;S006;S007
3,"1,8|2,4,5,7|3,6,9",False,False,12,5,9,5.365788100754555,0.18140276566821248,0.22033440037157018,1.5665746151176063,,0,0,0,4,3,4,6,3,7,5,9,0,1,2,0,0,3,3,3,S001;S009;S012;S013,S002;S004;S005;S008;S011;S015,S003;S006;S007;S010;S014
3,"1,9|2,4,5,7,8|3,6",False,False,12,5,6,3.650372844844158,0.4292377033447293,0.3955584492649626,2.573829309391352,,0,0,0,4,3,4,6,3,7,6,8,0,1,2,0,0,3,4,2,S001;S010;S013;S014,S002;S004;S005;S008;S009;S011;S012;S015,S003;S006;S007
3,"1|2,4,5,7,8,9|3,6",False,False,10,5,5,2.621469478123737,0.6895470806180574,0.705807953403578,4.790461120258313,,0,0,0,4,3,4,6,3,7,5,7,0,1,2,0,0,3,3,1,S001;S013,S002;S004;S005;S008;S009;S010;S011;S012;S014;S015,S003;S006;S007
3,"1|2,4,5,7,8|3,6,9",False,False,11,5,6,3.650372844844158,0.4857071482669666,0.49549240614882656,3.896352132973898,,0,0,0,4,3,4,6,3,7,5,8,0,1,2,0,0,3,3,2,S001;S013,S002;S004;S005;S008;S009;S011;S012;S015,S003;S006;S007;S010;S014
3,"1,9|2,4,5,7|3,6,8",False,False,12,4,9,5.365788100754555,0.1835606869702223,0.1984013107463613,1.5778469302787237,,0,0,0,4,2,4,6,2,7,6,9,0,0,2,0,0,3,4,3,S001;S010;S013;S014,S002;S004;S005;S008;S011;S015,S003;S006;S007;S009;S012
3,"1|2,4,5,7,9|3,6,8",False,False,10,4,8,4.336884734034134,0.4833746132519888,0.5352584639633253,3.882723038484471,,0,0,0,4,2,4,6,2,7,5,8,0,0,2,0,0,3,3,2,S001;S013,S002;S004;S005;S008;S010;S011;S014;S015,S003;S006;S007;S009;S012
3,"1|2,4,5,7|3,6,8,9",False,False,10,4,7,3.918458176871948,0.4202792323999,0.4646371091914355,3.3156817739304647,,0,0,0,4,2,4,6,2,7,5,8,0,0,2,0,0,3,3,2,S001;S013,S002;S004;S005;S008;S011;S015,S003;S006;S007;S009;S010;S012;S014
3,"1,8,9|2,4,5|3,6,7",False,False,10,5,6,3.387168287246749,0.14549726018900055,0.058131901813416056,1.4324646351621033,,0,0,0,4,3,4,6,3,6,6,7,0,1,2,0,0,2,4,1,S001;S009;S010;S012;S013;S014,S002;S004;S005;S011,S003;S006;S007;S008;S015
3,"1,8|2,4,5,9|3,6,7",False,False,9,5,7,3.8055948444089354,0.16130234922723677,0.2096002358756047,1.4939532248492826,,1,0,0,4,3,4,6,3,6,5,7,0,1,2,0,0,2,3,1,S001;S009;S012;S013,S002;S004;S005;S010;S011;S014,S003;S006;S007;S008;S015
3,"1,8|2,4,5|3,6,7,9",False,False,10,5,8,4.834498211129356,0.2922259698553347,0.27751389786953456,1.803494569866827,,0,0,0,4,3,4,6,3,6,5,8,0,1,2,0,0,2,3,2,S001;S009;S012;S013,S002;S004;S005;S011,S003;S006;S007;S008;S010;S014;S015
3,"1,9|2,4,5,8|3,6,7",False,False,11,6,5,3.119082955218959,0.1657819843963647,0.1273082959885697,1.5118985090868138,,0,0,0,5,3,4,6,3,6,6,7,1,1,2,0,0,2,4,1,S001;S010;S013;S014,S002;S004;S005;S009;S011;S012,S003;S006;S007;S008;S015
3,"1|2,4,5,8,9|3,6,7",False,False,9,5,4,2.090179588498538,0.46355152945008415,0.49738176952083346,3.7578095412076564,,0,0,0,5,3,4,6,3,6,5,6,1,1,2,0,0,2,3,0,S001;S013,S002;S004;S005;S009;S010;S011;S012;S014,S003;S006;S007;S008;S015
3,"1|2,4,5,8|3,6,7,9",False,False,10,6,5,3.119082955218959,0.4277661867965721,0.4749076121047089,3.44059527120728,,0,0,0,5,3,4,6,3,6,5,7,1,1,2,0,0,2,3,1,S001;S013,S002;S004;S005;S009;S011;S012,S003;S006;S007;S008;S010;S014;S015
3,"1,9|2,4,5|3,6,7,8",False,False,10,4,8,4.834498211129356,0.2962538454309855,0.23557266696045548,1.823667164289754,,0,0,0,4,2,4,6,2,6,6,8,0,0,2,0,0,2,4,2,S001;S010;S013;S014,S002;S004;S005;S011,S003;S006;S007;S008;S009;S012;S015
3,"1|2,4,5,9|3,6,7,8",False,False,8,4,7,3.8055948444089354,0.4288228253685477,0.46570459998834374,3.4542243656967067,,0,0,0,4,2,4,6,2,6,5,7,0,0,2,0,0,2,3,1,S001;S013,S002;S004;S005;S010;S011;S014,S003;S006;S007;S008;S009;S012;S015
3,"1|2,4,5|3,6,7,8,9",False,False,8,4,6,3.387168287246749,0.5783945579182325,0.5565494442333487,4.348333352981121,,0,0,0,4,2,4,6,2,6,5,7,0,0,2,0,0,2,3,1,S001;S013,S002;S004;S005;S011,S003;S006;S007;S008;S009;S010;S012;S014;S015
3,"1,6,7,8,9|2,4|3,5",False,False,11,5,6,3.3651283084109567,0.6404121004572513,0.49582459808532725,3.795264976544383,,0,0,0,4,3,4,6,3,6,6,8,0,1,2,0,0,2,4,2,S001;S006;S007;S008;S009;S010;S012;S013;S014;S015,S002;S004,S003;S005;S011
3,"1,6,7,8|2,4,9|3,5",False,False,11,5,7,3.783554865573143,0.3958527731930471,0.3177270675308153,2.58650607611945,,0,0,0,4,3,4,6,3,6,6,8,0,1,2,0,0,2,4,2,S001;S006;S007;S008;S009;S012;S013;S015,S002;S004;S010;S014,S003;S005;S011
3,"1,6,7,8|2,4|3,5,9",False,False,12,5,8,4.812458232293563,0.42348730722420685,0.27223403157811193,3.06330929065286,,0,0,0,4,3,4,6,3,6,6,9,0,1,2,0,0,2,4,3,S001;S006;S007;S008;S009;S012;S013;S015,S002;S004,S003;S005;S010;S011;S014
3,"1,6,7,9|2,4,8|3,5",False,False,12,6,6,3.3651283084109567,0.39271829776304146,0.3493174080862908,2.5770853585088696,,0,0,0,5,3,4,6,3,6,6,8,1,1,2,0,0,2,4,2,S001;S006;S007;S008;S010;S013;S014;S015,S002;S004;S009;S012,S003;S005;S011
3,"1,6,7|2,4,8,9|3,5",False,False,11,6,5,2.336224941690536,0.28869842395110923,0.2928019690087875,2.089824989416398,,0,0,0,5,3,4,6,3,6,6,7,1,1,2,0,0,2,4,1,S001;S006;S007;S008;S013;S015,S002;S004;S009;S010;S012;S014,S003;S005;S011
3,"1,6,7|2,4,8|3,5,9",False,False,12,6,6,3.3651283084109567,0.12130614925279001,0.0660082201923518,1.3310647046825734,,0,0,0,5,3,4,6,3,6,6,8,1,1,2,0,0,2,4,2,S001;S006;S007;S008;S013;S015,S002;S004;S009;S012,S003;S005;S010;S011;S014
3,"1,6,7,9|2,4|3,5,8",False,False,13,5,7,4.544372900265774,0.42096897845430625,0.299578594007792,3.0521519336114245,,0,0,0,4,4,4,6,4,6,6,9,0,2,2,0,0,2,4,3,S001;S006;S007;S008;S010;S013;S014;S015,S002;S004,S003;S005;S009;S011;S012
3,"1,6,7|2,4,9|3,5,8",False,False,12,5,6,3.515469533545353,0.12272049516734236,0.03287116248653955,1.339639499220548,,0,0,0,4,4,4,6,4,6,6,8,0,2,2,0,0,2,4,2,S001;S006;S007;S008;S013;S015,S002;S004;S010;S014,S003;S005;S009;S011;S012
3,"1,6,7|2,4|3,5,8,9",False,False,12,5,5,3.097042976383167,0.35913240002845676,0.2490177053258971,2.6594113131839827,,0,0,0,4,4,4,6,4,6,6,8,0,2,2,0,0,2,4,2,S001;S006;S007;S008;S013;S015,S002;S004,S003;S005;S009;S010;S011;S012;S014
3,"1,6,8,9|2,4,7|3,5",False,False,10,5,8,4.449748066497147,0.36540346798049994,0.3198544370244898,2.4907425141982817,,0,0,0,4,3,3,6,3,5,6,9,0,1,1,0,0,1,4,3,S001;S006;S007;S009;S010;S012;S013;S014,S002;S004;S008;S015,S003;S005;S011
3,"1,6,8|2,4,7,9|3,5",False,False,10,5,9,4.868174623659334,0.29624160185051324,0.3328170919118838,2.1761678337269856,,0,0,0,4,3,3,6,3,5,6,9,0,1,1,0,0,1,4,3,S001;S006;S007;S009;S012;S013,S002;S004;S008;S010;S014;S015,S003;S005;S011
3,"1,6,8|2,4,7|3,5,9",False,False,11,5,10,5.8970779903797546,0.08103919848585418,0.01090496766578224,1.2018910436171384,,0,0,0,4,3,3,6,3,5,6,10,0,1,1,0,0,1,4,4,S001;S006;S007;S009;S012;S013,S002;S004;S008;S015,S003;S005;S010;S011;S014
3,"1,6,9|2,4,7,8|3,5",False,False,10,5,8,4.449748066497147,0.2974102421772599,0.3051381821699885,2.185588551337566,,0,0,0,4,3,3,6,3,5,6,9,0,1,1,0,0,1,4,3,S001;S006;S007;S010;S013;S014,S002;S004;S008;S009;S012;S015,S003;S005;S011
3,"1,6|2,4,7,8,9|3,5",False,False,9,5,7,3.420844699776726,0.4745941459480028,0.5007372872950085,2.803615544166984,,0,0,0,4,3,3,6,3,5,6,8,0,1,1,0,0,1,4,2,S001;S006;S007;S013,S002;S004;S008;S009;S010;S012;S014;S015,S003;S005;S011
3,"1,6|2,4,7,8|3,5,9",False,False,10,5,8,4.449748066497147,0.22972633482404192,0.2609269982124881,1.7551152709129292,,0,0,0,4,3,3,6,3,5,6,9,0,1,1,0,0,1,4,3,S001;S006;S007;S013,S002;S004;S008;S009;S012;S015,S003;S005;S010;S011;S014
3,"1,6,9|2,4,7|3,5,8",False,False,12,5,9,5.628992658351965,0.07761117315138226,0.06926749488544522,1.1958449164870946,,0,0,0,4,4,3,6,4,5,6,10,0,2,1,0,0,1,4,4,S001;S006;S007;S010;S013;S014,S002;S004;S008;S015,S003;S005;S009;S011;S012
3,"1,6|2,4,7,9|3,5,8",False,False,11,5,8,4.600089291631544,0.22701666443988996,0.30475862686330446,1.7475500568056497,,0,0,0,4,4,3,6,4,5,6,9,0,2,1,0,0,1,4,3,S001;S006;S007;S013,S002;S004;S008;S010;S014;S015,S003;S005;S009;S011;S012
3,"1,6|2,4,7|3,5,8,9",False,False,11,5,7,4.1816627344693575,0.24823076045966436,0.24395375180038306,1.8032062529541177,,0,0,0,4,4,3,6,4,5,6,9,0,2,1,0,0,1,4,3,S001;S006;S007;S013,S002;S004;S008;S015,S003;S005;S009;S010;S011;S012;S014
3,"1,6,8,9|2,4|3,5,7",False,False,12,5,7,3.918458176871948,0.39958750792028763,0.2933639116047423,2.9498924262396726,,0,0,0,4,3,4,6,3,6,6,9,0,1,2,0,0,2,4,3,S001;S006;S007;S009;S010;S012;S013;S014,S002;S004,S003;S005;S008;S011;S015
3,"1,6,8|2,4,9|3,5,7",False,False,12,5,8,4.336884734034134,0.10037804754833386,0.06337495629669859,1.280596702568904,,0,0,0,4,3,4,6,3,6,6,9,0,1,2,0,0,2,4,3,S001;S006;S007;S009;S012;S013,S002;S004;S010;S014,S003;S005;S008;S011;S015
3,"1,6,8|2,4|3,5,7,9",False,False,12,5,9,5.365788100754555,0.36952895701975974,0.2825223206379913,2.7616708205557345,,0,0,0,4,3,4,6,3,6,6,9,0,1,2,0,0,2,4,3,S001;S006;S007;S009;S012;S013,S002;S004,S003;S005;S008;S010;S011;S014;S015
3,"1,6,9|2,4,8|3,5,7",False,False,13,6,7,3.918458176871948,0.09584757090684255,0.1058725137517818,1.2659990080698327,,0,0,0,5,3,4,6,3,6,6,9,1,1,2,0,0,2,4,3,S001;S006;S007;S010;S013;S014,S002;S004;S009;S012,S003;S005;S008;S011;S015
3,"1,6|2,4,8,9|3,5,7",False,False,12,6,6,2.889554810151527,0.2052795453858174,0.2508297446914556,1.6782132896035942,,0,0,0,5,3,4,6,3,6,6,8,1,1,2,0,0,2,4,2,S001;S006;S007;S013,S002;S004;S009;S010;S012;S014,S003;S005;S008;S011;S015
3,"1,6|2,4,8|3,5,7,9",False,False,12,6,7,3.918458176871948,0.27810413502788073,0.3045458812739878,1.8725430201561732,,0,0,0,5,3,4,6,3,6,6,8,1,1,2,0,0,2,4,2,S001;S006;S007;S013,S002;S004;S009;S012,S003;S005;S008;S010;S011;S014;S015
3,"1,6,9|2,4|3,5,7,8",False,False,13,5,8,5.097702768726766,0.3709320067730303,0.2575140200489306,2.77282817759717,,0,0,0,4,4,4,6,4,6,6,9,0,2,2,0,0,2,4,3,S001;S006;S007;S010;S013;S014,S002;S004,S003;S005;S008;S009;S011;S012;S015
3,"1,6|2,4,9|3,5,7,8",False,False,12,5,7,4.068799402006345,0.2815489461408709,0.2586960623292048,1.8801082342634527,,0,0,0,4,4,4,6,4,6,6,8,0,2,2,0,0,2,4,2,S001;S006;S007;S013,S002;S004;S010;S014,S003;S005;S008;S009;S011;S012;S015
3,"1,6|2,4|3,5,7,8,9",False,False,12,5,6,3.650372844844158,0.5449948497006453,0.444130457353341,3.5047838634886936,,0,0,0,4,4,4,6,4,6,6,8,0,2,2,0,0,2,4,2,S001;S006;S007;S013,S002;S004,S003;S005;S008;S009;S010;S011;S012;S014;S015
3,"1,7,8,9|2,4,6|3,5",False,False,14,5,6,3.1964215923229817,0.4178415817237648,0.33938728792714656,2.650486352560711,,0,0,0,4,3,5,6,3,7,6,9,0,1,3,0,0,3,4,3,S001;S008;S009;S010;S012;S013;S014;S015,S002;S004;S006;S007,S003;S005;S011
3,"1,7,8|2,4,6,9|3,5",False,False,14,5,7,3.614848149485168,0.2869768061710825,0.29123867888769106,2.0324593597312934,,0,0,0,4,3,5,6,3,7,6,9,0,1,3,0,0,3,4,3,S001;S008;S009;S012;S013;S015,S002;S004;S006;S007;S010;S014,S003;S005;S011
3,"1,7,8|2,4,6|3,5,9",False,False,15,5,8,4.643751516205589,0.15621011010958563,0.07552319924784187,1.453420849763458,,0,0,0,4,3,5,6,3,7,6,10,0,1,3,0,0,3,4,4,S001;S008;S009;S012;S013;S015,S002;S004;S006;S007,S003;S005;S010;S011;S014
3,"1,7,9|2,4,6,8|3,5",False,False,14,5,6,3.1964215923229817,0.28695125011912004,0.2746305707154279,2.0258447129751365,,0,0,0,5,2,5,6,2,7,6,9,1,0,3,0,0,3,4,3,S001;S008;S010;S013;S014;S015,S002;S004;S006;S007;S009;S012,S003;S005;S011
3,"1,7|2,4,6,8,9|3,5",False,False,13,5,5,2.167518225602561,0.41551471546632296,0.4429009883334613,2.6438717058045547,,0,0,0,5,2,5,6,2,7,6,8,1,0,3,0,0,3,4,2,S001;S008;S013;S015,S002;S004;S006;S007;S009;S010;S012;S014,S003;S005;S011
3,"1,7|2,4,6,8|3,5,9",False,False,14,5,6,3.1964215923229817,0.1530513329202169,0.21124254759280786,1.4418704029941656,,0,0,0,5,2,5,6,2,7,6,9,1,0,3,0,0,3,4,3,S001;S008;S013;S015,S002;S004;S006;S007;S009;S012,S003;S005;S010;S011;S014
3,"1,7,9|2,4,6|3,5,8",False,False,15,5,7,4.375666184177799,0.15330859270454864,0.1001061136688583,1.4466840521348148,,0,0,0,4,3,5,6,3,7,6,10,0,1,3,0,0,3,4,4,S001;S008;S010;S013;S014;S015,S002;S004;S006;S007,S003;S005;S009;S011;S012
3,"1,7|2,4,6,9|3,5,8",False,False,14,5,6,3.3467628174573782,0.15013761667378583,0.24505431138198971,1.435165321498697,,0,0,0,4,3,5,6,3,7,6,9,0,1,3,0,0,3,4,3,S001;S008;S013;S015,S002;S004;S006;S007;S010;S014,S003;S005;S009;S011;S012
3,"1,7|2,4,6|3,5,8,9",False,False,14,5,5,2.928336260295192,0.2363490948607091,0.24830072696136044,1.6057490821266207,,0,0,0,4,3,5,6,3,7,6,9,0,1,3,0,0,3,4,3,S001;S008;S013;S015,S002;S004;S006;S007,S003;S005;S009;S010;S011;S012;S014
3,"1,8,9|2,4,6,7|3,5",False,False,11,5,6,3.218461571158774,0.2900910023323545,0.2884829545171539,2.1121875572857243,,0,0,0,4,3,4,6,3,6,6,8,0,1,2,0,0,2,4,2,S001;S009;S010;S012;S013;S014,S002;S004;S006;S007;S008;S015,S003;S005;S011
3,"1,8|2,4,6,7,9|3,5",False,False,10,5,7,3.6368881283209604,0.44674883561029205,0.4519688015940095,2.7302145501151425,,0,0,0,4,3,4,6,3,6,5,8,0,1,2,0,0,2,3,2,S001;S009;S012;S013,S002;S004;S006;S007;S008;S010;S014;S015,S003;S005;S011
3,"1,8|2,4,6,7|3,5,9",False,False,11,5,8,4.665791495041381,0.194413520693221,0.2016721112153319,1.601757430908989,,0,0,0,4,3,4,6,3,6,5,9,0,1,2,0,0,2,3,3,S001;S009;S012;S013,S002;S004;S006;S007;S008;S015,S003;S005;S010;S011;S014
3,"1,9|2,4,6,7,8|3,5",False,False,10,4,6,3.218461571158774,0.45026145395272954,0.3984863683483449,2.7396352677257223,,0,0,0,4,2,4,6,2,6,6,8,0,0,2,0,0,2,4,2,S001;S010;S013;S014,S002;S004;S006;S007;S008;S009;S012;S015,S003;S005;S011
3,"1|2,4,6,7,8,9|3,5",False,False,8,4,5,2.1895582044383533,0.7076118062624335,0.7102128364055642,4.857580717767568,,0,0,0,4,2,4,6,2,6,5,7,0,0,2,0,0,2,3,1,S001;S013,S002;S004;S006;S007;S008;S009;S010;S012;S014;S015,S003;S005;S011
3,"1|2,4,6,7,8|3,5,9",False,False,9,4,6,3.218461571158774,0.4976473488229063,0.49261451945525025,3.963471730483153,,0,0,0,4,2,4,6,2,6,5,8,0,0,2,0,0,2,3,2,S001;S013,S002;S004;S006;S007;S008;S009;S012;S015,S003;S005;S010;S011;S014
3,"1,9|2,4,6,7|3,5,8",False,False,12,5,7,4.397706163013591,0.19616652158506953,0.18295555765236052,1.6132829046391455,,0,0,0,4,3,4,6,3,6,6,9,0,1,2,0,0,2,4,3,S001;S010;S013;S014,S002;S004;S006;S007;S008;S015,S003;S005;S009;S011;S012
3,"1|2,4,6,7,9|3,5,8",False,False,10,5,6,3.3688027962931706,0.49516332270923014,0.5316372450452364,3.949842635993726,,0,0,0,4,3,4,6,3,6,5,8,0,1,2,0,0,2,3,2,S001;S013,S002;S004;S006;S007;S008;S010;S014;S015,S003;S005;S009;S011;S012
3,"1|2,4,6,7|3,5,8,9",False,False,10,5,5,2.9503762391309842,0.41793838127925614,0.4538103006980543,3.24856217642121,,0,0,0,4,3,4,6,3,6,5,8,0,1,2,0,0,2,3,2,S001;S013,S002;S004;S006;S007;S008;S015,S003;S005;S009;S010;S011;S012;S014
3,"1,8,9|2,4,6|3,5,7",False,False,14,5,6,3.218461571158774,0.13122000076065934,0.060725905985960914,1.384939894964814,,0,0,0,4,3,5,6,3,7,6,9,0,1,3,0,0,3,4,3,S001;S009;S010;S012;S013;S014,S002;S004;S006;S007,S003;S005;S008;S011;S015
3,"1,8|2,4,6,9|3,5,7",False,False,13,5,7,3.6368881283209604,0.1697545427182347,0.21489312298846894,1.5291360406406653,,0,0,0,4,3,5,6,3,7,5,9,0,1,3,0,0,3,3,3,S001;S009;S012;S013,S002;S004;S006;S007;S010;S014,S003;S005;S008;S011;S015
3,"1,8|2,4,6|3,5,7,9",False,False,13,5,8,4.665791495041381,0.2733062975946271,0.26768047365864306,1.7683117540754443,,0,0,0,4,3,5,6,3,7,5,9,0,1,3,0,0,3,3,3,S001;S009;S012;S013,S002;S004;S006;S007,S003;S005;S008;S010;S011;S014;S015
3,"1,9|2,4,6,8|3,5,7",False,False,14,5,6,3.218461571158774,0.17431207216971373,0.1471272372861176,1.5473344834472356,,0,0,0,5,2,5,6,2,7,6,9,1,0,3,0,0,3,4,3,S001;S010;S013;S014,S002;S004;S006;S007;S009;S012,S003;S005;S008;S011;S015
3,"1|2,4,6,8,9|3,5,7",False,False,12,5,5,2.1895582044383533,0.4738459387177915,0.5124577504337732,3.8249291387169113,,0,0,0,5,2,5,6,2,7,5,8,1,0,3,0,0,3,3,2,S001;S013,S002;S004;S006;S007;S009;S010;S012;S014,S003;S005;S008;S011;S015
3,"1|2,4,6,8|3,5,7,9",False,False,12,5,6,3.218461571158774,0.42324463574870375,0.46899377265865805,3.373475673698025,,0,0,0,5,2,5,6,2,7,5,8,1,0,3,0,0,3,3,2,S001;S013,S002;S004;S006;S007;S009;S012,S003;S005;S008;S010;S011;S014;S015
3,"1,9|2,4,6|3,5,7,8",False,False,14,5,7,4.397706163013591,0.2774234678847244,0.21032228980264794,1.7882311899293322,,0,0,0,4,3,5,6,3,7,6,9,0,1,3,0,0,3,4,3,S001;S010;S013;S014,S002;S004;S006;S007,S003;S005;S008;S009;S011;S012;S015
3,"1|2,4,6,9|3,5,7,8",False,False,12,5,6,3.3688027962931706,0.42407001330881,0.45893558878005497,3.3871047681874513,,0,0,0,4,3,5,6,3,7,5,8,0,1,3,0,0,3,3,2,S001;S013,S002;S004;S006;S007;S010;S014,S003;S005;S008;S009;S011;S012;S015
3,"1|2,4,6|3,5,7,8,9",False,False,12,5,5,2.9503762391309842,0.5630175691750996,0.5396764262811159,4.2812137554718666,,0,0,0,4,3,5,6,3,7,5,8,0,1,3,0,0,3,3,2,S001;S013,S002;S004;S006;S007,S003;S005;S008;S009;S010;S011;S012;S014;S015
3,"1,7,8,9|2,4|3,5,6",False,False,12,5,6,3.3651283084109567,0.4414631159518974,0.31241560145079167,3.139083856601339,,0,0,0,4,3,4,6,3,7,6,8,0,1,2,0,0,3,4,2,S001;S008;S009;S010;S012;S013;S014;S015,S002;S004,S003;S005;S006;S007;S011
3,"1,7,8|2,4,9|3,5,6",False,False,12,5,7,3.783554865573143,0.14851805443650926,0.10238980664007512,1.389832424881441,,0,0,0,4,3,4,6,3,7,6,8,0,1,2,0,0,3,4,2,S001;S008;S009;S012;S013;S015,S002;S004;S010;S014,S003;S005;S006;S007;S011
3,"1,7,8|2,4|3,5,6,9",False,False,13,5,8,4.812458232293563,0.3539715581004774,0.2611723091922718,2.5724793901940686,,0,0,0,4,3,4,6,3,7,6,9,0,1,2,0,0,3,4,3,S001;S008;S009;S012;S013;S015,S002;S004,S003;S005;S006;S007;S010;S011;S014
3,"1,7,9|2,4,8|3,5,6",False,False,12,5,6,3.3651283084109567,0.14427196714063587,0.13313951546286787,1.3745355319222001,,0,0,0,5,2,4,6,2,7,6,8,1,0,2,0,0,3,4,2,S001;S008;S010;S013;S014;S015,S002;S004;S009;S012,S003;S005;S006;S007;S011
3,"1,7|2,4,8,9|3,5,6",False,False,11,5,5,2.336224941690536,0.17472747125644622,0.25922118530928134,1.4874075887346065,,0,0,0,5,2,4,6,2,7,6,7,1,0,2,0,0,3,4,1,S001;S008;S013;S015,S002;S004;S009;S010;S012;S014,S003;S005;S006;S007;S011
3,"1,7|2,4,8|3,5,6,9",False,False,12,5,6,3.3651283084109567,0.20614136213154305,0.27317483373812945,1.54594711745856,,0,0,0,5,2,4,6,2,7,6,8,1,0,2,0,0,3,4,2,S001;S008;S013;S015,S002;S004;S009;S012,S003;S005;S006;S007;S010;S011;S014
3,"1,7,9|2,4|3,5,6,8",False,False,13,5,7,4.544372900265774,0.35443805480849244,0.24124573521504064,2.5836367472355044,,0,0,0,4,3,4,6,3,7,6,9,0,1,2,0,0,3,4,3,S001;S008;S010;S013;S014;S015,S002;S004,S003;S005;S006;S007;S009;S011;S012
3,"1,7|2,4,9|3,5,6,8",False,False,12,5,6,3.515469533545353,0.20992366213643812,0.23057060861580028,1.552652198954028,,0,0,0,4,3,4,6,3,7,6,8,0,1,2,0,0,3,4,2,S001;S008;S013;S015,S002;S004;S010;S014,S003;S005;S006;S007;S009;S011;S012
3,"1,7|2,4|3,5,6,8,9",False,False,12,5,5,3.097042976383167,0.4884463889271218,0.41461363865646417,3.3155924331270277,,0,0,0,4,3,4,6,3,7,6,8,0,1,2,0,0,3,4,2,S001;S008;S013;S015,S002;S004,S003;S005;S006;S007;S009;S010;S011;S012;S014
3,"1,8,9|2,4,7|3,5,6",False,False,10,5,7,3.918458176871948,0.10661285970462758,0.10130036023062292,1.2462275280316564,,0,0,0,4,3,3,6,3,6,6,8,0,1,1,0,0,2,4,2,S001;S009;S010;S012;S013;S014,S002;S004;S008;S015,S003;S005;S006;S007;S011
3,"1,8|2,4,7,9|3,5,6",False,False,9,5,8,4.336884734034134,0.2149461891364215,0.29397165067972925,1.6502762676325118,,0,0,0,4,3,3,6,3,6,5,8,0,1,1,0,0,2,3,2,S001;S009;S012;S013,S002;S004;S008;S010;S014;S015,S003;S005;S006;S007;S011
3,"1,8|2,4,7|3,5,6,9",False,False,10,5,9,5.365788100754555,0.21355631426776384,0.22104748637085717,1.647171527083598,,0,0,0,4,3,3,6,3,6,5,9,0,1,1,0,0,2,3,3,S001;S009;S012;S013,S002;S004;S008;S015,S003;S005;S006;S007;S010;S011;S014
3,"1,9|2,4,7,8|3,5,6",False,False,9,4,7,3.918458176871948,0.21937222787991326,0.2314729916412447,1.669346377070319,,0,0,0,4,2,3,6,2,6,6,8,0,0,1,0,0,2,4,2,S001;S010;S013;S014,S002;S004;S008;S009;S012;S015,S003;S005;S006;S007;S011
3,"1|2,4,7,8,9|3,5,6",False,False,7,4,6,2.889554810151527,0.515273806530338,0.5723091767620947,4.056032962983984,,0,0,0,4,2,3,6,2,6,5,7,0,0,1,0,0,2,3,1,S001;S013,S002;S004;S008;S009;S010;S012;S014;S015,S003;S005;S006;S007;S011
3,"1|2,4,7,8|3,5,6,9",False,False,8,4,7,3.918458176871948,0.41669875372375176,0.464640360199208,3.161923975699569,,0,0,0,4,2,3,6,2,6,5,8,0,0,1,0,0,2,3,2,S001;S013,S002;S004;S008;S009;S012;S015,S003;S005;S006;S007;S010;S011;S014
3,"1,9|2,4,7|3,5,6,8",False,False,11,5,8,5.097702768726766,0.21798975017608496,0.16630722414111576,1.6662192963062488,,0,0,0,4,3,3,6,3,6,6,9,0,1,1,0,0,2,4,3,S001;S010;S013;S014,S002;S004;S008;S015,S003;S005;S006;S007;S009;S011;S012
3,"1|2,4,7,9|3,5,6,8",False,False,9,5,7,4.068799402006345,0.4166878604332044,0.4731597973624941,3.156000943920379,,0,0,0,4,3,3,6,3,6,5,8,0,1,1,0,0,2,3,2,S001;S013,S002;S004;S008;S010;S014;S015,S003;S005;S006;S007;S009;S011;S012
3,"1|2,4,7|3,5,6,8,9",False,False,9,5,6,3.650372844844158,0.5141078560501301,0.4961611309449564,4.050109931204794,,0,0,0,4,3,3,6,3,6,5,8,0,1,1,0,0,2,3,2,S001;S013,S002;S004;S008;S015,S003;S005;S006;S007;S009;S010;S011;S012;S014
3,"1,8,9|2,4|3,5,6,7",False,False,12,5,6,3.387168287246749,0.36138811136574567,0.22543611267091038,2.685896254607256,,0,0,0,4,3,4,6,3,7,6,8,0,1,2,0,0,3,4,2,S001;S009;S010;S012;S013;S014,S002;S004,S003;S005;S006;S007;S008;S011;S015
3,"1,8|2,4,9|3,5,6,7",False,False,11,5,7,3.8055948444089354,0.24819974434970754,0.1822331768894053,1.7197929173519217,,0,0,0,4,3,4,6,3,7,5,8,0,1,2,0,0,3,3,2,S001;S009;S012;S013,S002;S004;S010;S014,S003;S005;S006;S007;S008;S011;S015
3,"1,8|2,4|3,5,6,7,9",False,False,11,5,8,4.834498211129356,0.5183388668205828,0.43534486736823935,3.417851940498779,,0,0,0,4,3,4,6,3,7,5,8,0,1,2,0,0,3,3,2,S001;S009;S012;S013,S002;S004,S003;S005;S006;S007;S008;S010;S011;S014;S015
3,"1,9|2,4,8|3,5,6,7",False,False,12,5,6,3.387168287246749,0.24888282819458385,0.16692880190675904,1.7321677174981587,,0,0,0,5,2,4,6,2,7,6,8,1,0,2,0,0,3,4,2,S001;S010;S013;S014,S002;S004;S009;S012,S003;S005;S006;S007;S008;S011;S015
3,"1|2,4,8,9|3,5,6,7",False,False,10,5,5,2.358264920526328,0.4189173751353486,0.44891194457940153,3.2809144411971936,,0,0,0,5,2,4,6,2,7,5,7,1,0,2,0,0,3,3,1,S001;S013,S002;S004;S009;S010;S012;S014,S003;S005;S006;S007;S008;S011;S015
3,"1|2,4,8|3,5,6,7,9",False,False,10,5,6,3.387168287246749,0.5397130306664627,0.5575213899975281,4.175023428481609,,0,0,0,5,2,4,6,2,7,5,7,1,0,2,0,0,3,3,1,S001;S013,S002;S004;S009;S012,S003;S005;S006;S007;S008;S010;S011;S014;S015
3,"1,9|2,4|3,5,6,7,8",False,False,12,5,7,4.566412879101566,0.521700271938685,0.38679553651913623,3.4290092975402144,,0,0,0,4,3,4,6,3,7,6,8,0,1,2,0,0,3,4,2,S001;S010;S013;S014,S002;S004,S003;S005;S006;S007;S008;S009;S011;S012;S015
3,"1|2,4,9|3,5,6,7,8",False,False,10,5,6,3.5375095123811455,0.5426293387574572,0.514036411497326,4.188652522971035,,0,0,0,4,3,4,6,3,7,5,7,0,1,2,0,0,3,3,1,S001;S013,S002;S004;S010;S014,S003;S005;S006;S007;S008;S009;S011;S012;S015
3,"1|2,4|3,5,6,7,8,9",False,False,10,5,5,3.119082955218959,0.7699300919711083,0.6807122900778315,5.08276151025545,,0,0,0,4,3,4,6,3,7,5,7,0,1,2,0,0,3,3,1,S001;S013,S002;S004,S003;S005;S006;S007;S008;S009;S010;S011;S012;S014;S015
3,"1,5,6,7,8,9|2|3,4",False,False,12,5,5,3.097042976383167,0.8614202714220276,0.6746720365331774,8.949553958321946,,0,0,0,4,3,4,6,3,6,6,9,0,1,2,0,0,2,4,3,S001;S005;S006;S007;S008;S009;S010;S011;S012;S013;S014;S015,S002,S003;S004
3,"1,5,6,7,8|2,9|3,4",False,False,12,5,7,4.441596487255191,0.5935335176015422,0.3821167050878942,3.3562547128130578,,0,0,0,4,3,4,6,3,6,6,9,0,1,2,0,0,2,4,3,S001;S005;S006;S007;S008;S009;S011;S012;S013;S015,S002;S010;S014,S003;S004
3,"1,5,6,7,8|2|3,4,9",False,False,12,5,6,3.618245946555936,0.6527262710070416,0.5101875895651985,7.459578251952732,,0,0,0,4,3,4,6,3,6,6,9,0,1,2,0,0,2,4,3,S001;S005;S006;S007;S008;S009;S011;S012;S013;S015,S002,S003;S004;S010;S014
3,"1,5,6,7,9|2,8|3,4",False,False,13,6,7,4.291255262120795,0.5896881398666741,0.45178771195499323,3.346035995894891,,0,0,0,5,3,4,6,3,6,6,9,1,1,2,0,0,2,4,3,S001;S005;S006;S007;S008;S010;S011;S013;S014;S015,S002;S009;S012,S003;S004
3,"1,5,6,7|2,8,9|3,4",False,False,13,6,6,3.262351895400374,0.3748554571571216,0.21480927932507818,2.6756578836779474,,0,0,0,5,3,4,6,3,6,6,9,1,1,2,0,0,2,4,3,S001;S005;S006;S007;S008;S011;S013;S015,S002;S009;S010;S012;S014,S003;S004
3,"1,5,6,7|2,8|3,4,9",False,False,13,6,6,3.3651283084109567,0.3507313539250156,0.21578792492266086,2.3667447685078207,,0,0,0,5,3,4,6,3,6,6,9,1,1,2,0,0,2,4,3,S001;S005;S006;S007;S008;S011;S013;S015,S002;S009;S012,S003;S004;S010;S014
3,"1,5,6,7,9|2|3,4,8",False,False,11,4,7,3.8863312785837256,0.6500970201793251,0.5403558844802788,7.436866233644167,,0,0,0,4,2,4,6,2,6,6,9,0,0,2,0,0,2,4,3,S001;S005;S006;S007;S008;S010;S011;S013;S014;S015,S002,S003;S004;S009;S012
3,"1,5,6,7|2,9|3,4,8",False,False,11,4,7,3.783554865573143,0.3523307645187914,0.15935889511791354,2.388332750421279,,0,0,0,4,2,4,6,2,6,6,9,0,0,2,0,0,2,4,3,S001;S005;S006;S007;S008;S011;S013;S015,S002;S010;S014,S003;S004;S009;S012
3,"1,5,6,7|2|3,4,8,9",False,False,11,4,5,2.4390013547011185,0.5377547725993624,0.4533051913052308,5.946890527274953,,0,0,0,4,2,4,6,2,6,6,9,0,0,2,0,0,2,4,3,S001;S005;S006;S007;S008;S011;S013;S015,S002,S003;S004;S009;S010;S012;S014
3,"1,5,6,8,9|2,7|3,4",False,False,12,5,7,4.1816627344693575,0.5549569387601299,0.4052846764831413,3.2523793212772025,,0,0,0,4,3,3,6,3,6,6,10,0,1,1,0,0,2,4,4,S001;S005;S006;S007;S009;S010;S011;S012;S013;S014,S002;S008;S015,S003;S004
3,"1,5,6,8|2,7,9|3,4",False,False,12,5,9,5.526216245341383,0.3547985188806444,0.2507063924109418,2.582001209060259,,0,0,0,4,3,3,6,3,6,6,10,0,1,1,0,0,2,4,4,S001;S005;S006;S007;S009;S011;S012;S013,S002;S008;S010;S014;S015,S003;S004
3,"1,5,6,8|2,7|3,4,9",False,False,12,5,8,4.702865704642127,0.3095443765198858,0.21497920145464844,2.109169601706382,,0,0,0,4,3,3,6,3,6,6,10,0,1,1,0,0,2,4,4,S001;S005;S006;S007;S009;S011;S012;S013,S002;S008;S015,S003;S004;S010;S014
3,"1,5,6,9|2,7,8|3,4",False,False,12,5,9,5.375875020206985,0.352842141636399,0.27020733299321353,2.571782492142092,,0,0,0,4,3,3,6,3,6,6,10,0,1,1,0,0,2,4,4,S001;S005;S006;S007;S010;S011;S013;S014,S002;S008;S009;S012;S015,S003;S004
3,"1,5,6|2,7,8,9|3,4",False,False,11,5,8,4.346971653486564,0.353482278194878,0.31253661878517236,2.5751539770120315,,0,0,0,4,3,3,6,3,6,6,9,0,1,1,0,0,2,4,3,S001;S005;S006;S007;S011;S013,S002;S008;S009;S010;S012;S014;S015,S003;S004
3,"1,5,6|2,7,8|3,4,9",False,False,11,5,8,4.449748066497147,0.06009803284907856,0.07618849242980323,1.1403261637971593,,0,0,0,4,3,3,6,3,6,6,9,0,1,1,0,0,2,4,3,S001;S005;S006;S007;S011;S013,S002;S008;S009;S012;S015,S003;S004;S010;S014
3,"1,5,6,9|2,7|3,4,8",False,False,11,4,9,4.970951036669916,0.30655347475475836,0.2514118795894696,2.1008221977560626,,0,0,0,4,2,3,6,2,6,6,10,0,0,1,0,0,2,4,4,S001;S005;S006;S007;S010;S011;S013;S014,S002;S008;S015,S003;S004;S009;S012
3,"1,5,6|2,7,9|3,4,8",False,False,10,4,9,4.868174623659334,0.05615601024644403,0.12029102347894641,1.1313863902169048,,0,0,0,4,2,3,6,2,6,6,9,0,0,1,0,0,2,4,3,S001;S005;S006;S007;S011;S013,S002;S008;S010;S014;S015,S003;S004;S009;S012
3,"1,5,6|2,7|3,4,8,9",False,False,10,4,7,3.5236211127873087,0.25369846078106695,0.22818708685958197,1.920450255125141,,0,0,0,4,2,3,6,2,6,6,9,0,0,1,0,0,2,4,3,S001;S005;S006;S007;S011;S013,S002;S008;S015,S003;S004;S009;S010;S012;S014
3,"1,5,6,8,9|2|3,4,7",False,False,10,5,6,3.650372844844158,0.6270385770337192,0.5172225860420324,7.228705842699716,,0,0,0,4,3,3,6,3,5,6,9,0,1,1,0,0,1,4,3,S001;S005;S006;S007;S009;S010;S011;S012;S013;S014,S002,S003;S004;S008;S015
3,"1,5,6,8|2,9|3,4,7",False,False,10,5,8,4.994926355716183,0.3274879324482717,0.19285648049076787,2.304733384205782,,0,0,0,4,3,3,6,3,5,6,9,0,1,1,0,0,1,4,3,S001;S005;S006;S007;S009;S011;S012;S013,S002;S010;S014,S003;S004;S008;S015
3,"1,5,6,8|2|3,4,7,9",False,False,10,5,7,4.1715758150169275,0.5337150087421692,0.4705493091983745,5.738730136330501,,0,0,0,4,3,3,6,3,5,6,9,0,1,1,0,0,1,4,3,S001;S005;S006;S007;S009;S011;S012;S013,S002,S003;S004;S008;S010;S014;S015
3,"1,5,6,9|2,8|3,4,7",False,False,11,6,8,4.844585130581786,0.3229259555193011,0.2751994679722858,2.2748621175179835,,0,0,0,5,3,3,6,3,5,6,9,1,1,1,0,0,1,4,3,S001;S005;S006;S007;S010;S011;S013;S014,S002;S009;S012,S003;S004;S008;S015
3,"1,5,6|2,8,9|3,4,7",False,False,10,6,7,3.8156817638613654,0.029991674181712558,0.05659212439232775,1.0716644357209426,,0,0,0,5,3,3,6,3,5,6,8,1,1,1,0,0,1,4,2,S001;S005;S006;S007;S011;S013,S002;S009;S010;S012;S014,S003;S004;S008;S015
3,"1,5,6|2,8|3,4,7,9",False,False,10,6,7,3.918458176871948,0.295345874690902,0.29314340430730573,2.162391209773069,,0,0,0,5,3,3,6,3,5,6,8,1,1,1,0,0,1,4,2,S001;S005;S006;S007;S011;S013,S002;S009;S012,S003;S004;S008;S010;S014;S015
3,"1,5,6,9|2|3,4,7,8",False,False,9,4,8,4.439661147044717,0.5334714457884667,0.47232292029541517,5.716018118021936,,0,0,0,4,2,3,6,2,5,6,9,0,0,1,0,0,1,4,3,S001;S005;S006;S007;S010;S011;S013;S014,S002,S003;S004;S008;S009;S012;S015
3,"1,5,6|2,9|3,4,7,8",False,False,8,4,8,4.336884734034134,0.299894034223936,0.22603105810611013,2.191236586405254,,0,0,0,4,2,3,6,2,5,6,8,0,0,1,0,0,1,4,2,S001;S005;S006;S007;S011;S013,S002;S010;S014,S003;S004;S008;S009;S012;S015
3,"1,5,6|2|3,4,7,8,9",False,False,8,4,6,2.9923312231621098,0.5990104138503899,0.5486100647194231,6.946101573425703,,0,0,0,4,2,3,6,2,5,6,8,0,0,1,0,0,1,4,2,S001;S005;S006;S007;S011;S013,S002,S003;S004;S008;S009;S010;S012;S014;S015
3,"1,5,7,8,9|2,6|3,4",False,False,16,5,6,3.628332866008366,0.6199096970988152,0.4367189860339192,3.4256545568934103,,0,0,0,4,4,5,6,4,7,6,10,0,2,3,0,0,3,4,4,S001;S005;S008;S009;S010;S011;S012;S013;S014;S015,S002;S006;S007,S003;S004
3,"1,5,7,8|2,6,9|3,4",False,False,16,5,8,4.972886376880391,0.394610599562385,0.247571663590653,2.755276444676467,,0,0,0,4,4,5,6,4,7,6,10,0,2,3,0,0,3,4,4,S001;S005;S008;S009;S011;S012;S013;S015,S002;S006;S007;S010;S014,S003;S004
3,"1,5,7,8|2,6|3,4,9",False,False,16,5,7,4.149535836181135,0.38586384064614415,0.2560657642261961,2.6218160449716814,,0,0,0,4,4,5,6,4,7,6,10,0,2,3,0,0,3,4,4,S001;S005;S008;S009;S011;S012;S013;S015,S002;S006;S007,S003;S004;S010;S014
3,"1,5,7,9|2,6,8|3,4",False,False,16,6,8,4.822545151745993,0.391949844216628,0.2784250006391194,2.7450577277583004,,0,0,0,5,3,5,6,3,7,6,10,1,1,3,0,0,3,4,4,S001;S005;S008;S010;S011;S013;S014;S015,S002;S006;S007;S009;S012,S003;S004
3,"1,5,7|2,6,8,9|3,4",False,False,16,6,7,3.793641785025573,0.3280267246318128,0.2840505505575461,2.401878741395824,,0,0,0,5,3,5,6,3,7,6,10,1,1,3,0,0,3,4,4,S001;S005;S008;S011;S013;S015,S002;S006;S007;S009;S010;S012;S014,S003;S004
3,"1,5,7|2,6,8|3,4,9",False,False,16,6,7,3.8964181980361556,0.09747425723330805,0.05393475060162061,1.2420419067799087,,0,0,0,5,3,5,6,3,7,6,10,1,1,3,0,0,3,4,4,S001;S005;S008;S011;S013;S015,S002;S006;S007;S009;S012,S003;S004;S010;S014
3,"1,5,7,9|2,6|3,4,8",False,False,15,5,8,4.417621168208925,0.38300652599821394,0.2897893957419984,2.6120923034477275,,0,0,0,4,3,5,6,3,7,6,10,0,1,3,0,0,3,4,4,S001;S005;S008;S010;S011;S013;S014;S015,S002;S006;S007,S003;S004;S009;S012
3,"1,5,7|2,6,9|3,4,8",False,False,15,5,8,4.314844755198342,0.09693900746221168,0.08565445879678166,1.2344897833759774,,0,0,0,4,3,5,6,3,7,6,10,0,1,3,0,0,3,4,4,S001;S005;S008;S011;S013;S015,S002;S006;S007;S010;S014,S003;S004;S009;S012
3,"1,5,7|2,6|3,4,8,9",False,False,15,5,6,2.9702912443263174,0.30634005431817873,0.2622936077675257,2.237098144715184,,0,0,0,4,3,5,6,3,7,6,10,0,1,3,0,0,3,4,4,S001;S005;S008;S011;S013;S015,S002;S006;S007,S003;S004;S009;S010;S012;S014
3,"1,5,8,9|2,6,7|3,4",False,False,14,5,6,3.650372844844158,0.36930951603637846,0.23387548623918608,2.651401053140612,,0,0,0,4,4,4,6,4,7,6,9,0,2,2,0,0,3,4,3,S001;S005;S009;S010;S011;S012;S013;S014,S002;S006;S007;S008;S015,S003;S004
3,"1,5,8|2,6,7,9|3,4",False,False,13,5,8,4.994926355716183,0.3398332590949397,0.3130220398329737,2.495535416013512,,0,0,0,4,4,4,6,4,7,5,9,0,2,2,0,0,3,3,3,S001;S005;S009;S011;S012;S013,S002;S006;S007;S008;S010;S014;S015,S003;S004
3,"1,5,8|2,6,7|3,4,9",False,False,13,5,7,4.1715758150169275,0.06947089971480384,0.03725109881439044,1.1859727605592447,,0,0,0,4,4,4,6,4,7,5,9,0,2,2,0,0,3,3,3,S001;S005;S009;S011;S012;S013,S002;S006;S007;S008;S015,S003;S004;S010;S014
3,"1,5,9|2,6,7,8|3,4",False,False,13,5,8,4.844585130581786,0.3414078517158706,0.26591792218694177,2.5057541329316786,,0,0,0,4,3,4,6,3,7,6,9,0,1,2,0,0,3,4,3,S001;S005;S010;S011;S013;S014,S002;S006;S007;S008;S009;S012;S015,S003;S004
3,"1,5|2,6,7,8,9|3,4",False,False,12,5,7,3.8156817638613654,0.5274502872562554,0.5121855885839115,3.1761322451486222,,0,0,0,4,3,4,6,3,7,5,9,0,1,2,0,0,3,3,3,S001;S005;S011;S013,S002;S006;S007;S008;S009;S010;S012;S014;S015,S003;S004
3,"1,5|2,6,7,8|3,4,9",False,False,12,5,7,3.918458176871948,0.27616967242277735,0.3217207699143333,1.9268715924854487,,0,0,0,4,3,4,6,3,7,5,9,0,1,2,0,0,3,3,3,S001;S005;S011;S013,S002;S006;S007;S008;S009;S012;S015,S003;S004;S010;S014
3,"1,5,9|2,6,7|3,4,8",False,False,13,5,8,4.439661147044717,0.06490040378968123,0.024399376167847733,1.1726811510287933,,0,0,0,4,3,4,6,3,7,6,9,0,1,2,0,0,3,4,3,S001;S005;S010;S011;S013;S014,S002;S006;S007;S008;S015,S003;S004;S009;S012
3,"1,5|2,6,7,9|3,4,8",False,False,12,5,8,4.336884734034134,0.2730986401372699,0.35897212286123803,1.9190136166838767,,0,0,0,4,3,4,6,3,7,5,9,0,1,2,0,0,3,3,3,S001;S005;S011;S013,S002;S006;S007;S008;S010;S014;S015,S003;S004;S009;S012
3,"1,5|2,6,7|3,4,8,9",False,False,12,5,6,2.9923312231621098,0.23493852099138607,0.3021080431266982,1.8078496886828965,,0,0,0,4,3,4,6,3,7,5,9,0,1,2,0,0,3,3,3,S001;S005;S011;S013,S002;S006;S007;S008;S015,S003;S004;S009;S010;S012;S014
3,"1,5,8,9|2,6|3,4,7",False,False,13,5,6,3.650372844844158,0.3584760922811291,0.24221467685639972,2.5229721816879738,,0,0,0,4,4,4,6,4,6,6,9,0,2,2,0,0,2,4,3,S001;S005;S009;S010;S011;S012;S013;S014,S002;S006;S007,S003;S004;S008;S015
3,"1,5,8|2,6,9|3,4,7",False,False,12,5,8,4.994926355716183,0.061387439905088645,0.06900439532814696,1.150899760703239,,0,0,0,4,4,4,6,4,6,5,9,0,2,2,0,0,2,3,3,S001;S005;S009;S011;S012;S013,S002;S006;S007;S010;S014,S003;S004;S008;S015
3,"1,5,8|2,6|3,4,7,9",False,False,12,5,7,4.1715758150169275,0.317451748019161,0.2930868646538936,2.3262182664749376,,0,0,0,4,4,4,6,4,6,5,9,0,2,2,0,0,2,3,3,S001;S005;S009;S011;S012;S013,S002;S006;S007,S003;S004;S008;S010;S014;S015
3,"1,5,9|2,6,8|3,4,7",False,False,13,6,8,4.844585130581786,0.05708181793186498,0.012756818494770658,1.138205895391505,,0,0,0,5,3,4,6,3,6,6,9,1,1,2,0,0,2,4,3,S001;S005;S010;S011;S013;S014,S002;S006;S007;S009;S012,S003;S004;S008;S015
3,"1,5|2,6,8,9|3,4,7",False,False,12,6,7,3.8156817638613654,0.2471214315690869,0.32493511470572684,1.8469936274136856,,0,0,0,5,3,4,6,3,6,5,9,1,1,2,0,0,2,3,3,S001;S005;S011;S013,S002;S006;S007;S009;S010;S012;S014,S003;S004;S008;S015
3,"1,5|2,6,8|3,4,7,9",False,False,12,6,7,3.918458176871948,0.25846182890782327,0.33132529773018765,1.8798696779530877,,0,0,0,5,3,4,6,3,6,5,9,1,1,2,0,0,2,3,3,S001;S005;S011;S013,S002;S006;S007;S009;S012,S003;S004;S008;S010;S014;S015
3,"1,5,9|2,6|3,4,7,8",False,False,12,5,8,4.439661147044717,0.3189737134798916,0.265909964422308,2.3359420079988915,,0,0,0,4,3,4,6,3,6,6,9,0,1,2,0,0,2,4,3,S001;S005;S010;S011;S013;S014,S002;S006;S007,S003;S004;S008;S009;S012;S015
3,"1,5|2,6,9|3,4,7,8",False,False,11,5,8,4.336884734034134,0.2613067515637556,0.3130924030856607,1.8877276537546595,,0,0,0,4,3,4,6,3,6,5,9,0,1,2,0,0,2,3,3,S001;S005;S011;S013,S002;S006;S007;S010;S014,S003;S004;S008;S009;S012;S015
3,"1,5|2,6|3,4,7,8,9",False,False,11,5,6,2.9923312231621098,0.5065195874157488,0.4926064026523166,2.973848267533801,,0,0,0,4,3,4,6,3,6,5,9,0,1,2,0,0,2,3,3,S001;S005;S011;S013,S002;S006;S007,S003;S004;S008;S009;S010;S012;S014;S015
3,"1,5,7,8,9|2|3,4,6",False,False,14,5,4,2.397046370669993,0.6711338942068402,0.551509285569484,7.613825653264179,,0,0,0,4,3,5,6,3,7,6,9,0,1,3,0,0,3,4,3,S001;S005;S008;S009;S010;S011;S012;S013;S014;S015,S002,S003;S004;S006;S007
3,"1,5,7,8|2,9|3,4,6",False,False,14,5,6,3.7415998815420175,0.3758377662875147,0.2247905425375129,2.4594014838098657,,0,0,0,4,3,5,6,3,7,6,9,0,1,3,0,0,3,4,3,S001;S005;S008;S009;S011;S012;S013;S015,S002;S010;S014,S003;S004;S006;S007
3,"1,5,7,8|2|3,4,6,9",False,False,14,5,5,2.918249340842762,0.5437092467756792,0.4568925157822203,6.123849946894964,,0,0,0,4,3,5,6,3,7,6,9,0,1,3,0,0,3,4,3,S001;S005;S008;S009;S011;S012;S013;S015,S002,S003;S004;S006;S007;S010;S014
3,"1,5,7,9|2,8|3,4,6",False,False,15,6,6,3.591258656407621,0.37139283381171284,0.3056390326993476,2.428132182389992,,0,0,0,5,3,5,6,3,7,6,9,1,1,3,0,0,3,4,3,S001;S005;S008;S010;S011;S013;S014;S015,S002;S009;S012,S003;S004;S006;S007
3,"1,5,7|2,8,9|3,4,6",False,False,15,6,5,2.5623552896872,0.10636408502328594,0.07609392941097778,1.295882434404382,,0,0,0,5,3,5,6,3,7,6,9,1,1,3,0,0,3,4,3,S001;S005;S008;S011;S013;S015,S002;S009;S010;S012;S014,S003;S004;S006;S007
3,"1,5,7|2,8|3,4,6,9",False,False,15,6,5,2.6651317026977828,0.2727734546533638,0.23189967220720872,2.0091211449010604,,0,0,0,5,3,5,6,3,7,6,9,1,1,3,0,0,3,4,3,S001;S005;S008;S011;S013;S015,S002;S009;S012,S003;S004;S006;S007;S010;S014
3,"1,5,7,9|2|3,4,6,8",False,False,13,4,6,3.1863346728705517,0.5428180036846162,0.46900361307823846,6.101137928586399,,0,0,0,4,2,5,6,2,7,6,9,0,0,3,0,0,3,4,3,S001;S005;S008;S010;S011;S013;S014;S015,S002,S003;S004;S006;S007;S009;S012
3,"1,5,7|2,9|3,4,6,8",False,False,13,4,6,3.083558259859969,0.27705304044460544,0.15875659191494476,2.03656848680117,,0,0,0,4,2,5,6,2,7,6,9,0,0,3,0,0,3,4,3,S001;S005;S008;S011;S013;S015,S002;S010;S014,S003;S004;S006;S007;S009;S012
3,"1,5,7|2|3,4,6,8,9",False,False,13,4,4,1.7390047489879445,0.5678008323009804,0.5046166357666633,6.56098176286124,,0,0,0,4,2,5,6,2,7,6,9,0,0,3,0,0,3,4,3,S001;S005;S008;S011;S013;S015,S002,S003;S004;S006;S007;S009;S010;S012;S014
3,"1,5,8,9|2,7|3,4,6",False,False,13,5,5,2.9503762391309842,0.33081355311230104,0.22465214308564696,2.1658605284897656,,0,0,0,4,3,4,6,3,7,6,9,0,1,2,0,0,3,4,3,S001;S005;S009;S010;S011;S012;S013;S014,S002;S008;S015,S003;S004;S006;S007
3,"1,5,8|2,7,9|3,4,6",False,False,12,5,7,4.294929750003009,0.08909860919093891,0.14446818853433158,1.237382780485471,,0,0,0,4,3,4,6,3,7,5,9,0,1,2,0,0,3,3,3,S001;S005;S009;S011;S012;S013,S002;S008;S010;S014;S015,S003;S004;S006;S007
3,"1,5,8|2,7|3,4,6,9",False,False,12,5,6,3.471579209303753,0.24180666721584712,0.198680624687157,1.8554119243914378,,0,0,0,4,3,4,6,3,7,5,9,0,1,2,0,0,3,3,3,S001;S005;S009;S011;S012;S013,S002;S008;S015,S003;S004;S006;S007;S010;S014
3,"1,5,9|2,7,8|3,4,6",False,False,13,5,7,4.144588524868612,0.08821958246426471,0.10087543102301665,1.2309999849650415,,0,0,0,4,3,4,6,3,7,6,9,0,1,2,0,0,3,4,3,S001;S005;S010;S011;S013;S014,S002;S008;S009;S012;S015,S003;S004;S006;S007
3,"1,5|2,7,8,9|3,4,6",False,False,12,5,6,3.1156851581481915,0.29804531354903,0.37382416571924104,1.9802385953864463,,0,0,0,4,3,4,6,3,7,5,9,0,1,2,0,0,3,3,3,S001;S005;S011;S013,S002;S008;S009;S010;S012;S014;S015,S003;S004;S006;S007
3,"1,5|2,7,8|3,4,6,9",False,False,12,5,6,3.218461571158774,0.21929257077730066,0.28727083733477926,1.746624709980327,,0,0,0,4,3,4,6,3,7,5,9,0,1,2,0,0,3,3,3,S001;S005;S011;S013,S002;S008;S009;S012;S015,S003;S004;S006;S007;S010;S014
3,"1,5,9|2,7|3,4,6,8",False,False,12,4,7,3.739664541331543,0.24307378606230398,0.1782030068701554,1.8637593283417573,,0,0,0,4,2,4,6,2,7,6,9,0,0,2,0,0,3,4,3,S001;S005;S010;S011;S013;S014,S002;S008;S015,S003;S004;S006;S007;S009;S012
3,"1,5|2,7,9|3,4,6,8",False,False,11,4,7,3.6368881283209604,0.2210418516669075,0.290836926670253,1.7544826857818987,,1,0,0,4,2,4,6,2,7,5,9,0,0,2,0,0,3,3,3,S001;S005;S011;S013,S002;S008;S010;S014;S015,S003;S004;S006;S007;S009;S012
3,"1,5|2,7|3,4,6,8,9",False,False,11,4,5,2.292334617448936,0.43665212906764683,0.4096998624361621,2.4113737643752335,,0,0,0,4,2,4,6,2,7,5,9,0,0,2,0,0,3,3,3,S001;S005;S011;S013,S002;S008;S015,S003;S004;S006;S007;S009;S010;S012;S014
3,"1,5,8,9|2|3,4,6,7",False,False,11,5,4,2.4190863495057853,0.5363975794516362,0.4501537614992728,5.892977537641949,,0,0,0,4,3,4,6,3,6,6,8,0,1,2,0,0,2,4,2,S001;S005;S009;S010;S011;S012;S013;S014,S002,S003;S004;S006;S007;S008;S015
3,"1,5,8|2,9|3,4,6,7",False,False,10,5,6,3.76363986037781,0.2870357158393999,0.16912324104109333,2.1201678530166674,,0,0,0,4,3,4,6,3,6,5,8,0,1,2,0,0,2,3,2,S001;S005;S009;S011;S012;S013,S002;S010;S014,S003;S004;S006;S007;S008;S015
3,"1,5,8|2|3,4,6,7,9",False,False,10,5,5,2.9402893196785542,0.5836000659183793,0.524584316774753,6.769142153805691,,0,0,0,4,3,4,6,3,6,5,8,0,1,2,0,0,2,3,2,S001;S005;S009;S011;S012;S013,S002,S003;S004;S006;S007;S008;S010;S014;S015
3,"1,5,9|2,8|3,4,6,7",False,False,12,6,6,3.613298635243413,0.28399097463122763,0.22090011500363058,2.1010037958908976,,0,0,0,5,3,4,6,3,6,6,8,1,1,2,0,0,2,4,2,S001;S005;S010;S011;S013;S014,S002;S009;S012,S003;S004;S006;S007;S008;S015
3,"1,5|2,8,9|3,4,6,7",False,False,11,6,5,2.584395268522992,0.24055222210416782,0.28004118794930377,1.8265026750520903,,0,0,0,5,3,4,6,3,6,5,8,1,1,2,0,0,2,3,2,S001;S005;S011;S013,S002;S009;S010;S012;S014,S003;S004;S006;S007;S008;S015
3,"1,5|2,8|3,4,6,7,9",False,False,11,6,5,2.687171681533575,0.47412153173111093,0.4663544334841426,2.6939846473257036,,0,0,0,5,3,4,6,3,6,5,8,1,1,2,0,0,2,3,2,S001;S005;S011;S013,S002;S009;S012,S003;S004;S006;S007;S008;S010;S014;S015
3,"1,5,9|2|3,4,6,7,8",False,False,10,4,6,3.208374651706344,0.5854794609261846,0.49783180008583944,6.791854172114256,,0,0,0,4,2,4,6,2,6,6,8,0,0,2,0,0,2,4,2,S001;S005;S010;S011;S013;S014,S002,S003;S004;S006;S007;S008;S009;S012;S015
3,"1,5|2,9|3,4,6,7,8",False,False,9,4,6,3.1055982386957615,0.4782541349251212,0.41105810520300823,2.7276788904972387,,0,0,0,4,2,4,6,2,6,5,8,0,0,2,0,0,2,3,2,S001;S005;S011;S013,S002;S010;S014,S003;S004;S006;S007;S008;S009;S012;S015
3,"1,5|2|3,4,6,7,8,9",False,False,9,4,4,1.7610447278237367,0.7603947868220652,0.7054570097245337,8.281829878483471,,0,0,0,4,2,4,6,2,6,5,8,0,0,2,0,0,2,3,2,S001;S005;S011;S013,S002,S003;S004;S006;S007;S008;S009;S010;S012;S014;S015
3,"1,6,7,8,9|2,5|3,4",False,False,13,5,6,3.3651283084109567,0.6392981125221096,0.49675793307515703,3.4759789689180294,,0,0,0,4,3,4,6,3,7,6,9,0,1,2,0,0,3,4,3,S001;S006;S007;S008;S009;S010;S012;S013;S014;S015,S002;S005;S011,S003;S004
3,"1,6,7,8|2,5,9|3,4",False,False,13,5,8,4.709681819282981,0.4082079462037853,0.267124165958076,2.8056008567010857,,0,0,0,4,3,4,6,3,7,6,9,0,1,2,0,0,3,4,3,S001;S006;S007;S008;S009;S012;S013;S015,S002;S005;S010;S011;S014,S003;S004
3,"1,6,7,8|2,5|3,4,9",False,False,13,5,7,3.8863312785837256,0.4081127621200423,0.3234755440661491,2.8039762664463224,,0,0,0,4,3,4,6,3,7,6,9,0,1,2,0,0,3,4,3,S001;S006;S007;S008;S009;S012;S013;S015,S002;S005;S011,S003;S004;S010;S014
3,"1,6,7,9|2,5,8|3,4",False,False,15,6,6,4.023169930093005,0.4053826981328429,0.30843560827487554,2.795382139782919,,0,0,0,5,4,4,6,4,7,6,9,1,2,2,0,0,3,4,3,S001;S006;S007;S008;S010;S013;S014;S015,S002;S005;S009;S011;S012,S003;S004
3,"1,6,7|2,5,8,9|3,4",False,False,14,6,5,2.9942665633725842,0.3237501221257533,0.2336235669404888,2.3515543293712047,,0,0,0,5,4,4,6,4,7,6,8,1,2,2,0,0,3,4,2,S001;S006;S007;S008;S013;S015,S002;S005;S009;S010;S011;S012;S014,S003;S004
3,"1,6,7|2,5,8|3,4,9",False,False,14,6,5,3.097042976383167,0.11602914012040243,0.06875133988448355,1.2721694639219425,,0,0,0,5,4,4,6,4,7,6,8,1,2,2,0,0,3,4,2,S001;S006;S007;S008;S013;S015,S002;S005;S009;S011;S012,S003;S004;S010;S014
3,"1,6,7,9|2,5|3,4,8",False,False,13,5,7,3.8863312785837256,0.40528538932192765,0.34432881243548,2.7937634667019697,,0,0,0,4,3,4,6,3,7,6,9,0,1,2,0,0,3,4,3,S001;S006;S007;S008;S010;S013;S014;S015,S002;S005;S011,S003;S004;S009;S012
3,"1,6,7|2,5,9|3,4,8",False,False,12,5,7,3.783554865573143,0.11602403607918933,0.037393702971238084,1.2717283517179385,,0,0,0,4,3,4,6,3,7,6,8,0,1,2,0,0,3,4,2,S001;S006;S007;S008;S013;S015,S002;S005;S010;S011;S014,S003;S004;S009;S012
3,"1,6,7|2,5|3,4,8,9",False,False,12,5,5,2.4390013547011185,0.32350820034450567,0.3081820730266129,2.3496136033806208,,0,0,0,4,3,4,6,3,7,6,8,0,1,2,0,0,3,4,2,S001;S006;S007;S008;S013;S015,S002;S005;S011,S003;S004;S009;S010;S012;S014
3,"1,6,8,9|2,5,7|3,4",False,False,14,5,8,4.449748066497147,0.3810698413190765,0.2786955284452048,2.70172546516523,,0,0,0,4,3,4,6,3,7,6,10,0,1,2,0,0,3,4,4,S001;S006;S007;S009;S010;S012;S013;S014,S002;S005;S008;S011;S015,S003;S004
3,"1,6,8|2,5,7,9|3,4",False,False,14,5,10,5.794301577369172,0.3328866282306197,0.28845135748594114,2.4452110039888932,,0,0,0,4,3,4,6,3,7,6,10,0,1,2,0,0,3,4,4,S001;S006;S007;S009;S012;S013,S002;S005;S008;S010;S011;S014;S015,S003;S004
3,"1,6,8|2,5,7|3,4,9",False,False,14,5,9,4.970951036669916,0.08307821739166388,0.03998126127162949,1.2161003177012784,,0,0,0,4,3,4,6,3,7,6,10,0,1,2,0,0,3,4,4,S001;S006;S007;S009;S012;S013,S002;S005;S008;S011;S015,S003;S004;S010;S014
3,"1,6,9|2,5,7,8|3,4",False,False,15,5,8,5.107789688179196,0.3341862265085225,0.24794742437456757,2.4554297209070604,,0,0,0,4,4,4,6,4,7,6,10,0,2,2,0,0,3,4,4,S001;S006;S007;S010;S013;S014,S002;S005;S008;S009;S011;S012;S015,S003;S004
3,"1,6|2,5,7,8,9|3,4",False,False,14,5,7,4.078886321458775,0.509732357459487,0.4533227155584177,3.125807833124004,,0,0,0,4,4,4,6,4,7,6,9,0,2,2,0,0,3,4,3,S001;S006;S007;S013,S002;S005;S008;S009;S010;S011;S012;S014;S015,S003;S004
3,"1,6|2,5,7,8|3,4,9",False,False,14,5,7,4.1816627344693575,0.25424767395343845,0.2543744239926846,1.8178262215108147,,0,0,0,4,4,4,6,4,7,6,9,0,2,2,0,0,3,4,3,S001;S006;S007;S013,S002;S005;S008;S009;S011;S012;S015,S003;S004;S010;S014
3,"1,6,9|2,5,7|3,4,8",False,False,14,5,9,4.970951036669916,0.07864458953675381,0.07038702353988686,1.2026255202863012,,0,0,0,4,3,4,6,3,7,6,10,0,1,2,0,0,3,4,4,S001;S006;S007;S010;S013;S014,S002;S005;S008;S011;S015,S003;S004;S009;S012
3,"1,6|2,5,7,9|3,4,8",False,False,13,5,9,4.868174623659334,0.2511133892007895,0.30579350491818413,1.8102610074035348,,0,0,0,4,3,4,6,3,7,6,9,0,1,2,0,0,3,4,3,S001;S006;S007;S013,S002;S005;S008;S010;S011;S014;S015,S003;S004;S009;S012
3,"1,6|2,5,7|3,4,8,9",False,False,13,5,7,3.5236211127873087,0.2245441975799663,0.25366585623555665,1.7404953023562324,,0,0,0,4,3,4,6,3,7,6,9,0,1,2,0,0,3,4,3,S001;S006;S007;S013,S002;S005;S008;S011;S015,S003;S004;S009;S010;S012;S014
3,"1,6,8,9|2,5|3,4,7",False,False,11,5,7,3.918458176871948,0.38095207501692807,0.3303416260082849,2.700161024218019,,0,0,0,4,3,3,6,3,6,6,9,0,1,1,0,0,2,4,3,S001;S006;S007;S009;S010;S012;S013;S014,S002;S005;S011,S003;S004;S008;S015
3,"1,6,8|2,5,9|3,4,7",False,False,11,5,9,5.2630116877439725,0.0830057253470858,0.025177915247062803,1.2156786469202667,,0,0,0,4,3,3,6,3,6,6,9,0,1,1,0,0,2,4,3,S001;S006;S007;S009;S012;S013,S002;S005;S010;S011;S014,S003;S004;S008;S015
3,"1,6,8|2,5|3,4,7,9",False,False,11,5,8,4.439661147044717,0.332635034253528,0.3285585492280695,2.4432160458645704,,0,0,0,4,3,3,6,3,6,6,9,0,1,1,0,0,2,4,3,S001;S006;S007;S009;S012;S013,S002;S005;S011,S003;S004;S008;S010;S014;S015
3,"1,6,9|2,5,8|3,4,7",False,False,13,6,7,4.576499798553996,0.07857554395483823,0.10320735299739595,1.2022110564062691,,0,0,0,5,4,3,6,4,6,6,9,1,2,1,0,0,2,4,3,S001;S006;S007;S010;S013;S014,S002;S005;S009;S011;S012,S003;S004;S008;S015
3,"1,6|2,5,8,9|3,4,7",False,False,12,6,6,3.5475964318335755,0.22469299510640595,0.23663999952170672,1.7409242402014797,,0,0,0,5,4,3,6,4,6,6,8,1,2,1,0,0,2,4,2,S001;S006;S007;S013,S002;S005;S009;S010;S011;S012;S014,S003;S004;S008;S015
3,"1,6|2,5,8|3,4,7,9",False,False,12,6,6,3.650372844844158,0.2509370003439892,0.3043200586930229,1.8098320695582877,,0,0,0,5,4,3,6,4,6,6,8,1,2,1,0,0,2,4,2,S001;S006;S007;S013,S002;S005;S009;S011;S012,S003;S004;S008;S010;S014;S015
3,"1,6,9|2,5|3,4,7,8",False,False,11,5,8,4.439661147044717,0.33393383826309875,0.3149662965069345,2.4534288456089235,,0,0,0,4,3,3,6,3,6,6,9,0,1,1,0,0,2,4,3,S001;S006;S007;S010;S013;S014,S002;S005;S011,S003;S004;S008;S009;S012;S015
3,"1,6|2,5,9|3,4,7,8",False,False,10,5,8,4.336884734034134,0.2540687993408794,0.2652039129986052,1.8173972836655672,,0,0,0,4,3,3,6,3,6,6,8,0,1,1,0,0,2,4,2,S001;S006;S007;S013,S002;S005;S010;S011;S014,S003;S004;S008;S009;S012;S015
3,"1,6|2,5|3,4,7,8,9",False,False,10,5,6,2.9923312231621098,0.5094906769035759,0.49280242142879815,3.1234187736885857,,0,0,0,4,3,3,6,3,6,6,8,0,1,1,0,0,2,4,2,S001;S006;S007;S013,S002;S005;S011,S003;S004;S008;S009;S010;S012;S014;S015
3,"1,7,8,9|2,5,6|3,4",False,False,16,5,7,3.8964181980361556,0.4281937432864328,0.29423068146165693,2.8750007007814387,,0,0,0,4,3,5,6,3,8,6,10,0,1,3,0,0,4,4,4,S001;S008;S009;S010;S012;S013;S014;S015,S002;S005;S006;S007;S011,S003;S004
3,"1,7,8|2,5,6,9|3,4",False,False,16,5,9,5.24097170890818,0.3201154052672378,0.2663810615211971,2.271935768372685,,0,0,0,4,3,5,6,3,8,6,10,0,1,3,0,0,4,4,4,S001;S008;S009;S012;S013;S015,S002;S005;S006;S007;S010;S011;S014,S003;S004
3,"1,7,8|2,5,6|3,4,9",False,False,16,5,8,4.417621168208925,0.14764823681864875,0.0777665985828149,1.37654899908899,,0,0,0,4,3,5,6,3,8,6,10,0,1,3,0,0,4,4,4,S001;S008;S009;S012;S013;S015,S002;S005;S006;S007;S011,S003;S004;S010;S014
3,"1,7,9|2,5,6,8|3,4",False,False,17,6,7,4.554459819718204,0.32036286707802897,0.23180932303247204,2.2821544852908517,,0,0,0,5,3,5,6,3,8,6,10,1,1,3,0,0,4,4,4,S001;S008;S010;S013;S014;S015,S002;S005;S006;S007;S009;S011;S012,S003;S004
3,"1,7|2,5,6,8,9|3,4",False,False,16,6,6,3.525556452997783,0.45199968635344356,0.4245560431582954,2.9525325975077954,,0,0,0,5,3,5,6,3,8,6,9,1,1,3,0,0,4,4,3,S001;S008;S013;S015,S002;S005;S006;S007;S009;S010;S011;S012;S014,S003;S004
3,"1,7|2,5,6,8|3,4,9",False,False,16,6,6,3.628332866008366,0.1798781980373419,0.2275328111235861,1.4974513856939795,,0,0,0,5,3,5,6,3,8,6,9,1,1,3,0,0,4,4,3,S001;S008;S013;S015,S002;S005;S006;S007;S009;S011;S012,S003;S004;S010;S014
3,"1,7,9|2,5,6|3,4,8",False,False,15,4,8,4.417621168208925,0.14397488212872359,0.09937432267925313,1.3701685126426293,,0,0,0,4,2,5,6,2,8,6,10,0,0,3,0,0,4,4,4,S001;S008;S010;S013;S014;S015,S002;S005;S006;S007;S011,S003;S004;S009;S012
3,"1,7|2,5,6,9|3,4,8",False,False,14,4,8,4.314844755198342,0.17642686038253447,0.2768508259060184,1.4907463041985114,,0,0,0,4,2,5,6,2,8,6,9,0,0,3,0,0,4,4,3,S001;S008;S013;S015,S002;S005;S006;S007;S010;S011;S014,S003;S004;S009;S012
3,"1,7|2,5,6|3,4,8,9",False,False,14,4,6,2.9702912443263174,0.20427003130998972,0.25838464121875326,1.542608401994655,,0,0,0,4,2,5,6,2,8,6,9,0,0,3,0,0,4,4,3,S001;S008;S013;S015,S002;S005;S006;S007;S011,S003;S004;S009;S010;S012;S014
3,"1,8,9|2,5,6,7|3,4",False,False,14,5,7,3.918458176871948,0.32562431619110743,0.23371023561291016,2.3758111599085407,,0,0,0,4,3,4,6,3,8,6,9,0,1,2,0,0,4,4,3,S001;S009;S010;S012;S013;S014,S002;S005;S006;S007;S008;S011;S015,S003;S004
3,"1,8|2,5,6,7,9|3,4",False,False,13,5,9,5.2630116877439725,0.4825171694529749,0.44384403154541924,3.046189272125484,,0,0,0,4,3,4,6,3,8,5,9,0,1,2,0,0,4,3,3,S001;S009;S012;S013,S002;S005;S006;S007;S008;S010;S011;S014;S015,S003;S004
3,"1,8|2,5,6,7|3,4,9",False,False,13,5,8,4.439661147044717,0.21980703276293656,0.1993844791496531,1.6609777050804402,,0,0,0,4,3,4,6,3,8,5,9,0,1,2,0,0,4,3,3,S001;S009;S012;S013,S002;S005;S006;S007;S008;S011;S015,S003;S004;S010;S014
3,"1,9|2,5,6,7,8|3,4",False,False,14,5,7,4.576499798553996,0.48594941594950125,0.37766665864789706,3.0564079890436506,,0,0,0,4,3,4,6,3,8,6,9,0,1,2,0,0,4,4,3,S001;S010;S013;S014,S002;S005;S006;S007;S008;S009;S011;S012;S015,S003;S004
3,"1|2,5,6,7,8,9|3,4",False,False,12,5,6,3.5475964318335755,0.738570116742508,0.6861890292516306,4.970557490017533,,0,0,0,4,3,4,6,3,8,5,8,0,1,2,0,0,4,3,2,S001;S013,S002;S005;S006;S007;S008;S009;S010;S011;S012;S014;S015,S003;S004
3,"1|2,5,6,7,8|3,4,9",False,False,12,5,6,3.650372844844158,0.5193307719550997,0.508286087469469,4.076448502733117,,0,0,0,4,3,4,6,3,8,5,8,0,1,2,0,0,4,3,2,S001;S013,S002;S005;S006;S007;S008;S009;S011;S012;S015,S003;S004;S010;S014
3,"1,9|2,5,6,7|3,4,8",False,False,13,4,8,4.439661147044717,0.2209675486722485,0.17691682040985118,1.672929299333645,,0,0,0,4,2,4,6,2,8,6,9,0,0,2,0,0,4,4,3,S001;S010;S013;S014,S002;S005;S006;S007;S008;S011;S015,S003;S004;S009;S012
3,"1|2,5,6,7,9|3,4,8",False,False,11,4,8,4.336884734034134,0.5166158733226314,0.5511842742940314,4.062819408243691,,0,0,0,4,2,4,6,2,8,5,8,0,0,2,0,0,4,3,2,S001;S013,S002;S005;S006;S007;S008;S010;S011;S014;S015,S003;S004;S009;S012
3,"1|2,5,6,7|3,4,8,9",False,False,11,4,6,2.9923312231621098,0.41672287300403715,0.4554504183939537,3.1687104209592762,,0,0,0,4,2,4,6,2,8,5,8,0,0,2,0,0,4,3,2,S001;S013,S002;S005;S006;S007;S008;S011;S015,S003;S004;S009;S010;S012;S014
3,"1,8,9|2,5,6|3,4,7",False,False,13,5,7,3.918458176871948,0.11338814613243774,0.06148949615957603,1.311690021869781,,0,0,0,4,3,4,6,3,7,6,9,0,1,2,0,0,3,4,3,S001;S009;S010;S012;S013;S014,S002;S005;S006;S007;S011,S003;S004;S008;S015
3,"1,8|2,5,6,9|3,4,7",False,False,12,5,9,5.2630116877439725,0.18924766549213645,0.23872914362652572,1.5883563148121163,,0,0,0,4,3,4,6,3,7,5,9,0,1,2,0,0,3,3,3,S001;S009;S012;S013,S002;S005;S006;S007;S010;S011;S014,S003;S004;S008;S015
3,"1,8|2,5,6|3,4,7,9",False,False,12,5,8,4.439661147044717,0.2428469154664796,0.2641223799919468,1.7090914799039931,,0,0,0,4,3,4,6,3,7,5,9,0,1,2,0,0,3,3,3,S001;S009;S012;S013,S002;S005;S006;S007;S011,S003;S004;S008;S010;S014;S015
3,"1,9|2,5,6,8|3,4,7",False,False,14,6,7,4.576499798553996,0.1937935341365194,0.16320870278782876,1.6069808781417347,,0,0,0,5,3,4,6,3,7,6,9,1,1,2,0,0,3,4,3,S001;S010;S013;S014,S002;S005;S006;S007;S009;S011;S012,S003;S004;S008;S015
3,"1|2,5,6,8,9|3,4,7",False,False,12,6,6,3.5475964318335755,0.49301227169857637,0.5124119537827265,3.937905910966876,,0,0,0,5,3,4,6,3,7,5,8,1,1,2,0,0,3,3,2,S001;S013,S002;S005;S006;S007;S009;S010;S011;S012;S014,S003;S004;S008;S015
3,"1|2,5,6,8|3,4,7,9",False,False,12,6,6,3.650372844844158,0.4182670988997973,0.4666819740487383,3.26049890144806,,0,0,0,5,3,4,6,3,7,5,8,1,1,2,0,0,3,3,2,S001;S013,S002;S005;S006;S007;S009;S011;S012,S003;S004;S008;S010;S014;S015
3,"1,9|2,5,6|3,4,7,8",False,False,12,4,8,4.439661147044717,0.24712124823982884,0.22147207267328436,1.7285847952348325,,0,0,0,4,2,4,6,2,7,6,9,0,0,2,0,0,3,4,3,S001;S010;S013;S014,S002;S005;S006;S007;S011,S003;S004;S008;S009;S012;S015
3,"1|2,5,6,9|3,4,7,8",False,False,10,4,8,4.336884734034134,0.4186889036303466,0.46928809404864413,3.2741279959374867,,0,0,0,4,2,4,6,2,7,5,8,0,0,2,0,0,3,3,2,S001;S013,S002;S005;S006;S007;S010;S011;S014,S003;S004;S008;S009;S012;S015
3,"1|2,5,6|3,4,7,8,9",False,False,10,4,6,2.9923312231621098,0.5382694705825695,0.5475338111818449,4.1682369832219015,,0,0,0,4,2,4,6,2,7,5,8,0,0,2,0,0,3,3,2,S001;S013,S002;S005;S006;S007;S011,S003;S004;S008;S009;S010;S012;S014;S015
3,"1,7,8,9|2,5|3,4,6",False,False,15,5,5,2.6651317026977828,0.42811239750590685,0.35681547025137805,2.8733359243718612,,0,0,0,4,3,5,6,3,8,6,9,0,1,3,0,0,4,4,3,S001;S008;S009;S010;S012;S013;S014;S015,S002;S005;S011,S003;S004;S006;S007
3,"1,7,8|2,5,9|3,4,6",False,False,15,5,7,4.009685213569807,0.14767547420924765,0.09960427149273225,1.3770471669990234,,0,0,0,4,3,5,6,3,8,6,9,0,1,3,0,0,4,4,3,S001;S008;S009;S012;S013;S015,S002;S005;S010;S011;S014,S003;S004;S006;S007
3,"1,7,8|2,5|3,4,6,9",False,False,15,5,6,3.1863346728705517,0.3198851591733413,0.288968399662648,2.2700411457107292,,0,0,0,4,3,5,6,3,8,6,9,0,1,3,0,0,4,4,3,S001;S008;S009;S012;S013;S015,S002;S005;S011,S003;S004;S006;S007;S010;S014
3,"1,7,9|2,5,8|3,4,6",False,False,16,6,5,3.323173324379831,0.1440069267091871,0.1360424554003811,1.370664371478594,,0,0,0,5,3,5,6,3,8,6,9,1,1,3,0,0,4,4,3,S001;S008;S010;S013;S014;S015,S002;S005;S009;S011;S012,S003;S004;S006;S007
3,"1,7|2,5,8,9|3,4,6",False,False,15,6,4,2.2942699576594103,0.2044827002127361,0.24809119038468824,1.542988571434421,,0,0,0,5,3,5,6,3,8,6,8,1,1,3,0,0,4,4,2,S001;S008;S013;S015,S002;S005;S009;S010;S011;S012;S014,S003;S004;S006;S007
3,"1,7|2,5,8|3,4,6,9",False,False,15,6,4,2.397046370669993,0.17623270009286432,0.23870613882427685,1.4903661347587456,,0,0,0,5,3,5,6,3,8,6,8,1,1,3,0,0,4,4,2,S001;S008;S013;S015,S002;S005;S009;S011;S012,S003;S004;S006;S007;S010;S014
3,"1,7,9|2,5|3,4,6,8",False,False,14,4,6,3.1863346728705517,0.3201309490871289,0.28420110729235415,2.280253945455082,,0,0,0,4,2,5,6,2,8,6,9,0,0,3,0,0,4,4,3,S001;S008;S010;S013;S014;S015,S002;S005;S011,S003;S004;S006;S007;S009;S012
3,"1,7|2,5,9|3,4,6,8",False,False,13,4,6,3.083558259859969,0.179681175499256,0.21228307372601932,1.4970712162542137,,1,0,0,4,2,5,6,2,8,6,8,0,0,3,0,0,4,4,2,S001;S008;S013;S015,S002;S005;S010;S011;S014,S003;S004;S006;S007;S009;S012
3,"1,7|2,5|3,4,6,8,9",False,False,13,4,4,1.7390047489879445,0.4517493482960658,0.433462515682408,2.9502438735347445,,0,0,0,4,2,5,6,2,8,6,8,0,0,3,0,0,4,4,2,S001;S008;S013;S015,S002;S005;S011,S003;S004;S006;S007;S009;S010;S012;S014
3,"1,8,9|2,5,7|3,4,6",False,False,15,5,6,3.218461571158774,0.1134766729121107,0.08010658703585678,1.312164717559683,,0,0,0,4,3,5,6,3,8,6,9,0,1,3,0,0,4,4,3,S001;S009;S010;S012;S013;S014,S002;S005;S008;S011;S015,S003;S004;S006;S007
3,"1,8|2,5,7,9|3,4,6",False,False,14,5,8,4.563015082030798,0.24304816128104484,0.29709336345409304,1.7094965418039623,,0,0,0,4,3,5,6,3,8,5,9,0,1,3,0,0,4,3,3,S001;S009;S012;S013,S002;S005;S008;S010;S011;S014;S015,S003;S004;S006;S007
3,"1,8|2,5,7|3,4,6,9",False,False,14,5,7,3.739664541331543,0.1890953774353368,0.19234643344460328,1.5879512529121471,,0,0,0,4,3,5,6,3,8,5,9,0,1,3,0,0,4,3,3,S001;S009;S012;S013,S002;S005;S008;S011;S015,S003;S004;S006;S007;S010;S014
3,"1,9|2,5,7,8|3,4,6",False,False,15,5,6,3.8765031928408225,0.24732141049876652,0.21957931000109826,1.7289927717648186,,0,0,0,4,3,5,6,3,8,6,9,0,1,3,0,0,4,4,3,S001;S010;S013;S014,S002;S005;S008;S009;S011;S012;S015,S003;S004;S006;S007
3,"1|2,5,7,8,9|3,4,6",False,False,13,5,5,2.8475998261204016,0.5384335543587436,0.5639652739520117,4.169009735233948,,0,0,0,4,3,5,6,3,8,5,8,0,1,3,0,0,4,3,2,S001;S013,S002;S005;S008;S009;S010;S011;S012;S014;S015,S003;S004;S006;S007
3,"1|2,5,7,8|3,4,6,9",False,False,13,5,5,2.9503762391309842,0.41871430121743836,0.4549430752181383,3.274900747949534,,0,0,0,4,3,5,6,3,8,5,8,0,1,3,0,0,4,3,2,S001;S013,S002;S005;S008;S009;S011;S012;S015,S003;S004;S006;S007;S010;S014
3,"1,9|2,5,7|3,4,6,8",False,False,14,4,7,3.739664541331543,0.1936417628956529,0.14614573251732207,1.6065729016117491,,0,0,0,4,2,5,6,2,8,6,9,0,0,3,0,0,4,4,3,S001;S010;S013;S014,S002;S005;S008;S011;S015,S003;S004;S006;S007;S009;S012
3,"1|2,5,7,9|3,4,6,8",False,False,12,4,7,3.6368881283209604,0.418289690555396,0.4763519343541211,3.2612716534601067,,0,0,0,4,2,5,6,2,8,5,8,0,0,3,0,0,4,3,2,S001;S013,S002;S005;S008;S010;S011;S014;S015,S003;S004;S006;S007;S009;S012
3,"1|2,5,7|3,4,6,8,9",False,False,12,4,5,2.292334617448936,0.4928738152620228,0.4928615652709991,3.937133158954829,,0,0,0,4,2,5,6,2,8,5,8,0,0,3,0,0,4,3,2,S001;S013,S002;S005;S008;S011;S015,S003;S004;S006;S007;S009;S010;S012;S014
3,"1,8,9|2,5|3,4,6,7",False,False,12,5,5,2.687171681533575,0.3253794675456513,0.28218590788055226,2.3738563879390324,,0,0,0,4,3,4,6,3,7,6,8,0,1,2,0,0,3,4,2,S001;S009;S010;S012;S013;S014,S002;S005;S011,S003;S004;S006;S007;S008;S015
3,"1,8|2,5,9|3,4,6,7",False,False,11,5,7,4.0317251924056,0.21962111691746344,0.1848138417206551,1.660572643180471,,0,0,0,4,3,4,6,3,7,5,8,0,1,2,0,0,3,3,2,S001;S009;S012;S013,S002;S005;S010;S011;S014,S003;S004;S006;S007;S008;S015
3,"1,8|2,5|3,4,6,7,9",False,False,11,5,6,3.208374651706344,0.48227141806623164,0.443781791355109,3.0438463160186946,,0,0,0,4,3,4,6,3,7,5,8,0,1,2,0,0,3,3,2,S001;S009;S012;S013,S002;S005;S011,S003;S004;S006;S007;S008;S010;S014;S015
3,"1,9|2,5,8|3,4,6,7",False,False,13,6,5,3.345213303215623,0.22078529235260425,0.17530099525230555,1.6725213228036595,,0,0,0,5,3,4,6,3,7,6,8,1,1,2,0,0,3,4,2,S001;S010;S013;S014,S002;S005;S009;S011;S012,S003;S004;S006;S007;S008;S015
3,"1|2,5,8,9|3,4,6,7",False,False,11,6,4,2.3163099364952022,0.4167194996354304,0.44674779562316497,3.1679376689472294,,0,0,0,5,3,4,6,3,7,5,7,1,1,2,0,0,3,3,1,S001;S013,S002;S005;S009;S010;S011;S012;S014,S003;S004;S006;S007;S008;S015
3,"1|2,5,8|3,4,6,7,9",False,False,11,6,4,2.4190863495057853,0.516462726228375,0.5367685693147863,4.062046656231644,,0,0,0,5,3,4,6,3,7,5,7,1,1,2,0,0,3,3,1,S001;S013,S002;S005;S009;S011;S012,S003;S004;S006;S007;S008;S010;S014;S015
3,"1,9|2,5|3,4,6,7,8",False,False,11,4,6,3.208374651706344,0.48570418190436604,0.4085610391575401,3.0540591157630472,,0,0,0,4,2,4,6,2,7,6,8,0,0,2,0,0,3,4,2,S001;S010;S013;S014,S002;S005;S011,S003;S004;S006;S007;S008;S009;S012;S015
3,"1|2,5,9|3,4,6,7,8",False,False,9,4,6,3.1055982386957615,0.5191761443824919,0.4976311743407762,4.075675750721071,,0,0,0,4,2,4,6,2,7,5,7,0,0,2,0,0,3,3,1,S001;S013,S002;S005;S010;S011;S014,S003;S004;S006;S007;S008;S009;S012;S015
3,"1|2,5|3,4,6,7,8,9",False,False,9,4,4,1.7610447278237367,0.738356170194377,0.705065530063011,4.969784738005486,,0,0,0,4,2,4,6,2,7,5,7,0,0,2,0,0,3,3,1,S001;S013,S002;S005;S011,S003;S004;S006;S007;S008;S009;S010;S012;S014;S015
3,"1,6,7,8,9|2|3,4,5",False,False,11,4,6,3.3651283084109567,0.6850525265459683,0.5527533851779196,7.72567618953248,,0,0,0,4,2,4,6,2,6,6,9,0,0,2,0,0,2,4,3,S001;S006;S007;S008;S009;S010;S012;S013;S014;S015,S002,S003;S004;S005;S011
3,"1,6,7,8|2,9|3,4,5",False,False,11,4,8,4.709681819282981,0.3916393311602335,0.2340147427828063,2.5043218161577654,,0,0,0,4,2,4,6,2,6,6,9,0,0,2,0,0,2,4,3,S001;S006;S007;S008;S009;S012;S013;S015,S002;S010;S014,S003;S004;S005;S011
3,"1,6,7,8|2|3,4,5,9",False,False,11,4,7,3.8863312785837256,0.5486329949455219,0.46750649957567575,6.235700483163266,,0,0,0,4,2,4,6,2,6,6,9,0,0,2,0,0,2,4,3,S001;S006;S007;S008;S009;S012;S013;S015,S002,S003;S004;S005;S010;S011;S014
3,"1,6,7,9|2,8|3,4,5",False,False,13,6,7,4.291255262120795,0.3872429481654761,0.30061574017249026,2.47264648282207,,0,0,0,5,3,4,6,3,6,6,9,1,1,2,0,0,2,4,3,S001;S006;S007;S008;S010;S013;S014;S015,S002;S009;S012,S003;S004;S005;S011
3,"1,6,7|2,8,9|3,4,5",False,False,12,6,6,3.262351895400374,0.12879775405614033,0.0485802707536508,1.370392250462717,,0,0,0,5,3,4,6,3,6,6,8,1,1,2,0,0,2,4,2,S001;S006;S007;S008;S013;S015,S002;S009;S010;S012;S014,S003;S004;S005;S011
3,"1,6,7|2,8|3,4,5,9",False,False,12,6,6,3.3651283084109567,0.2700592146186945,0.251966911290242,1.9646068444689824,,0,0,0,5,3,4,6,3,6,6,8,1,1,2,0,0,2,4,2,S001;S006;S007;S008;S013;S015,S002;S009;S012,S003;S004;S005;S010;S011;S014
3,"1,6,7,9|2|3,4,5,8",False,False,12,5,6,3.618245946555936,0.5475619168137661,0.4727266678462578,6.212988464854701,,0,0,0,4,3,4,6,3,6,6,9,0,1,2,0,0,2,4,3,S001;S006;S007;S008;S010;S013;S014;S015,S002,S003;S004;S005;S009;S011;S012
3,"1,6,7|2,9|3,4,5,8",False,False,11,5,6,3.515469533545353,0.2741936064354603,0.1654980762580973,1.9916481544532705,,0,0,0,4,3,4,6,3,6,6,8,0,1,2,0,0,2,4,2,S001;S006;S007;S008;S013;S015,S002;S010;S014,S003;S004;S005;S009;S011;S012
3,"1,6,7|2|3,4,5,8,9",False,False,11,5,4,2.1709160226733286,0.5604218149947771,0.5068697633563399,6.449131226592939,,0,0,0,4,3,4,6,3,6,6,8,0,1,2,0,0,2,4,2,S001;S006;S007;S008;S013;S015,S002,S003;S004;S005;S009;S010;S011;S012;S014
3,"1,6,8,9|2,7|3,4,5",False,False,11,4,8,4.449748066497147,0.34715875000052776,0.26158946103374464,2.2069692311865796,,0,0,0,4,2,3,6,2,6,6,10,0,0,1,0,0,2,4,4,S001;S006;S007;S009;S010;S012;S013;S014,S002;S008;S015,S003;S004;S005;S011
3,"1,6,8|2,7,9|3,4,5",False,False,11,4,10,5.794301577369172,0.11077559256791879,0.10713990582503019,1.3099940679485882,,0,0,0,4,2,3,6,2,6,6,10,0,0,1,0,0,2,4,4,S001;S006;S007;S009;S012;S013,S002;S008;S010;S014;S015,S003;S004;S005;S011
3,"1,6,8|2,7|3,4,5,9",False,False,11,4,9,4.970951036669916,0.23675770954484138,0.21334205657271596,1.8143032216946235,,0,0,0,4,2,3,6,2,6,6,10,0,0,1,0,0,2,4,4,S001;S006;S007;S009;S012;S013,S002;S008;S015,S003;S004;S005;S010;S011;S014
3,"1,6,9|2,7,8|3,4,5",False,False,12,5,9,5.375875020206985,0.10960150196384932,0.0883974160345034,1.303404127274279,,0,0,0,4,3,3,6,3,6,6,10,0,1,1,0,0,2,4,4,S001;S006;S007;S010;S013;S014,S002;S008;S009;S012;S015,S003;S004;S005;S011
3,"1,6|2,7,8,9|3,4,5",False,False,11,5,8,4.346971653486564,0.29378883981692067,0.3159898432742052,1.9064615794057642,,0,0,0,4,3,3,6,3,6,6,9,0,1,1,0,0,2,4,3,S001;S006;S007;S013,S002;S008;S009;S010;S012;S014;S015,S003;S004;S005;S011
3,"1,6|2,7,8|3,4,5,9",False,False,11,5,8,4.449748066497147,0.197030921533703,0.25107667096455255,1.6442947303540032,,0,0,0,4,3,3,6,3,6,6,9,0,1,1,0,0,2,4,3,S001;S006;S007;S013,S002;S008;S009;S012;S015,S003;S004;S005;S010;S011;S014
3,"1,6,9|2,7|3,4,5,8",False,False,12,5,8,4.702865704642127,0.23761915683850895,0.19327015568195016,1.822650625644943,,0,0,0,4,3,3,6,3,6,6,10,0,1,1,0,0,2,4,4,S001;S006;S007;S010;S013;S014,S002;S008;S015,S003;S004;S005;S009;S011;S012
3,"1,6|2,7,9|3,4,5,8",False,False,11,5,8,4.600089291631544,0.19871733035693318,0.2419268961171466,1.6518599444612827,,0,0,0,4,3,3,6,3,6,6,9,0,1,1,0,0,2,4,3,S001;S006;S007;S013,S002;S008;S010;S014;S015,S003;S004;S005;S009;S011;S012
3,"1,6|2,7|3,4,5,8,9",False,False,11,5,6,3.255535780759519,0.41778611511756886,0.37733605084802635,2.370265061678419,,0,0,0,4,3,3,6,3,6,6,9,0,1,1,0,0,2,4,3,S001;S006;S007;S013,S002;S008;S015,S003;S004;S005;S009;S010;S011;S012;S014
3,"1,6,8,9|2|3,4,5,7",False,False,10,4,7,3.918458176871948,0.5394527640360048,0.46898518994180244,6.004828073910249,,0,0,0,4,2,4,6,2,5,6,9,0,0,2,0,0,1,4,3,S001;S006;S007;S009;S010;S012;S013;S014,S002,S003;S004;S005;S008;S011;S015
3,"1,6,8|2,9|3,4,5,7",False,False,10,4,9,5.2630116877439725,0.280940389623525,0.18391678984571824,2.0752475206687677,,0,0,0,4,2,4,6,2,5,6,9,0,0,2,0,0,1,4,3,S001;S006;S007;S009;S012;S013,S002;S010;S014,S003;S004;S005;S008;S011;S015
3,"1,6,8|2|3,4,5,7,9",False,False,10,4,8,4.439661147044717,0.5747852783989759,0.5188505405579928,6.65729161753739,,0,0,0,4,2,4,6,2,5,6,9,0,0,2,0,0,1,4,3,S001;S006;S007;S009;S012;S013,S002,S003;S004;S005;S008;S010;S011;S014;S015
3,"1,6,9|2,8|3,4,5,7",False,False,12,6,8,4.844585130581786,0.2776436543123657,0.2417443891691248,2.0564894954588198,,0,0,0,5,3,4,6,3,5,6,9,1,1,2,0,0,1,4,3,S001;S006;S007;S010;S013;S014,S002;S009;S012,S003;S004;S005;S008;S011;S015
3,"1,6|2,8,9|3,4,5,7",False,False,11,6,7,3.8156817638613654,0.21806323770194033,0.24613716212907927,1.7211967116633382,,0,0,0,5,3,4,6,3,5,6,8,1,1,2,0,0,1,4,2,S001;S006;S007;S013,S002;S009;S010;S012;S014,S003;S004;S005;S008;S011;S015
3,"1,6|2,8|3,4,5,7,9",False,False,11,6,7,3.918458176871948,0.4557724321399058,0.447826805093832,2.6494703468936254,,0,0,0,5,3,4,6,3,5,6,8,1,1,2,0,0,1,4,2,S001;S006;S007;S013,S002;S009;S012,S003;S004;S005;S008;S010;S011;S014;S015
3,"1,6,9|2|3,4,5,7,8",False,False,11,5,7,4.1715758150169275,0.5765149850591608,0.4945001788073673,6.680003635845955,,0,0,0,4,3,4,6,3,5,6,9,0,1,2,0,0,1,4,3,S001;S006;S007;S010;S013;S014,S002,S003;S004;S005;S008;S009;S011;S012;S015
3,"1,6|2,9|3,4,5,7,8",False,False,10,5,7,4.068799402006345,0.4599580691478245,0.3779375942684361,2.682758558149339,,0,0,0,4,3,4,6,3,5,6,8,0,1,2,0,0,1,4,2,S001;S006;S007;S013,S002;S010;S014,S003;S004;S005;S008;S009;S011;S012;S015
3,"1,6|2|3,4,5,7,8,9",False,False,10,5,5,2.72424589113432,0.7445036726553221,0.6728194108542291,8.16997934221517,,0,0,0,4,3,4,6,3,5,6,8,0,1,2,0,0,1,4,2,S001;S006;S007;S013,S002,S003;S004;S005;S008;S009;S010;S011;S012;S014;S015
3,"1,7,8,9|2,6|3,4,5",False,False,15,5,7,3.8964181980361556,0.42159511495609714,0.29880273023305454,2.7357410836859626,,0,0,0,4,3,5,6,3,7,6,10,0,1,3,0,0,3,4,4,S001;S008;S009;S010;S012;S013;S014;S015,S002;S006;S007,S003;S004;S005;S011
3,"1,7,8|2,6,9|3,4,5",False,False,15,5,9,5.24097170890818,0.15172073941833092,0.08487895060440155,1.421737404434185,,0,0,0,4,3,5,6,3,7,6,10,0,1,3,0,0,3,4,4,S001;S008;S009;S012;S013;S015,S002;S006;S007;S010;S014,S003;S004;S005;S011
3,"1,7,8|2,6|3,4,5,9",False,False,15,5,8,4.417621168208925,0.30006634280740846,0.2525814830784008,2.1134493644769488,,0,0,0,4,3,5,6,3,7,6,10,0,1,3,0,0,3,4,4,S001;S008;S009;S012;S013;S015,S002;S006;S007,S003;S004;S005;S010;S011;S014
3,"1,7,9|2,6,8|3,4,5",False,False,15,5,8,4.822545151745993,0.14849918273645657,0.08996229569098332,1.4151474637598755,,0,0,0,5,2,5,6,2,7,6,10,1,0,3,0,0,3,4,4,S001;S008;S010;S013;S014;S015,S002;S006;S007;S009;S012,S003;S004;S005;S011
3,"1,7|2,6,8,9|3,4,5",False,False,14,5,7,3.793641785025573,0.22332959510461636,0.28551002706388595,1.5760092810341464,,0,0,0,5,2,5,6,2,7,6,9,1,0,3,0,0,3,4,3,S001;S008;S013;S015,S002;S006;S007;S009;S010;S012;S014,S003;S004;S005;S011
3,"1,7|2,6,8|3,4,5,9",False,False,14,5,7,3.8964181980361556,0.1600720334257735,0.2477042917426835,1.45734542515902,,0,0,0,5,2,5,6,2,7,6,9,1,0,3,0,0,3,4,3,S001;S008;S013;S015,S002;S006;S007;S009;S012,S003;S004;S005;S010;S011;S014
3,"1,7,9|2,6|3,4,5,8",False,False,15,5,7,4.149535836181135,0.3001570328068855,0.23548948552900142,2.1231731060009027,,0,0,0,4,3,5,6,3,7,6,10,0,1,3,0,0,3,4,4,S001;S008;S010;S013;S014;S015,S002;S006;S007,S003;S004;S005;S009;S011;S012
3,"1,7|2,6,9|3,4,5,8",False,False,14,5,7,4.046759423170553,0.16323193817060458,0.22632087822130786,1.4640505066544882,,0,0,0,4,3,5,6,3,7,6,9,0,1,3,0,0,3,4,3,S001;S008;S013;S015,S002;S006;S007;S010;S014,S003;S004;S005;S009;S011;S012
3,"1,7|2,6|3,4,5,8,9",False,False,14,5,5,2.7022059122985276,0.4300453143981436,0.40210493822908755,2.7610793655358123,,0,0,0,4,3,5,6,3,7,6,9,0,1,3,0,0,3,4,3,S001;S008;S013;S015,S002;S006;S007,S003;S004;S005;S009;S010;S011;S012;S014
3,"1,8,9|2,6,7|3,4,5",False,False,13,5,7,3.918458176871948,0.12301967625718989,0.05124888066617864,1.354749281245747,,0,0,0,4,3,4,6,3,7,6,9,0,1,2,0,0,3,4,3,S001;S009;S010;S012;S013;S014,S002;S006;S007;S008;S015,S003;S004;S005;S011
3,"1,8|2,6,7,9|3,4,5",False,False,12,5,9,5.2630116877439725,0.26091802387617513,0.2900648697983786,1.7446793575953452,,0,0,0,4,3,4,6,3,7,5,9,0,1,2,0,0,3,3,3,S001;S009;S012;S013,S002;S006;S007;S008;S010;S014;S015,S003;S004;S005;S011
3,"1,8|2,6,7|3,4,5,9",False,False,12,5,8,4.439661147044717,0.1768191906680502,0.21253455780481176,1.5527684371207642,,0,0,0,4,3,4,6,3,7,5,9,0,1,2,0,0,3,3,3,S001;S009;S012;S013,S002;S006;S007;S008;S015,S003;S004;S005;S010;S011;S014
3,"1,9|2,6,7,8|3,4,5",False,False,12,4,8,4.844585130581786,0.26509726859947513,0.22848478198683947,1.7644287461252401,,0,0,0,4,2,4,6,2,7,6,9,0,0,2,0,0,3,4,3,S001;S010;S013;S014,S002;S006;S007;S008;S009;S012;S015,S003;S004;S005;S011
3,"1|2,6,7,8,9|3,4,5",False,False,10,4,7,3.8156817638613654,0.5529631951742564,0.5642698091003497,4.236129332743203,,0,0,0,4,2,4,6,2,7,5,8,0,0,2,0,0,3,3,2,S001;S013,S002;S006;S007;S008;S009;S010;S012;S014;S015,S003;S004;S005;S011
3,"1|2,6,7,8|3,4,5,9",False,False,10,4,7,3.918458176871948,0.4215227475969485,0.4656341221340122,3.3420203454587885,,0,0,0,4,2,4,6,2,7,5,8,0,0,2,0,0,3,3,2,S001;S013,S002;S006;S007;S008;S009;S012;S015,S003;S004;S005;S010;S011;S014
3,"1,9|2,6,7|3,4,5,8",False,False,13,5,7,4.1715758150169275,0.1813896951647933,0.15404188912957772,1.5711369272513274,,0,0,0,4,3,4,6,3,7,6,9,0,1,2,0,0,3,4,3,S001;S010;S013;S014,S002;S006;S007;S008;S015,S003;S004;S005;S009;S011;S012
3,"1|2,6,7,9|3,4,5,8",False,False,11,5,7,4.068799402006345,0.4208565972272493,0.47976553451678944,3.328391250969362,,0,0,0,4,3,4,6,3,7,5,8,0,1,2,0,0,3,3,2,S001;S013,S002;S006;S007;S008;S010;S014;S015,S003;S004;S005;S009;S011;S012
3,"1|2,6,7|3,4,5,8,9",False,False,11,5,5,2.72424589113432,0.4812283926738459,0.49561038158898646,3.8700135614455737,,0,0,0,4,3,4,6,3,7,5,8,0,1,2,0,0,3,3,2,S001;S013,S002;S006;S007;S008;S015,S003;S004;S005;S009;S010;S011;S012;S014
3,"1,8,9|2,6|3,4,5,7",False,False,13,5,7,3.918458176871948,0.3042028017001948,0.24738748615342615,2.2122932277606564,,0,0,0,4,3,5,6,3,6,6,9,0,1,3,0,0,2,4,3,S001;S009;S010;S012;S013;S014,S002;S006;S007,S003;S004;S005;S008;S011;S015
3,"1,8|2,6,9|3,4,5,7",False,False,12,5,9,5.2630116877439725,0.2040830779074063,0.20562014684155366,1.625389827389088,,0,0,0,4,3,5,6,3,6,5,9,0,1,3,0,0,2,3,3,S001;S009;S012;S013,S002;S006;S007;S010;S014,S003;S004;S005;S008;S011;S015
3,"1,8|2,6|3,4,5,7,9",False,False,12,5,8,4.439661147044717,0.460981937081531,0.4241489400328224,2.850199487295566,,0,0,0,4,3,5,6,3,6,5,9,0,1,3,0,0,2,3,3,S001;S009;S012;S013,S002;S006;S007,S003;S004;S005;S008;S010;S011;S014;S015
3,"1,9|2,6,8|3,4,5,7",False,False,13,5,8,4.844585130581786,0.2055857199753005,0.18026243437343054,1.6370853484432377,,0,0,0,5,2,5,6,2,6,6,9,1,0,3,0,0,2,4,3,S001;S010;S013;S014,S002;S006;S007;S009;S012,S003;S004;S005;S008;S011;S015
3,"1|2,6,8,9|3,4,5,7",False,False,11,5,7,3.8156817638613654,0.4170412513709778,0.46557252410454,3.2034777536925474,,0,0,0,5,2,5,6,2,6,5,8,1,0,3,0,0,2,3,2,S001;S013,S002;S006;S007;S009;S010;S012;S014,S003;S004;S005;S008;S011;S015
3,"1|2,6,8|3,4,5,7,9",False,False,11,5,7,3.918458176871948,0.5034919755980757,0.5270618114901399,3.994927058722389,,0,0,0,5,2,5,6,2,6,5,8,1,0,3,0,0,2,3,2,S001;S013,S002;S006;S007;S009;S012,S003;S004;S005;S008;S010;S011;S014;S015
3,"1,9|2,6|3,4,5,7,8",False,False,13,5,7,4.1715758150169275,0.4644613037754219,0.3750039500774983,2.85992322881952,,0,0,0,4,3,5,6,3,6,6,9,0,1,3,0,0,2,4,3,S001;S010;S013;S014,S002;S006;S007,S003;S004;S005;S008;S009;S011;S012;S015
3,"1|2,6,9|3,4,5,7,8",False,False,11,5,7,4.068799402006345,0.5060716750731808,0.49378602760415263,4.008556153211815,,0,0,0,4,3,5,6,3,6,5,8,0,1,3,0,0,2,3,2,S001;S013,S002;S006;S007;S010;S014,S003;S004;S005;S008;S009;S011;S012;S015
3,"1|2,6|3,4,5,7,8,9",False,False,11,5,5,2.72424589113432,0.7198865628828984,0.6722949704375071,4.9026651404962305,,0,0,0,4,3,5,6,3,6,5,8,0,1,3,0,0,2,3,2,S001;S013,S002;S006;S007,S003;S004;S005;S008;S009;S010;S011;S012;S014;S015
3,"1,7,8,9|2|3,4,5,6",False,False,13,4,5,2.6651317026977828,0.5568459756866556,0.47020745239183587,6.389947884474713,,0,0,0,4,2,5,6,2,7,6,9,0,0,3,0,0,3,4,3,S001;S008;S009;S010;S012;S013;S014;S015,S002,S003;S004;S005;S006;S007;S011
3,"1,7,8|2,9|3,4,5,6",False,False,13,4,7,4.009685213569807,0.2734191148002164,0.14218425976304008,1.9678795120657815,,0,0,0,4,2,5,6,2,7,6,9,0,0,3,0,0,3,4,3,S001;S008;S009;S012;S013;S015,S002;S010;S014,S003;S004;S005;S006;S007;S011
3,"1,7,8|2|3,4,5,6,9",False,False,13,4,6,3.1863346728705517,0.5504279970027706,0.4841186768612087,6.272171806972927,,0,0,0,4,2,5,6,2,7,6,9,0,0,3,0,0,3,4,3,S001;S008;S009;S012;S013;S015,S002,S003;S004;S005;S006;S007;S010;S011;S014
3,"1,7,9|2,8|3,4,5,6",False,False,14,5,6,3.591258656407621,0.2693738892063157,0.21280539468973803,1.941053045269436,,0,0,0,5,2,5,6,2,7,6,9,1,0,3,0,0,3,4,3,S001;S008;S010;S013;S014;S015,S002;S009;S012,S003;S004;S005;S006;S007;S011
3,"1,7|2,8,9|3,4,5,6",False,False,13,5,5,2.5623552896872,0.14067772690530242,0.19551845495471876,1.4118082394185791,,0,0,0,5,2,5,6,2,7,6,8,1,0,3,0,0,3,4,2,S001;S008;S013;S015,S002;S009;S010;S012;S014,S003;S004;S005;S006;S007;S011
3,"1,7|2,8|3,4,5,6,9",False,False,13,5,5,2.6651317026977828,0.395890781545735,0.3875421455267795,2.4962002820216167,,0,0,0,5,2,5,6,2,7,6,8,1,0,3,0,0,3,4,2,S001;S008;S013;S015,S002;S009;S012,S003;S004;S005;S006;S007;S010;S011;S014
3,"1,7,9|2|3,4,5,6,8",False,False,13,4,5,2.918249340842762,0.5515922033512171,0.46473801683947236,6.294883825281492,,0,0,0,4,2,5,6,2,7,6,9,0,0,3,0,0,3,4,3,S001;S008;S010;S013;S014;S015,S002,S003;S004;S005;S006;S007;S009;S011;S012
3,"1,7|2,9|3,4,5,6,8",False,False,12,4,5,2.8154729278321793,0.4002601778571768,0.3145148737738375,2.528090458545255,,0,0,0,4,2,5,6,2,7,6,8,0,0,3,0,0,3,4,2,S001;S008;S013;S015,S002;S010;S014,S003;S004;S005;S006;S007;S009;S011;S012
3,"1,7|2|3,4,5,6,8,9",False,False,12,4,3,1.4709194169601547,0.6926000700298152,0.6257701028463435,7.784859531650706,,0,0,0,4,2,5,6,2,7,6,8,0,0,3,0,0,3,4,2,S001;S008;S013;S015,S002,S003;S004;S005;S006;S007;S009;S010;S011;S012;S014
3,"1,8,9|2,7|3,4,5,6",False,False,12,4,6,3.218461571158774,0.23320432526364143,0.16110669306851594,1.75761229491124,,0,0,0,4,2,4,6,2,7,6,9,0,0,2,0,0,3,4,3,S001;S009;S010;S012;S013;S014,S002;S008;S015,S003;S004;S005;S006;S007;S011
3,"1,8|2,7,9|3,4,5,6",False,False,11,4,8,4.563015082030798,0.16350064722686827,0.1887494870325525,1.504249600397242,,0,0,0,4,2,4,6,2,7,5,9,0,0,2,0,0,3,3,3,S001;S009;S012;S013,S002;S008;S010;S014;S015,S003;S004;S005;S006;S007;S011
3,"1,8|2,7|3,4,5,6,9",False,False,11,4,7,3.739664541331543,0.38873077171590203,0.33794712864829146,2.305226730944716,,0,0,0,4,2,4,6,2,7,5,9,0,0,2,0,0,3,3,3,S001;S009;S012;S013,S002;S008;S015,S003;S004;S005;S006;S007;S010;S011;S014
3,"1,9|2,7,8|3,4,5,6",False,False,12,4,7,4.144588524868612,0.16643997002916958,0.1349312372406347,1.515073454820154,,0,0,0,4,2,4,6,2,7,6,9,0,0,2,0,0,3,4,3,S001;S010;S013;S014,S002;S008;S009;S012;S015,S003;S004;S005;S006;S007;S011
3,"1|2,7,8,9|3,4,5,6",False,False,10,4,6,3.1156851581481915,0.4273146696600076,0.47890311886599607,3.4345815779596194,,0,0,0,4,2,4,6,2,7,5,8,0,0,2,0,0,3,3,2,S001;S013,S002;S008;S009;S010;S012;S014;S015,S003;S004;S005;S006;S007;S011
3,"1|2,7,8|3,4,5,6,9",False,False,10,4,6,3.218461571158774,0.4644386920371507,0.4823812458360446,3.763823234455317,,0,0,0,4,2,4,6,2,7,5,8,0,0,2,0,0,3,3,2,S001;S013,S002;S008;S009;S012;S015,S003;S004;S005;S006;S007;S010;S011;S014
3,"1,9|2,7|3,4,5,6,8",False,False,12,4,6,3.471579209303753,0.39239948121533114,0.28430763862802827,2.313574134895036,,0,0,0,4,2,4,6,2,7,6,9,0,0,2,0,0,3,4,3,S001;S010;S013;S014,S002;S008;S015,S003;S004;S005;S006;S007;S009;S011;S012
3,"1|2,7,9|3,4,5,6,8",False,False,10,4,6,3.3688027962931706,0.46647533338933744,0.4633832552649491,3.7774523289447433,,0,0,0,4,2,4,6,2,7,5,8,0,0,2,0,0,3,3,2,S001;S013,S002;S008;S010;S014;S015,S003;S004;S005;S006;S007;S009;S011;S012
3,"1|2,7|3,4,5,6,8,9",False,False,10,4,4,2.024249285421146,0.6582188597849711,0.6010735267712677,4.671561316229158,,0,0,0,4,2,4,6,2,7,5,8,0,0,2,0,0,3,3,2,S001;S013,S002;S008;S015,S003;S004;S005;S006;S007;S009;S010;S011;S012;S014
3,"1,8,9|2|3,4,5,6,7",False,False,10,4,5,2.687171681533575,0.563878468603084,0.4841832432099743,6.503044216225943,,0,0,0,4,2,4,6,2,6,6,8,0,0,2,0,0,2,4,2,S001;S009;S010;S012;S013;S014,S002,S003;S004;S005;S006;S007;S008;S011;S015
3,"1,8|2,9|3,4,5,6,7",False,False,9,4,7,4.0317251924056,0.4318255612686466,0.31437671114726434,2.611689824760752,,0,0,0,4,2,4,6,2,6,5,8,0,0,2,0,0,2,3,2,S001;S009;S012;S013,S002;S010;S014,S003;S004;S005;S006;S007;S008;S011;S015
3,"1,8|2|3,4,5,6,7,9",False,False,9,4,6,3.208374651706344,0.720083397407857,0.6372700299483014,7.993019922595157,,0,0,0,4,2,4,6,2,6,5,8,0,0,2,0,0,2,3,2,S001;S009;S012;S013,S002,S003;S004;S005;S006;S007;S008;S010;S011;S014;S015
3,"1,9|2,8|3,4,5,6,7",False,False,11,5,6,3.613298635243413,0.4311152470962213,0.3371140290375541,2.5880829330114534,,0,0,0,5,2,4,6,2,6,6,8,1,0,2,0,0,2,4,2,S001;S010;S013;S014,S002;S009;S012,S003;S004;S005;S006;S007;S008;S011;S015
3,"1|2,8,9|3,4,5,6,7",False,False,9,5,5,2.584395268522992,0.4867464465726015,0.48364740721070487,3.902365826221558,,0,0,0,5,2,4,6,2,6,5,7,1,0,2,0,0,2,3,1,S001;S013,S002;S009;S010;S012;S014,S003;S004;S005;S006;S007;S008;S011;S015
3,"1|2,8|3,4,5,6,7,9",False,False,9,5,5,2.687171681533575,0.6911549809035716,0.6603337778464126,4.796474813505973,,0,0,0,5,2,4,6,2,6,5,7,1,0,2,0,0,2,3,1,S001;S013,S002;S009;S012,S003;S004;S005;S006;S007;S008;S010;S011;S014;S015
3,"1,9|2|3,4,5,6,7,8",False,False,10,4,5,2.9402893196785542,0.7231656796803301,0.5955070324802518,8.015731940903722,,0,0,0,4,2,4,6,2,6,6,8,0,0,2,0,0,2,4,2,S001;S010;S013;S014,S002,S003;S004;S005;S006;S007;S008;S009;S011;S012;S015
3,"1|2,9|3,4,5,6,7,8",False,False,8,4,5,2.8375129066679716,0.6948069284045995,0.5979527016600118,4.8101039079953996,,0,0,0,4,2,4,6,2,6,5,7,0,0,2,0,0,2,3,1,S001;S013,S002;S010;S014,S003;S004;S005;S006;S007;S008;S009;S011;S012;S015
3,"1|2|3,4,5,6,7,8,9",False,False,8,4,3,1.4929593957959468,0.9518808387068164,0.875734125222334,9.505707647272937,,0,0,0,4,2,4,6,2,6,5,7,0,0,2,0,0,2,3,1,S001;S013,S002,S003;S004;S005;S006;S007;S008;S009;S010;S011;S012;S014;S015
