This is XeTeX, Version 3.141592653-2.6-0.999997 (TeX Live 2025) (preloaded format=xelatex 2025.12.17)  24 SEP 2026 16:41
entering extended mode
 restricted \write18 enabled.
 %&-line parsing enabled.
**Q3_essay.tex
(./Q3_essay.tex
LaTeX2e <2024-11-01> patch level 2
L3 programming layer <2025-01-18>
! Undefined control sequence.
l.36 \section
             {问题三：通信约束下的运输与中继联合调度}
The control sequence at the end of the top line
of your error message was never \def'ed. If you have
misspelled it (e.g., `\hobx'), type `I' and the correct
spelling (e.g., `I\hbox'). Otherwise just continue,
and I'll forget about whatever was undefined.


! LaTeX Error: Missing \begin{document}.

See the LaTeX manual or LaTeX Companion for explanation.
Type  H <return>  for immediate help.
 ...                                              
                                                  
l.36 \section{问
               题三：通信约束下的运输与中继联合调度}
You're in trouble here.  Try typing  <return>  to proceed.
If that doesn't work, type  X <return>  to quit.

Missing character: There is no 问 ("95EE) in font nullfont!
Missing character: There is no 题 ("9898) in font nullfont!
Missing character: There is no 三 ("4E09) in font nullfont!
Missing character: There is no ： ("FF1A) in font nullfont!
Missing character: There is no 通 ("901A) in font nullfont!
Missing character: There is no 信 ("4FE1) in font nullfont!
Missing character: There is no 约 ("7EA6) in font nullfont!
Missing character: There is no 束 ("675F) in font nullfont!
Missing character: There is no 下 ("4E0B) in font nullfont!
Missing character: There is no 的 ("7684) in font nullfont!
Missing character: There is no 运 ("8FD0) in font nullfont!
Missing character: There is no 输 ("8F93) in font nullfont!
Missing character: There is no 与 ("4E0E) in font nullfont!
Missing character: There is no 中 ("4E2D) in font nullfont!
Missing character: There is no 继 ("7EE7) in font nullfont!
Missing character: There is no 联 ("8054) in font nullfont!
Missing character: There is no 合 ("5408) in font nullfont!
Missing character: There is no 调 ("8C03) in font nullfont!
Missing character: There is no 度 ("5EA6) in font nullfont!

Overfull \hbox (20.0pt too wide) in paragraph at lines 36--38
[]
 []

! Undefined control sequence.
l.39 \subsection
                {问题分析与总体思路}
The control sequence at the end of the top line
of your error message was never \def'ed. If you have
misspelled it (e.g., `\hobx'), type `I' and the correct
spelling (e.g., `I\hbox'). Otherwise just continue,
and I'll forget about whatever was undefined.


! LaTeX Error: Missing \begin{document}.

See the LaTeX manual or LaTeX Companion for explanation.
Type  H <return>  for immediate help.
 ...                                              
                                                  
l.39 \subsection{问
                  题分析与总体思路}
You're in trouble here.  Try typing  <return>  to proceed.
If that doesn't work, type  X <return>  to quit.

Missing character: There is no 问 ("95EE) in font nullfont!
Missing character: There is no 题 ("9898) in font nullfont!
Missing character: There is no 分 ("5206) in font nullfont!
Missing character: There is no 析 ("6790) in font nullfont!
Missing character: There is no 与 ("4E0E) in font nullfont!
Missing character: There is no 总 ("603B) in font nullfont!
Missing character: There is no 体 ("4F53) in font nullfont!
Missing character: There is no 思 ("601D) in font nullfont!
Missing character: There is no 路 ("8DEF) in font nullfont!

Overfull \hbox (20.0pt too wide) in paragraph at lines 39--40
[] 
 []


! LaTeX Error: Missing \begin{document}.

See the LaTeX manual or LaTeX Companion for explanation.
Type  H <return>  for immediate help.
 ...                                              
                                                  
l.41 问
      题三在问题二异构运输无人机多点多架次调度的基础上，进一步要求运输无人机在
You're in trouble here.  Try typing  <return>  to proceed.
If that doesn't work, type  X <return>  to quit.

Missing character: There is no 问 ("95EE) in font nullfont!
Missing character: There is no 题 ("9898) in font nullfont!
Missing character: There is no 三 ("4E09) in font nullfont!
Missing character: There is no 在 ("5728) in font nullfont!
Missing character: There is no 问 ("95EE) in font nullfont!
Missing character: There is no 题 ("9898) in font nullfont!
Missing character: There is no 二 ("4E8C) in font nullfont!
Missing character: There is no 异 ("5F02) in font nullfont!
Missing character: There is no 构 ("6784) in font nullfont!
Missing character: There is no 运 ("8FD0) in font nullfont!
Missing character: There is no 输 ("8F93) in font nullfont!
Missing character: There is no 无 ("65E0) in font nullfont!
Missing character: There is no 人 ("4EBA) in font nullfont!
Missing character: There is no 机 ("673A) in font nullfont!
Missing character: There is no 多 ("591A) in font nullfont!
Missing character: There is no 点 ("70B9) in font nullfont!
Missing character: There is no 多 ("591A) in font nullfont!
Missing character: There is no 架 ("67B6) in font nullfont!
Missing character: There is no 次 ("6B21) in font nullfont!
Missing character: There is no 调 ("8C03) in font nullfont!
Missing character: There is no 度 ("5EA6) in font nullfont!
Missing character: There is no 的 ("7684) in font nullfont!
Missing character: There is no 基 ("57FA) in font nullfont!
Missing character: There is no 础 ("7840) in font nullfont!
Missing character: There is no 上 ("4E0A) in font nullfont!
Missing character: There is no ， ("FF0C) in font nullfont!
Missing character: There is no 进 ("8FDB) in font nullfont!
Missing character: There is no 一 ("4E00) in font nullfont!
Missing character: There is no 步 ("6B65) in font nullfont!
Missing character: There is no 要 ("8981) in font nullfont!
Missing character: There is no 求 ("6C42) in font nullfont!
Missing character: There is no 运 ("8FD0) in font nullfont!
Missing character: There is no 输 ("8F93) in font nullfont!
Missing character: There is no 无 ("65E0) in font nullfont!
Missing character: There is no 人 ("4EBA) in font nullfont!
Missing character: There is no 机 ("673A) in font nullfont!
Missing character: There is no 在 ("5728) in font nullfont!
Missing character: There is no 爬 ("722C) in font nullfont!
Missing character: There is no 升 ("5347) in font nullfont!
Missing character: There is no 、 ("3001) in font nullfont!
Missing character: There is no 巡 ("5DE1) in font nullfont!
Missing character: There is no 航 ("822A) in font nullfont!
Missing character: There is no 、 ("3001) in font nullfont!
Missing character: There is no 下 ("4E0B) in font nullfont!
Missing character: There is no 降 ("964D) in font nullfont!
Missing character: There is no 及 ("53CA) in font nullfont!
Missing character: There is no 物 ("7269) in font nullfont!
Missing character: There is no 资 ("8D44) in font nullfont!
Missing character: There is no 投 ("6295) in font nullfont!
Missing character: There is no 送 ("9001) in font nullfont!
Missing character: There is no 全 ("5168) in font nullfont!
Missing character: There is no 过 ("8FC7) in font nullfont!
Missing character: There is no 程 ("7A0B) in font nullfont!
Missing character: There is no 保 ("4FDD) in font nullfont!
Missing character: There is no 持 ("6301) in font nullfont!
Missing character: There is no 通 ("901A) in font nullfont!
Missing character: There is no 信 ("4FE1) in font nullfont!
Missing character: There is no 。 ("3002) in font nullfont!
Missing character: There is no 当 ("5F53) in font nullfont!
Missing character: There is no 运 ("8FD0) in font nullfont!
Missing character: There is no 输 ("8F93) in font nullfont!
Missing character: There is no 无 ("65E0) in font nullfont!
Missing character: There is no 人 ("4EBA) in font nullfont!
Missing character: There is no 机 ("673A) in font nullfont!
Missing character: There is no 与 ("4E0E) in font nullfont!
Missing character: There is no 固 ("56FA) in font nullfont!
Missing character: There is no 定 ("5B9A) in font nullfont!
Missing character: There is no 网 ("7F51) in font nullfont!
Missing character: There is no 关 ("5173) in font nullfont!
Missing character: There is no G ("47) in font nullfont!
Missing character: There is no 0 ("30) in font nullfont!
Missing character: There is no 1 ("31) in font nullfont!
Missing character: There is no 的 ("7684) in font nullfont!
Missing character: There is no 直 ("76F4) in font nullfont!
Missing character: There is no 连 ("8FDE) in font nullfont!
Missing character: There is no 链 ("94FE) in font nullfont!
Missing character: There is no 路 ("8DEF) in font nullfont!
Missing character: There is no 不 ("4E0D) in font nullfont!
Missing character: There is no 可 ("53EF) in font nullfont!
Missing character: There is no 用 ("7528) in font nullfont!
Missing character: There is no 时 ("65F6) in font nullfont!
Missing character: There is no ， ("FF0C) in font nullfont!
Missing character: There is no 必 ("5FC5) in font nullfont!
Missing character: There is no 须 ("987B) in font nullfont!
Missing character: There is no 由 ("7531) in font nullfont!
Missing character: There is no 空 ("7A7A) in font nullfont!
Missing character: There is no 中 ("4E2D) in font nullfont!
Missing character: There is no 中 ("4E2D) in font nullfont!
Missing character: There is no 继 ("7EE7) in font nullfont!
Missing character: There is no 无 ("65E0) in font nullfont!
Missing character: There is no 人 ("4EBA) in font nullfont!
Missing character: There is no 机 ("673A) in font nullfont!
Missing character: There is no 建 ("5EFA) in font nullfont!
Missing character: There is no 立 ("7ACB) in font nullfont!
Missing character: There is no “ ("201C) in font nullfont!
Missing character: There is no 运 ("8FD0) in font nullfont!
Missing character: There is no 输 ("8F93) in font nullfont!
Missing character: There is no 无 ("65E0) in font nullfont!
Missing character: There is no 人 ("4EBA) in font nullfont!
Missing character: There is no 机 ("673A) in font nullfont!
Missing character: There is no - ("2D) in font nullfont!
Missing character: There is no - ("2D) in font nullfont!
Missing character: There is no 中 ("4E2D) in font nullfont!
Missing character: There is no 继 ("7EE7) in font nullfont!
Missing character: There is no 无 ("65E0) in font nullfont!
Missing character: There is no 人 ("4EBA) in font nullfont!
Missing character: There is no 机 ("673A) in font nullfont!
Missing character: There is no - ("2D) in font nullfont!
Missing character: There is no - ("2D) in font nullfont!
Missing character: There is no G ("47) in font nullfont!
Missing character: There is no 0 ("30) in font nullfont!
Missing character: There is no 1 ("31) in font nullfont!
Missing character: There is no ” ("201D) in font nullfont!
Missing character: There is no 两 ("4E24) in font nullfont!
Missing character: There is no 段 ("6BB5) in font nullfont!
Missing character: There is no 链 ("94FE) in font nullfont!
Missing character: There is no 路 ("8DEF) in font nullfont!
Missing character: There is no ， ("FF0C) in font nullfont!
Missing character: There is no 并 ("5E76) in font nullfont!
Missing character: There is no 同 ("540C) in font nullfont!
Missing character: There is no 时 ("65F6) in font nullfont!
Missing character: There is no 考 ("8003) in font nullfont!
Missing character: There is no 虑 ("8651) in font nullfont!
Missing character: There is no 中 ("4E2D) in font nullfont!
Missing character: There is no 继 ("7EE7) in font nullfont!
Missing character: There is no 悬 ("60AC) in font nullfont!
Missing character: There is no 停 ("505C) in font nullfont!
Missing character: There is no 位 ("4F4D) in font nullfont!
Missing character: There is no 置 ("7F6E) in font nullfont!
Missing character: There is no 、 ("3001) in font nullfont!
Missing character: There is no 悬 ("60AC) in font nullfont!
Missing character: There is no 停 ("505C) in font nullfont!
Missing character: There is no 海 ("6D77) in font nullfont!
Missing character: There is no 拔 ("62D4) in font nullfont!
Missing character: There is no 、 ("3001) in font nullfont!
Missing character: There is no 服 ("670D) in font nullfont!
Missing character: There is no 务 ("52A1) in font nullfont!
Missing character: There is no 时 ("65F6) in font nullfont!
Missing character: There is no 段 ("6BB5) in font nullfont!
Missing character: There is no 、 ("3001) in font nullfont!
Missing character: There is no 中 ("4E2D) in font nullfont!
Missing character: There is no 继 ("7EE7) in font nullfont!
Missing character: There is no 实 ("5B9E) in font nullfont!
Missing character: There is no 体 ("4F53) in font nullfont!
Missing character: There is no 机 ("673A) in font nullfont!
Missing character: There is no 及 ("53CA) in font nullfont!
Missing character: There is no 能 ("80FD) in font nullfont!
Missing character: There is no 源 ("6E90) in font nullfont!
Missing character: There is no 组 ("7EC4) in font nullfont!
Missing character: There is no 件 ("4EF6) in font nullfont!
Missing character: There is no 周 ("5468) in font nullfont!
Missing character: There is no 转 ("8F6C) in font nullfont!
Missing character: There is no 。 ("3002) in font nullfont!
Missing character: There is no 因 ("56E0) in font nullfont!
Missing character: There is no 此 ("6B64) in font nullfont!
Missing character: There is no ， ("FF0C) in font nullfont!
Missing character: There is no 问 ("95EE) in font nullfont!
Missing character: There is no 题 ("9898) in font nullfont!
Missing character: There is no 三 ("4E09) in font nullfont!
Missing character: There is no 实 ("5B9E) in font nullfont!
Missing character: There is no 质 ("8D28) in font nullfont!
Missing character: There is no 上 ("4E0A) in font nullfont!
Missing character: There is no 是 ("662F) in font nullfont!
Missing character: There is no 一 ("4E00) in font nullfont!
Missing character: There is no 个 ("4E2A) in font nullfont!
Missing character: There is no 同 ("540C) in font nullfont!
Missing character: There is no 时 ("65F6) in font nullfont!
Missing character: There is no 包 ("5305) in font nullfont!
Missing character: There is no 含 ("542B) in font nullfont!
Missing character: There is no 运 (U+8FD0) in font [lmroman10-bold]:mapping=tex-
text;!
Missing character: There is no 输 (U+8F93) in font [lmroman10-bold]:mapping=tex-
text;!
Missing character: There is no 路 (U+8DEF) in font [lmroman10-bold]:mapping=tex-
text;!
Missing character: There is no 线 (U+7EBF) in font [lmroman10-bold]:mapping=tex-
text;!
Missing character: There is no 、 (U+3001) in font [lmroman10-bold]:mapping=tex-
text;!
Missing character: There is no 运 (U+8FD0) in font [lmroman10-bold]:mapping=tex-
text;!
Missing character: There is no 输 (U+8F93) in font [lmroman10-bold]:mapping=tex-
text;!
Missing character: There is no 时 (U+65F6) in font [lmroman10-bold]:mapping=tex-
text;!
Missing character: There is no 序 (U+5E8F) in font [lmroman10-bold]:mapping=tex-
text;!
Missing character: There is no 、 (U+3001) in font [lmroman10-bold]:mapping=tex-
text;!
Missing character: There is no 通 (U+901A) in font [lmroman10-bold]:mapping=tex-
text;!
Missing character: There is no 信 (U+4FE1) in font [lmroman10-bold]:mapping=tex-
text;!
Missing character: There is no 覆 (U+8986) in font [lmroman10-bold]:mapping=tex-
text;!
Missing character: There is no 盖 (U+76D6) in font [lmroman10-bold]:mapping=tex-
text;!
Missing character: There is no 、 (U+3001) in font [lmroman10-bold]:mapping=tex-
text;!
Missing character: There is no 中 (U+4E2D) in font [lmroman10-bold]:mapping=tex-
text;!
Missing character: There is no 继 (U+7EE7) in font [lmroman10-bold]:mapping=tex-
text;!
Missing character: There is no 部 (U+90E8) in font [lmroman10-bold]:mapping=tex-
text;!
Missing character: There is no 署 (U+7F72) in font [lmroman10-bold]:mapping=tex-
text;!
Missing character: There is no 和 (U+548C) in font [lmroman10-bold]:mapping=tex-
text;!
Missing character: There is no 双 (U+53CC) in font [lmroman10-bold]:mapping=tex-
text;!
Missing character: There is no 层 (U+5C42) in font [lmroman10-bold]:mapping=tex-
text;!
Missing character: There is no 能 (U+80FD) in font [lmroman10-bold]:mapping=tex-
text;!
Missing character: There is no 源 (U+6E90) in font [lmroman10-bold]:mapping=tex-
text;!
Missing character: There is no 资 (U+8D44) in font [lmroman10-bold]:mapping=tex-
text;!
Missing character: There is no 源 (U+6E90) in font [lmroman10-bold]:mapping=tex-
text;!
Missing character: There is no 调 (U+8C03) in font [lmroman10-bold]:mapping=tex-
text;!
Missing character: There is no 度 (U+5EA6) in font [lmroman10-bold]:mapping=tex-
text;!
Missing character: There is no 的 ("7684) in font nullfont!
Missing character: There is no 时 ("65F6) in font nullfont!
Missing character: There is no 空 ("7A7A) in font nullfont!
Missing character: There is no 耦 ("8026) in font nullfont!
Missing character: There is no 合 ("5408) in font nullfont!
Missing character: There is no 优 ("4F18) in font nullfont!
Missing character: There is no 化 ("5316) in font nullfont!
Missing character: There is no 问 ("95EE) in font nullfont!
Missing character: There is no 题 ("9898) in font nullfont!
Missing character: There is no 。 ("3002) in font nullfont!

Overfull \hbox (20.0pt too wide) in paragraph at lines 41--50
[]
 []


Overfull \hbox (78.40001pt too wide) in paragraph at lines 41--50
\TU/lmr/bx/n/10 运输路线、运输时序、通信覆盖、中继部署和双层能源资源调度
 []


! LaTeX Error: Missing \begin{document}.

See the LaTeX manual or LaTeX Companion for explanation.
Type  H <return>  for immediate help.
 ...                                              
                                                  
l.51 无
      人机作为空中通信节点具有部署灵活、视距链路概率高等特点，
You're in trouble here.  Try typing  <return>  to proceed.
If that doesn't work, type  X <return>  to quit.

Missing character: There is no 无 ("65E0) in font nullfont!
Missing character: There is no 人 ("4EBA) in font nullfont!
Missing character: There is no 机 ("673A) in font nullfont!
Missing character: There is no 作 ("4F5C) in font nullfont!
Missing character: There is no 为 ("4E3A) in font nullfont!
Missing character: There is no 空 ("7A7A) in font nullfont!
Missing character: There is no 中 ("4E2D) in font nullfont!
Missing character: There is no 通 ("901A) in font nullfont!
Missing character: There is no 信 ("4FE1) in font nullfont!
Missing character: There is no 节 ("8282) in font nullfont!
Missing character: There is no 点 ("70B9) in font nullfont!
Missing character: There is no 具 ("5177) in font nullfont!
Missing character: There is no 有 ("6709) in font nullfont!
Missing character: There is no 部 ("90E8) in font nullfont!
Missing character: There is no 署 ("7F72) in font nullfont!
Missing character: There is no 灵 ("7075) in font nullfont!
Missing character: There is no 活 ("6D3B) in font nullfont!
Missing character: There is no 、 ("3001) in font nullfont!
Missing character: There is no 视 ("89C6) in font nullfont!
Missing character: There is no 距 ("8DDD) in font nullfont!
Missing character: There is no 链 ("94FE) in font nullfont!
Missing character: There is no 路 ("8DEF) in font nullfont!
Missing character: There is no 概 ("6982) in font nullfont!
Missing character: There is no 率 ("7387) in font nullfont!
Missing character: There is no 高 ("9AD8) in font nullfont!
Missing character: There is no 等 ("7B49) in font nullfont!
Missing character: There is no 特 ("7279) in font nullfont!
Missing character: There is no 点 ("70B9) in font nullfont!
Missing character: There is no ， ("FF0C) in font nullfont!
Missing character: There is no 适 ("9002) in font nullfont!
Missing character: There is no 用 ("7528) in font nullfont!
Missing character: There is no 于 ("4E8E) in font nullfont!
Missing character: There is no 地 ("5730) in font nullfont!
Missing character: There is no 面 ("9762) in font nullfont!
Missing character: There is no 通 ("901A) in font nullfont!
Missing character: There is no 信 ("4FE1) in font nullfont!
Missing character: There is no 基 ("57FA) in font nullfont!
Missing character: There is no 础 ("7840) in font nullfont!
Missing character: There is no 设 ("8BBE) in font nullfont!
Missing character: There is no 施 ("65BD) in font nullfont!
Missing character: There is no 受 ("53D7) in font nullfont!
Missing character: There is no 损 ("635F) in font nullfont!
Missing character: There is no 后 ("540E) in font nullfont!
Missing character: There is no 的 ("7684) in font nullfont!
Missing character: There is no 临 ("4E34) in font nullfont!
Missing character: There is no 时 ("65F6) in font nullfont!
Missing character: There is no 覆 ("8986) in font nullfont!
Missing character: There is no 盖 ("76D6) in font nullfont!
Missing character: There is no 与 ("4E0E) in font nullfont!
Missing character: There is no 中 ("4E2D) in font nullfont!
Missing character: There is no 继 ("7EE7) in font nullfont!
Missing character: There is no 保 ("4FDD) in font nullfont!
Missing character: There is no 障 ("969C) in font nullfont!
Missing character: There is no [ ("5B) in font nullfont!
\citation{q3-zeng2016}
! Undefined control sequence.
<write> ...: Citation `\@citeb ' on page \thepage 
                                                  \space undefined\on@line .^^J
l.52 适用于地面通信基础设施受损后的临时覆盖与中继保障\cite{q3-zeng2016}
                                               ；
The control sequence at the end of the top line
of your error message was never \def'ed. If you have
misspelled it (e.g., `\hobx'), type `I' and the correct
spelling (e.g., `I\hbox'). Otherwise just continue,
and I'll forget about whatever was undefined.


LaTeX Warning: Citation `q3-zeng2016' on page  undefined on input line 52.

Missing character: There is no ] ("5D) in font nullfont!
Missing character: There is no ； ("FF1B) in font nullfont!
Missing character: There is no 同 ("540C) in font nullfont!
Missing character: There is no 时 ("65F6) in font nullfont!
Missing character: There is no ， ("FF0C) in font nullfont!
Missing character: There is no 中 ("4E2D) in font nullfont!
Missing character: There is no 继 ("7EE7) in font nullfont!
Missing character: There is no 无 ("65E0) in font nullfont!
Missing character: There is no 人 ("4EBA) in font nullfont!
Missing character: There is no 机 ("673A) in font nullfont!
Missing character: There is no 三 ("4E09) in font nullfont!
Missing character: There is no 维 ("7EF4) in font nullfont!
Missing character: There is no 位 ("4F4D) in font nullfont!
Missing character: There is no 置 ("7F6E) in font nullfont!
Missing character: There is no 会 ("4F1A) in font nullfont!
Missing character: There is no 显 ("663E) in font nullfont!
Missing character: There is no 著 ("8457) in font nullfont!
Missing character: There is no 影 ("5F71) in font nullfont!
Missing character: There is no 响 ("54CD) in font nullfont!
Missing character: There is no 覆 ("8986) in font nullfont!
Missing character: There is no 盖 ("76D6) in font nullfont!
Missing character: There is no 范 ("8303) in font nullfont!
Missing character: There is no 围 ("56F4) in font nullfont!
Missing character: There is no 与 ("4E0E) in font nullfont!
Missing character: There is no 持 ("6301) in font nullfont!
Missing character: There is no 续 ("7EED) in font nullfont!
Missing character: There is no 服 ("670D) in font nullfont!
Missing character: There is no 务 ("52A1) in font nullfont!
Missing character: There is no 能 ("80FD) in font nullfont!
Missing character: There is no 力 ("529B) in font nullfont!
Missing character: There is no ， ("FF0C) in font nullfont!
Missing character: There is no 因 ("56E0) in font nullfont!
Missing character: There is no 此 ("6B64) in font nullfont!
Missing character: There is no 悬 ("60AC) in font nullfont!
Missing character: There is no 停 ("505C) in font nullfont!
Missing character: There is no 位 ("4F4D) in font nullfont!
Missing character: There is no 置 ("7F6E) in font nullfont!
Missing character: There is no 与 ("4E0E) in font nullfont!
Missing character: There is no 高 ("9AD8) in font nullfont!
Missing character: There is no 度 ("5EA6) in font nullfont!
Missing character: There is no 不 ("4E0D) in font nullfont!
Missing character: There is no 能 ("80FD) in font nullfont!
Missing character: There is no 脱 ("8131) in font nullfont!
Missing character: There is no 离 ("79BB) in font nullfont!
Missing character: There is no 通 ("901A) in font nullfont!
Missing character: There is no 信 ("4FE1) in font nullfont!
Missing character: There is no 需 ("9700) in font nullfont!
Missing character: There is no 求 ("6C42) in font nullfont!
Missing character: There is no 独 ("72EC) in font nullfont!
Missing character: There is no 立 ("7ACB) in font nullfont!
Missing character: There is no 设 ("8BBE) in font nullfont!
Missing character: There is no 置 ("7F6E) in font nullfont!
Missing character: There is no [ ("5B) in font nullfont!
\citation{q3-mozaffari2016}
! Undefined control sequence.
<write> ...: Citation `\@citeb ' on page \thepage 
                                                  \space undefined\on@line .^^J
l.54 因此悬停位置与高度不能脱离通信需求独立设置\cite{q3-mozaffari2016}
                                                 。
The control sequence at the end of the top line
of your error message was never \def'ed. If you have
misspelled it (e.g., `\hobx'), type `I' and the correct
spelling (e.g., `I\hbox'). Otherwise just continue,
and I'll forget about whatever was undefined.


LaTeX Warning: Citation `q3-mozaffari2016' on page  undefined on input line 54.


Missing character: There is no ] ("5D) in font nullfont!
Missing character: There is no 。 ("3002) in font nullfont!

Overfull \hbox (20.0pt too wide) in paragraph at lines 51--55
[]
 []


Overfull \hbox (5.43pt too wide) in paragraph at lines 51--55
[]
 []


Overfull \hbox (5.43pt too wide) in paragraph at lines 51--55
[] 
 []


! LaTeX Error: Missing \begin{document}.

See the LaTeX manual or LaTeX Companion for explanation.
Type  H <return>  for immediate help.
 ...                                              
                                                  
l.56 若
      简单采用“先完成运输优化，再为每个运输架次配置中继”的顺序方法，
You're in trouble here.  Try typing  <return>  to proceed.
If that doesn't work, type  X <return>  to quit.

Missing character: There is no 若 ("82E5) in font nullfont!
Missing character: There is no 简 ("7B80) in font nullfont!
Missing character: There is no 单 ("5355) in font nullfont!
Missing character: There is no 采 ("91C7) in font nullfont!
Missing character: There is no 用 ("7528) in font nullfont!
Missing character: There is no “ ("201C) in font nullfont!
Missing character: There is no 先 ("5148) in font nullfont!
Missing character: There is no 完 ("5B8C) in font nullfont!
Missing character: There is no 成 ("6210) in font nullfont!
Missing character: There is no 运 ("8FD0) in font nullfont!
Missing character: There is no 输 ("8F93) in font nullfont!
Missing character: There is no 优 ("4F18) in font nullfont!
Missing character: There is no 化 ("5316) in font nullfont!
Missing character: There is no ， ("FF0C) in font nullfont!
Missing character: There is no 再 ("518D) in font nullfont!
Missing character: There is no 为 ("4E3A) in font nullfont!
Missing character: There is no 每 ("6BCF) in font nullfont!
Missing character: There is no 个 ("4E2A) in font nullfont!
Missing character: There is no 运 ("8FD0) in font nullfont!
Missing character: There is no 输 ("8F93) in font nullfont!
Missing character: There is no 架 ("67B6) in font nullfont!
Missing character: There is no 次 ("6B21) in font nullfont!
Missing character: There is no 配 ("914D) in font nullfont!
Missing character: There is no 置 ("7F6E) in font nullfont!
Missing character: There is no 中 ("4E2D) in font nullfont!
Missing character: There is no 继 ("7EE7) in font nullfont!
Missing character: There is no ” ("201D) in font nullfont!
Missing character: There is no 的 ("7684) in font nullfont!
Missing character: There is no 顺 ("987A) in font nullfont!
Missing character: There is no 序 ("5E8F) in font nullfont!
Missing character: There is no 方 ("65B9) in font nullfont!
Missing character: There is no 法 ("6CD5) in font nullfont!
Missing character: There is no ， ("FF0C) in font nullfont!
Missing character: There is no 容 ("5BB9) in font nullfont!
Missing character: There is no 易 ("6613) in font nullfont!
Missing character: There is no 出 ("51FA) in font nullfont!
Missing character: There is no 现 ("73B0) in font nullfont!
Missing character: There is no 多 ("591A) in font nullfont!
Missing character: There is no 个 ("4E2A) in font nullfont!
Missing character: There is no 运 ("8FD0) in font nullfont!
Missing character: There is no 输 ("8F93) in font nullfont!
Missing character: There is no 架 ("67B6) in font nullfont!
Missing character: There is no 次 ("6B21) in font nullfont!
Missing character: There is no 在 ("5728) in font nullfont!
Missing character: There is no 不 ("4E0D) in font nullfont!
Missing character: There is no 同 ("540C) in font nullfont!
Missing character: There is no 空 ("7A7A) in font nullfont!
Missing character: There is no 间 ("95F4) in font nullfont!
Missing character: There is no 盲 ("76F2) in font nullfont!
Missing character: There is no 区 ("533A) in font nullfont!
Missing character: There is no 同 ("540C) in font nullfont!
Missing character: There is no 时 ("65F6) in font nullfont!
Missing character: There is no 需 ("9700) in font nullfont!
Missing character: There is no 要 ("8981) in font nullfont!
Missing character: There is no 中 ("4E2D) in font nullfont!
Missing character: There is no 继 ("7EE7) in font nullfont!
Missing character: There is no ， ("FF0C) in font nullfont!
Missing character: There is no 从 ("4ECE) in font nullfont!
Missing character: There is no 而 ("800C) in font nullfont!
Missing character: There is no 超 ("8D85) in font nullfont!
Missing character: There is no 过 ("8FC7) in font nullfont!
Missing character: There is no 题 ("9898) in font nullfont!
Missing character: There is no 目 ("76EE) in font nullfont!
Missing character: There is no 仅 ("4EC5) in font nullfont!
Missing character: There is no 有 ("6709) in font nullfont!
Missing character: There is no 的 ("7684) in font nullfont!
Missing character: There is no 两 ("4E24) in font nullfont!
Missing character: There is no 架 ("67B6) in font nullfont!
Missing character: There is no 中 ("4E2D) in font nullfont!
Missing character: There is no 继 ("7EE7) in font nullfont!
Missing character: There is no 无 ("65E0) in font nullfont!
Missing character: There is no 人 ("4EBA) in font nullfont!
Missing character: There is no 机 ("673A) in font nullfont!
Missing character: There is no 容 ("5BB9) in font nullfont!
Missing character: There is no 量 ("91CF) in font nullfont!
Missing character: There is no 。 ("3002) in font nullfont!
Missing character: There is no 为 ("4E3A) in font nullfont!
Missing character: There is no 体 ("4F53) in font nullfont!
Missing character: There is no 现 ("73B0) in font nullfont!
Missing character: There is no 运 ("8FD0) in font nullfont!
Missing character: There is no 输 ("8F93) in font nullfont!
Missing character: There is no 与 ("4E0E) in font nullfont!
Missing character: There is no 通 ("901A) in font nullfont!
Missing character: There is no 信 ("4FE1) in font nullfont!
Missing character: There is no 的 ("7684) in font nullfont!
Missing character: There is no 真 ("771F) in font nullfont!
Missing character: There is no 正 ("6B63) in font nullfont!
Missing character: There is no 协 ("534F) in font nullfont!
Missing character: There is no 同 ("540C) in font nullfont!
Missing character: There is no ， ("FF0C) in font nullfont!
Missing character: There is no 本 ("672C) in font nullfont!
Missing character: There is no 文 ("6587) in font nullfont!
Missing character: There is no 构 ("6784) in font nullfont!
Missing character: There is no 建 ("5EFA) in font nullfont!
Missing character: There is no 独 ("72EC) in font nullfont!
Missing character: There is no 立 ("7ACB) in font nullfont!
Missing character: There is no 的 ("7684) in font nullfont!
Missing character: There is no 问 ("95EE) in font nullfont!
Missing character: There is no 题 ("9898) in font nullfont!
Missing character: There is no 三 ("4E09) in font nullfont!
Missing character: There is no 求 ("6C42) in font nullfont!
Missing character: There is no 解 ("89E3) in font nullfont!
Missing character: There is no 器 ("5668) in font nullfont!
Missing character: There is no ， ("FF0C) in font nullfont!
Missing character: There is no 重 ("91CD) in font nullfont!
Missing character: There is no 新 ("65B0) in font nullfont!
Missing character: There is no 从 ("4ECE) in font nullfont!
Missing character: There is no 原 ("539F) in font nullfont!
Missing character: There is no 始 ("59CB) in font nullfont!
Missing character: There is no 附 ("9644) in font nullfont!
Missing character: There is no 件 ("4EF6) in font nullfont!
Missing character: There is no 读 ("8BFB) in font nullfont!
Missing character: There is no 取 ("53D6) in font nullfont!
Missing character: There is no 运 ("8FD0) in font nullfont!
Missing character: There is no 输 ("8F93) in font nullfont!
Missing character: There is no 、 ("3001) in font nullfont!
Missing character: There is no D ("44) in font nullfont!
Missing character: There is no E ("45) in font nullfont!
Missing character: There is no M ("4D) in font nullfont!
Missing character: There is no 、 ("3001) in font nullfont!
Missing character: There is no 中 ("4E2D) in font nullfont!
Missing character: There is no 继 ("7EE7) in font nullfont!
Missing character: There is no 和 ("548C) in font nullfont!
Missing character: There is no 通 ("901A) in font nullfont!
Missing character: There is no 信 ("4FE1) in font nullfont!
Missing character: There is no 数 ("6570) in font nullfont!
Missing character: There is no 据 ("636E) in font nullfont!
Missing character: There is no ， ("FF0C) in font nullfont!
Missing character: There is no 在 ("5728) in font nullfont!
Missing character: There is no 保 ("4FDD) in font nullfont!
Missing character: There is no 持 ("6301) in font nullfont!
Missing character: There is no 问 ("95EE) in font nullfont!
Missing character: There is no 题 ("9898) in font nullfont!
Missing character: There is no 二 ("4E8C) in font nullfont!
Missing character: There is no 统 ("7EDF) in font nullfont!
Missing character: There is no 一 ("4E00) in font nullfont!
Missing character: There is no 飞 ("98DE) in font nullfont!
Missing character: There is no 行 ("884C) in font nullfont!
Missing character: There is no 与 ("4E0E) in font nullfont!
Missing character: There is no 能 ("80FD) in font nullfont!
Missing character: There is no 耗 ("8017) in font nullfont!
Missing character: There is no 口 ("53E3) in font nullfont!
Missing character: There is no 径 ("5F84) in font nullfont!
Missing character: There is no 的 ("7684) in font nullfont!
Missing character: There is no 同 ("540C) in font nullfont!
Missing character: There is no 时 ("65F6) in font nullfont!
Missing character: There is no ， ("FF0C) in font nullfont!
Missing character: There is no 将 ("5C06) in font nullfont!
Missing character: There is no 运 ("8FD0) in font nullfont!
Missing character: There is no 输 ("8F93) in font nullfont!
Missing character: There is no 方 ("65B9) in font nullfont!
Missing character: There is no 案 ("6848) in font nullfont!
Missing character: There is no 与 ("4E0E) in font nullfont!
Missing character: There is no 通 ("901A) in font nullfont!
Missing character: There is no 信 ("4FE1) in font nullfont!
Missing character: There is no 保 ("4FDD) in font nullfont!
Missing character: There is no 障 ("969C) in font nullfont!
Missing character: There is no 共 ("5171) in font nullfont!
Missing character: There is no 同 ("540C) in font nullfont!
Missing character: There is no 纳 ("7EB3) in font nullfont!
Missing character: There is no 入 ("5165) in font nullfont!
Missing character: There is no 联 ("8054) in font nullfont!
Missing character: There is no 合 ("5408) in font nullfont!
Missing character: There is no 搜 ("641C) in font nullfont!
Missing character: There is no 索 ("7D22) in font nullfont!
Missing character: There is no 。 ("3002) in font nullfont!
Missing character: There is no 整 ("6574) in font nullfont!
Missing character: There is no 体 ("4F53) in font nullfont!
Missing character: There is no 求 ("6C42) in font nullfont!
Missing character: There is no 解 ("89E3) in font nullfont!
Missing character: There is no 流 ("6D41) in font nullfont!
Missing character: There is no 程 ("7A0B) in font nullfont!
Missing character: There is no 为 ("4E3A) in font nullfont!

Overfull \hbox (20.0pt too wide) in paragraph at lines 56--64
[]
 []

LaTeX Font Info:    External font `cmex10' loaded for size
(Font)              <7> on input line 64.
LaTeX Font Info:    External font `cmex10' loaded for size
(Font)              <5> on input line 64.
! Undefined control sequence.
l.65 \boxed
           {
The control sequence at the end of the top line
of your error message was never \def'ed. If you have
misspelled it (e.g., `\hobx'), type `I' and the correct
spelling (e.g., `I\hbox'). Otherwise just continue,
and I'll forget about whatever was undefined.


! LaTeX Error: Environment aligned undefined.

See the LaTeX manual or LaTeX Companion for explanation.
Type  H <return>  for immediate help.
 ...                                              
                                                  
l.66 \begin{aligned}
                    
Your command was ignored.
Type  I <command> <return>  to replace it with another command,
or  <return>  to continue without it.

! Misplaced alignment tab character &.
l.67 &
      \text{原始数据读取与运输航段预计算}
I can't figure out why you would want to use a tab mark
here. If you just want an ampersand, the remedy is
simple: Just type `I\&' now. But if some right brace
up above has ended a previous alignment prematurely,
you're probably due for more error messages, and you
might try typing `S' now just to see what is salvageable.

! Undefined control sequence.
l.67 &\text
           {原始数据读取与运输航段预计算}
The control sequence at the end of the top line
of your error message was never \def'ed. If you have
misspelled it (e.g., `\hobx'), type `I' and the correct
spelling (e.g., `I\hbox'). Otherwise just continue,
and I'll forget about whatever was undefined.

! Undefined control sequence.
l.68 \rightarrow \text
                      {运输可行方案构造} \\
The control sequence at the end of the top line
of your error message was never \def'ed. If you have
misspelled it (e.g., `\hobx'), type `I' and the correct
spelling (e.g., `I\hbox'). Otherwise just continue,
and I'll forget about whatever was undefined.

! Misplaced alignment tab character &.
<recently read> &
                 
l.69 &
      \rightarrow \text{连续飞行轨迹离散化}
I can't figure out why you would want to use a tab mark
here. If you just want an ampersand, the remedy is
simple: Just type `I\&' now. But if some right brace
up above has ended a previous alignment prematurely,
you're probably due for more error messages, and you
might try typing `S' now just to see what is salvageable.

! Undefined control sequence.
l.69 &\rightarrow \text
                       {连续飞行轨迹离散化}
The control sequence at the end of the top line
of your error message was never \def'ed. If you have
misspelled it (e.g., `\hobx'), type `I' and the correct
spelling (e.g., `I\hbox'). Otherwise just continue,
and I'll forget about whatever was undefined.

! Undefined control sequence.
l.70 \rightarrow \text
                      {固定网关直连判定}
The control sequence at the end of the top line
of your error message was never \def'ed. If you have
misspelled it (e.g., `\hobx'), type `I' and the correct
spelling (e.g., `I\hbox'). Otherwise just continue,
and I'll forget about whatever was undefined.

! Undefined control sequence.
l.71 \rightarrow \text
                      {通信缺口聚类} \\
The control sequence at the end of the top line
of your error message was never \def'ed. If you have
misspelled it (e.g., `\hobx'), type `I' and the correct
spelling (e.g., `I\hbox'). Otherwise just continue,
and I'll forget about whatever was undefined.

! Misplaced alignment tab character &.
<recently read> &
                 
l.72 &
      \rightarrow \text{中继候选点搜索与双中继覆盖}
I can't figure out why you would want to use a tab mark
here. If you just want an ampersand, the remedy is
simple: Just type `I\&' now. But if some right brace
up above has ended a previous alignment prematurely,
you're probably due for more error messages, and you
might try typing `S' now just to see what is salvageable.

! Undefined control sequence.
l.72 &\rightarrow \text
                       {中继候选点搜索与双中继覆盖}
The control sequence at the end of the top line
of your error message was never \def'ed. If you have
misspelled it (e.g., `\hobx'), type `I' and the correct
spelling (e.g., `I\hbox'). Otherwise just continue,
and I'll forget about whatever was undefined.

! Undefined control sequence.
l.73 \rightarrow \text
                      {中继资源解码} \\
The control sequence at the end of the top line
of your error message was never \def'ed. If you have
misspelled it (e.g., `\hobx'), type `I' and the correct
spelling (e.g., `I\hbox'). Otherwise just continue,
and I'll forget about whatever was undefined.

! Misplaced alignment tab character &.
<recently read> &
                 
l.74 &
      \rightarrow \text{通信冲突反馈错峰}
I can't figure out why you would want to use a tab mark
here. If you just want an ampersand, the remedy is
simple: Just type `I\&' now. But if some right brace
up above has ended a previous alignment prematurely,
you're probably due for more error messages, and you
might try typing `S' now just to see what is salvageable.

! Undefined control sequence.
l.74 &\rightarrow \text
                       {通信冲突反馈错峰}
The control sequence at the end of the top line
of your error message was never \def'ed. If you have
misspelled it (e.g., `\hobx'), type `I' and the correct
spelling (e.g., `I\hbox'). Otherwise just continue,
and I'll forget about whatever was undefined.

! Undefined control sequence.
l.75 \rightarrow \text
                      {通信感知 Joint-ALNS} \\
The control sequence at the end of the top line
of your error message was never \def'ed. If you have
misspelled it (e.g., `\hobx'), type `I' and the correct
spelling (e.g., `I\hbox'). Otherwise just continue,
and I'll forget about whatever was undefined.

! Misplaced alignment tab character &.
<recently read> &
                 
l.76 &
      \rightarrow \text{联合方案审计与结果输出}.
I can't figure out why you would want to use a tab mark
here. If you just want an ampersand, the remedy is
simple: Just type `I\&' now. But if some right brace
up above has ended a previous alignment prematurely,
you're probably due for more error messages, and you
might try typing `S' now just to see what is salvageable.

! Undefined control sequence.
l.76 &\rightarrow \text
                       {联合方案审计与结果输出}.
The control sequence at the end of the top line
of your error message was never \def'ed. If you have
misspelled it (e.g., `\hobx'), type `I' and the correct
spelling (e.g., `I\hbox'). Otherwise just continue,
and I'll forget about whatever was undefined.


! LaTeX Error: \begin{document} ended by \end{aligned}.

See the LaTeX manual or LaTeX Companion for explanation.
Type  H <return>  for immediate help.
 ...                                              
                                                  
l.77 \end{aligned}
                  }
Your command was ignored.
Type  I <command> <return>  to replace it with another command,
or  <return>  to continue without it.

Missing character: There is no 原 ("539F) in font cmr10!
Missing character: There is no 始 ("59CB) in font cmr10!
Missing character: There is no 数 ("6570) in font cmr10!
Missing character: There is no 据 ("636E) in font cmr10!
Missing character: There is no 读 ("8BFB) in font cmr10!
Missing character: There is no 取 ("53D6) in font cmr10!
Missing character: There is no 与 ("4E0E) in font cmr10!
Missing character: There is no 运 ("8FD0) in font cmr10!
Missing character: There is no 输 ("8F93) in font cmr10!
Missing character: There is no 航 ("822A) in font cmr10!
Missing character: There is no 段 ("6BB5) in font cmr10!
Missing character: There is no 预 ("9884) in font cmr10!
Missing character: There is no 计 ("8BA1) in font cmr10!
Missing character: There is no 算 ("7B97) in font cmr10!
Missing character: There is no 运 ("8FD0) in font cmr10!
Missing character: There is no 输 ("8F93) in font cmr10!
Missing character: There is no 可 ("53EF) in font cmr10!
Missing character: There is no 行 ("884C) in font cmr10!
Missing character: There is no 方 ("65B9) in font cmr10!
Missing character: There is no 案 ("6848) in font cmr10!
Missing character: There is no 构 ("6784) in font cmr10!
Missing character: There is no 造 ("9020) in font cmr10!
Missing character: There is no 连 ("8FDE) in font cmr10!
Missing character: There is no 续 ("7EED) in font cmr10!
Missing character: There is no 飞 ("98DE) in font cmr10!
Missing character: There is no 行 ("884C) in font cmr10!
Missing character: There is no 轨 ("8F68) in font cmr10!
Missing character: There is no 迹 ("8FF9) in font cmr10!
Missing character: There is no 离 ("79BB) in font cmr10!
Missing character: There is no 散 ("6563) in font cmr10!
Missing character: There is no 化 ("5316) in font cmr10!
Missing character: There is no 固 ("56FA) in font cmr10!
Missing character: There is no 定 ("5B9A) in font cmr10!
Missing character: There is no 网 ("7F51) in font cmr10!
Missing character: There is no 关 ("5173) in font cmr10!
Missing character: There is no 直 ("76F4) in font cmr10!
Missing character: There is no 连 ("8FDE) in font cmr10!
Missing character: There is no 判 ("5224) in font cmr10!
Missing character: There is no 定 ("5B9A) in font cmr10!
Missing character: There is no 通 ("901A) in font cmr10!
Missing character: There is no 信 ("4FE1) in font cmr10!
Missing character: There is no 缺 ("7F3A) in font cmr10!
Missing character: There is no 口 ("53E3) in font cmr10!
Missing character: There is no 聚 ("805A) in font cmr10!
Missing character: There is no 类 ("7C7B) in font cmr10!
Missing character: There is no 中 ("4E2D) in font cmr10!
Missing character: There is no 继 ("7EE7) in font cmr10!
Missing character: There is no 候 ("5019) in font cmr10!
Missing character: There is no 选 ("9009) in font cmr10!
Missing character: There is no 点 ("70B9) in font cmr10!
Missing character: There is no 搜 ("641C) in font cmr10!
Missing character: There is no 索 ("7D22) in font cmr10!
Missing character: There is no 与 ("4E0E) in font cmr10!
Missing character: There is no 双 ("53CC) in font cmr10!
Missing character: There is no 中 ("4E2D) in font cmr10!
Missing character: There is no 继 ("7EE7) in font cmr10!
Missing character: There is no 覆 ("8986) in font cmr10!
Missing character: There is no 盖 ("76D6) in font cmr10!
Missing character: There is no 中 ("4E2D) in font cmr10!
Missing character: There is no 继 ("7EE7) in font cmr10!
Missing character: There is no 资 ("8D44) in font cmr10!
Missing character: There is no 源 ("6E90) in font cmr10!
Missing character: There is no 解 ("89E3) in font cmr10!
Missing character: There is no 码 ("7801) in font cmr10!
Missing character: There is no 通 ("901A) in font cmr10!
Missing character: There is no 信 ("4FE1) in font cmr10!
Missing character: There is no 冲 ("51B2) in font cmr10!
Missing character: There is no 突 ("7A81) in font cmr10!
Missing character: There is no 反 ("53CD) in font cmr10!
Missing character: There is no 馈 ("9988) in font cmr10!
Missing character: There is no 错 ("9519) in font cmr10!
Missing character: There is no 峰 ("5CF0) in font cmr10!
Missing character: There is no 通 ("901A) in font cmr10!
Missing character: There is no 信 ("4FE1) in font cmr10!
Missing character: There is no 感 ("611F) in font cmr10!
Missing character: There is no 知 ("77E5) in font cmr10!
Missing character: There is no 联 ("8054) in font cmr10!
Missing character: There is no 合 ("5408) in font cmr10!
Missing character: There is no 方 ("65B9) in font cmr10!
Missing character: There is no 案 ("6848) in font cmr10!
Missing character: There is no 审 ("5BA1) in font cmr10!
Missing character: There is no 计 ("8BA1) in font cmr10!
Missing character: There is no 与 ("4E0E) in font cmr10!
Missing character: There is no 结 ("7ED3) in font cmr10!
Missing character: There is no 果 ("679C) in font cmr10!
Missing character: There is no 输 ("8F93) in font cmr10!
Missing character: There is no 出 ("51FA) in font cmr10!

Overfull \hbox (209.55048pt too wide) detected at line 78
[]
 []


! LaTeX Error: Missing \begin{document}.

See the LaTeX manual or LaTeX Companion for explanation.
Type  H <return>  for immediate help.
 ...                                              
                                                  
l.80 其
      中，问题二中使用的运输 Route Evaluator、资源解码、载荷相关能耗和共享电池周转思想
You're in trouble here.  Try typing  <return>  to proceed.
If that doesn't work, type  X <return>  to quit.

Missing character: There is no 其 ("5176) in font nullfont!
Missing character: There is no 中 ("4E2D) in font nullfont!
Missing character: There is no ， ("FF0C) in font nullfont!
Missing character: There is no 问 ("95EE) in font nullfont!
Missing character: There is no 题 ("9898) in font nullfont!
Missing character: There is no 二 ("4E8C) in font nullfont!
Missing character: There is no 中 ("4E2D) in font nullfont!
Missing character: There is no 使 ("4F7F) in font nullfont!
Missing character: There is no 用 ("7528) in font nullfont!
Missing character: There is no 的 ("7684) in font nullfont!
Missing character: There is no 运 ("8FD0) in font nullfont!
Missing character: There is no 输 ("8F93) in font nullfont!
Missing character: There is no R ("52) in font nullfont!
Missing character: There is no o ("6F) in font nullfont!
Missing character: There is no u ("75) in font nullfont!
Missing character: There is no t ("74) in font nullfont!
Missing character: There is no e ("65) in font nullfont!
Missing character: There is no E ("45) in font nullfont!
Missing character: There is no v ("76) in font nullfont!
Missing character: There is no a ("61) in font nullfont!
Missing character: There is no l ("6C) in font nullfont!
Missing character: There is no u ("75) in font nullfont!
Missing character: There is no a ("61) in font nullfont!
Missing character: There is no t ("74) in font nullfont!
Missing character: There is no o ("6F) in font nullfont!
Missing character: There is no r ("72) in font nullfont!
Missing character: There is no 、 ("3001) in font nullfont!
Missing character: There is no 资 ("8D44) in font nullfont!
Missing character: There is no 源 ("6E90) in font nullfont!
Missing character: There is no 解 ("89E3) in font nullfont!
Missing character: There is no 码 ("7801) in font nullfont!
Missing character: There is no 、 ("3001) in font nullfont!
Missing character: There is no 载 ("8F7D) in font nullfont!
Missing character: There is no 荷 ("8377) in font nullfont!
Missing character: There is no 相 ("76F8) in font nullfont!
Missing character: There is no 关 ("5173) in font nullfont!
Missing character: There is no 能 ("80FD) in font nullfont!
Missing character: There is no 耗 ("8017) in font nullfont!
Missing character: There is no 和 ("548C) in font nullfont!
Missing character: There is no 共 ("5171) in font nullfont!
Missing character: There is no 享 ("4EAB) in font nullfont!
Missing character: There is no 电 ("7535) in font nullfont!
Missing character: There is no 池 ("6C60) in font nullfont!
Missing character: There is no 周 ("5468) in font nullfont!
Missing character: There is no 转 ("8F6C) in font nullfont!
Missing character: There is no 思 ("601D) in font nullfont!
Missing character: There is no 想 ("60F3) in font nullfont!
Missing character: There is no 在 ("5728) in font nullfont!
Missing character: There is no 问 ("95EE) in font nullfont!
Missing character: There is no 题 ("9898) in font nullfont!
Missing character: There is no 三 ("4E09) in font nullfont!
Missing character: There is no 程 ("7A0B) in font nullfont!
Missing character: There is no 序 ("5E8F) in font nullfont!
Missing character: There is no 中 ("4E2D) in font nullfont!
Missing character: There is no 独 ("72EC) in font nullfont!
Missing character: There is no 立 ("7ACB) in font nullfont!
Missing character: There is no 实 ("5B9E) in font nullfont!
Missing character: There is no 现 ("73B0) in font nullfont!
Missing character: There is no ， ("FF0C) in font nullfont!
Missing character: There is no 不 ("4E0D) in font nullfont!
Missing character: There is no 直 ("76F4) in font nullfont!
Missing character: There is no 接 ("63A5) in font nullfont!
Missing character: There is no 调 ("8C03) in font nullfont!
Missing character: There is no 用 ("7528) in font nullfont!
Missing character: There is no 问 ("95EE) in font nullfont!
Missing character: There is no 题 ("9898) in font nullfont!
Missing character: There is no 二 ("4E8C) in font nullfont!
Missing character: There is no 求 ("6C42) in font nullfont!
Missing character: There is no 解 ("89E3) in font nullfont!
Missing character: There is no 器 ("5668) in font nullfont!
Missing character: There is no 或 ("6216) in font nullfont!
Missing character: There is no 其 ("5176) in font nullfont!
Missing character: There is no 输 ("8F93) in font nullfont!
Missing character: There is no 出 ("51FA) in font nullfont!
Missing character: There is no 文 ("6587) in font nullfont!
Missing character: There is no 件 ("4EF6) in font nullfont!
Missing character: There is no 。 ("3002) in font nullfont!
Missing character: There is no 这 ("8FD9) in font nullfont!
Missing character: There is no 样 ("6837) in font nullfont!
Missing character: There is no 既 ("65E2) in font nullfont!
Missing character: There is no 保 ("4FDD) in font nullfont!
Missing character: There is no 证 ("8BC1) in font nullfont!
Missing character: There is no 两 ("4E24) in font nullfont!
Missing character: There is no 个 ("4E2A) in font nullfont!
Missing character: There is no 问 ("95EE) in font nullfont!
Missing character: There is no 题 ("9898) in font nullfont!
Missing character: There is no 的 ("7684) in font nullfont!
Missing character: There is no 公 ("516C) in font nullfont!
Missing character: There is no 共 ("5171) in font nullfont!
Missing character: There is no 物 ("7269) in font nullfont!
Missing character: There is no 理 ("7406) in font nullfont!
Missing character: There is no 规 ("89C4) in font nullfont!
Missing character: There is no 则 ("5219) in font nullfont!
Missing character: There is no 一 ("4E00) in font nullfont!
Missing character: There is no 致 ("81F4) in font nullfont!
Missing character: There is no ， ("FF0C) in font nullfont!
Missing character: There is no 又 ("53C8) in font nullfont!
Missing character: There is no 允 ("5141) in font nullfont!
Missing character: There is no 许 ("8BB8) in font nullfont!
Missing character: There is no 问 ("95EE) in font nullfont!
Missing character: There is no 题 ("9898) in font nullfont!
Missing character: There is no 三 ("4E09) in font nullfont!
Missing character: There is no 根 ("6839) in font nullfont!
Missing character: There is no 据 ("636E) in font nullfont!
Missing character: There is no 通 ("901A) in font nullfont!
Missing character: There is no 信 ("4FE1) in font nullfont!
Missing character: There is no 约 ("7EA6) in font nullfont!
Missing character: There is no 束 ("675F) in font nullfont!
Missing character: There is no 重 ("91CD) in font nullfont!
Missing character: There is no 新 ("65B0) in font nullfont!
Missing character: There is no 调 ("8C03) in font nullfont!
Missing character: There is no 整 ("6574) in font nullfont!
Missing character: There is no 货 ("8D27) in font nullfont!
Missing character: There is no 箱 ("7BB1) in font nullfont!
Missing character: There is no 分 ("5206) in font nullfont!
Missing character: There is no 配 ("914D) in font nullfont!
Missing character: There is no 和 ("548C) in font nullfont!
Missing character: There is no 运 ("8FD0) in font nullfont!
Missing character: There is no 输 ("8F93) in font nullfont!
Missing character: There is no 时 ("65F6) in font nullfont!
Missing character: There is no 序 ("5E8F) in font nullfont!
Missing character: There is no 。 ("3002) in font nullfont!

Overfull \hbox (20.0pt too wide) in paragraph at lines 80--83
[]
 []

! Undefined control sequence.
l.84 \subsection
                {运输轨迹的时空展开}
The control sequence at the end of the top line
of your error message was never \def'ed. If you have
misspelled it (e.g., `\hobx'), type `I' and the correct
spelling (e.g., `I\hbox'). Otherwise just continue,
and I'll forget about whatever was undefined.


! LaTeX Error: Missing \begin{document}.

See the LaTeX manual or LaTeX Companion for explanation.
Type  H <return>  for immediate help.
 ...                                              
                                                  
l.84 \subsection{运
                  输轨迹的时空展开}
You're in trouble here.  Try typing  <return>  to proceed.
If that doesn't work, type  X <return>  to quit.

Missing character: There is no 运 ("8FD0) in font nullfont!
Missing character: There is no 输 ("8F93) in font nullfont!
Missing character: There is no 轨 ("8F68) in font nullfont!
Missing character: There is no 迹 ("8FF9) in font nullfont!
Missing character: There is no 的 ("7684) in font nullfont!
Missing character: There is no 时 ("65F6) in font nullfont!
Missing character: There is no 空 ("7A7A) in font nullfont!
Missing character: There is no 展 ("5C55) in font nullfont!
Missing character: There is no 开 ("5F00) in font nullfont!

Overfull \hbox (20.0pt too wide) in paragraph at lines 84--85
[] 
 []


! LaTeX Error: Missing \begin{document}.

See the LaTeX manual or LaTeX Companion for explanation.
Type  H <return>  for immediate help.
 ...                                              
                                                  
l.86 设
      运输架次集合为 $\mathcal{R}^{T}$。
You're in trouble here.  Try typing  <return>  to proceed.
If that doesn't work, type  X <return>  to quit.

Missing character: There is no 设 ("8BBE) in font nullfont!
Missing character: There is no 运 ("8FD0) in font nullfont!
Missing character: There is no 输 ("8F93) in font nullfont!
Missing character: There is no 架 ("67B6) in font nullfont!
Missing character: There is no 次 ("6B21) in font nullfont!
Missing character: There is no 集 ("96C6) in font nullfont!
Missing character: There is no 合 ("5408) in font nullfont!
Missing character: There is no 为 ("4E3A) in font nullfont!
Missing character: There is no 。 ("3002) in font nullfont!
Missing character: There is no 运 ("8FD0) in font nullfont!
Missing character: There is no 输 ("8F93) in font nullfont!
Missing character: There is no 架 ("67B6) in font nullfont!
Missing character: There is no 次 ("6B21) in font nullfont!
Missing character: There is no 的 ("7684) in font nullfont!
Missing character: There is no 服 ("670D) in font nullfont!
Missing character: There is no 务 ("52A1) in font nullfont!
Missing character: There is no 区 ("533A) in font nullfont!
Missing character: There is no 访 ("8BBF) in font nullfont!
Missing character: There is no 问 ("95EE) in font nullfont!
Missing character: There is no 序 ("5E8F) in font nullfont!
Missing character: There is no 列 ("5217) in font nullfont!
Missing character: There is no 为 ("4E3A) in font nullfont!

Overfull \hbox (20.0pt too wide) in paragraph at lines 86--88
[]
 []


Overfull \hbox (14.77469pt too wide) in paragraph at lines 86--88
\OMS/cmsy/m/n/10 R[]$
 []


Overfull \hbox (14.23376pt too wide) in paragraph at lines 86--88
\OML/cmm/m/it/10 r \OMS/cmsy/m/n/10 2
 []


Overfull \hbox (14.77469pt too wide) in paragraph at lines 86--88
\OMS/cmsy/m/n/10 R[]$
 []


Overfull \hbox (170.37477pt too wide) detected at line 91
\OML/cmm/m/it/10 O\OT1/cmr/m/n/10 01 \OMS/cmsy/m/n/10 ! \OML/cmm/m/it/10 i[] \O
MS/cmsy/m/n/10 ! \OML/cmm/m/it/10 i[] \OMS/cmsy/m/n/10 ! [] ! \OML/cmm/m/it/10 
i[] \OMS/cmsy/m/n/10 ! \OML/cmm/m/it/10 O\OT1/cmr/m/n/10 01\OML/cmm/m/it/10 :
 []

Missing character: There is no 运 ("8FD0) in font nullfont!
Missing character: There is no 输 ("8F93) in font nullfont!
Missing character: There is no 部 ("90E8) in font nullfont!
Missing character: There is no 分 ("5206) in font nullfont!
Missing character: There is no 的 ("7684) in font nullfont!
Missing character: There is no 容 ("5BB9) in font nullfont!
Missing character: There is no 量 ("91CF) in font nullfont!
Missing character: There is no 、 ("3001) in font nullfont!
Missing character: There is no 逐 ("9010) in font nullfont!
Missing character: There is no 段 ("6BB5) in font nullfont!
Missing character: There is no 剩 ("5269) in font nullfont!
Missing character: There is no 余 ("4F59) in font nullfont!
Missing character: There is no 载 ("8F7D) in font nullfont!
Missing character: There is no 荷 ("8377) in font nullfont!
Missing character: There is no 、 ("3001) in font nullfont!
Missing character: There is no 飞 ("98DE) in font nullfont!
Missing character: There is no 行 ("884C) in font nullfont!
Missing character: There is no 时 ("65F6) in font nullfont!
Missing character: There is no 间 ("95F4) in font nullfont!
Missing character: There is no 、 ("3001) in font nullfont!
Missing character: There is no 载 ("8F7D) in font nullfont!
Missing character: There is no 荷 ("8377) in font nullfont!
Missing character: There is no 相 ("76F8) in font nullfont!
Missing character: There is no 关 ("5173) in font nullfont!
Missing character: There is no 能 ("80FD) in font nullfont!
Missing character: There is no 耗 ("8017) in font nullfont!
Missing character: There is no 、 ("3001) in font nullfont!
Missing character: There is no 返 ("8FD4) in font nullfont!
Missing character: There is no 航 ("822A) in font nullfont!
Missing character: There is no S ("53) in font nullfont!
Missing character: There is no O ("4F) in font nullfont!
Missing character: There is no C ("43) in font nullfont!
Missing character: There is no 、 ("3001) in font nullfont!
Missing character: There is no 硬 ("786C) in font nullfont!
Missing character: There is no 时 ("65F6) in font nullfont!
Missing character: There is no 限 ("9650) in font nullfont!
Missing character: There is no 和 ("548C) in font nullfont!
Missing character: There is no 共 ("5171) in font nullfont!
Missing character: There is no 享 ("4EAB) in font nullfont!
Missing character: There is no 电 ("7535) in font nullfont!
Missing character: There is no 池 ("6C60) in font nullfont!
Missing character: There is no 周 ("5468) in font nullfont!
Missing character: There is no 转 ("8F6C) in font nullfont!
Missing character: There is no 均 ("5747) in font nullfont!
Missing character: There is no 沿 ("6CBF) in font nullfont!
Missing character: There is no 用 ("7528) in font nullfont!
Missing character: There is no 问 ("95EE) in font nullfont!
Missing character: There is no 题 ("9898) in font nullfont!
Missing character: There is no 二 ("4E8C) in font nullfont!
Missing character: There is no 的 ("7684) in font nullfont!
Missing character: There is no 计 ("8BA1) in font nullfont!
Missing character: There is no 算 ("7B97) in font nullfont!
Missing character: There is no 口 ("53E3) in font nullfont!
Missing character: There is no 径 ("5F84) in font nullfont!
Missing character: There is no 。 ("3002) in font nullfont!
Missing character: There is no 多 ("591A) in font nullfont!
Missing character: There is no 架 ("67B6) in font nullfont!
Missing character: There is no 次 ("6B21) in font nullfont!
Missing character: There is no 无 ("65E0) in font nullfont!
Missing character: There is no 人 ("4EBA) in font nullfont!
Missing character: There is no 机 ("673A) in font nullfont!
Missing character: There is no 配 ("914D) in font nullfont!
Missing character: There is no 送 ("9001) in font nullfont!
Missing character: There is no 与 ("4E0E) in font nullfont!
Missing character: There is no 能 ("80FD) in font nullfont!
Missing character: There is no 源 ("6E90) in font nullfont!
Missing character: There is no 约 ("7EA6) in font nullfont!
Missing character: There is no 束 ("675F) in font nullfont!
Missing character: There is no 具 ("5177) in font nullfont!
Missing character: There is no 有 ("6709) in font nullfont!
Missing character: There is no 典 ("5178) in font nullfont!
Missing character: There is no 型 ("578B) in font nullfont!
Missing character: There is no 车 ("8F66) in font nullfont!
Missing character: There is no 辆 ("8F86) in font nullfont!
Missing character: There is no 路 ("8DEF) in font nullfont!
Missing character: There is no 径 ("5F84) in font nullfont!
Missing character: There is no 与 ("4E0E) in font nullfont!
Missing character: There is no 资 ("8D44) in font nullfont!
Missing character: There is no 源 ("6E90) in font nullfont!
Missing character: There is no 复 ("590D) in font nullfont!
Missing character: There is no 用 ("7528) in font nullfont!
Missing character: There is no 特 ("7279) in font nullfont!
Missing character: There is no 征 ("5F81) in font nullfont!
Missing character: There is no ， ("FF0C) in font nullfont!
Missing character: There is no 相 ("76F8) in font nullfont!
Missing character: There is no 关 ("5173) in font nullfont!
Missing character: There is no 建 ("5EFA) in font nullfont!
Missing character: There is no 模 ("6A21) in font nullfont!
Missing character: There is no 思 ("601D) in font nullfont!
Missing character: There is no 想 ("60F3) in font nullfont!
Missing character: There is no 可 ("53EF) in font nullfont!
Missing character: There is no 参 ("53C2) in font nullfont!
Missing character: There is no 见 ("89C1) in font nullfont!
Missing character: There is no D ("44) in font nullfont!
Missing character: There is no o ("6F) in font nullfont!
Missing character: There is no r ("72) in font nullfont!
Missing character: There is no l ("6C) in font nullfont!
Missing character: There is no i ("69) in font nullfont!
Missing character: There is no n ("6E) in font nullfont!
Missing character: There is no g ("67) in font nullfont!
Missing character: There is no 等 ("7B49) in font nullfont!
Missing character: There is no 关 ("5173) in font nullfont!
Missing character: There is no 于 ("4E8E) in font nullfont!
Missing character: There is no 多 ("591A) in font nullfont!
Missing character: There is no 架 ("67B6) in font nullfont!
Missing character: There is no 次 ("6B21) in font nullfont!
Missing character: There is no 无 ("65E0) in font nullfont!
Missing character: There is no 人 ("4EBA) in font nullfont!
Missing character: There is no 机 ("673A) in font nullfont!
Missing character: There is no 配 ("914D) in font nullfont!
Missing character: There is no 送 ("9001) in font nullfont!
Missing character: There is no 路 ("8DEF) in font nullfont!
Missing character: There is no 径 ("5F84) in font nullfont!
Missing character: There is no 与 ("4E0E) in font nullfont!
Missing character: There is no 能 ("80FD) in font nullfont!
Missing character: There is no 耗 ("8017) in font nullfont!
Missing character: There is no 约 ("7EA6) in font nullfont!
Missing character: There is no 束 ("675F) in font nullfont!
Missing character: There is no 的 ("7684) in font nullfont!
Missing character: There is no 研 ("7814) in font nullfont!
Missing character: There is no 究 ("7A76) in font nullfont!
Missing character: There is no [ ("5B) in font nullfont!
\citation{q3-dorling2017}
! Undefined control sequence.
<write> ...: Citation `\@citeb ' on page \thepage 
                                                  \space undefined\on@line .^^J
l.95 ...等关于多架次无人机配送路径与能耗约束的研究\cite{q3-dorling2017}
                                                  。
The control sequence at the end of the top line
of your error message was never \def'ed. If you have
misspelled it (e.g., `\hobx'), type `I' and the correct
spelling (e.g., `I\hbox'). Otherwise just continue,
and I'll forget about whatever was undefined.


LaTeX Warning: Citation `q3-dorling2017' on page  undefined on input line 95.

Missing character: There is no ] ("5D) in font nullfont!
Missing character: There is no 。 ("3002) in font nullfont!

Overfull \hbox (5.43pt too wide) in paragraph at lines 91--96
      [] 
 []


! LaTeX Error: Missing \begin{document}.

See the LaTeX manual or LaTeX Companion for explanation.
Type  H <return>  for immediate help.
 ...                                              
                                                  
l.97 为
      了进行通信判定，需要将每一运输架次进一步展开为随时间变化的三维轨迹。
You're in trouble here.  Try typing  <return>  to proceed.
If that doesn't work, type  X <return>  to quit.

Missing character: There is no 为 ("4E3A) in font nullfont!
Missing character: There is no 了 ("4E86) in font nullfont!
Missing character: There is no 进 ("8FDB) in font nullfont!
Missing character: There is no 行 ("884C) in font nullfont!
Missing character: There is no 通 ("901A) in font nullfont!
Missing character: There is no 信 ("4FE1) in font nullfont!
Missing character: There is no 判 ("5224) in font nullfont!
Missing character: There is no 定 ("5B9A) in font nullfont!
Missing character: There is no ， ("FF0C) in font nullfont!
Missing character: There is no 需 ("9700) in font nullfont!
Missing character: There is no 要 ("8981) in font nullfont!
Missing character: There is no 将 ("5C06) in font nullfont!
Missing character: There is no 每 ("6BCF) in font nullfont!
Missing character: There is no 一 ("4E00) in font nullfont!
Missing character: There is no 运 ("8FD0) in font nullfont!
Missing character: There is no 输 ("8F93) in font nullfont!
Missing character: There is no 架 ("67B6) in font nullfont!
Missing character: There is no 次 ("6B21) in font nullfont!
Missing character: There is no 进 ("8FDB) in font nullfont!
Missing character: There is no 一 ("4E00) in font nullfont!
Missing character: There is no 步 ("6B65) in font nullfont!
Missing character: There is no 展 ("5C55) in font nullfont!
Missing character: There is no 开 ("5F00) in font nullfont!
Missing character: There is no 为 ("4E3A) in font nullfont!
Missing character: There is no 随 ("968F) in font nullfont!
Missing character: There is no 时 ("65F6) in font nullfont!
Missing character: There is no 间 ("95F4) in font nullfont!
Missing character: There is no 变 ("53D8) in font nullfont!
Missing character: There is no 化 ("5316) in font nullfont!
Missing character: There is no 的 ("7684) in font nullfont!
Missing character: There is no 三 ("4E09) in font nullfont!
Missing character: There is no 维 ("7EF4) in font nullfont!
Missing character: There is no 轨 ("8F68) in font nullfont!
Missing character: There is no 迹 ("8FF9) in font nullfont!
Missing character: There is no 。 ("3002) in font nullfont!
Missing character: There is no 设 ("8BBE) in font nullfont!
Missing character: There is no 运 ("8FD0) in font nullfont!
Missing character: There is no 输 ("8F93) in font nullfont!
Missing character: There is no 无 ("65E0) in font nullfont!
Missing character: There is no 人 ("4EBA) in font nullfont!
Missing character: There is no 机 ("673A) in font nullfont!
Missing character: There is no 在 ("5728) in font nullfont!
Missing character: There is no 时 ("65F6) in font nullfont!
Missing character: There is no 刻 ("523B) in font nullfont!
Missing character: There is no 的 ("7684) in font nullfont!
Missing character: There is no 位 ("4F4D) in font nullfont!
Missing character: There is no 置 ("7F6E) in font nullfont!
Missing character: There is no 为 ("4E3A) in font nullfont!

Overfull \hbox (20.0pt too wide) in paragraph at lines 97--99
[]
 []


Overfull \hbox (3.61111pt too wide) in paragraph at lines 97--99
\OML/cmm/m/it/10 t$
 []


Overfull \hbox (124.78932pt too wide) detected at line 103
\OT1/cmr/bx/n/10 p[]\OT1/cmr/m/n/10 (\OML/cmm/m/it/10 t\OT1/cmr/m/n/10 ) = [] \
OML/cmm/m/it/10 ;[]
 []

Missing character: There is no 其 ("5176) in font nullfont!
Missing character: There is no 中 ("4E2D) in font nullfont!
Missing character: There is no 、 ("3001) in font nullfont!
Missing character: There is no 和 ("548C) in font nullfont!
Missing character: There is no 分 ("5206) in font nullfont!
Missing character: There is no 别 ("522B) in font nullfont!
Missing character: There is no 为 ("4E3A) in font nullfont!
Missing character: There is no 经 ("7ECF) in font nullfont!
Missing character: There is no 度 ("5EA6) in font nullfont!
Missing character: There is no 、 ("3001) in font nullfont!
Missing character: There is no 纬 ("7EAC) in font nullfont!
Missing character: There is no 度 ("5EA6) in font nullfont!
Missing character: There is no 和 ("548C) in font nullfont!
Missing character: There is no 海 ("6D77) in font nullfont!
Missing character: There is no 拔 ("62D4) in font nullfont!
Missing character: There is no 。 ("3002) in font nullfont!
Missing character: There is no 对 ("5BF9) in font nullfont!
Missing character: There is no 任 ("4EFB) in font nullfont!
Missing character: There is no 一 ("4E00) in font nullfont!
Missing character: There is no 节 ("8282) in font nullfont!
Missing character: There is no 点 ("70B9) in font nullfont!
Missing character: There is no 间 ("95F4) in font nullfont!
Missing character: There is no 航 ("822A) in font nullfont!
Missing character: There is no 段 ("6BB5) in font nullfont!
Missing character: There is no ， ("FF0C) in font nullfont!
Missing character: There is no 按 ("6309) in font nullfont!
Missing character: There is no 照 ("7167) in font nullfont!
Missing character: There is no 题 ("9898) in font nullfont!
Missing character: There is no 目 ("76EE) in font nullfont!
Missing character: There is no 给 ("7ED9) in font nullfont!
Missing character: There is no 定 ("5B9A) in font nullfont!
Missing character: There is no 的 ("7684) in font nullfont!
Missing character: There is no “ ("201C) in font nullfont!
Missing character: There is no 爬 ("722C) in font nullfont!
Missing character: There is no 升 ("5347) in font nullfont!
Missing character: There is no - ("2D) in font nullfont!
Missing character: There is no - ("2D) in font nullfont!
Missing character: There is no 巡 ("5DE1) in font nullfont!
Missing character: There is no 航 ("822A) in font nullfont!
Missing character: There is no - ("2D) in font nullfont!
Missing character: There is no - ("2D) in font nullfont!
Missing character: There is no 下 ("4E0B) in font nullfont!
Missing character: There is no 降 ("964D) in font nullfont!
Missing character: There is no ” ("201D) in font nullfont!
Missing character: There is no 三 ("4E09) in font nullfont!
Missing character: There is no 阶 ("9636) in font nullfont!
Missing character: There is no 段 ("6BB5) in font nullfont!
Missing character: There is no 规 ("89C4) in font nullfont!
Missing character: There is no 则 ("5219) in font nullfont!
Missing character: There is no 进 ("8FDB) in font nullfont!
Missing character: There is no 行 ("884C) in font nullfont!
Missing character: There is no 线 ("7EBF) in font nullfont!
Missing character: There is no 性 ("6027) in font nullfont!
Missing character: There is no 时 ("65F6) in font nullfont!
Missing character: There is no 间 ("95F4) in font nullfont!
Missing character: There is no 插 ("63D2) in font nullfont!
Missing character: There is no 值 ("503C) in font nullfont!
Missing character: There is no ； ("FF1B) in font nullfont!
Missing character: There is no 服 ("670D) in font nullfont!
Missing character: There is no 务 ("52A1) in font nullfont!
Missing character: There is no 区 ("533A) in font nullfont!
Missing character: There is no 投 ("6295) in font nullfont!
Missing character: There is no 送 ("9001) in font nullfont!
Missing character: There is no 阶 ("9636) in font nullfont!
Missing character: There is no 段 ("6BB5) in font nullfont!
Missing character: There is no 则 ("5219) in font nullfont!
Missing character: There is no 保 ("4FDD) in font nullfont!
Missing character: There is no 持 ("6301) in font nullfont!
Missing character: There is no 在 ("5728) in font nullfont!
Missing character: There is no 服 ("670D) in font nullfont!
Missing character: There is no 务 ("52A1) in font nullfont!
Missing character: There is no 区 ("533A) in font nullfont!
Missing character: There is no 作 ("4F5C) in font nullfont!
Missing character: There is no 业 ("4E1A) in font nullfont!
Missing character: There is no 高 ("9AD8) in font nullfont!
Missing character: There is no 度 ("5EA6) in font nullfont!
Missing character: There is no 。 ("3002) in font nullfont!

Overfull \hbox (44.00937pt too wide) in paragraph at lines 103--107
 $\OML/cmm/m/it/10 ^^U[]\OT1/cmr/m/n/10 (\OML/cmm/m/it/10 t\OT1/cmr/m/n/10 )$$\
OML/cmm/m/it/10 '[]\OT1/cmr/m/n/10 (\OML/cmm/m/it/10 t\OT1/cmr/m/n/10 )$
 []


Overfull \hbox (24.12967pt too wide) in paragraph at lines 103--107
\OML/cmm/m/it/10 H[]\OT1/cmr/m/n/10 (\OML/cmm/m/it/10 t\OT1/cmr/m/n/10 )$
 []


! LaTeX Error: Missing \begin{document}.

See the LaTeX manual or LaTeX Companion for explanation.
Type  H <return>  for immediate help.
 ...                                              
                                                  
l.108 程
       序在通信规划阶段采用
You're in trouble here.  Try typing  <return>  to proceed.
If that doesn't work, type  X <return>  to quit.

Missing character: There is no 程 ("7A0B) in font nullfont!
Missing character: There is no 序 ("5E8F) in font nullfont!
Missing character: There is no 在 ("5728) in font nullfont!
Missing character: There is no 通 ("901A) in font nullfont!
Missing character: There is no 信 ("4FE1) in font nullfont!
Missing character: There is no 规 ("89C4) in font nullfont!
Missing character: There is no 划 ("5212) in font nullfont!
Missing character: There is no 阶 ("9636) in font nullfont!
Missing character: There is no 段 ("6BB5) in font nullfont!
Missing character: There is no 采 ("91C7) in font nullfont!
Missing character: There is no 用 ("7528) in font nullfont!

Overfull \hbox (20.0pt too wide) in paragraph at lines 108--109
[] 
 []


Overfull \hbox (39.22217pt too wide) detected at line 112
\OT1/cmr/m/n/10 ^^A\OML/cmm/m/it/10 t \OT1/cmr/m/n/10 = 30 s[]
 []

Missing character: There is no 的 ("7684) in font nullfont!
Missing character: There is no 时 ("65F6) in font nullfont!
Missing character: There is no 间 ("95F4) in font nullfont!
Missing character: There is no 步 ("6B65) in font nullfont!
Missing character: There is no 长 ("957F) in font nullfont!
Missing character: There is no 对 ("5BF9) in font nullfont!
Missing character: There is no 完 ("5B8C) in font nullfont!
Missing character: There is no 整 ("6574) in font nullfont!
Missing character: There is no 飞 ("98DE) in font nullfont!
Missing character: There is no 行 ("884C) in font nullfont!
Missing character: There is no 轨 ("8F68) in font nullfont!
Missing character: There is no 迹 ("8FF9) in font nullfont!
Missing character: There is no 进 ("8FDB) in font nullfont!
Missing character: There is no 行 ("884C) in font nullfont!
Missing character: There is no 离 ("79BB) in font nullfont!
Missing character: There is no 散 ("6563) in font nullfont!
Missing character: There is no 化 ("5316) in font nullfont!
Missing character: There is no ， ("FF0C) in font nullfont!
Missing character: There is no 并 ("5E76) in font nullfont!
Missing character: There is no 保 ("4FDD) in font nullfont!
Missing character: There is no 留 ("7559) in font nullfont!
Missing character: There is no 各 ("5404) in font nullfont!
Missing character: There is no 飞 ("98DE) in font nullfont!
Missing character: There is no 行 ("884C) in font nullfont!
Missing character: There is no 阶 ("9636) in font nullfont!
Missing character: There is no 段 ("6BB5) in font nullfont!
Missing character: There is no 端 ("7AEF) in font nullfont!
Missing character: There is no 点 ("70B9) in font nullfont!
Missing character: There is no 附 ("9644) in font nullfont!
Missing character: There is no 近 ("8FD1) in font nullfont!
Missing character: There is no 的 ("7684) in font nullfont!
Missing character: There is no 采 ("91C7) in font nullfont!
Missing character: There is no 样 ("6837) in font nullfont!
Missing character: There is no 点 ("70B9) in font nullfont!
Missing character: There is no 。 ("3002) in font nullfont!
Missing character: There is no 因 ("56E0) in font nullfont!
Missing character: There is no 此 ("6B64) in font nullfont!
Missing character: There is no ， ("FF0C) in font nullfont!
Missing character: There is no 题 ("9898) in font nullfont!
Missing character: There is no 目 ("76EE) in font nullfont!
Missing character: There is no 中 ("4E2D) in font nullfont!
Missing character: There is no 的 ("7684) in font nullfont!
Missing character: There is no 连 ("8FDE) in font nullfont!
Missing character: There is no 续 ("7EED) in font nullfont!
Missing character: There is no 通 ("901A) in font nullfont!
Missing character: There is no 信 ("4FE1) in font nullfont!
Missing character: There is no 约 ("7EA6) in font nullfont!
Missing character: There is no 束 ("675F) in font nullfont!
Missing character: There is no 在 ("5728) in font nullfont!
Missing character: There is no 数 ("6570) in font nullfont!
Missing character: There is no 值 ("503C) in font nullfont!
Missing character: There is no 实 ("5B9E) in font nullfont!
Missing character: There is no 现 ("73B0) in font nullfont!
Missing character: There is no 中 ("4E2D) in font nullfont!
Missing character: There is no 转 ("8F6C) in font nullfont!
Missing character: There is no 化 ("5316) in font nullfont!
Missing character: There is no 为 ("4E3A) in font nullfont!
Missing character: There is no 对 ("5BF9) in font nullfont!
Missing character: There is no 全 ("5168) in font nullfont!
Missing character: There is no 部 ("90E8) in font nullfont!
Missing character: There is no 轨 ("8F68) in font nullfont!
Missing character: There is no 迹 ("8FF9) in font nullfont!
Missing character: There is no 采 ("91C7) in font nullfont!
Missing character: There is no 样 ("6837) in font nullfont!
Missing character: There is no 点 ("70B9) in font nullfont!
Missing character: There is no 的 ("7684) in font nullfont!
Missing character: There is no 逐 ("9010) in font nullfont!
Missing character: There is no 点 ("70B9) in font nullfont!
Missing character: There is no 可 ("53EF) in font nullfont!
Missing character: There is no 用 ("7528) in font nullfont!
Missing character: There is no 性 ("6027) in font nullfont!
Missing character: There is no 约 ("7EA6) in font nullfont!
Missing character: There is no 束 ("675F) in font nullfont!
Missing character: There is no 。 ("3002) in font nullfont!
! Undefined control sequence.
l.117 \subsection
                 {通信链路模型}
The control sequence at the end of the top line
of your error message was never \def'ed. If you have
misspelled it (e.g., `\hobx'), type `I' and the correct
spelling (e.g., `I\hbox'). Otherwise just continue,
and I'll forget about whatever was undefined.


! LaTeX Error: Missing \begin{document}.

See the LaTeX manual or LaTeX Companion for explanation.
Type  H <return>  for immediate help.
 ...                                              
                                                  
l.117 \subsection{通
                   信链路模型}
You're in trouble here.  Try typing  <return>  to proceed.
If that doesn't work, type  X <return>  to quit.

Missing character: There is no 通 ("901A) in font nullfont!
Missing character: There is no 信 ("4FE1) in font nullfont!
Missing character: There is no 链 ("94FE) in font nullfont!
Missing character: There is no 路 ("8DEF) in font nullfont!
Missing character: There is no 模 ("6A21) in font nullfont!
Missing character: There is no 型 ("578B) in font nullfont!

Overfull \hbox (20.0pt too wide) in paragraph at lines 117--118
[] 
 []

! Undefined control sequence.
l.119 \subsubsection
                    {地形视距判定}
The control sequence at the end of the top line
of your error message was never \def'ed. If you have
misspelled it (e.g., `\hobx'), type `I' and the correct
spelling (e.g., `I\hbox'). Otherwise just continue,
and I'll forget about whatever was undefined.


! LaTeX Error: Missing \begin{document}.

See the LaTeX manual or LaTeX Companion for explanation.
Type  H <return>  for immediate help.
 ...                                              
                                                  
l.119 \subsubsection{地
                      形视距判定}
You're in trouble here.  Try typing  <return>  to proceed.
If that doesn't work, type  X <return>  to quit.

Missing character: There is no 地 ("5730) in font nullfont!
Missing character: There is no 形 ("5F62) in font nullfont!
Missing character: There is no 视 ("89C6) in font nullfont!
Missing character: There is no 距 ("8DDD) in font nullfont!
Missing character: There is no 判 ("5224) in font nullfont!
Missing character: There is no 定 ("5B9A) in font nullfont!

Overfull \hbox (20.0pt too wide) in paragraph at lines 119--120
[] 
 []


! LaTeX Error: Missing \begin{document}.

See the LaTeX manual or LaTeX Companion for explanation.
Type  H <return>  for immediate help.
 ...                                              
                                                  
l.121 固
       定网关 G01 位于 O01，
You're in trouble here.  Try typing  <return>  to proceed.
If that doesn't work, type  X <return>  to quit.

Missing character: There is no 固 ("56FA) in font nullfont!
Missing character: There is no 定 ("5B9A) in font nullfont!
Missing character: There is no 网 ("7F51) in font nullfont!
Missing character: There is no 关 ("5173) in font nullfont!
Missing character: There is no G ("47) in font nullfont!
Missing character: There is no 0 ("30) in font nullfont!
Missing character: There is no 1 ("31) in font nullfont!
Missing character: There is no 位 ("4F4D) in font nullfont!
Missing character: There is no 于 ("4E8E) in font nullfont!
Missing character: There is no O ("4F) in font nullfont!
Missing character: There is no 0 ("30) in font nullfont!
Missing character: There is no 1 ("31) in font nullfont!
Missing character: There is no ， ("FF0C) in font nullfont!
Missing character: There is no 其 ("5176) in font nullfont!
Missing character: There is no 通 ("901A) in font nullfont!
Missing character: There is no 信 ("4FE1) in font nullfont!
Missing character: There is no 端 ("7AEF) in font nullfont!
Missing character: There is no 点 ("70B9) in font nullfont!
Missing character: There is no 海 ("6D77) in font nullfont!
Missing character: There is no 拔 ("62D4) in font nullfont!
Missing character: There is no 由 ("7531) in font nullfont!
Missing character: There is no O ("4F) in font nullfont!
Missing character: There is no 0 ("30) in font nullfont!
Missing character: There is no 1 ("31) in font nullfont!
Missing character: There is no 地 ("5730) in font nullfont!
Missing character: There is no 面 ("9762) in font nullfont!
Missing character: There is no 高 ("9AD8) in font nullfont!
Missing character: There is no 程 ("7A0B) in font nullfont!
Missing character: There is no 与 ("4E0E) in font nullfont!
Missing character: There is no 网 ("7F51) in font nullfont!
Missing character: There is no 关 ("5173) in font nullfont!
Missing character: There is no 天 ("5929) in font nullfont!
Missing character: There is no 线 ("7EBF) in font nullfont!
Missing character: There is no 离 ("79BB) in font nullfont!
Missing character: There is no 地 ("5730) in font nullfont!
Missing character: There is no 高 ("9AD8) in font nullfont!
Missing character: There is no 度 ("5EA6) in font nullfont!
Missing character: There is no 共 ("5171) in font nullfont!
Missing character: There is no 同 ("540C) in font nullfont!
Missing character: There is no 确 ("786E) in font nullfont!
Missing character: There is no 定 ("5B9A) in font nullfont!
Missing character: There is no 。 ("3002) in font nullfont!
Missing character: There is no 对 ("5BF9) in font nullfont!
Missing character: There is no 任 ("4EFB) in font nullfont!
Missing character: There is no 意 ("610F) in font nullfont!
Missing character: There is no 两 ("4E24) in font nullfont!
Missing character: There is no 个 ("4E2A) in font nullfont!
Missing character: There is no 通 ("901A) in font nullfont!
Missing character: There is no 信 ("4FE1) in font nullfont!
Missing character: There is no 端 ("7AEF) in font nullfont!
Missing character: There is no 点 ("70B9) in font nullfont!
Missing character: There is no ， ("FF0C) in font nullfont!
Missing character: There is no 设 ("8BBE) in font nullfont!
Missing character: There is no 三 ("4E09) in font nullfont!
Missing character: There is no 维 ("7EF4) in font nullfont!
Missing character: There is no 位 ("4F4D) in font nullfont!
Missing character: There is no 置 ("7F6E) in font nullfont!
Missing character: There is no 分 ("5206) in font nullfont!
Missing character: There is no 别 ("522B) in font nullfont!
Missing character: There is no 为 ("4E3A) in font nullfont!

Overfull \hbox (20.0pt too wide) in paragraph at lines 121--125
[]
 []


Overfull \hbox (14.02196pt too wide) in paragraph at lines 121--125
\OML/cmm/m/it/10 a; b$
 []


Overfull \hbox (156.7919pt too wide) detected at line 128
\OT1/cmr/bx/n/10 p[] \OT1/cmr/m/n/10 = (\OML/cmm/m/it/10 ^^U[]; '[]; H[]\OT1/cm
r/m/n/10 )\OML/cmm/m/it/10 ;  \OT1/cmr/bx/n/10 p[] \OT1/cmr/m/n/10 = (\OML/cmm/
m/it/10 ^^U[]; '[]; H[]\OT1/cmr/m/n/10 )\OML/cmm/m/it/10 :
 []


! LaTeX Error: Missing \begin{document}.

See the LaTeX manual or LaTeX Companion for explanation.
Type  H <return>  for immediate help.
 ...                                              
                                                  
l.130 沿
       两端点水平投影连线提取经过的 DEM 像元。
You're in trouble here.  Try typing  <return>  to proceed.
If that doesn't work, type  X <return>  to quit.

Missing character: There is no 沿 ("6CBF) in font nullfont!
Missing character: There is no 两 ("4E24) in font nullfont!
Missing character: There is no 端 ("7AEF) in font nullfont!
Missing character: There is no 点 ("70B9) in font nullfont!
Missing character: There is no 水 ("6C34) in font nullfont!
Missing character: There is no 平 ("5E73) in font nullfont!
Missing character: There is no 投 ("6295) in font nullfont!
Missing character: There is no 影 ("5F71) in font nullfont!
Missing character: There is no 连 ("8FDE) in font nullfont!
Missing character: There is no 线 ("7EBF) in font nullfont!
Missing character: There is no 提 ("63D0) in font nullfont!
Missing character: There is no 取 ("53D6) in font nullfont!
Missing character: There is no 经 ("7ECF) in font nullfont!
Missing character: There is no 过 ("8FC7) in font nullfont!
Missing character: There is no 的 ("7684) in font nullfont!
Missing character: There is no D ("44) in font nullfont!
Missing character: There is no E ("45) in font nullfont!
Missing character: There is no M ("4D) in font nullfont!
Missing character: There is no 像 ("50CF) in font nullfont!
Missing character: There is no 元 ("5143) in font nullfont!
Missing character: There is no 。 ("3002) in font nullfont!
Missing character: There is no 若 ("82E5) in font nullfont!
Missing character: There is no 某 ("67D0) in font nullfont!
Missing character: There is no 一 ("4E00) in font nullfont!
Missing character: There is no 中 ("4E2D) in font nullfont!
Missing character: There is no 间 ("95F4) in font nullfont!
Missing character: There is no D ("44) in font nullfont!
Missing character: There is no E ("45) in font nullfont!
Missing character: There is no M ("4D) in font nullfont!
Missing character: There is no 像 ("50CF) in font nullfont!
Missing character: There is no 元 ("5143) in font nullfont!
Missing character: There is no 对 ("5BF9) in font nullfont!
Missing character: There is no 应 ("5E94) in font nullfont!
Missing character: There is no 地 ("5730) in font nullfont!
Missing character: There is no 面 ("9762) in font nullfont!
Missing character: There is no 高 ("9AD8) in font nullfont!
Missing character: There is no 程 ("7A0B) in font nullfont!
Missing character: There is no 不 ("4E0D) in font nullfont!
Missing character: There is no 低 ("4F4E) in font nullfont!
Missing character: There is no 于 ("4E8E) in font nullfont!
Missing character: There is no 两 ("4E24) in font nullfont!
Missing character: There is no 通 ("901A) in font nullfont!
Missing character: There is no 信 ("4FE1) in font nullfont!
Missing character: There is no 端 ("7AEF) in font nullfont!
Missing character: There is no 点 ("70B9) in font nullfont!
Missing character: There is no 视 ("89C6) in font nullfont!
Missing character: There is no 线 ("7EBF) in font nullfont!
Missing character: There is no 连 ("8FDE) in font nullfont!
Missing character: There is no 线 ("7EBF) in font nullfont!
Missing character: There is no 在 ("5728) in font nullfont!
Missing character: There is no 该 ("8BE5) in font nullfont!
Missing character: There is no 位 ("4F4D) in font nullfont!
Missing character: There is no 置 ("7F6E) in font nullfont!
Missing character: There is no 的 ("7684) in font nullfont!
Missing character: There is no 高 ("9AD8) in font nullfont!
Missing character: There is no 度 ("5EA6) in font nullfont!
Missing character: There is no ， ("FF0C) in font nullfont!
Missing character: There is no 则 ("5219) in font nullfont!
Missing character: There is no 认 ("8BA4) in font nullfont!
Missing character: There is no 为 ("4E3A) in font nullfont!
Missing character: There is no 发 ("53D1) in font nullfont!
Missing character: There is no 生 ("751F) in font nullfont!
Missing character: There is no 地 ("5730) in font nullfont!
Missing character: There is no 形 ("5F62) in font nullfont!
Missing character: There is no 遮 ("906E) in font nullfont!
Missing character: There is no 挡 ("6321) in font nullfont!
Missing character: There is no 。 ("3002) in font nullfont!
Missing character: There is no 定 ("5B9A) in font nullfont!
Missing character: There is no 义 ("4E49) in font nullfont!
Missing character: There is no 遮 ("906E) in font nullfont!
Missing character: There is no 挡 ("6321) in font nullfont!
Missing character: There is no 变 ("53D8) in font nullfont!
Missing character: There is no 量 ("91CF) in font nullfont!

Overfull \hbox (20.0pt too wide) in paragraph at lines 130--134
[]
 []

! Misplaced alignment tab character &.
l.137 1,&
         \text{端点 }a,b\text{ 之间存在地形遮挡},\\
I can't figure out why you would want to use a tab mark
here. If you just want an ampersand, the remedy is
simple: Just type `I\&' now. But if some right brace
up above has ended a previous alignment prematurely,
you're probably due for more error messages, and you
might try typing `S' now just to see what is salvageable.

! Undefined control sequence.
l.137 1,&\text
              {端点 }a,b\text{ 之间存在地形遮挡},\\
The control sequence at the end of the top line
of your error message was never \def'ed. If you have
misspelled it (e.g., `\hobx'), type `I' and the correct
spelling (e.g., `I\hbox'). Otherwise just continue,
and I'll forget about whatever was undefined.

! Undefined control sequence.
l.137 1,&\text{端点 }a,b\text
                           { 之间存在地形遮挡},\\
The control sequence at the end of the top line
of your error message was never \def'ed. If you have
misspelled it (e.g., `\hobx'), type `I' and the correct
spelling (e.g., `I\hbox'). Otherwise just continue,
and I'll forget about whatever was undefined.

! Misplaced alignment tab character &.
l.138 0,&
         \text{否则}.
I can't figure out why you would want to use a tab mark
here. If you just want an ampersand, the remedy is
simple: Just type `I\&' now. But if some right brace
up above has ended a previous alignment prematurely,
you're probably due for more error messages, and you
might try typing `S' now just to see what is salvageable.

! Undefined control sequence.
l.138 0,&\text
              {否则}.
The control sequence at the end of the top line
of your error message was never \def'ed. If you have
misspelled it (e.g., `\hobx'), type `I' and the correct
spelling (e.g., `I\hbox'). Otherwise just continue,
and I'll forget about whatever was undefined.

Missing character: There is no 端 ("7AEF) in font cmr10!
Missing character: There is no 点 ("70B9) in font cmr10!
Missing character: There is no 之 ("4E4B) in font cmr10!
Missing character: There is no 间 ("95F4) in font cmr10!
Missing character: There is no 存 ("5B58) in font cmr10!
Missing character: There is no 在 ("5728) in font cmr10!
Missing character: There is no 地 ("5730) in font cmr10!
Missing character: There is no 形 ("5F62) in font cmr10!
Missing character: There is no 遮 ("906E) in font cmr10!
Missing character: There is no 挡 ("6321) in font cmr10!
Missing character: There is no 否 ("5426) in font cmr10!
Missing character: There is no 则 ("5219) in font cmr10!

Overfull \hbox (77.61072pt too wide) detected at line 141
\OML/cmm/m/it/10 ^^_[] \OT1/cmr/m/n/10 = [] \OML/cmm/m/it/10 ; []a; b[]; [] \OT
1/cmr/m/n/10 0\OML/cmm/m/it/10 ; []:[]
 []


! LaTeX Error: Missing \begin{document}.

See the LaTeX manual or LaTeX Companion for explanation.
Type  H <return>  for immediate help.
 ...                                              
                                                  
l.143 这
       种处理直接使用 30 m DEM 对山体遮挡进行判定，
You're in trouble here.  Try typing  <return>  to proceed.
If that doesn't work, type  X <return>  to quit.

Missing character: There is no 这 ("8FD9) in font nullfont!
Missing character: There is no 种 ("79CD) in font nullfont!
Missing character: There is no 处 ("5904) in font nullfont!
Missing character: There is no 理 ("7406) in font nullfont!
Missing character: There is no 直 ("76F4) in font nullfont!
Missing character: There is no 接 ("63A5) in font nullfont!
Missing character: There is no 使 ("4F7F) in font nullfont!
Missing character: There is no 用 ("7528) in font nullfont!
Missing character: There is no 3 ("33) in font nullfont!
Missing character: There is no 0 ("30) in font nullfont!
Missing character: There is no m ("6D) in font nullfont!
Missing character: There is no D ("44) in font nullfont!
Missing character: There is no E ("45) in font nullfont!
Missing character: There is no M ("4D) in font nullfont!
Missing character: There is no 对 ("5BF9) in font nullfont!
Missing character: There is no 山 ("5C71) in font nullfont!
Missing character: There is no 体 ("4F53) in font nullfont!
Missing character: There is no 遮 ("906E) in font nullfont!
Missing character: There is no 挡 ("6321) in font nullfont!
Missing character: There is no 进 ("8FDB) in font nullfont!
Missing character: There is no 行 ("884C) in font nullfont!
Missing character: There is no 判 ("5224) in font nullfont!
Missing character: There is no 定 ("5B9A) in font nullfont!
Missing character: There is no ， ("FF0C) in font nullfont!
Missing character: There is no 从 ("4ECE) in font nullfont!
Missing character: There is no 而 ("800C) in font nullfont!
Missing character: There is no 避 ("907F) in font nullfont!
Missing character: There is no 免 ("514D) in font nullfont!
Missing character: There is no 仅 ("4EC5) in font nullfont!
Missing character: There is no 依 ("4F9D) in font nullfont!
Missing character: There is no 据 ("636E) in font nullfont!
Missing character: There is no 二 ("4E8C) in font nullfont!
Missing character: There is no 维 ("7EF4) in font nullfont!
Missing character: There is no 距 ("8DDD) in font nullfont!
Missing character: There is no 离 ("79BB) in font nullfont!
Missing character: There is no 估 ("4F30) in font nullfont!
Missing character: There is no 计 ("8BA1) in font nullfont!
Missing character: There is no 山 ("5C71) in font nullfont!
Missing character: There is no 区 ("533A) in font nullfont!
Missing character: There is no 通 ("901A) in font nullfont!
Missing character: There is no 信 ("4FE1) in font nullfont!
Missing character: There is no 覆 ("8986) in font nullfont!
Missing character: There is no 盖 ("76D6) in font nullfont!
Missing character: There is no 范 ("8303) in font nullfont!
Missing character: There is no 围 ("56F4) in font nullfont!
Missing character: There is no 。 ("3002) in font nullfont!

Overfull \hbox (20.0pt too wide) in paragraph at lines 143--145
[]
 []

! Undefined control sequence.
l.146 \subsubsection
                    {自由空间损耗与双向链路预算}
The control sequence at the end of the top line
of your error message was never \def'ed. If you have
misspelled it (e.g., `\hobx'), type `I' and the correct
spelling (e.g., `I\hbox'). Otherwise just continue,
and I'll forget about whatever was undefined.


! LaTeX Error: Missing \begin{document}.

See the LaTeX manual or LaTeX Companion for explanation.
Type  H <return>  for immediate help.
 ...                                              
                                                  
l.146 \subsubsection{自
                      由空间损耗与双向链路预算}
You're in trouble here.  Try typing  <return>  to proceed.
If that doesn't work, type  X <return>  to quit.

Missing character: There is no 自 ("81EA) in font nullfont!
Missing character: There is no 由 ("7531) in font nullfont!
Missing character: There is no 空 ("7A7A) in font nullfont!
Missing character: There is no 间 ("95F4) in font nullfont!
Missing character: There is no 损 ("635F) in font nullfont!
Missing character: There is no 耗 ("8017) in font nullfont!
Missing character: There is no 与 ("4E0E) in font nullfont!
Missing character: There is no 双 ("53CC) in font nullfont!
Missing character: There is no 向 ("5411) in font nullfont!
Missing character: There is no 链 ("94FE) in font nullfont!
Missing character: There is no 路 ("8DEF) in font nullfont!
Missing character: There is no 预 ("9884) in font nullfont!
Missing character: There is no 算 ("7B97) in font nullfont!

Overfull \hbox (20.0pt too wide) in paragraph at lines 146--147
[] 
 []


! LaTeX Error: Missing \begin{document}.

See the LaTeX manual or LaTeX Companion for explanation.
Type  H <return>  for immediate help.
 ...                                              
                                                  
l.148 自
       由空间基本传播损耗按照 ITU-R P.525 建议书计算\cite{q3-itu525}。
You're in trouble here.  Try typing  <return>  to proceed.
If that doesn't work, type  X <return>  to quit.

Missing character: There is no 自 ("81EA) in font nullfont!
Missing character: There is no 由 ("7531) in font nullfont!
Missing character: There is no 空 ("7A7A) in font nullfont!
Missing character: There is no 间 ("95F4) in font nullfont!
Missing character: There is no 基 ("57FA) in font nullfont!
Missing character: There is no 本 ("672C) in font nullfont!
Missing character: There is no 传 ("4F20) in font nullfont!
Missing character: There is no 播 ("64AD) in font nullfont!
Missing character: There is no 损 ("635F) in font nullfont!
Missing character: There is no 耗 ("8017) in font nullfont!
Missing character: There is no 按 ("6309) in font nullfont!
Missing character: There is no 照 ("7167) in font nullfont!
Missing character: There is no I ("49) in font nullfont!
Missing character: There is no T ("54) in font nullfont!
Missing character: There is no U ("55) in font nullfont!
Missing character: There is no - ("2D) in font nullfont!
Missing character: There is no R ("52) in font nullfont!
Missing character: There is no P ("50) in font nullfont!
Missing character: There is no . ("2E) in font nullfont!
Missing character: There is no 5 ("35) in font nullfont!
Missing character: There is no 2 ("32) in font nullfont!
Missing character: There is no 5 ("35) in font nullfont!
Missing character: There is no 建 ("5EFA) in font nullfont!
Missing character: There is no 议 ("8BAE) in font nullfont!
Missing character: There is no 书 ("4E66) in font nullfont!
Missing character: There is no 计 ("8BA1) in font nullfont!
Missing character: There is no 算 ("7B97) in font nullfont!
Missing character: There is no [ ("5B) in font nullfont!
\citation{q3-itu525}
! Undefined control sequence.
<write> ...: Citation `\@citeb ' on page \thepage 
                                                  \space undefined\on@line .^^J
l.148 ...本传播损耗按照 ITU-R P.525 建议书计算\cite{q3-itu525}
                                                  。
The control sequence at the end of the top line
of your error message was never \def'ed. If you have
misspelled it (e.g., `\hobx'), type `I' and the correct
spelling (e.g., `I\hbox'). Otherwise just continue,
and I'll forget about whatever was undefined.


LaTeX Warning: Citation `q3-itu525' on page  undefined on input line 148.

Missing character: There is no ] ("5D) in font nullfont!
Missing character: There is no 。 ("3002) in font nullfont!
Missing character: There is no 设 ("8BBE) in font nullfont!
Missing character: There is no 载 ("8F7D) in font nullfont!
Missing character: There is no 波 ("6CE2) in font nullfont!
Missing character: There is no 频 ("9891) in font nullfont!
Missing character: There is no 率 ("7387) in font nullfont!
Missing character: There is no 为 ("4E3A) in font nullfont!
Missing character: There is no M ("4D) in font nullfont!
Missing character: There is no H ("48) in font nullfont!
Missing character: There is no z ("7A) in font nullfont!
Missing character: There is no ， ("FF0C) in font nullfont!
Missing character: There is no 两 ("4E24) in font nullfont!
Missing character: There is no 通 ("901A) in font nullfont!
Missing character: There is no 信 ("4FE1) in font nullfont!
Missing character: There is no 端 ("7AEF) in font nullfont!
Missing character: There is no 点 ("70B9) in font nullfont!
Missing character: There is no 三 ("4E09) in font nullfont!
Missing character: There is no 维 ("7EF4) in font nullfont!
Missing character: There is no 距 ("8DDD) in font nullfont!
Missing character: There is no 离 ("79BB) in font nullfont!
Missing character: There is no 为 ("4E3A) in font nullfont!
Missing character: There is no k ("6B) in font nullfont!
Missing character: There is no m ("6D) in font nullfont!
Missing character: There is no ， ("FF0C) in font nullfont!
Missing character: There is no 则 ("5219) in font nullfont!

Overfull \hbox (20.0pt too wide) in paragraph at lines 148--150
[]
 []


Overfull \hbox (5.43pt too wide) in paragraph at lines 148--150
[]
 []


Overfull \hbox (5.97226pt too wide) in paragraph at lines 148--150
\OML/cmm/m/it/10 f$
 []


Overfull \hbox (13.55917pt too wide) in paragraph at lines 148--150
\OML/cmm/m/it/10 d[]$
 []


Overfull \hbox (160.30235pt too wide) detected at line 154
\OML/cmm/m/it/10 L[] \OT1/cmr/m/n/10 = 32\OML/cmm/m/it/10 :\OT1/cmr/m/n/10 44 +
 20 [][] \OML/cmm/m/it/10 f \OT1/cmr/m/n/10 + 20 [][] \OML/cmm/m/it/10 d[]:[]
 []


! LaTeX Error: Missing \begin{document}.

See the LaTeX manual or LaTeX Companion for explanation.
Type  H <return>  for immediate help.
 ...                                              
                                                  
l.156 考
       虑地形遮挡附加损耗 $L^{\mathrm{obs}}$ 后，
You're in trouble here.  Try typing  <return>  to proceed.
If that doesn't work, type  X <return>  to quit.

Missing character: There is no 考 ("8003) in font nullfont!
Missing character: There is no 虑 ("8651) in font nullfont!
Missing character: There is no 地 ("5730) in font nullfont!
Missing character: There is no 形 ("5F62) in font nullfont!
Missing character: There is no 遮 ("906E) in font nullfont!
Missing character: There is no 挡 ("6321) in font nullfont!
Missing character: There is no 附 ("9644) in font nullfont!
Missing character: There is no 加 ("52A0) in font nullfont!
Missing character: There is no 损 ("635F) in font nullfont!
Missing character: There is no 耗 ("8017) in font nullfont!
Missing character: There is no 后 ("540E) in font nullfont!
Missing character: There is no ， ("FF0C) in font nullfont!
Missing character: There is no 总 ("603B) in font nullfont!
Missing character: There is no 传 ("4F20) in font nullfont!
Missing character: There is no 播 ("64AD) in font nullfont!
Missing character: There is no 损 ("635F) in font nullfont!
Missing character: There is no 耗 ("8017) in font nullfont!
Missing character: There is no 定 ("5B9A) in font nullfont!
Missing character: There is no 义 ("4E49) in font nullfont!
Missing character: There is no 为 ("4E3A) in font nullfont!

Overfull \hbox (20.0pt too wide) in paragraph at lines 156--158
[]
 []


Overfull \hbox (18.87646pt too wide) in paragraph at lines 156--158
\OML/cmm/m/it/10 L[]$
 []


Overfull \hbox (89.41838pt too wide) detected at line 163
\OML/cmm/m/it/10 L[] \OT1/cmr/m/n/10 = \OML/cmm/m/it/10 L[] \OT1/cmr/m/n/10 + \
OML/cmm/m/it/10 ^^_[]L[]:[]
 []


! LaTeX Error: Missing \begin{document}.

See the LaTeX manual or LaTeX Companion for explanation.
Type  H <return>  for immediate help.
 ...                                              
                                                  
l.165 设
       接收灵敏度为 $P^{\mathrm{sens}}$，衰落裕量为 $M^{\mathrm{fade}}$，
You're in trouble here.  Try typing  <return>  to proceed.
If that doesn't work, type  X <return>  to quit.

Missing character: There is no 设 ("8BBE) in font nullfont!
Missing character: There is no 接 ("63A5) in font nullfont!
Missing character: There is no 收 ("6536) in font nullfont!
Missing character: There is no 灵 ("7075) in font nullfont!
Missing character: There is no 敏 ("654F) in font nullfont!
Missing character: There is no 度 ("5EA6) in font nullfont!
Missing character: There is no 为 ("4E3A) in font nullfont!
Missing character: There is no ， ("FF0C) in font nullfont!
Missing character: There is no 衰 ("8870) in font nullfont!
Missing character: There is no 落 ("843D) in font nullfont!
Missing character: There is no 裕 ("88D5) in font nullfont!
Missing character: There is no 量 ("91CF) in font nullfont!
Missing character: There is no 为 ("4E3A) in font nullfont!
Missing character: There is no ， ("FF0C) in font nullfont!
Missing character: There is no 则 ("5219) in font nullfont!
Missing character: There is no 有 ("6709) in font nullfont!
Missing character: There is no 效 ("6548) in font nullfont!
Missing character: There is no 接 ("63A5) in font nullfont!
Missing character: There is no 收 ("6536) in font nullfont!
Missing character: There is no 门 ("95E8) in font nullfont!
Missing character: There is no 限 ("9650) in font nullfont!
Missing character: There is no 为 ("4E3A) in font nullfont!

Overfull \hbox (20.0pt too wide) in paragraph at lines 165--167
[]
 []


Overfull \hbox (22.61745pt too wide) in paragraph at lines 165--167
\OML/cmm/m/it/10 P[]$
 []


Overfull \hbox (25.72923pt too wide) in paragraph at lines 165--167
\OML/cmm/m/it/10 M[]$
 []


Overfull \hbox (91.4265pt too wide) detected at line 171
\OML/cmm/m/it/10 P[] \OT1/cmr/m/n/10 = \OML/cmm/m/it/10 P[] \OT1/cmr/m/n/10 + \
OML/cmm/m/it/10 M[]:[]
 []


! LaTeX Error: Missing \begin{document}.

See the LaTeX manual or LaTeX Companion for explanation.
Type  H <return>  for immediate help.
 ...                                              
                                                  
l.173 对
       于通信方向 $a\rightarrow b$，
You're in trouble here.  Try typing  <return>  to proceed.
If that doesn't work, type  X <return>  to quit.

Missing character: There is no 对 ("5BF9) in font nullfont!
Missing character: There is no 于 ("4E8E) in font nullfont!
Missing character: There is no 通 ("901A) in font nullfont!
Missing character: There is no 信 ("4FE1) in font nullfont!
Missing character: There is no 方 ("65B9) in font nullfont!
Missing character: There is no 向 ("5411) in font nullfont!
Missing character: There is no ， ("FF0C) in font nullfont!
Missing character: There is no 最 ("6700) in font nullfont!
Missing character: There is no 大 ("5927) in font nullfont!
Missing character: There is no 允 ("5141) in font nullfont!
Missing character: There is no 许 ("8BB8) in font nullfont!
Missing character: There is no 总 ("603B) in font nullfont!
Missing character: There is no 传 ("4F20) in font nullfont!
Missing character: There is no 播 ("64AD) in font nullfont!
Missing character: There is no 损 ("635F) in font nullfont!
Missing character: There is no 耗 ("8017) in font nullfont!
Missing character: There is no 为 ("4E3A) in font nullfont!

Overfull \hbox (20.0pt too wide) in paragraph at lines 173--175
[]
 []


Overfull \hbox (18.06361pt too wide) in paragraph at lines 173--175
\OML/cmm/m/it/10 a \OMS/cmsy/m/n/10 !
 []


Overfull \hbox (4.29166pt too wide) in paragraph at lines 173--175
\OML/cmm/m/it/10 b$
 []


Overfull \hbox (143.70924pt too wide) detected at line 180
\OML/cmm/m/it/10 L[] \OT1/cmr/m/n/10 = \OML/cmm/m/it/10 P[] \OT1/cmr/m/n/10 + \
OML/cmm/m/it/10 G[] \OT1/cmr/m/n/10 + \OML/cmm/m/it/10 G[] \OMS/cmsy/m/n/10 ^^@
 \OML/cmm/m/it/10 L[] \OMS/cmsy/m/n/10 ^^@ \OML/cmm/m/it/10 P[];[]
 []

Missing character: There is no 其 ("5176) in font nullfont!
Missing character: There is no 中 ("4E2D) in font nullfont!
Missing character: There is no 为 ("4E3A) in font nullfont!
Missing character: There is no 发 ("53D1) in font nullfont!
Missing character: There is no 射 ("5C04) in font nullfont!
Missing character: There is no 功 ("529F) in font nullfont!
Missing character: There is no 率 ("7387) in font nullfont!
Missing character: There is no ， ("FF0C) in font nullfont!
Missing character: There is no 、 ("3001) in font nullfont!
Missing character: There is no 分 ("5206) in font nullfont!
Missing character: There is no 别 ("522B) in font nullfont!
Missing character: There is no 为 ("4E3A) in font nullfont!
Missing character: There is no 发 ("53D1) in font nullfont!
Missing character: There is no 射 ("5C04) in font nullfont!
Missing character: There is no 与 ("4E0E) in font nullfont!
Missing character: There is no 接 ("63A5) in font nullfont!
Missing character: There is no 收 ("6536) in font nullfont!
Missing character: There is no 天 ("5929) in font nullfont!
Missing character: There is no 线 ("7EBF) in font nullfont!
Missing character: There is no 增 ("589E) in font nullfont!
Missing character: There is no 益 ("76CA) in font nullfont!
Missing character: There is no ， ("FF0C) in font nullfont!
Missing character: There is no 为 ("4E3A) in font nullfont!
Missing character: There is no 系 ("7CFB) in font nullfont!
Missing character: There is no 统 ("7EDF) in font nullfont!
Missing character: There is no 损 ("635F) in font nullfont!
Missing character: There is no 耗 ("8017) in font nullfont!
Missing character: There is no 。 ("3002) in font nullfont!
Missing character: There is no 由 ("7531) in font nullfont!
Missing character: There is no 于 ("4E8E) in font nullfont!
Missing character: There is no 运 ("8FD0) in font nullfont!
Missing character: There is no 输 ("8F93) in font nullfont!
Missing character: There is no 控 ("63A7) in font nullfont!
Missing character: There is no 制 ("5236) in font nullfont!
Missing character: There is no 和 ("548C) in font nullfont!
Missing character: There is no 状 ("72B6) in font nullfont!
Missing character: There is no 态 ("6001) in font nullfont!
Missing character: There is no 回 ("56DE) in font nullfont!
Missing character: There is no 传 ("4F20) in font nullfont!
Missing character: There is no 均 ("5747) in font nullfont!
Missing character: There is no 需 ("9700) in font nullfont!
Missing character: There is no 可 ("53EF) in font nullfont!
Missing character: There is no 靠 ("9760) in font nullfont!
Missing character: There is no 通 ("901A) in font nullfont!
Missing character: There is no 信 ("4FE1) in font nullfont!
Missing character: There is no ， ("FF0C) in font nullfont!
Missing character: There is no 端 ("7AEF) in font nullfont!
Missing character: There is no 点 ("70B9) in font nullfont!
Missing character: There is no 的 ("7684) in font nullfont!
Missing character: There is no 双 ("53CC) in font nullfont!
Missing character: There is no 向 ("5411) in font nullfont!
Missing character: There is no 链 ("94FE) in font nullfont!
Missing character: There is no 路 ("8DEF) in font nullfont!
Missing character: There is no 预 ("9884) in font nullfont!
Missing character: There is no 算 ("7B97) in font nullfont!
Missing character: There is no 取 ("53D6) in font nullfont!
Missing character: There is no 两 ("4E24) in font nullfont!
Missing character: There is no 个 ("4E2A) in font nullfont!
Missing character: There is no 方 ("65B9) in font nullfont!
Missing character: There is no 向 ("5411) in font nullfont!
Missing character: There is no 中 ("4E2D) in font nullfont!
Missing character: There is no 的 ("7684) in font nullfont!
Missing character: There is no 较 ("8F83) in font nullfont!
Missing character: There is no 小 ("5C0F) in font nullfont!
Missing character: There is no 值 ("503C) in font nullfont!
Missing character: There is no ： ("FF1A) in font nullfont!

Overfull \hbox (11.32988pt too wide) in paragraph at lines 180--185
 $\OML/cmm/m/it/10 P[]$
 []


Overfull \hbox (24.99088pt too wide) in paragraph at lines 180--185
\OML/cmm/m/it/10 G[]$$G[]$
 []


Overfull \hbox (17.84314pt too wide) in paragraph at lines 180--185
\OML/cmm/m/it/10 L[]$
 []


Overfull \hbox (14.02196pt too wide) in paragraph at lines 180--185
\OML/cmm/m/it/10 a; b$
 []


Overfull \hbox (118.88226pt too wide) detected at line 192
\OML/cmm/m/it/10 L[] \OT1/cmr/m/n/10 = [] [] \OML/cmm/m/it/10 :[]
 []


! LaTeX Error: Missing \begin{document}.

See the LaTeX manual or LaTeX Companion for explanation.
Type  H <return>  for immediate help.
 ...                                              
                                                  
l.194 因
       此，单链路可用变量定义为
You're in trouble here.  Try typing  <return>  to proceed.
If that doesn't work, type  X <return>  to quit.

Missing character: There is no 因 ("56E0) in font nullfont!
Missing character: There is no 此 ("6B64) in font nullfont!
Missing character: There is no ， ("FF0C) in font nullfont!
Missing character: There is no 单 ("5355) in font nullfont!
Missing character: There is no 链 ("94FE) in font nullfont!
Missing character: There is no 路 ("8DEF) in font nullfont!
Missing character: There is no 可 ("53EF) in font nullfont!
Missing character: There is no 用 ("7528) in font nullfont!
Missing character: There is no 变 ("53D8) in font nullfont!
Missing character: There is no 量 ("91CF) in font nullfont!
Missing character: There is no 定 ("5B9A) in font nullfont!
Missing character: There is no 义 ("4E49) in font nullfont!
Missing character: There is no 为 ("4E3A) in font nullfont!

Overfull \hbox (20.0pt too wide) in paragraph at lines 194--195
[] 
 []


Overfull \hbox (124.38211pt too wide) detected at line 201
\OML/cmm/m/it/10 A[]\OT1/cmr/m/n/10 (\OML/cmm/m/it/10 t\OT1/cmr/m/n/10 ) = \OT1
/cmr/bx/n/10 1 [] \OML/cmm/m/it/10 :[]
 []

! Undefined control sequence.
l.203 \subsubsection
                    {运输无人机通信状态}
The control sequence at the end of the top line
of your error message was never \def'ed. If you have
misspelled it (e.g., `\hobx'), type `I' and the correct
spelling (e.g., `I\hbox'). Otherwise just continue,
and I'll forget about whatever was undefined.


! LaTeX Error: Missing \begin{document}.

See the LaTeX manual or LaTeX Companion for explanation.
Type  H <return>  for immediate help.
 ...                                              
                                                  
l.203 \subsubsection{运
                      输无人机通信状态}
You're in trouble here.  Try typing  <return>  to proceed.
If that doesn't work, type  X <return>  to quit.

Missing character: There is no 运 ("8FD0) in font nullfont!
Missing character: There is no 输 ("8F93) in font nullfont!
Missing character: There is no 无 ("65E0) in font nullfont!
Missing character: There is no 人 ("4EBA) in font nullfont!
Missing character: There is no 机 ("673A) in font nullfont!
Missing character: There is no 通 ("901A) in font nullfont!
Missing character: There is no 信 ("4FE1) in font nullfont!
Missing character: There is no 状 ("72B6) in font nullfont!
Missing character: There is no 态 ("6001) in font nullfont!

Overfull \hbox (20.0pt too wide) in paragraph at lines 203--204
[] 
 []


! LaTeX Error: Missing \begin{document}.

See the LaTeX manual or LaTeX Companion for explanation.
Type  H <return>  for immediate help.
 ...                                              
                                                  
l.205 记
       运输架次 $r$ 与固定网关 G01 的链路状态为
You're in trouble here.  Try typing  <return>  to proceed.
If that doesn't work, type  X <return>  to quit.

Missing character: There is no 记 ("8BB0) in font nullfont!
Missing character: There is no 运 ("8FD0) in font nullfont!
Missing character: There is no 输 ("8F93) in font nullfont!
Missing character: There is no 架 ("67B6) in font nullfont!
Missing character: There is no 次 ("6B21) in font nullfont!
Missing character: There is no 与 ("4E0E) in font nullfont!
Missing character: There is no 固 ("56FA) in font nullfont!
Missing character: There is no 定 ("5B9A) in font nullfont!
Missing character: There is no 网 ("7F51) in font nullfont!
Missing character: There is no 关 ("5173) in font nullfont!
Missing character: There is no G ("47) in font nullfont!
Missing character: There is no 0 ("30) in font nullfont!
Missing character: There is no 1 ("31) in font nullfont!
Missing character: There is no 的 ("7684) in font nullfont!
Missing character: There is no 链 ("94FE) in font nullfont!
Missing character: There is no 路 ("8DEF) in font nullfont!
Missing character: There is no 状 ("72B6) in font nullfont!
Missing character: There is no 态 ("6001) in font nullfont!
Missing character: There is no 为 ("4E3A) in font nullfont!
Missing character: There is no ， ("FF0C) in font nullfont!
Missing character: There is no 与 ("4E0E) in font nullfont!
Missing character: There is no 中 ("4E2D) in font nullfont!
Missing character: There is no 继 ("7EE7) in font nullfont!
Missing character: There is no 架 ("67B6) in font nullfont!
Missing character: There is no 次 ("6B21) in font nullfont!
Missing character: There is no 的 ("7684) in font nullfont!
Missing character: There is no 接 ("63A5) in font nullfont!
Missing character: There is no 入 ("5165) in font nullfont!
Missing character: There is no 链 ("94FE) in font nullfont!
Missing character: There is no 路 ("8DEF) in font nullfont!
Missing character: There is no 状 ("72B6) in font nullfont!
Missing character: There is no 态 ("6001) in font nullfont!
Missing character: There is no 为 ("4E3A) in font nullfont!
Missing character: There is no ， ("FF0C) in font nullfont!
Missing character: There is no 中 ("4E2D) in font nullfont!
Missing character: There is no 继 ("7EE7) in font nullfont!
Missing character: There is no 架 ("67B6) in font nullfont!
Missing character: There is no 次 ("6B21) in font nullfont!
Missing character: There is no 与 ("4E0E) in font nullfont!
Missing character: There is no G ("47) in font nullfont!
Missing character: There is no 0 ("30) in font nullfont!
Missing character: There is no 1 ("31) in font nullfont!
Missing character: There is no 的 ("7684) in font nullfont!
Missing character: There is no 回 ("56DE) in font nullfont!
Missing character: There is no 传 ("4F20) in font nullfont!
Missing character: There is no 链 ("94FE) in font nullfont!
Missing character: There is no 路 ("8DEF) in font nullfont!
Missing character: There is no 状 ("72B6) in font nullfont!
Missing character: There is no 态 ("6001) in font nullfont!
Missing character: There is no 为 ("4E3A) in font nullfont!
Missing character: There is no 。 ("3002) in font nullfont!
Missing character: There is no 若 ("82E5) in font nullfont!
Missing character: There is no 表 ("8868) in font nullfont!
Missing character: There is no 示 ("793A) in font nullfont!
Missing character: There is no 时 ("65F6) in font nullfont!
Missing character: There is no 刻 ("523B) in font nullfont!
Missing character: There is no 由 ("7531) in font nullfont!
Missing character: There is no 中 ("4E2D) in font nullfont!
Missing character: There is no 继 ("7EE7) in font nullfont!
Missing character: There is no 架 ("67B6) in font nullfont!
Missing character: There is no 次 ("6B21) in font nullfont!
Missing character: There is no 为 ("4E3A) in font nullfont!
Missing character: There is no 运 ("8FD0) in font nullfont!
Missing character: There is no 输 ("8F93) in font nullfont!
Missing character: There is no 架 ("67B6) in font nullfont!
Missing character: There is no 次 ("6B21) in font nullfont!
Missing character: There is no 提 ("63D0) in font nullfont!
Missing character: There is no 供 ("4F9B) in font nullfont!
Missing character: There is no 保 ("4FDD) in font nullfont!
Missing character: There is no 障 ("969C) in font nullfont!
Missing character: There is no ， ("FF0C) in font nullfont!
Missing character: There is no 则 ("5219) in font nullfont!
Missing character: There is no 有 ("6709) in font nullfont!
Missing character: There is no 效 ("6548) in font nullfont!
Missing character: There is no 通 ("901A) in font nullfont!
Missing character: There is no 信 ("4FE1) in font nullfont!
Missing character: There is no 状 ("72B6) in font nullfont!
Missing character: There is no 态 ("6001) in font nullfont!
Missing character: There is no 为 ("4E3A) in font nullfont!

Overfull \hbox (20.0pt too wide) in paragraph at lines 205--211
[]
 []


Overfull \hbox (4.78937pt too wide) in paragraph at lines 205--211
\OML/cmm/m/it/10 r$
 []


Overfull \hbox (29.54317pt too wide) in paragraph at lines 205--211
\OML/cmm/m/it/10 A[]\OT1/cmr/m/n/10 (\OML/cmm/m/it/10 t\OT1/cmr/m/n/10 )$
 []


Overfull \hbox (4.8229pt too wide) in paragraph at lines 205--211
\OML/cmm/m/it/10 q$
 []


Overfull \hbox (27.23352pt too wide) in paragraph at lines 205--211
\OML/cmm/m/it/10 A[]\OT1/cmr/m/n/10 (\OML/cmm/m/it/10 t\OT1/cmr/m/n/10 )$
 []


Overfull \hbox (4.8229pt too wide) in paragraph at lines 205--211
\OML/cmm/m/it/10 q$
 []


Overfull \hbox (29.53125pt too wide) in paragraph at lines 205--211
\OML/cmm/m/it/10 A[]\OT1/cmr/m/n/10 (\OML/cmm/m/it/10 t\OT1/cmr/m/n/10 )$
 []


Overfull \hbox (34.93951pt too wide) in paragraph at lines 205--211
\OML/cmm/m/it/10 z[]\OT1/cmr/m/n/10 (\OML/cmm/m/it/10 t\OT1/cmr/m/n/10 ) =
 []


Overfull \hbox (5.00002pt too wide) in paragraph at lines 205--211
\OT1/cmr/m/n/10 1$
 []


Overfull \hbox (3.61111pt too wide) in paragraph at lines 205--211
\OML/cmm/m/it/10 t$
 []


Overfull \hbox (4.8229pt too wide) in paragraph at lines 205--211
\OML/cmm/m/it/10 q$
 []


Overfull \hbox (4.78937pt too wide) in paragraph at lines 205--211
\OML/cmm/m/it/10 r$
 []


Overfull \hbox (194.93117pt too wide) detected at line 220
\OML/cmm/m/it/10 C[]\OT1/cmr/m/n/10 (\OML/cmm/m/it/10 t\OT1/cmr/m/n/10 ) = \OML
/cmm/m/it/10 A[]\OT1/cmr/m/n/10 (\OML/cmm/m/it/10 t\OT1/cmr/m/n/10 ) \OMS/cmsy/
m/n/10 _ [] \OML/cmm/m/it/10 :[]
 []


! LaTeX Error: Missing \begin{document}.

See the LaTeX manual or LaTeX Companion for explanation.
Type  H <return>  for immediate help.
 ...                                              
                                                  
l.222 所
       有运输轨迹采样点均要求满足
You're in trouble here.  Try typing  <return>  to proceed.
If that doesn't work, type  X <return>  to quit.

Missing character: There is no 所 ("6240) in font nullfont!
Missing character: There is no 有 ("6709) in font nullfont!
Missing character: There is no 运 ("8FD0) in font nullfont!
Missing character: There is no 输 ("8F93) in font nullfont!
Missing character: There is no 轨 ("8F68) in font nullfont!
Missing character: There is no 迹 ("8FF9) in font nullfont!
Missing character: There is no 采 ("91C7) in font nullfont!
Missing character: There is no 样 ("6837) in font nullfont!
Missing character: There is no 点 ("70B9) in font nullfont!
Missing character: There is no 均 ("5747) in font nullfont!
Missing character: There is no 要 ("8981) in font nullfont!
Missing character: There is no 求 ("6C42) in font nullfont!
Missing character: There is no 满 ("6EE1) in font nullfont!
Missing character: There is no 足 ("8DB3) in font nullfont!

Overfull \hbox (20.0pt too wide) in paragraph at lines 222--223
[] 
 []


Overfull \hbox (80.30598pt too wide) detected at line 227
\OML/cmm/m/it/10 C[]\OT1/cmr/m/n/10 (\OML/cmm/m/it/10 t\OT1/cmr/m/n/10 ) = 1\OM
L/cmm/m/it/10 ;  r \OMS/cmsy/m/n/10 2 R[]\OML/cmm/m/it/10 ;[]
 []

Missing character: There is no 且 ("4E14) in font nullfont!
Missing character: There is no 同 ("540C) in font nullfont!
Missing character: There is no 一 ("4E00) in font nullfont!
Missing character: There is no 运 ("8FD0) in font nullfont!
Missing character: There is no 输 ("8F93) in font nullfont!
Missing character: There is no 无 ("65E0) in font nullfont!
Missing character: There is no 人 ("4EBA) in font nullfont!
Missing character: There is no 机 ("673A) in font nullfont!
Missing character: There is no 在 ("5728) in font nullfont!
Missing character: There is no 同 ("540C) in font nullfont!
Missing character: There is no 一 ("4E00) in font nullfont!
Missing character: There is no 时 ("65F6) in font nullfont!
Missing character: There is no 刻 ("523B) in font nullfont!
Missing character: There is no 最 ("6700) in font nullfont!
Missing character: There is no 多 ("591A) in font nullfont!
Missing character: There is no 由 ("7531) in font nullfont!
Missing character: There is no 一 ("4E00) in font nullfont!
Missing character: There is no 架 ("67B6) in font nullfont!
Missing character: There is no 中 ("4E2D) in font nullfont!
Missing character: There is no 继 ("7EE7) in font nullfont!
Missing character: There is no 无 ("65E0) in font nullfont!
Missing character: There is no 人 ("4EBA) in font nullfont!
Missing character: There is no 机 ("673A) in font nullfont!
Missing character: There is no 提 ("63D0) in font nullfont!
Missing character: There is no 供 ("4F9B) in font nullfont!
Missing character: There is no 通 ("901A) in font nullfont!
Missing character: There is no 信 ("4FE1) in font nullfont!
Missing character: There is no 保 ("4FDD) in font nullfont!
Missing character: There is no 障 ("969C) in font nullfont!
Missing character: There is no ： ("FF1A) in font nullfont!

Overfull \hbox (68.99217pt too wide) detected at line 232
[] \OML/cmm/m/it/10 z[]\OT1/cmr/m/n/10 (\OML/cmm/m/it/10 t\OT1/cmr/m/n/10 ) \OM
S/cmsy/m/n/10 ^^T \OT1/cmr/m/n/10 1\OML/cmm/m/it/10 :[]
 []


! LaTeX Error: Missing \begin{document}.

See the LaTeX manual or LaTeX Companion for explanation.
Type  H <return>  for immediate help.
 ...                                              
                                                  
l.234 若
        $A_{rG}(t)=0$，则将该时刻记为中继通信需求点。
You're in trouble here.  Try typing  <return>  to proceed.
If that doesn't work, type  X <return>  to quit.

Missing character: There is no 若 ("82E5) in font nullfont!
Missing character: There is no ， ("FF0C) in font nullfont!
Missing character: There is no 则 ("5219) in font nullfont!
Missing character: There is no 将 ("5C06) in font nullfont!
Missing character: There is no 该 ("8BE5) in font nullfont!
Missing character: There is no 时 ("65F6) in font nullfont!
Missing character: There is no 刻 ("523B) in font nullfont!
Missing character: There is no 记 ("8BB0) in font nullfont!
Missing character: There is no 为 ("4E3A) in font nullfont!
Missing character: There is no 中 ("4E2D) in font nullfont!
Missing character: There is no 继 ("7EE7) in font nullfont!
Missing character: There is no 通 ("901A) in font nullfont!
Missing character: There is no 信 ("4FE1) in font nullfont!
Missing character: There is no 需 ("9700) in font nullfont!
Missing character: There is no 求 ("6C42) in font nullfont!
Missing character: There is no 点 ("70B9) in font nullfont!
Missing character: There is no 。 ("3002) in font nullfont!
Missing character: There is no 程 ("7A0B) in font nullfont!
Missing character: There is no 序 ("5E8F) in font nullfont!
Missing character: There is no 将 ("5C06) in font nullfont!
Missing character: There is no 时 ("65F6) in font nullfont!
Missing character: There is no 间 ("95F4) in font nullfont!
Missing character: There is no 上 ("4E0A) in font nullfont!
Missing character: There is no 相 ("76F8) in font nullfont!
Missing character: There is no 邻 ("90BB) in font nullfont!
Missing character: There is no 的 ("7684) in font nullfont!
Missing character: There is no 需 ("9700) in font nullfont!
Missing character: There is no 求 ("6C42) in font nullfont!
Missing character: There is no 点 ("70B9) in font nullfont!
Missing character: There is no 聚 ("805A) in font nullfont!
Missing character: There is no 合 ("5408) in font nullfont!
Missing character: There is no 成 ("6210) in font nullfont!
Missing character: There is no 通 ("901A) in font nullfont!
Missing character: There is no 信 ("4FE1) in font nullfont!
Missing character: There is no 缺 ("7F3A) in font nullfont!
Missing character: There is no 口 ("53E3) in font nullfont!
Missing character: There is no ， ("FF0C) in font nullfont!
Missing character: There is no 从 ("4ECE) in font nullfont!
Missing character: There is no 而 ("800C) in font nullfont!
Missing character: There is no 避 ("907F) in font nullfont!
Missing character: There is no 免 ("514D) in font nullfont!
Missing character: There is no 为 ("4E3A) in font nullfont!
Missing character: There is no 每 ("6BCF) in font nullfont!
Missing character: There is no 一 ("4E00) in font nullfont!
Missing character: There is no 个 ("4E2A) in font nullfont!
Missing character: There is no 离 ("79BB) in font nullfont!
Missing character: There is no 散 ("6563) in font nullfont!
Missing character: There is no 采 ("91C7) in font nullfont!
Missing character: There is no 样 ("6837) in font nullfont!
Missing character: There is no 点 ("70B9) in font nullfont!
Missing character: There is no 单 ("5355) in font nullfont!
Missing character: There is no 独 ("72EC) in font nullfont!
Missing character: There is no 产 ("4EA7) in font nullfont!
Missing character: There is no 生 ("751F) in font nullfont!
Missing character: There is no 中 ("4E2D) in font nullfont!
Missing character: There is no 继 ("7EE7) in font nullfont!
Missing character: There is no 任 ("4EFB) in font nullfont!
Missing character: There is no 务 ("52A1) in font nullfont!
Missing character: There is no 。 ("3002) in font nullfont!

Overfull \hbox (20.0pt too wide) in paragraph at lines 234--237
[]
 []


Overfull \hbox (40.09868pt too wide) in paragraph at lines 234--237
\OML/cmm/m/it/10 A[]\OT1/cmr/m/n/10 (\OML/cmm/m/it/10 t\OT1/cmr/m/n/10 ) =
 []


Overfull \hbox (5.00002pt too wide) in paragraph at lines 234--237
\OT1/cmr/m/n/10 0$
 []

! Undefined control sequence.
l.238 \subsection
                 {中继悬停位置与中继架次模型}
The control sequence at the end of the top line
of your error message was never \def'ed. If you have
misspelled it (e.g., `\hobx'), type `I' and the correct
spelling (e.g., `I\hbox'). Otherwise just continue,
and I'll forget about whatever was undefined.


! LaTeX Error: Missing \begin{document}.

See the LaTeX manual or LaTeX Companion for explanation.
Type  H <return>  for immediate help.
 ...                                              
                                                  
l.238 \subsection{中
                   继悬停位置与中继架次模型}
You're in trouble here.  Try typing  <return>  to proceed.
If that doesn't work, type  X <return>  to quit.

Missing character: There is no 中 ("4E2D) in font nullfont!
Missing character: There is no 继 ("7EE7) in font nullfont!
Missing character: There is no 悬 ("60AC) in font nullfont!
Missing character: There is no 停 ("505C) in font nullfont!
Missing character: There is no 位 ("4F4D) in font nullfont!
Missing character: There is no 置 ("7F6E) in font nullfont!
Missing character: There is no 与 ("4E0E) in font nullfont!
Missing character: There is no 中 ("4E2D) in font nullfont!
Missing character: There is no 继 ("7EE7) in font nullfont!
Missing character: There is no 架 ("67B6) in font nullfont!
Missing character: There is no 次 ("6B21) in font nullfont!
Missing character: There is no 模 ("6A21) in font nullfont!
Missing character: There is no 型 ("578B) in font nullfont!

Overfull \hbox (20.0pt too wide) in paragraph at lines 238--239
[] 
 []

! Undefined control sequence.
l.240 \subsubsection
                    {中继候选位置生成}
The control sequence at the end of the top line
of your error message was never \def'ed. If you have
misspelled it (e.g., `\hobx'), type `I' and the correct
spelling (e.g., `I\hbox'). Otherwise just continue,
and I'll forget about whatever was undefined.


! LaTeX Error: Missing \begin{document}.

See the LaTeX manual or LaTeX Companion for explanation.
Type  H <return>  for immediate help.
 ...                                              
                                                  
l.240 \subsubsection{中
                      继候选位置生成}
You're in trouble here.  Try typing  <return>  to proceed.
If that doesn't work, type  X <return>  to quit.

Missing character: There is no 中 ("4E2D) in font nullfont!
Missing character: There is no 继 ("7EE7) in font nullfont!
Missing character: There is no 候 ("5019) in font nullfont!
Missing character: There is no 选 ("9009) in font nullfont!
Missing character: There is no 位 ("4F4D) in font nullfont!
Missing character: There is no 置 ("7F6E) in font nullfont!
Missing character: There is no 生 ("751F) in font nullfont!
Missing character: There is no 成 ("6210) in font nullfont!

Overfull \hbox (20.0pt too wide) in paragraph at lines 240--241
[] 
 []


! LaTeX Error: Missing \begin{document}.

See the LaTeX manual or LaTeX Companion for explanation.
Type  H <return>  for immediate help.
 ...                                              
                                                  
l.242 设
       中继候选悬停点为
You're in trouble here.  Try typing  <return>  to proceed.
If that doesn't work, type  X <return>  to quit.

Missing character: There is no 设 ("8BBE) in font nullfont!
Missing character: There is no 中 ("4E2D) in font nullfont!
Missing character: There is no 继 ("7EE7) in font nullfont!
Missing character: There is no 候 ("5019) in font nullfont!
Missing character: There is no 选 ("9009) in font nullfont!
Missing character: There is no 悬 ("60AC) in font nullfont!
Missing character: There is no 停 ("505C) in font nullfont!
Missing character: There is no 点 ("70B9) in font nullfont!
Missing character: There is no 为 ("4E3A) in font nullfont!

Overfull \hbox (20.0pt too wide) in paragraph at lines 242--243
[] 
 []


Overfull \hbox (70.01396pt too wide) detected at line 245
\OML/cmm/m/it/10 c \OT1/cmr/m/n/10 = (\OML/cmm/m/it/10 ^^U[]; '[]; H[]\OT1/cmr/
m/n/10 )\OML/cmm/m/it/10 ;
 []

Missing character: There is no 其 ("5176) in font nullfont!
Missing character: There is no 水 ("6C34) in font nullfont!
Missing character: There is no 平 ("5E73) in font nullfont!
Missing character: There is no 位 ("4F4D) in font nullfont!
Missing character: There is no 置 ("7F6E) in font nullfont!
Missing character: There is no 必 ("5FC5) in font nullfont!
Missing character: There is no 须 ("987B) in font nullfont!
Missing character: There is no 位 ("4F4D) in font nullfont!
Missing character: There is no 于 ("4E8E) in font nullfont!
Missing character: There is no D ("44) in font nullfont!
Missing character: There is no E ("45) in font nullfont!
Missing character: There is no M ("4D) in font nullfont!
Missing character: There is no 覆 ("8986) in font nullfont!
Missing character: There is no 盖 ("76D6) in font nullfont!
Missing character: There is no 区 ("533A) in font nullfont!
Missing character: There is no 域 ("57DF) in font nullfont!
Missing character: There is no 内 ("5185) in font nullfont!
Missing character: There is no ， ("FF0C) in font nullfont!
Missing character: There is no 悬 ("60AC) in font nullfont!
Missing character: There is no 停 ("505C) in font nullfont!
Missing character: There is no 离 ("79BB) in font nullfont!
Missing character: There is no 地 ("5730) in font nullfont!
Missing character: There is no 高 ("9AD8) in font nullfont!
Missing character: There is no 度 ("5EA6) in font nullfont!
Missing character: There is no 满 ("6EE1) in font nullfont!
Missing character: There is no 足 ("8DB3) in font nullfont!

Overfull \hbox (107.20561pt too wide) detected at line 252
\OT1/cmr/m/n/10 0 \OML/cmm/m/it/10 < H[] \OMS/cmsy/m/n/10 ^^@ \OML/cmm/m/it/10 
H[] \OMS/cmsy/m/n/10 ^^T \OML/cmm/m/it/10 H[]:[]
 []


! LaTeX Error: Missing \begin{document}.

See the LaTeX manual or LaTeX Companion for explanation.
Type  H <return>  for immediate help.
 ...                                              
                                                  
l.254 为
       避免在全部 DEM 像元上进行穷举，
You're in trouble here.  Try typing  <return>  to proceed.
If that doesn't work, type  X <return>  to quit.

Missing character: There is no 为 ("4E3A) in font nullfont!
Missing character: There is no 避 ("907F) in font nullfont!
Missing character: There is no 免 ("514D) in font nullfont!
Missing character: There is no 在 ("5728) in font nullfont!
Missing character: There is no 全 ("5168) in font nullfont!
Missing character: There is no 部 ("90E8) in font nullfont!
Missing character: There is no D ("44) in font nullfont!
Missing character: There is no E ("45) in font nullfont!
Missing character: There is no M ("4D) in font nullfont!
Missing character: There is no 像 ("50CF) in font nullfont!
Missing character: There is no 元 ("5143) in font nullfont!
Missing character: There is no 上 ("4E0A) in font nullfont!
Missing character: There is no 进 ("8FDB) in font nullfont!
Missing character: There is no 行 ("884C) in font nullfont!
Missing character: There is no 穷 ("7A77) in font nullfont!
Missing character: There is no 举 ("4E3E) in font nullfont!
Missing character: There is no ， ("FF0C) in font nullfont!
Missing character: There is no 本 ("672C) in font nullfont!
Missing character: There is no 文 ("6587) in font nullfont!
Missing character: There is no 采 ("91C7) in font nullfont!
Missing character: There is no 用 ("7528) in font nullfont!
Missing character: There is no “ ("201C) in font nullfont!
Missing character: There is no 通 ("901A) in font nullfont!
Missing character: There is no 信 ("4FE1) in font nullfont!
Missing character: There is no 缺 ("7F3A) in font nullfont!
Missing character: There is no 口 ("53E3) in font nullfont!
Missing character: There is no 驱 ("9A71) in font nullfont!
Missing character: There is no 动 ("52A8) in font nullfont!
Missing character: There is no 的 ("7684) in font nullfont!
Missing character: There is no 局 ("5C40) in font nullfont!
Missing character: There is no 部 ("90E8) in font nullfont!
Missing character: There is no 候 ("5019) in font nullfont!
Missing character: There is no 选 ("9009) in font nullfont!
Missing character: There is no 搜 ("641C) in font nullfont!
Missing character: There is no 索 ("7D22) in font nullfont!
Missing character: There is no ” ("201D) in font nullfont!
Missing character: There is no 。 ("3002) in font nullfont!
Missing character: There is no 首 ("9996) in font nullfont!
Missing character: There is no 先 ("5148) in font nullfont!
Missing character: There is no 围 ("56F4) in font nullfont!
Missing character: There is no 绕 ("7ED5) in font nullfont!
Missing character: There is no 失 ("5931) in font nullfont!
Missing character: There is no 联 ("8054) in font nullfont!
Missing character: There is no 轨 ("8F68) in font nullfont!
Missing character: There is no 迹 ("8FF9) in font nullfont!
Missing character: There is no 采 ("91C7) in font nullfont!
Missing character: There is no 样 ("6837) in font nullfont!
Missing character: There is no 点 ("70B9) in font nullfont!
Missing character: There is no 在 ("5728) in font nullfont!
Missing character: There is no D ("44) in font nullfont!
Missing character: There is no E ("45) in font nullfont!
Missing character: There is no M ("4D) in font nullfont!
Missing character: There is no 网 ("7F51) in font nullfont!
Missing character: There is no 格 ("683C) in font nullfont!
Missing character: There is no 上 ("4E0A) in font nullfont!
Missing character: There is no 构 ("6784) in font nullfont!
Missing character: There is no 造 ("9020) in font nullfont!
Missing character: There is no 候 ("5019) in font nullfont!
Missing character: There is no 选 ("9009) in font nullfont!
Missing character: There is no 位 ("4F4D) in font nullfont!
Missing character: There is no 置 ("7F6E) in font nullfont!
Missing character: There is no ， ("FF0C) in font nullfont!
Missing character: There is no 并 ("5E76) in font nullfont!
Missing character: There is no 取 ("53D6) in font nullfont!
Missing character: There is no 若 ("82E5) in font nullfont!
Missing character: There is no 干 ("5E72) in font nullfont!
Missing character: There is no 代 ("4EE3) in font nullfont!
Missing character: There is no 表 ("8868) in font nullfont!
Missing character: There is no 性 ("6027) in font nullfont!
Missing character: There is no 离 ("79BB) in font nullfont!
Missing character: There is no 地 ("5730) in font nullfont!
Missing character: There is no 高 ("9AD8) in font nullfont!
Missing character: There is no 度 ("5EA6) in font nullfont!

Overfull \hbox (20.0pt too wide) in paragraph at lines 254--258
[]
 []


Overfull \hbox (113.66673pt too wide) detected at line 260
\OML/cmm/m/it/10 H[] \OMS/cmsy/m/n/10 2 f\OT1/cmr/m/n/10 150\OML/cmm/m/it/10 ; 
\OT1/cmr/m/n/10 225\OML/cmm/m/it/10 ; \OT1/cmr/m/n/10 300\OMS/cmsy/m/n/10 g \OT
1/cmr/m/n/10 m\OML/cmm/m/it/10 :
 []

Missing character: There is no 候 ("5019) in font nullfont!
Missing character: There is no 选 ("9009) in font nullfont!
Missing character: There is no 点 ("70B9) in font nullfont!
Missing character: There is no 首 ("9996) in font nullfont!
Missing character: There is no 先 ("5148) in font nullfont!
Missing character: There is no 必 ("5FC5) in font nullfont!
Missing character: There is no 须 ("987B) in font nullfont!
Missing character: There is no 满 ("6EE1) in font nullfont!
Missing character: There is no 足 ("8DB3) in font nullfont!
Missing character: There is no 中 ("4E2D) in font nullfont!
Missing character: There is no 继 ("7EE7) in font nullfont!
Missing character: There is no - ("2D) in font nullfont!
Missing character: There is no - ("2D) in font nullfont!
Missing character: There is no G ("47) in font nullfont!
Missing character: There is no 0 ("30) in font nullfont!
Missing character: There is no 1 ("31) in font nullfont!
Missing character: There is no 回 ("56DE) in font nullfont!
Missing character: There is no 传 ("4F20) in font nullfont!
Missing character: There is no 链 ("94FE) in font nullfont!
Missing character: There is no 路 ("8DEF) in font nullfont!
Missing character: There is no 可 ("53EF) in font nullfont!
Missing character: There is no 用 ("7528) in font nullfont!
Missing character: There is no 。 ("3002) in font nullfont!
Missing character: There is no 随 ("968F) in font nullfont!
Missing character: There is no 后 ("540E) in font nullfont!
Missing character: There is no 检 ("68C0) in font nullfont!
Missing character: There is no 查 ("67E5) in font nullfont!
Missing character: There is no 其 ("5176) in font nullfont!
Missing character: There is no 对 ("5BF9) in font nullfont!
Missing character: There is no 当 ("5F53) in font nullfont!
Missing character: There is no 前 ("524D) in font nullfont!
Missing character: There is no 通 ("901A) in font nullfont!
Missing character: There is no 信 ("4FE1) in font nullfont!
Missing character: There is no 缺 ("7F3A) in font nullfont!
Missing character: There is no 口 ("53E3) in font nullfont!
Missing character: There is no 内 ("5185) in font nullfont!
Missing character: There is no 运 ("8FD0) in font nullfont!
Missing character: There is no 输 ("8F93) in font nullfont!
Missing character: There is no 轨 ("8F68) in font nullfont!
Missing character: There is no 迹 ("8FF9) in font nullfont!
Missing character: There is no 采 ("91C7) in font nullfont!
Missing character: There is no 样 ("6837) in font nullfont!
Missing character: There is no 点 ("70B9) in font nullfont!
Missing character: There is no 的 ("7684) in font nullfont!
Missing character: There is no 覆 ("8986) in font nullfont!
Missing character: There is no 盖 ("76D6) in font nullfont!
Missing character: There is no 情 ("60C5) in font nullfont!
Missing character: There is no 况 ("51B5) in font nullfont!
Missing character: There is no 。 ("3002) in font nullfont!

! LaTeX Error: Missing \begin{document}.

See the LaTeX manual or LaTeX Companion for explanation.
Type  H <return>  for immediate help.
 ...                                              
                                                  
l.264 对
       于同一时间簇，程序优先寻找一个可完整覆盖全部需求点的悬停位置；
You're in trouble here.  Try typing  <return>  to proceed.
If that doesn't work, type  X <return>  to quit.

Missing character: There is no 对 ("5BF9) in font nullfont!
Missing character: There is no 于 ("4E8E) in font nullfont!
Missing character: There is no 同 ("540C) in font nullfont!
Missing character: There is no 一 ("4E00) in font nullfont!
Missing character: There is no 时 ("65F6) in font nullfont!
Missing character: There is no 间 ("95F4) in font nullfont!
Missing character: There is no 簇 ("7C07) in font nullfont!
Missing character: There is no ， ("FF0C) in font nullfont!
Missing character: There is no 程 ("7A0B) in font nullfont!
Missing character: There is no 序 ("5E8F) in font nullfont!
Missing character: There is no 优 ("4F18) in font nullfont!
Missing character: There is no 先 ("5148) in font nullfont!
Missing character: There is no 寻 ("5BFB) in font nullfont!
Missing character: There is no 找 ("627E) in font nullfont!
Missing character: There is no 一 ("4E00) in font nullfont!
Missing character: There is no 个 ("4E2A) in font nullfont!
Missing character: There is no 可 ("53EF) in font nullfont!
Missing character: There is no 完 ("5B8C) in font nullfont!
Missing character: There is no 整 ("6574) in font nullfont!
Missing character: There is no 覆 ("8986) in font nullfont!
Missing character: There is no 盖 ("76D6) in font nullfont!
Missing character: There is no 全 ("5168) in font nullfont!
Missing character: There is no 部 ("90E8) in font nullfont!
Missing character: There is no 需 ("9700) in font nullfont!
Missing character: There is no 求 ("6C42) in font nullfont!
Missing character: There is no 点 ("70B9) in font nullfont!
Missing character: There is no 的 ("7684) in font nullfont!
Missing character: There is no 悬 ("60AC) in font nullfont!
Missing character: There is no 停 ("505C) in font nullfont!
Missing character: There is no 位 ("4F4D) in font nullfont!
Missing character: There is no 置 ("7F6E) in font nullfont!
Missing character: There is no ； ("FF1B) in font nullfont!
Missing character: There is no 若 ("82E5) in font nullfont!
Missing character: There is no 单 ("5355) in font nullfont!
Missing character: There is no 点 ("70B9) in font nullfont!
Missing character: There is no 不 ("4E0D) in font nullfont!
Missing character: There is no 能 ("80FD) in font nullfont!
Missing character: There is no 满 ("6EE1) in font nullfont!
Missing character: There is no 足 ("8DB3) in font nullfont!
Missing character: There is no ， ("FF0C) in font nullfont!
Missing character: There is no 则 ("5219) in font nullfont!
Missing character: There is no 利 ("5229) in font nullfont!
Missing character: There is no 用 ("7528) in font nullfont!
Missing character: There is no 位 ("4F4D) in font nullfont!
Missing character: There is no 集 ("96C6) in font nullfont!
Missing character: There is no 覆 ("8986) in font nullfont!
Missing character: There is no 盖 ("76D6) in font nullfont!
Missing character: There is no 搜 ("641C) in font nullfont!
Missing character: There is no 索 ("7D22) in font nullfont!
Missing character: There is no 寻 ("5BFB) in font nullfont!
Missing character: There is no 找 ("627E) in font nullfont!
Missing character: There is no 两 ("4E24) in font nullfont!
Missing character: There is no 个 ("4E2A) in font nullfont!
Missing character: There is no 候 ("5019) in font nullfont!
Missing character: There is no 选 ("9009) in font nullfont!
Missing character: There is no 点 ("70B9) in font nullfont!
Missing character: There is no 的 ("7684) in font nullfont!
Missing character: There is no 组 ("7EC4) in font nullfont!
Missing character: There is no 合 ("5408) in font nullfont!
Missing character: There is no 。 ("3002) in font nullfont!
Missing character: There is no 若 ("82E5) in font nullfont!
Missing character: There is no 粗 ("7C97) in font nullfont!
Missing character: There is no 网 ("7F51) in font nullfont!
Missing character: There is no 格 ("683C) in font nullfont!
Missing character: There is no 下 ("4E0B) in font nullfont!
Missing character: There is no 仍 ("4ECD) in font nullfont!
Missing character: There is no 存 ("5B58) in font nullfont!
Missing character: There is no 在 ("5728) in font nullfont!
Missing character: There is no 少 ("5C11) in font nullfont!
Missing character: There is no 量 ("91CF) in font nullfont!
Missing character: There is no 未 ("672A) in font nullfont!
Missing character: There is no 覆 ("8986) in font nullfont!
Missing character: There is no 盖 ("76D6) in font nullfont!
Missing character: There is no 采 ("91C7) in font nullfont!
Missing character: There is no 样 ("6837) in font nullfont!
Missing character: There is no 点 ("70B9) in font nullfont!
Missing character: There is no ， ("FF0C) in font nullfont!
Missing character: There is no 则 ("5219) in font nullfont!
Missing character: There is no 仅 ("4EC5) in font nullfont!
Missing character: There is no 在 ("5728) in font nullfont!
Missing character: There is no 未 ("672A) in font nullfont!
Missing character: There is no 覆 ("8986) in font nullfont!
Missing character: There is no 盖 ("76D6) in font nullfont!
Missing character: There is no 轨 ("8F68) in font nullfont!
Missing character: There is no 迹 ("8FF9) in font nullfont!
Missing character: There is no 附 ("9644) in font nullfont!
Missing character: There is no 近 ("8FD1) in font nullfont!
Missing character: There is no 加 ("52A0) in font nullfont!
Missing character: There is no 密 ("5BC6) in font nullfont!
Missing character: There is no D ("44) in font nullfont!
Missing character: There is no E ("45) in font nullfont!
Missing character: There is no M ("4D) in font nullfont!
Missing character: There is no 候 ("5019) in font nullfont!
Missing character: There is no 选 ("9009) in font nullfont!
Missing character: There is no 点 ("70B9) in font nullfont!
Missing character: There is no ， ("FF0C) in font nullfont!
Missing character: There is no 避 ("907F) in font nullfont!
Missing character: There is no 免 ("514D) in font nullfont!
Missing character: There is no 全 ("5168) in font nullfont!
Missing character: There is no 局 ("5C40) in font nullfont!
Missing character: There is no 细 ("7EC6) in font nullfont!
Missing character: There is no 网 ("7F51) in font nullfont!
Missing character: There is no 格 ("683C) in font nullfont!
Missing character: There is no 搜 ("641C) in font nullfont!
Missing character: There is no 索 ("7D22) in font nullfont!
Missing character: There is no 造 ("9020) in font nullfont!
Missing character: There is no 成 ("6210) in font nullfont!
Missing character: There is no 过 ("8FC7) in font nullfont!
Missing character: There is no 大 ("5927) in font nullfont!
Missing character: There is no 的 ("7684) in font nullfont!
Missing character: There is no 计 ("8BA1) in font nullfont!
Missing character: There is no 算 ("7B97) in font nullfont!
Missing character: There is no 开 ("5F00) in font nullfont!
Missing character: There is no 销 ("9500) in font nullfont!
Missing character: There is no 。 ("3002) in font nullfont!
Missing character: There is no 由 ("7531) in font nullfont!
Missing character: There is no 于 ("4E8E) in font nullfont!
Missing character: There is no 题 ("9898) in font nullfont!
Missing character: There is no 目 ("76EE) in font nullfont!
Missing character: There is no 仅 ("4EC5) in font nullfont!
Missing character: There is no 配 ("914D) in font nullfont!
Missing character: There is no 置 ("7F6E) in font nullfont!
Missing character: There is no 两 ("4E24) in font nullfont!
Missing character: There is no 架 ("67B6) in font nullfont!
Missing character: There is no 中 ("4E2D) in font nullfont!
Missing character: There is no 继 ("7EE7) in font nullfont!
Missing character: There is no 无 ("65E0) in font nullfont!
Missing character: There is no 人 ("4EBA) in font nullfont!
Missing character: There is no 机 ("673A) in font nullfont!
Missing character: There is no ， ("FF0C) in font nullfont!
Missing character: There is no 若 ("82E5) in font nullfont!
Missing character: There is no 某 ("67D0) in font nullfont!
Missing character: There is no 一 ("4E00) in font nullfont!
Missing character: There is no 并 ("5E76) in font nullfont!
Missing character: There is no 发 ("53D1) in font nullfont!
Missing character: There is no 时 ("65F6) in font nullfont!
Missing character: There is no 间 ("95F4) in font nullfont!
Missing character: There is no 簇 ("7C07) in font nullfont!
Missing character: There is no 仍 ("4ECD) in font nullfont!
Missing character: There is no 需 ("9700) in font nullfont!
Missing character: There is no 要 ("8981) in font nullfont!
Missing character: There is no 超 ("8D85) in font nullfont!
Missing character: There is no 过 ("8FC7) in font nullfont!
Missing character: There is no 两 ("4E24) in font nullfont!
Missing character: There is no 个 ("4E2A) in font nullfont!
Missing character: There is no 相 ("76F8) in font nullfont!
Missing character: There is no 互 ("4E92) in font nullfont!
Missing character: There is no 不 ("4E0D) in font nullfont!
Missing character: There is no 兼 ("517C) in font nullfont!
Missing character: There is no 容 ("5BB9) in font nullfont!
Missing character: There is no 的 ("7684) in font nullfont!
Missing character: There is no 空 ("7A7A) in font nullfont!
Missing character: There is no 间 ("95F4) in font nullfont!
Missing character: There is no 中 ("4E2D) in font nullfont!
Missing character: There is no 继 ("7EE7) in font nullfont!
Missing character: There is no 簇 ("7C07) in font nullfont!
Missing character: There is no ， ("FF0C) in font nullfont!
Missing character: There is no 则 ("5219) in font nullfont!
Missing character: There is no 将 ("5C06) in font nullfont!
Missing character: There is no 该 ("8BE5) in font nullfont!
Missing character: There is no 冲 ("51B2) in font nullfont!
Missing character: There is no 突 ("7A81) in font nullfont!
Missing character: There is no 反 ("53CD) in font nullfont!
Missing character: There is no 馈 ("9988) in font nullfont!
Missing character: There is no 至 ("81F3) in font nullfont!
Missing character: There is no 运 ("8FD0) in font nullfont!
Missing character: There is no 输 ("8F93) in font nullfont!
Missing character: There is no 调 ("8C03) in font nullfont!
Missing character: There is no 度 ("5EA6) in font nullfont!
Missing character: There is no 层 ("5C42) in font nullfont!
Missing character: There is no ， ("FF0C) in font nullfont!
Missing character: There is no 通 ("901A) in font nullfont!
Missing character: There is no 过 ("8FC7) in font nullfont!
Missing character: There is no 错 ("9519) in font nullfont!
Missing character: There is no 峰 ("5CF0) in font nullfont!
Missing character: There is no 调 ("8C03) in font nullfont!
Missing character: There is no 整 ("6574) in font nullfont!
Missing character: There is no 运 ("8FD0) in font nullfont!
Missing character: There is no 输 ("8F93) in font nullfont!
Missing character: There is no 架 ("67B6) in font nullfont!
Missing character: There is no 次 ("6B21) in font nullfont!
Missing character: There is no 开 ("5F00) in font nullfont!
Missing character: There is no 始 ("59CB) in font nullfont!
Missing character: There is no 时 ("65F6) in font nullfont!
Missing character: There is no 刻 ("523B) in font nullfont!
Missing character: There is no 。 ("3002) in font nullfont!

Overfull \hbox (20.0pt too wide) in paragraph at lines 264--272
[]
 []

! Undefined control sequence.
l.273 \subsubsection
                    {中继飞行与服务时间}
The control sequence at the end of the top line
of your error message was never \def'ed. If you have
misspelled it (e.g., `\hobx'), type `I' and the correct
spelling (e.g., `I\hbox'). Otherwise just continue,
and I'll forget about whatever was undefined.


! LaTeX Error: Missing \begin{document}.

See the LaTeX manual or LaTeX Companion for explanation.
Type  H <return>  for immediate help.
 ...                                              
                                                  
l.273 \subsubsection{中
                      继飞行与服务时间}
You're in trouble here.  Try typing  <return>  to proceed.
If that doesn't work, type  X <return>  to quit.

Missing character: There is no 中 ("4E2D) in font nullfont!
Missing character: There is no 继 ("7EE7) in font nullfont!
Missing character: There is no 飞 ("98DE) in font nullfont!
Missing character: There is no 行 ("884C) in font nullfont!
Missing character: There is no 与 ("4E0E) in font nullfont!
Missing character: There is no 服 ("670D) in font nullfont!
Missing character: There is no 务 ("52A1) in font nullfont!
Missing character: There is no 时 ("65F6) in font nullfont!
Missing character: There is no 间 ("95F4) in font nullfont!

Overfull \hbox (20.0pt too wide) in paragraph at lines 273--274
[] 
 []


! LaTeX Error: Missing \begin{document}.

See the LaTeX manual or LaTeX Companion for explanation.
Type  H <return>  for immediate help.
 ...                                              
                                                  
l.275 中
       继架次 $q$ 的完整任务为
You're in trouble here.  Try typing  <return>  to proceed.
If that doesn't work, type  X <return>  to quit.

Missing character: There is no 中 ("4E2D) in font nullfont!
Missing character: There is no 继 ("7EE7) in font nullfont!
Missing character: There is no 架 ("67B6) in font nullfont!
Missing character: There is no 次 ("6B21) in font nullfont!
Missing character: There is no 的 ("7684) in font nullfont!
Missing character: There is no 完 ("5B8C) in font nullfont!
Missing character: There is no 整 ("6574) in font nullfont!
Missing character: There is no 任 ("4EFB) in font nullfont!
Missing character: There is no 务 ("52A1) in font nullfont!
Missing character: There is no 为 ("4E3A) in font nullfont!

Overfull \hbox (20.0pt too wide) in paragraph at lines 275--276
[]
 []


Overfull \hbox (4.8229pt too wide) in paragraph at lines 275--276
\OML/cmm/m/it/10 q$
 []

! Undefined control sequence.
l.278 \rightarrow\text
                      {悬停通信服务}
The control sequence at the end of the top line
of your error message was never \def'ed. If you have
misspelled it (e.g., `\hobx'), type `I' and the correct
spelling (e.g., `I\hbox'). Otherwise just continue,
and I'll forget about whatever was undefined.

Missing character: There is no 悬 ("60AC) in font cmr10!
Missing character: There is no 停 ("505C) in font cmr10!
Missing character: There is no 通 ("901A) in font cmr10!
Missing character: There is no 信 ("4FE1) in font cmr10!
Missing character: There is no 服 ("670D) in font cmr10!
Missing character: There is no 务 ("52A1) in font cmr10!

Overfull \hbox (93.99915pt too wide) detected at line 280
\OML/cmm/m/it/10 O\OT1/cmr/m/n/10 01 \OMS/cmsy/m/n/10 ! \OML/cmm/m/it/10 c[] \O
MS/cmsy/m/n/10 ! [] ! \OML/cmm/m/it/10 O\OT1/cmr/m/n/10 01\OML/cmm/m/it/10 :
 []

Missing character: There is no 中 ("4E2D) in font nullfont!
Missing character: There is no 继 ("7EE7) in font nullfont!
Missing character: There is no 从 ("4ECE) in font nullfont!
Missing character: There is no O ("4F) in font nullfont!
Missing character: There is no 0 ("30) in font nullfont!
Missing character: There is no 1 ("31) in font nullfont!
Missing character: There is no 到 ("5230) in font nullfont!
Missing character: There is no 悬 ("60AC) in font nullfont!
Missing character: There is no 停 ("505C) in font nullfont!
Missing character: There is no 点 ("70B9) in font nullfont!
Missing character: There is no 的 ("7684) in font nullfont!
Missing character: There is no 计 ("8BA1) in font nullfont!
Missing character: There is no 划 ("5212) in font nullfont!
Missing character: There is no 巡 ("5DE1) in font nullfont!
Missing character: There is no 航 ("822A) in font nullfont!
Missing character: There is no 海 ("6D77) in font nullfont!
Missing character: There is no 拔 ("62D4) in font nullfont!
Missing character: There is no 同 ("540C) in font nullfont!
Missing character: There is no 样 ("6837) in font nullfont!
Missing character: There is no 取 ("53D6) in font nullfont!
Missing character: There is no 沿 ("6CBF) in font nullfont!
Missing character: There is no 线 ("7EBF) in font nullfont!
Missing character: There is no 最 ("6700) in font nullfont!
Missing character: There is no 高 ("9AD8) in font nullfont!
Missing character: There is no D ("44) in font nullfont!
Missing character: There is no E ("45) in font nullfont!
Missing character: There is no M ("4D) in font nullfont!
Missing character: There is no 高 ("9AD8) in font nullfont!
Missing character: There is no 程 ("7A0B) in font nullfont!
Missing character: There is no 以 ("4EE5) in font nullfont!
Missing character: There is no 上 ("4E0A) in font nullfont!
Missing character: There is no 5 ("35) in font nullfont!
Missing character: There is no 0 ("30) in font nullfont!
Missing character: There is no m ("6D) in font nullfont!
Missing character: There is no 。 ("3002) in font nullfont!
Missing character: There is no 设 ("8BBE) in font nullfont!
Missing character: There is no 中 ("4E2D) in font nullfont!
Missing character: There is no 继 ("7EE7) in font nullfont!
Missing character: There is no 固 ("56FA) in font nullfont!
Missing character: There is no 定 ("5B9A) in font nullfont!
Missing character: There is no 准 ("51C6) in font nullfont!
Missing character: There is no 备 ("5907) in font nullfont!
Missing character: There is no 时 ("65F6) in font nullfont!
Missing character: There is no 间 ("95F4) in font nullfont!
Missing character: There is no 为 ("4E3A) in font nullfont!
Missing character: There is no ， ("FF0C) in font nullfont!
Missing character: There is no 飞 ("98DE) in font nullfont!
Missing character: There is no 抵 ("62B5) in font nullfont!
Missing character: There is no 悬 ("60AC) in font nullfont!
Missing character: There is no 停 ("505C) in font nullfont!
Missing character: There is no 点 ("70B9) in font nullfont!
Missing character: There is no 所 ("6240) in font nullfont!
Missing character: There is no 需 ("9700) in font nullfont!
Missing character: There is no 时 ("65F6) in font nullfont!
Missing character: There is no 间 ("95F4) in font nullfont!
Missing character: There is no 为 ("4E3A) in font nullfont!
Missing character: There is no ， ("FF0C) in font nullfont!
Missing character: There is no 建 ("5EFA) in font nullfont!
Missing character: There is no 链 ("94FE) in font nullfont!
Missing character: There is no 时 ("65F6) in font nullfont!
Missing character: There is no 间 ("95F4) in font nullfont!
Missing character: There is no 为 ("4E3A) in font nullfont!
Missing character: There is no ， ("FF0C) in font nullfont!
Missing character: There is no 通 ("901A) in font nullfont!
Missing character: There is no 信 ("4FE1) in font nullfont!
Missing character: There is no 需 ("9700) in font nullfont!
Missing character: There is no 求 ("6C42) in font nullfont!
Missing character: There is no 开 ("5F00) in font nullfont!
Missing character: There is no 始 ("59CB) in font nullfont!
Missing character: There is no 时 ("65F6) in font nullfont!
Missing character: There is no 刻 ("523B) in font nullfont!
Missing character: There is no 为 ("4E3A) in font nullfont!
Missing character: There is no ， ("FF0C) in font nullfont!
Missing character: There is no 则 ("5219) in font nullfont!
Missing character: There is no 必 ("5FC5) in font nullfont!
Missing character: There is no 须 ("987B) in font nullfont!
Missing character: There is no 满 ("6EE1) in font nullfont!
Missing character: There is no 足 ("8DB3) in font nullfont!

Overfull \hbox (15.20839pt too wide) in paragraph at lines 280--287
        $\OML/cmm/m/it/10 t[]$
 []


Overfull \hbox (15.63895pt too wide) in paragraph at lines 280--287
\OML/cmm/m/it/10 t[]$
 []


Overfull \hbox (17.25702pt too wide) in paragraph at lines 280--287
\OML/cmm/m/it/10 t[]$
 []


Overfull \hbox (19.3452pt too wide) in paragraph at lines 280--287
\OML/cmm/m/it/10 s[]$
 []


Overfull \hbox (118.14156pt too wide) detected at line 294
\OML/cmm/m/it/10 s[] \OT1/cmr/m/n/10 + \OML/cmm/m/it/10 t[] \OT1/cmr/m/n/10 + \
OML/cmm/m/it/10 t[] \OT1/cmr/m/n/10 + \OML/cmm/m/it/10 t[] \OMS/cmsy/m/n/10 ^^T
 \OML/cmm/m/it/10 s[];[]
 []

Missing character: There is no 其 ("5176) in font nullfont!
Missing character: There is no 中 ("4E2D) in font nullfont!
Missing character: There is no 为 ("4E3A) in font nullfont!
Missing character: There is no 中 ("4E2D) in font nullfont!
Missing character: There is no 继 ("7EE7) in font nullfont!
Missing character: There is no 架 ("67B6) in font nullfont!
Missing character: There is no 次 ("6B21) in font nullfont!
Missing character: There is no 开 ("5F00) in font nullfont!
Missing character: There is no 始 ("59CB) in font nullfont!
Missing character: There is no 时 ("65F6) in font nullfont!
Missing character: There is no 刻 ("523B) in font nullfont!
Missing character: There is no 。 ("3002) in font nullfont!
Missing character: There is no 若 ("82E5) in font nullfont!
Missing character: There is no 提 ("63D0) in font nullfont!
Missing character: There is no 前 ("524D) in font nullfont!
Missing character: There is no 到 ("5230) in font nullfont!
Missing character: There is no 达 ("8FBE) in font nullfont!
Missing character: There is no ， ("FF0C) in font nullfont!
Missing character: There is no 中 ("4E2D) in font nullfont!
Missing character: There is no 继 ("7EE7) in font nullfont!
Missing character: There is no 在 ("5728) in font nullfont!
Missing character: There is no 悬 ("60AC) in font nullfont!
Missing character: There is no 停 ("505C) in font nullfont!
Missing character: There is no 点 ("70B9) in font nullfont!
Missing character: There is no 等 ("7B49) in font nullfont!
Missing character: There is no 待 ("5F85) in font nullfont!
Missing character: There is no 至 ("81F3) in font nullfont!
Missing character: There is no 服 ("670D) in font nullfont!
Missing character: There is no 务 ("52A1) in font nullfont!
Missing character: There is no 开 ("5F00) in font nullfont!
Missing character: There is no 始 ("59CB) in font nullfont!
Missing character: There is no ， ("FF0C) in font nullfont!
Missing character: There is no 该 ("8BE5) in font nullfont!
Missing character: There is no 等 ("7B49) in font nullfont!
Missing character: There is no 待 ("5F85) in font nullfont!
Missing character: There is no 时 ("65F6) in font nullfont!
Missing character: There is no 间 ("95F4) in font nullfont!
Missing character: There is no 同 ("540C) in font nullfont!
Missing character: There is no 样 ("6837) in font nullfont!
Missing character: There is no 计 ("8BA1) in font nullfont!
Missing character: There is no 入 ("5165) in font nullfont!
Missing character: There is no 悬 ("60AC) in font nullfont!
Missing character: There is no 停 ("505C) in font nullfont!
Missing character: There is no 与 ("4E0E) in font nullfont!
Missing character: There is no 通 ("901A) in font nullfont!
Missing character: There is no 信 ("4FE1) in font nullfont!
Missing character: There is no 能 ("80FD) in font nullfont!
Missing character: There is no 耗 ("8017) in font nullfont!
Missing character: There is no 。 ("3002) in font nullfont!

Overfull \hbox (11.24759pt too wide) in paragraph at lines 294--297
 $\OML/cmm/m/it/10 s[]$
 []

! Undefined control sequence.
l.298 \subsubsection
                    {中继能耗与返航安全约束}
The control sequence at the end of the top line
of your error message was never \def'ed. If you have
misspelled it (e.g., `\hobx'), type `I' and the correct
spelling (e.g., `I\hbox'). Otherwise just continue,
and I'll forget about whatever was undefined.


! LaTeX Error: Missing \begin{document}.

See the LaTeX manual or LaTeX Companion for explanation.
Type  H <return>  for immediate help.
 ...                                              
                                                  
l.298 \subsubsection{中
                      继能耗与返航安全约束}
You're in trouble here.  Try typing  <return>  to proceed.
If that doesn't work, type  X <return>  to quit.

Missing character: There is no 中 ("4E2D) in font nullfont!
Missing character: There is no 继 ("7EE7) in font nullfont!
Missing character: There is no 能 ("80FD) in font nullfont!
Missing character: There is no 耗 ("8017) in font nullfont!
Missing character: There is no 与 ("4E0E) in font nullfont!
Missing character: There is no 返 ("8FD4) in font nullfont!
Missing character: There is no 航 ("822A) in font nullfont!
Missing character: There is no 安 ("5B89) in font nullfont!
Missing character: There is no 全 ("5168) in font nullfont!
Missing character: There is no 约 ("7EA6) in font nullfont!
Missing character: There is no 束 ("675F) in font nullfont!

Overfull \hbox (20.0pt too wide) in paragraph at lines 298--299
[] 
 []


! LaTeX Error: Missing \begin{document}.

See the LaTeX manual or LaTeX Companion for explanation.
Type  H <return>  for immediate help.
 ...                                              
                                                  
l.300 设
       中继巡航功率、悬停功率和通信附加功率分别为
You're in trouble here.  Try typing  <return>  to proceed.
If that doesn't work, type  X <return>  to quit.

Missing character: There is no 设 ("8BBE) in font nullfont!
Missing character: There is no 中 ("4E2D) in font nullfont!
Missing character: There is no 继 ("7EE7) in font nullfont!
Missing character: There is no 巡 ("5DE1) in font nullfont!
Missing character: There is no 航 ("822A) in font nullfont!
Missing character: There is no 功 ("529F) in font nullfont!
Missing character: There is no 率 ("7387) in font nullfont!
Missing character: There is no 、 ("3001) in font nullfont!
Missing character: There is no 悬 ("60AC) in font nullfont!
Missing character: There is no 停 ("505C) in font nullfont!
Missing character: There is no 功 ("529F) in font nullfont!
Missing character: There is no 率 ("7387) in font nullfont!
Missing character: There is no 和 ("548C) in font nullfont!
Missing character: There is no 通 ("901A) in font nullfont!
Missing character: There is no 信 ("4FE1) in font nullfont!
Missing character: There is no 附 ("9644) in font nullfont!
Missing character: There is no 加 ("52A0) in font nullfont!
Missing character: There is no 功 ("529F) in font nullfont!
Missing character: There is no 率 ("7387) in font nullfont!
Missing character: There is no 分 ("5206) in font nullfont!
Missing character: There is no 别 ("522B) in font nullfont!
Missing character: There is no 为 ("4E3A) in font nullfont!
Missing character: There is no 、 ("3001) in font nullfont!
Missing character: There is no 与 ("4E0E) in font nullfont!
Missing character: There is no ， ("FF0C) in font nullfont!
Missing character: There is no 水 ("6C34) in font nullfont!
Missing character: There is no 平 ("5E73) in font nullfont!
Missing character: There is no 单 ("5355) in font nullfont!
Missing character: There is no 程 ("7A0B) in font nullfont!
Missing character: There is no 巡 ("5DE1) in font nullfont!
Missing character: There is no 航 ("822A) in font nullfont!
Missing character: There is no 时 ("65F6) in font nullfont!
Missing character: There is no 间 ("95F4) in font nullfont!
Missing character: There is no 为 ("4E3A) in font nullfont!
Missing character: There is no ， ("FF0C) in font nullfont!
Missing character: There is no 往 ("5F80) in font nullfont!
Missing character: There is no 返 ("8FD4) in font nullfont!
Missing character: There is no 累 ("7D2F) in font nullfont!
Missing character: There is no 计 ("8BA1) in font nullfont!
Missing character: There is no 爬 ("722C) in font nullfont!
Missing character: There is no 升 ("5347) in font nullfont!
Missing character: There is no 高 ("9AD8) in font nullfont!
Missing character: There is no 度 ("5EA6) in font nullfont!
Missing character: There is no 为 ("4E3A) in font nullfont!
Missing character: There is no ， ("FF0C) in font nullfont!
Missing character: There is no 计 ("8BA1) in font nullfont!
Missing character: There is no 划 ("5212) in font nullfont!
Missing character: There is no 起 ("8D77) in font nullfont!
Missing character: There is no 飞 ("98DE) in font nullfont!
Missing character: There is no 总 ("603B) in font nullfont!
Missing character: There is no 质 ("8D28) in font nullfont!
Missing character: There is no 量 ("91CF) in font nullfont!
Missing character: There is no 为 ("4E3A) in font nullfont!
Missing character: There is no ， ("FF0C) in font nullfont!
Missing character: There is no 爬 ("722C) in font nullfont!
Missing character: There is no 升 ("5347) in font nullfont!
Missing character: There is no 效 ("6548) in font nullfont!
Missing character: There is no 率 ("7387) in font nullfont!
Missing character: There is no 为 ("4E3A) in font nullfont!
Missing character: There is no 。 ("3002) in font nullfont!
Missing character: There is no 则 ("5219) in font nullfont!
Missing character: There is no 中 ("4E2D) in font nullfont!
Missing character: There is no 继 ("7EE7) in font nullfont!
Missing character: There is no 往 ("5F80) in font nullfont!
Missing character: There is no 返 ("8FD4) in font nullfont!
Missing character: There is no 飞 ("98DE) in font nullfont!
Missing character: There is no 行 ("884C) in font nullfont!
Missing character: There is no 能 ("80FD) in font nullfont!
Missing character: There is no 耗 ("8017) in font nullfont!
Missing character: There is no 为 ("4E3A) in font nullfont!

Overfull \hbox (20.0pt too wide) in paragraph at lines 300--306
[]
 []


Overfull \hbox (25.97101pt too wide) in paragraph at lines 300--306
\OML/cmm/m/it/10 P[]$$P[]$
 []


Overfull \hbox (22.42021pt too wide) in paragraph at lines 300--306
\OML/cmm/m/it/10 P[]$
 []


Overfull \hbox (8.02745pt too wide) in paragraph at lines 300--306
\OML/cmm/m/it/10 t[]$
 []


Overfull \hbox (12.4005pt too wide) in paragraph at lines 300--306
\OML/cmm/m/it/10 h[]$
 []


Overfull \hbox (16.26149pt too wide) in paragraph at lines 300--306
\OML/cmm/m/it/10 M[]$
 []


Overfull \hbox (11.52539pt too wide) in paragraph at lines 300--306
\OML/cmm/m/it/10 ^^Q[]$
 []


Overfull \hbox (134.97574pt too wide) detected at line 314
\OML/cmm/m/it/10 E[] \OT1/cmr/m/n/10 = 2\OML/cmm/m/it/10 P[][] \OT1/cmr/m/n/10 
+ []\OML/cmm/m/it/10 :[]
 []


! LaTeX Error: Missing \begin{document}.

See the LaTeX manual or LaTeX Companion for explanation.
Type  H <return>  for immediate help.
 ...                                              
                                                  
l.316 若
       服务持续时间为 $T_q^{\mathrm{serv}}$，
You're in trouble here.  Try typing  <return>  to proceed.
If that doesn't work, type  X <return>  to quit.

Missing character: There is no 若 ("82E5) in font nullfont!
Missing character: There is no 服 ("670D) in font nullfont!
Missing character: There is no 务 ("52A1) in font nullfont!
Missing character: There is no 持 ("6301) in font nullfont!
Missing character: There is no 续 ("7EED) in font nullfont!
Missing character: There is no 时 ("65F6) in font nullfont!
Missing character: There is no 间 ("95F4) in font nullfont!
Missing character: There is no 为 ("4E3A) in font nullfont!
Missing character: There is no ， ("FF0C) in font nullfont!
Missing character: There is no 则 ("5219) in font nullfont!
Missing character: There is no 建 ("5EFA) in font nullfont!
Missing character: There is no 链 ("94FE) in font nullfont!
Missing character: There is no 和 ("548C) in font nullfont!
Missing character: There is no 通 ("901A) in font nullfont!
Missing character: There is no 信 ("4FE1) in font nullfont!
Missing character: There is no 服 ("670D) in font nullfont!
Missing character: There is no 务 ("52A1) in font nullfont!
Missing character: There is no 阶 ("9636) in font nullfont!
Missing character: There is no 段 ("6BB5) in font nullfont!
Missing character: There is no 能 ("80FD) in font nullfont!
Missing character: There is no 耗 ("8017) in font nullfont!
Missing character: There is no 为 ("4E3A) in font nullfont!

Overfull \hbox (20.0pt too wide) in paragraph at lines 316--318
[]
 []


Overfull \hbox (21.89035pt too wide) in paragraph at lines 316--318
\OML/cmm/m/it/10 T[]$
 []


Overfull \hbox (149.30186pt too wide) detected at line 324
\OML/cmm/m/it/10 E[] \OT1/cmr/m/n/10 = [] []\OML/cmm/m/it/10 :[]
 []


! LaTeX Error: Missing \begin{document}.

See the LaTeX manual or LaTeX Companion for explanation.
Type  H <return>  for immediate help.
 ...                                              
                                                  
l.326 因
       此中继架次总能耗为
You're in trouble here.  Try typing  <return>  to proceed.
If that doesn't work, type  X <return>  to quit.

Missing character: There is no 因 ("56E0) in font nullfont!
Missing character: There is no 此 ("6B64) in font nullfont!
Missing character: There is no 中 ("4E2D) in font nullfont!
Missing character: There is no 继 ("7EE7) in font nullfont!
Missing character: There is no 架 ("67B6) in font nullfont!
Missing character: There is no 次 ("6B21) in font nullfont!
Missing character: There is no 总 ("603B) in font nullfont!
Missing character: There is no 能 ("80FD) in font nullfont!
Missing character: There is no 耗 ("8017) in font nullfont!
Missing character: There is no 为 ("4E3A) in font nullfont!

Overfull \hbox (20.0pt too wide) in paragraph at lines 326--327
[] 
 []


Overfull \hbox (76.65723pt too wide) detected at line 331
\OML/cmm/m/it/10 E[] \OT1/cmr/m/n/10 = \OML/cmm/m/it/10 E[] \OT1/cmr/m/n/10 + \
OML/cmm/m/it/10 E[]:[]
 []


! LaTeX Error: Missing \begin{document}.

See the LaTeX manual or LaTeX Companion for explanation.
Type  H <return>  for immediate help.
 ...                                              
                                                  
l.333 若
       中继能源组件可用能量为 $E_R^{\mathrm{bat}}$，
You're in trouble here.  Try typing  <return>  to proceed.
If that doesn't work, type  X <return>  to quit.

Missing character: There is no 若 ("82E5) in font nullfont!
Missing character: There is no 中 ("4E2D) in font nullfont!
Missing character: There is no 继 ("7EE7) in font nullfont!
Missing character: There is no 能 ("80FD) in font nullfont!
Missing character: There is no 源 ("6E90) in font nullfont!
Missing character: There is no 组 ("7EC4) in font nullfont!
Missing character: There is no 件 ("4EF6) in font nullfont!
Missing character: There is no 可 ("53EF) in font nullfont!
Missing character: There is no 用 ("7528) in font nullfont!
Missing character: There is no 能 ("80FD) in font nullfont!
Missing character: There is no 量 ("91CF) in font nullfont!
Missing character: There is no 为 ("4E3A) in font nullfont!
Missing character: There is no ， ("FF0C) in font nullfont!
Missing character: There is no 返 ("8FD4) in font nullfont!
Missing character: There is no 航 ("822A) in font nullfont!
Missing character: There is no 安 ("5B89) in font nullfont!
Missing character: There is no 全 ("5168) in font nullfont!
Missing character: There is no 余 ("4F59) in font nullfont!
Missing character: There is no 量 ("91CF) in font nullfont!
Missing character: There is no 比 ("6BD4) in font nullfont!
Missing character: There is no 例 ("4F8B) in font nullfont!
Missing character: There is no 为 ("4E3A) in font nullfont!
Missing character: There is no ， ("FF0C) in font nullfont!
Missing character: There is no 则 ("5219) in font nullfont!
Missing character: There is no 必 ("5FC5) in font nullfont!
Missing character: There is no 须 ("987B) in font nullfont!
Missing character: There is no 满 ("6EE1) in font nullfont!
Missing character: There is no 足 ("8DB3) in font nullfont!

Overfull \hbox (20.0pt too wide) in paragraph at lines 333--335
[]
 []


Overfull \hbox (19.98615pt too wide) in paragraph at lines 333--335
\OML/cmm/m/it/10 E[]$
 []


Overfull \hbox (11.73024pt too wide) in paragraph at lines 333--335
\OML/cmm/m/it/10 ^^Z[]$ 
 []


Overfull \hbox (82.90141pt too wide) detected at line 339
\OML/cmm/m/it/10 E[] \OMS/cmsy/m/n/10 ^^T \OT1/cmr/m/n/10 (1 \OMS/cmsy/m/n/10 ^
^@ \OML/cmm/m/it/10 ^^Z[]\OT1/cmr/m/n/10 )\OML/cmm/m/it/10 E[];[]
 []

Missing character: There is no 相 ("76F8) in font nullfont!
Missing character: There is no 应 ("5E94) in font nullfont!
Missing character: There is no 返 ("8FD4) in font nullfont!
Missing character: There is no 航 ("822A) in font nullfont!
Missing character: There is no S ("53) in font nullfont!
Missing character: There is no O ("4F) in font nullfont!
Missing character: There is no C ("43) in font nullfont!
Missing character: There is no 为 ("4E3A) in font nullfont!

Overfull \hbox (105.37486pt too wide) detected at line 346
\OML/cmm/m/it/10 SOC[] \OT1/cmr/m/n/10 = 1 \OMS/cmsy/m/n/10 ^^@ [] ^^U \OML/cmm
/m/it/10 ^^Z[]:[]
 []




! LaTeX Error: The font size command \normalsize is not defined:
               there is probably something wrong with the class file.

See the LaTeX manual or LaTeX Companion for explanation.
Type  H <return>  for immediate help.
 ...                                              
                                                  
l.346 \end{equation}
                    
Your command was ignored.
Type  I <command> <return>  to replace it with another command,
or  <return>  to continue without it.

[1
! Undefined control sequence.
<write> \newlabel{sec:q3}{{}{\thepage 
                                      }{}{}{}}
l.346 \end{equation}
                    
The control sequence at the end of the top line
of your error message was never \def'ed. If you have
misspelled it (e.g., `\hobx'), type `I' and the correct
spelling (e.g., `I\hbox'). Otherwise just continue,
and I'll forget about whatever was undefined.

\newlabel{sec:q3}{{}{}{}{}{}}
! Undefined control sequence.
<write> \newlabel{eq:q3-trajectory}{{1}{\thepage 
                                                 }{}{equation.1}{}}
l.346 \end{equation}
                    
The control sequence at the end of the top line
of your error message was never \def'ed. If you have
misspelled it (e.g., `\hobx'), type `I' and the correct
spelling (e.g., `I\hbox'). Otherwise just continue,
and I'll forget about whatever was undefined.

\newlabel{eq:q3-trajectory}{{1}{}{}{equation.1}{}}
! Undefined control sequence.
<write> \newlabel{eq:q3-sample-step}{{2}{\thepage 
                                                  }{}{equation.2}{}}
l.346 \end{equation}
                    
The control sequence at the end of the top line
of your error message was never \def'ed. If you have
misspelled it (e.g., `\hobx'), type `I' and the correct
spelling (e.g., `I\hbox'). Otherwise just continue,
and I'll forget about whatever was undefined.

\newlabel{eq:q3-sample-step}{{2}{}{}{equation.2}{}}
! Undefined control sequence.
<write> \newlabel{eq:q3-block}{{3}{\thepage 
                                            }{}{equation.3}{}}
l.346 \end{equation}
                    
The control sequence at the end of the top line
of your error message was never \def'ed. If you have
misspelled it (e.g., `\hobx'), type `I' and the correct
spelling (e.g., `I\hbox'). Otherwise just continue,
and I'll forget about whatever was undefined.

\newlabel{eq:q3-block}{{3}{}{}{equation.3}{}}
! Undefined control sequence.
<write> \newlabel{eq:q3-fspl}{{4}{\thepage 
                                           }{}{equation.4}{}}
l.346 \end{equation}
                    
The control sequence at the end of the top line
of your error message was never \def'ed. If you have
misspelled it (e.g., `\hobx'), type `I' and the correct
spelling (e.g., `I\hbox'). Otherwise just continue,
and I'll forget about whatever was undefined.

\newlabel{eq:q3-fspl}{{4}{}{}{equation.4}{}}
! Undefined control sequence.
<write> \newlabel{eq:q3-total-loss}{{5}{\thepage 
                                                 }{}{equation.5}{}}
l.346 \end{equation}
                    
The control sequence at the end of the top line
of your error message was never \def'ed. If you have
misspelled it (e.g., `\hobx'), type `I' and the correct
spelling (e.g., `I\hbox'). Otherwise just continue,
and I'll forget about whatever was undefined.

\newlabel{eq:q3-total-loss}{{5}{}{}{equation.5}{}}
! Undefined control sequence.
<write> ...{eq:q3-receive-threshold}{{6}{\thepage 
                                                  }{}{equation.6}{}}
l.346 \end{equation}
                    
The control sequence at the end of the top line
of your error message was never \def'ed. If you have
misspelled it (e.g., `\hobx'), type `I' and the correct
spelling (e.g., `I\hbox'). Otherwise just continue,
and I'll forget about whatever was undefined.

\newlabel{eq:q3-receive-threshold}{{6}{}{}{equation.6}{}}
! Undefined control sequence.
<write> ...abel{eq:q3-oneway-budget}{{7}{\thepage 
                                                  }{}{equation.7}{}}
l.346 \end{equation}
                    
The control sequence at the end of the top line
of your error message was never \def'ed. If you have
misspelled it (e.g., `\hobx'), type `I' and the correct
spelling (e.g., `I\hbox'). Otherwise just continue,
and I'll forget about whatever was undefined.

\newlabel{eq:q3-oneway-budget}{{7}{}{}{equation.7}{}}
! Undefined control sequence.
<write> ...:q3-bidirectional-budget}{{8}{\thepage 
                                                  }{}{equation.8}{}}
l.346 \end{equation}
                    
The control sequence at the end of the top line
of your error message was never \def'ed. If you have
misspelled it (e.g., `\hobx'), type `I' and the correct
spelling (e.g., `I\hbox'). Otherwise just continue,
and I'll forget about whatever was undefined.

\newlabel{eq:q3-bidirectional-budget}{{8}{}{}{equation.8}{}}
! Undefined control sequence.
<write> ...bel{eq:q3-link-available}{{9}{\thepage 
                                                  }{}{equation.9}{}}
l.346 \end{equation}
                    
The control sequence at the end of the top line
of your error message was never \def'ed. If you have
misspelled it (e.g., `\hobx'), type `I' and the correct
spelling (e.g., `I\hbox'). Otherwise just continue,
and I'll forget about whatever was undefined.

\newlabel{eq:q3-link-available}{{9}{}{}{equation.9}{}}
! Undefined control sequence.
<write> ...:q3-communication-state}{{10}{\thepage 
                                                  }{}{equation.10}{}}
l.346 \end{equation}
                    
The control sequence at the end of the top line
of your error message was never \def'ed. If you have
misspelled it (e.g., `\hobx'), type `I' and the correct
spelling (e.g., `I\hbox'). Otherwise just continue,
and I'll forget about whatever was undefined.

\newlabel{eq:q3-communication-state}{{10}{}{}{equation.10}{}}
! Undefined control sequence.
<write> ...3-continuous-constraint}{{11}{\thepage 
                                                  }{}{equation.11}{}}
l.346 \end{equation}
                    
The control sequence at the end of the top line
of your error message was never \def'ed. If you have
misspelled it (e.g., `\hobx'), type `I' and the correct
spelling (e.g., `I\hbox'). Otherwise just continue,
and I'll forget about whatever was undefined.

\newlabel{eq:q3-continuous-constraint}{{11}{}{}{equation.11}{}}
! Undefined control sequence.
<write> \newlabel{eq:q3-one-relay}{{12}{\thepage 
                                                 }{}{equation.12}{}}
l.346 \end{equation}
                    
The control sequence at the end of the top line
of your error message was never \def'ed. If you have
misspelled it (e.g., `\hobx'), type `I' and the correct
spelling (e.g., `I\hbox'). Otherwise just continue,
and I'll forget about whatever was undefined.

\newlabel{eq:q3-one-relay}{{12}{}{}{equation.12}{}}
! Undefined control sequence.
<write> ...abel{eq:q3-relay-height}{{13}{\thepage 
                                                  }{}{equation.13}{}}
l.346 \end{equation}
                    
The control sequence at the end of the top line
of your error message was never \def'ed. If you have
misspelled it (e.g., `\hobx'), type `I' and the correct
spelling (e.g., `I\hbox'). Otherwise just continue,
and I'll forget about whatever was undefined.

\newlabel{eq:q3-relay-height}{{13}{}{}{equation.13}{}}
! Undefined control sequence.
<write> ...label{eq:q3-relay-ready}{{14}{\thepage 
                                                  }{}{equation.14}{}}
l.346 \end{equation}
                    
The control sequence at the end of the top line
of your error message was never \def'ed. If you have
misspelled it (e.g., `\hobx'), type `I' and the correct
spelling (e.g., `I\hbox'). Otherwise just continue,
and I'll forget about whatever was undefined.

\newlabel{eq:q3-relay-ready}{{14}{}{}{equation.14}{}}
! Undefined control sequence.
<write> ...:q3-relay-flight-energy}{{15}{\thepage 
                                                  }{}{equation.15}{}}
l.346 \end{equation}
                    
The control sequence at the end of the top line
of your error message was never \def'ed. If you have
misspelled it (e.g., `\hobx'), type `I' and the correct
spelling (e.g., `I\hbox'). Otherwise just continue,
and I'll forget about whatever was undefined.

\newlabel{eq:q3-relay-flight-energy}{{15}{}{}{equation.15}{}}
! Undefined control sequence.
<write> ...q:q3-relay-hover-energy}{{16}{\thepage 
                                                  }{}{equation.16}{}}
l.346 \end{equation}
                    
The control sequence at the end of the top line
of your error message was never \def'ed. If you have
misspelled it (e.g., `\hobx'), type `I' and the correct
spelling (e.g., `I\hbox'). Otherwise just continue,
and I'll forget about whatever was undefined.

\newlabel{eq:q3-relay-hover-energy}{{16}{}{}{equation.16}{}}
! Undefined control sequence.
<write> ...q:q3-relay-total-energy}{{17}{\thepage 
                                                  }{}{equation.17}{}}
l.346 \end{equation}
                    
The control sequence at the end of the top line
of your error message was never \def'ed. If you have
misspelled it (e.g., `\hobx'), type `I' and the correct
spelling (e.g., `I\hbox'). Otherwise just continue,
and I'll forget about whatever was undefined.

\newlabel{eq:q3-relay-total-energy}{{17}{}{}{equation.17}{}}
]

! LaTeX Error: Missing \begin{document}.

See the LaTeX manual or LaTeX Companion for explanation.
Type  H <return>  for immediate help.
 ...                                              
                                                  
l.348 中
       继能源组件的充电仍采用附件规定的两阶段等效充电模型。
You're in trouble here.  Try typing  <return>  to proceed.
If that doesn't work, type  X <return>  to quit.

Missing character: There is no 中 ("4E2D) in font nullfont!
Missing character: There is no 继 ("7EE7) in font nullfont!
Missing character: There is no 能 ("80FD) in font nullfont!
Missing character: There is no 源 ("6E90) in font nullfont!
Missing character: There is no 组 ("7EC4) in font nullfont!
Missing character: There is no 件 ("4EF6) in font nullfont!
Missing character: There is no 的 ("7684) in font nullfont!
Missing character: There is no 充 ("5145) in font nullfont!
Missing character: There is no 电 ("7535) in font nullfont!
Missing character: There is no 仍 ("4ECD) in font nullfont!
Missing character: There is no 采 ("91C7) in font nullfont!
Missing character: There is no 用 ("7528) in font nullfont!
Missing character: There is no 附 ("9644) in font nullfont!
Missing character: There is no 件 ("4EF6) in font nullfont!
Missing character: There is no 规 ("89C4) in font nullfont!
Missing character: There is no 定 ("5B9A) in font nullfont!
Missing character: There is no 的 ("7684) in font nullfont!
Missing character: There is no 两 ("4E24) in font nullfont!
Missing character: There is no 阶 ("9636) in font nullfont!
Missing character: There is no 段 ("6BB5) in font nullfont!
Missing character: There is no 等 ("7B49) in font nullfont!
Missing character: There is no 效 ("6548) in font nullfont!
Missing character: There is no 充 ("5145) in font nullfont!
Missing character: There is no 电 ("7535) in font nullfont!
Missing character: There is no 模 ("6A21) in font nullfont!
Missing character: There is no 型 ("578B) in font nullfont!
Missing character: There is no 。 ("3002) in font nullfont!
Missing character: There is no 同 ("540C) in font nullfont!
Missing character: There is no 一 ("4E00) in font nullfont!
Missing character: There is no 中 ("4E2D) in font nullfont!
Missing character: There is no 继 ("7EE7) in font nullfont!
Missing character: There is no 无 ("65E0) in font nullfont!
Missing character: There is no 人 ("4EBA) in font nullfont!
Missing character: There is no 机 ("673A) in font nullfont!
Missing character: There is no 的 ("7684) in font nullfont!
Missing character: There is no 两 ("4E24) in font nullfont!
Missing character: There is no 个 ("4E2A) in font nullfont!
Missing character: There is no 任 ("4EFB) in font nullfont!
Missing character: There is no 务 ("52A1) in font nullfont!
Missing character: There is no 区 ("533A) in font nullfont!
Missing character: There is no 间 ("95F4) in font nullfont!
Missing character: There is no 不 ("4E0D) in font nullfont!
Missing character: There is no 得 ("5F97) in font nullfont!
Missing character: There is no 重 ("91CD) in font nullfont!
Missing character: There is no 叠 ("53E0) in font nullfont!
Missing character: There is no ， ("FF0C) in font nullfont!
Missing character: There is no 同 ("540C) in font nullfont!
Missing character: There is no 一 ("4E00) in font nullfont!
Missing character: There is no 能 ("80FD) in font nullfont!
Missing character: There is no 源 ("6E90) in font nullfont!
Missing character: There is no 组 ("7EC4) in font nullfont!
Missing character: There is no 件 ("4EF6) in font nullfont!
Missing character: There is no 在 ("5728) in font nullfont!
Missing character: There is no “ ("201C) in font nullfont!
Missing character: There is no 执 ("6267) in font nullfont!
Missing character: There is no 行 ("884C) in font nullfont!
Missing character: There is no 任 ("4EFB) in font nullfont!
Missing character: There is no 务 ("52A1) in font nullfont!
Missing character: There is no - ("2D) in font nullfont!
Missing character: There is no - ("2D) in font nullfont!
Missing character: There is no 充 ("5145) in font nullfont!
Missing character: There is no 电 ("7535) in font nullfont!
Missing character: There is no - ("2D) in font nullfont!
Missing character: There is no - ("2D) in font nullfont!
Missing character: There is no 再 ("518D) in font nullfont!
Missing character: There is no 次 ("6B21) in font nullfont!
Missing character: There is no 执 ("6267) in font nullfont!
Missing character: There is no 行 ("884C) in font nullfont!
Missing character: There is no ” ("201D) in font nullfont!
Missing character: There is no 的 ("7684) in font nullfont!
Missing character: There is no 整 ("6574) in font nullfont!
Missing character: There is no 个 ("4E2A) in font nullfont!
Missing character: There is no 过 ("8FC7) in font nullfont!
Missing character: There is no 程 ("7A0B) in font nullfont!
Missing character: There is no 中 ("4E2D) in font nullfont!
Missing character: There is no 不 ("4E0D) in font nullfont!
Missing character: There is no 得 ("5F97) in font nullfont!
Missing character: There is no 发 ("53D1) in font nullfont!
Missing character: There is no 生 ("751F) in font nullfont!
Missing character: There is no 资 ("8D44) in font nullfont!
Missing character: There is no 源 ("6E90) in font nullfont!
Missing character: There is no 冲 ("51B2) in font nullfont!
Missing character: There is no 突 ("7A81) in font nullfont!
Missing character: There is no 。 ("3002) in font nullfont!

Overfull \hbox (20.0pt too wide) in paragraph at lines 348--351
[]
 []

! Undefined control sequence.
l.352 \subsection
                 {通信冲突反馈与联合调度解码}
The control sequence at the end of the top line
of your error message was never \def'ed. If you have
misspelled it (e.g., `\hobx'), type `I' and the correct
spelling (e.g., `I\hbox'). Otherwise just continue,
and I'll forget about whatever was undefined.


! LaTeX Error: Missing \begin{document}.

See the LaTeX manual or LaTeX Companion for explanation.
Type  H <return>  for immediate help.
 ...                                              
                                                  
l.352 \subsection{通
                   信冲突反馈与联合调度解码}
You're in trouble here.  Try typing  <return>  to proceed.
If that doesn't work, type  X <return>  to quit.

Missing character: There is no 通 ("901A) in font nullfont!
Missing character: There is no 信 ("4FE1) in font nullfont!
Missing character: There is no 冲 ("51B2) in font nullfont!
Missing character: There is no 突 ("7A81) in font nullfont!
Missing character: There is no 反 ("53CD) in font nullfont!
Missing character: There is no 馈 ("9988) in font nullfont!
Missing character: There is no 与 ("4E0E) in font nullfont!
Missing character: There is no 联 ("8054) in font nullfont!
Missing character: There is no 合 ("5408) in font nullfont!
Missing character: There is no 调 ("8C03) in font nullfont!
Missing character: There is no 度 ("5EA6) in font nullfont!
Missing character: There is no 解 ("89E3) in font nullfont!
Missing character: There is no 码 ("7801) in font nullfont!

Overfull \hbox (20.0pt too wide) in paragraph at lines 352--353
[] 
 []


! LaTeX Error: Missing \begin{document}.

See the LaTeX manual or LaTeX Companion for explanation.
Type  H <return>  for immediate help.
 ...                                              
                                                  
l.354 仅
       根据空间覆盖生成中继任务仍可能产生两类冲突：
You're in trouble here.  Try typing  <return>  to proceed.
If that doesn't work, type  X <return>  to quit.

Missing character: There is no 仅 ("4EC5) in font nullfont!
Missing character: There is no 根 ("6839) in font nullfont!
Missing character: There is no 据 ("636E) in font nullfont!
Missing character: There is no 空 ("7A7A) in font nullfont!
Missing character: There is no 间 ("95F4) in font nullfont!
Missing character: There is no 覆 ("8986) in font nullfont!
Missing character: There is no 盖 ("76D6) in font nullfont!
Missing character: There is no 生 ("751F) in font nullfont!
Missing character: There is no 成 ("6210) in font nullfont!
Missing character: There is no 中 ("4E2D) in font nullfont!
Missing character: There is no 继 ("7EE7) in font nullfont!
Missing character: There is no 任 ("4EFB) in font nullfont!
Missing character: There is no 务 ("52A1) in font nullfont!
Missing character: There is no 仍 ("4ECD) in font nullfont!
Missing character: There is no 可 ("53EF) in font nullfont!
Missing character: There is no 能 ("80FD) in font nullfont!
Missing character: There is no 产 ("4EA7) in font nullfont!
Missing character: There is no 生 ("751F) in font nullfont!
Missing character: There is no 两 ("4E24) in font nullfont!
Missing character: There is no 类 ("7C7B) in font nullfont!
Missing character: There is no 冲 ("51B2) in font nullfont!
Missing character: There is no 突 ("7A81) in font nullfont!
Missing character: There is no ： ("FF1A) in font nullfont!
Missing character: There is no 一 ("4E00) in font nullfont!
Missing character: There is no 是 ("662F) in font nullfont!
Missing character: There is no 同 ("540C) in font nullfont!
Missing character: There is no 一 ("4E00) in font nullfont!
Missing character: There is no 时 ("65F6) in font nullfont!
Missing character: There is no 刻 ("523B) in font nullfont!
Missing character: There is no 出 ("51FA) in font nullfont!
Missing character: There is no 现 ("73B0) in font nullfont!
Missing character: There is no 三 ("4E09) in font nullfont!
Missing character: There is no 个 ("4E2A) in font nullfont!
Missing character: There is no 及 ("53CA) in font nullfont!
Missing character: There is no 以 ("4EE5) in font nullfont!
Missing character: There is no 上 ("4E0A) in font nullfont!
Missing character: There is no 相 ("76F8) in font nullfont!
Missing character: There is no 互 ("4E92) in font nullfont!
Missing character: There is no 不 ("4E0D) in font nullfont!
Missing character: There is no 兼 ("517C) in font nullfont!
Missing character: There is no 容 ("5BB9) in font nullfont!
Missing character: There is no 的 ("7684) in font nullfont!
Missing character: There is no 通 ("901A) in font nullfont!
Missing character: There is no 信 ("4FE1) in font nullfont!
Missing character: There is no 空 ("7A7A) in font nullfont!
Missing character: There is no 间 ("95F4) in font nullfont!
Missing character: There is no 簇 ("7C07) in font nullfont!
Missing character: There is no ； ("FF1B) in font nullfont!
Missing character: There is no 二 ("4E8C) in font nullfont!
Missing character: There is no 是 ("662F) in font nullfont!
Missing character: There is no 虽 ("867D) in font nullfont!
Missing character: There is no 然 ("7136) in font nullfont!
Missing character: There is no 空 ("7A7A) in font nullfont!
Missing character: There is no 间 ("95F4) in font nullfont!
Missing character: There is no 上 ("4E0A) in font nullfont!
Missing character: There is no 只 ("53EA) in font nullfont!
Missing character: There is no 需 ("9700) in font nullfont!
Missing character: There is no 两 ("4E24) in font nullfont!
Missing character: There is no 架 ("67B6) in font nullfont!
Missing character: There is no 中 ("4E2D) in font nullfont!
Missing character: There is no 继 ("7EE7) in font nullfont!
Missing character: There is no ， ("FF0C) in font nullfont!
Missing character: There is no 但 ("4F46) in font nullfont!
Missing character: There is no 上 ("4E0A) in font nullfont!
Missing character: There is no 一 ("4E00) in font nullfont!
Missing character: There is no 中 ("4E2D) in font nullfont!
Missing character: There is no 继 ("7EE7) in font nullfont!
Missing character: There is no 架 ("67B6) in font nullfont!
Missing character: There is no 次 ("6B21) in font nullfont!
Missing character: There is no 尚 ("5C1A) in font nullfont!
Missing character: There is no 未 ("672A) in font nullfont!
Missing character: There is no 返 ("8FD4) in font nullfont!
Missing character: There is no 航 ("822A) in font nullfont!
Missing character: There is no 或 ("6216) in font nullfont!
Missing character: There is no 完 ("5B8C) in font nullfont!
Missing character: There is no 成 ("6210) in font nullfont!
Missing character: There is no 周 ("5468) in font nullfont!
Missing character: There is no 转 ("8F6C) in font nullfont!
Missing character: There is no ， ("FF0C) in font nullfont!
Missing character: There is no 使 ("4F7F) in font nullfont!
Missing character: There is no R ("52) in font nullfont!
Missing character: There is no 0 ("30) in font nullfont!
Missing character: There is no 1 ("31) in font nullfont!
Missing character: There is no 、 ("3001) in font nullfont!
Missing character: There is no R ("52) in font nullfont!
Missing character: There is no 0 ("30) in font nullfont!
Missing character: There is no 2 ("32) in font nullfont!
Missing character: There is no 在 ("5728) in font nullfont!
Missing character: There is no 新 ("65B0) in font nullfont!
Missing character: There is no 的 ("7684) in font nullfont!
Missing character: There is no 通 ("901A) in font nullfont!
Missing character: There is no 信 ("4FE1) in font nullfont!
Missing character: There is no 需 ("9700) in font nullfont!
Missing character: There is no 求 ("6C42) in font nullfont!
Missing character: There is no 开 ("5F00) in font nullfont!
Missing character: There is no 始 ("59CB) in font nullfont!
Missing character: There is no 前 ("524D) in font nullfont!
Missing character: There is no 均 ("5747) in font nullfont!
Missing character: There is no 不 ("4E0D) in font nullfont!
Missing character: There is no 可 ("53EF) in font nullfont!
Missing character: There is no 用 ("7528) in font nullfont!
Missing character: There is no 。 ("3002) in font nullfont!

Overfull \hbox (20.0pt too wide) in paragraph at lines 354--358
[]
 []


! LaTeX Error: Missing \begin{document}.

See the LaTeX manual or LaTeX Companion for explanation.
Type  H <return>  for immediate help.
 ...                                              
                                                  
l.359 为
       此，程序设置外层通信联合修复机制。
You're in trouble here.  Try typing  <return>  to proceed.
If that doesn't work, type  X <return>  to quit.

Missing character: There is no 为 ("4E3A) in font nullfont!
Missing character: There is no 此 ("6B64) in font nullfont!
Missing character: There is no ， ("FF0C) in font nullfont!
Missing character: There is no 程 ("7A0B) in font nullfont!
Missing character: There is no 序 ("5E8F) in font nullfont!
Missing character: There is no 设 ("8BBE) in font nullfont!
Missing character: There is no 置 ("7F6E) in font nullfont!
Missing character: There is no 外 ("5916) in font nullfont!
Missing character: There is no 层 ("5C42) in font nullfont!
Missing character: There is no 通 ("901A) in font nullfont!
Missing character: There is no 信 ("4FE1) in font nullfont!
Missing character: There is no 联 ("8054) in font nullfont!
Missing character: There is no 合 ("5408) in font nullfont!
Missing character: There is no 修 ("4FEE) in font nullfont!
Missing character: There is no 复 ("590D) in font nullfont!
Missing character: There is no 机 ("673A) in font nullfont!
Missing character: There is no 制 ("5236) in font nullfont!
Missing character: There is no 。 ("3002) in font nullfont!
Missing character: There is no 当 ("5F53) in font nullfont!
Missing character: There is no 出 ("51FA) in font nullfont!
Missing character: There is no 现 ("73B0) in font nullfont!
Missing character: There is no 通 ("901A) in font nullfont!
Missing character: There is no 信 ("4FE1) in font nullfont!
Missing character: There is no 覆 ("8986) in font nullfont!
Missing character: There is no 盖 ("76D6) in font nullfont!
Missing character: There is no 冲 ("51B2) in font nullfont!
Missing character: There is no 突 ("7A81) in font nullfont!
Missing character: There is no 时 ("65F6) in font nullfont!
Missing character: There is no ， ("FF0C) in font nullfont!
Missing character: There is no 从 ("4ECE) in font nullfont!
Missing character: There is no 当 ("5F53) in font nullfont!
Missing character: There is no 前 ("524D) in font nullfont!
Missing character: There is no 并 ("5E76) in font nullfont!
Missing character: There is no 发 ("53D1) in font nullfont!
Missing character: There is no 运 ("8FD0) in font nullfont!
Missing character: There is no 输 ("8F93) in font nullfont!
Missing character: There is no 架 ("67B6) in font nullfont!
Missing character: There is no 次 ("6B21) in font nullfont!
Missing character: There is no 中 ("4E2D) in font nullfont!
Missing character: There is no 优 ("4F18) in font nullfont!
Missing character: There is no 先 ("5148) in font nullfont!
Missing character: There is no 选 ("9009) in font nullfont!
Missing character: There is no 择 ("62E9) in font nullfont!
Missing character: There is no 时 ("65F6) in font nullfont!
Missing character: There is no 间 ("95F4) in font nullfont!
Missing character: There is no 裕 ("88D5) in font nullfont!
Missing character: There is no 量 ("91CF) in font nullfont!
Missing character: There is no 较 ("8F83) in font nullfont!
Missing character: There is no 大 ("5927) in font nullfont!
Missing character: There is no 的 ("7684) in font nullfont!
Missing character: There is no 架 ("67B6) in font nullfont!
Missing character: There is no 次 ("6B21) in font nullfont!
Missing character: There is no 进 ("8FDB) in font nullfont!
Missing character: There is no 行 ("884C) in font nullfont!
Missing character: There is no 错 ("9519) in font nullfont!
Missing character: There is no 峰 ("5CF0) in font nullfont!
Missing character: There is no ； ("FF1B) in font nullfont!
Missing character: There is no 当 ("5F53) in font nullfont!
Missing character: There is no 出 ("51FA) in font nullfont!
Missing character: There is no 现 ("73B0) in font nullfont!
Missing character: There is no 中 ("4E2D) in font nullfont!
Missing character: There is no 继 ("7EE7) in font nullfont!
Missing character: There is no 实 ("5B9E) in font nullfont!
Missing character: There is no 体 ("4F53) in font nullfont!
Missing character: There is no 机 ("673A) in font nullfont!
Missing character: There is no 或 ("6216) in font nullfont!
Missing character: There is no 能 ("80FD) in font nullfont!
Missing character: There is no 源 ("6E90) in font nullfont!
Missing character: There is no 组 ("7EC4) in font nullfont!
Missing character: There is no 件 ("4EF6) in font nullfont!
Missing character: There is no 冲 ("51B2) in font nullfont!
Missing character: There is no 突 ("7A81) in font nullfont!
Missing character: There is no 时 ("65F6) in font nullfont!
Missing character: There is no ， ("FF0C) in font nullfont!
Missing character: There is no 根 ("6839) in font nullfont!
Missing character: There is no 据 ("636E) in font nullfont!
Missing character: There is no 最 ("6700) in font nullfont!
Missing character: There is no 早 ("65E9) in font nullfont!
Missing character: There is no 可 ("53EF) in font nullfont!
Missing character: There is no 用 ("7528) in font nullfont!
Missing character: There is no 资 ("8D44) in font nullfont!
Missing character: There is no 源 ("6E90) in font nullfont!
Missing character: There is no 时 ("65F6) in font nullfont!
Missing character: There is no 刻 ("523B) in font nullfont!
Missing character: There is no 计 ("8BA1) in font nullfont!
Missing character: There is no 算 ("7B97) in font nullfont!
Missing character: There is no 所 ("6240) in font nullfont!
Missing character: There is no 需 ("9700) in font nullfont!
Missing character: There is no 延 ("5EF6) in font nullfont!
Missing character: There is no 迟 ("8FDF) in font nullfont!
Missing character: There is no 量 ("91CF) in font nullfont!
Missing character: There is no ， ("FF0C) in font nullfont!
Missing character: There is no 并 ("5E76) in font nullfont!
Missing character: There is no 反 ("53CD) in font nullfont!
Missing character: There is no 馈 ("9988) in font nullfont!
Missing character: There is no 至 ("81F3) in font nullfont!
Missing character: There is no 运 ("8FD0) in font nullfont!
Missing character: There is no 输 ("8F93) in font nullfont!
Missing character: There is no 架 ("67B6) in font nullfont!
Missing character: There is no 次 ("6B21) in font nullfont!
Missing character: There is no 最 ("6700) in font nullfont!
Missing character: There is no 早 ("65E9) in font nullfont!
Missing character: There is no 开 ("5F00) in font nullfont!
Missing character: There is no 始 ("59CB) in font nullfont!
Missing character: There is no 时 ("65F6) in font nullfont!
Missing character: There is no 间 ("95F4) in font nullfont!
Missing character: There is no 。 ("3002) in font nullfont!
Missing character: There is no 随 ("968F) in font nullfont!
Missing character: There is no 后 ("540E) in font nullfont!
Missing character: There is no 重 ("91CD) in font nullfont!
Missing character: There is no 新 ("65B0) in font nullfont!
Missing character: There is no 运 ("8FD0) in font nullfont!
Missing character: There is no 行 ("884C) in font nullfont!
Missing character: There is no 运 ("8FD0) in font nullfont!
Missing character: There is no 输 ("8F93) in font nullfont!
Missing character: There is no 资 ("8D44) in font nullfont!
Missing character: There is no 源 ("6E90) in font nullfont!
Missing character: There is no 解 ("89E3) in font nullfont!
Missing character: There is no 码 ("7801) in font nullfont!
Missing character: There is no 器 ("5668) in font nullfont!
Missing character: There is no ， ("FF0C) in font nullfont!
Missing character: There is no 重 ("91CD) in font nullfont!
Missing character: There is no 新 ("65B0) in font nullfont!
Missing character: There is no 生 ("751F) in font nullfont!
Missing character: There is no 成 ("6210) in font nullfont!
Missing character: There is no 运 ("8FD0) in font nullfont!
Missing character: There is no 输 ("8F93) in font nullfont!
Missing character: There is no 轨 ("8F68) in font nullfont!
Missing character: There is no 迹 ("8FF9) in font nullfont!
Missing character: There is no 并 ("5E76) in font nullfont!
Missing character: There is no 再 ("518D) in font nullfont!
Missing character: There is no 次 ("6B21) in font nullfont!
Missing character: There is no 规 ("89C4) in font nullfont!
Missing character: There is no 划 ("5212) in font nullfont!
Missing character: There is no 中 ("4E2D) in font nullfont!
Missing character: There is no 继 ("7EE7) in font nullfont!
Missing character: There is no 。 ("3002) in font nullfont!
Missing character: There is no 该 ("8BE5) in font nullfont!
Missing character: There is no 过 ("8FC7) in font nullfont!
Missing character: There is no 程 ("7A0B) in font nullfont!
Missing character: There is no 迭 ("8FED) in font nullfont!
Missing character: There is no 代 ("4EE3) in font nullfont!
Missing character: There is no 至 ("81F3) in font nullfont!
Missing character: There is no 同 ("540C) in font nullfont!
Missing character: There is no 时 ("65F6) in font nullfont!
Missing character: There is no 满 ("6EE1) in font nullfont!
Missing character: There is no 足 ("8DB3) in font nullfont!

Overfull \hbox (20.0pt too wide) in paragraph at lines 359--365
[]
 []

! Undefined control sequence.
l.366 \boxed
            {
The control sequence at the end of the top line
of your error message was never \def'ed. If you have
misspelled it (e.g., `\hobx'), type `I' and the correct
spelling (e.g., `I\hbox'). Otherwise just continue,
and I'll forget about whatever was undefined.

! Undefined control sequence.
l.367 \text
           {运输资源可行}
The control sequence at the end of the top line
of your error message was never \def'ed. If you have
misspelled it (e.g., `\hobx'), type `I' and the correct
spelling (e.g., `I\hbox'). Otherwise just continue,
and I'll forget about whatever was undefined.

! Undefined control sequence.
l.368 +\text
            {硬时限可行}
The control sequence at the end of the top line
of your error message was never \def'ed. If you have
misspelled it (e.g., `\hobx'), type `I' and the correct
spelling (e.g., `I\hbox'). Otherwise just continue,
and I'll forget about whatever was undefined.

! Undefined control sequence.
l.369 +\text
            {通信覆盖可行}
The control sequence at the end of the top line
of your error message was never \def'ed. If you have
misspelled it (e.g., `\hobx'), type `I' and the correct
spelling (e.g., `I\hbox'). Otherwise just continue,
and I'll forget about whatever was undefined.

! Undefined control sequence.
l.370 +\text
            {中继资源可行}
The control sequence at the end of the top line
of your error message was never \def'ed. If you have
misspelled it (e.g., `\hobx'), type `I' and the correct
spelling (e.g., `I\hbox'). Otherwise just continue,
and I'll forget about whatever was undefined.

Missing character: There is no 运 ("8FD0) in font cmr10!
Missing character: There is no 输 ("8F93) in font cmr10!
Missing character: There is no 资 ("8D44) in font cmr10!
Missing character: There is no 源 ("6E90) in font cmr10!
Missing character: There is no 可 ("53EF) in font cmr10!
Missing character: There is no 行 ("884C) in font cmr10!
Missing character: There is no 硬 ("786C) in font cmr10!
Missing character: There is no 时 ("65F6) in font cmr10!
Missing character: There is no 限 ("9650) in font cmr10!
Missing character: There is no 可 ("53EF) in font cmr10!
Missing character: There is no 行 ("884C) in font cmr10!
Missing character: There is no 通 ("901A) in font cmr10!
Missing character: There is no 信 ("4FE1) in font cmr10!
Missing character: There is no 覆 ("8986) in font cmr10!
Missing character: There is no 盖 ("76D6) in font cmr10!
Missing character: There is no 可 ("53EF) in font cmr10!
Missing character: There is no 行 ("884C) in font cmr10!
Missing character: There is no 中 ("4E2D) in font cmr10!
Missing character: There is no 继 ("7EE7) in font cmr10!
Missing character: There is no 资 ("8D44) in font cmr10!
Missing character: There is no 源 ("6E90) in font cmr10!
Missing character: There is no 可 ("53EF) in font cmr10!
Missing character: There is no 行 ("884C) in font cmr10!

Overfull \hbox (39.4442pt too wide) detected at line 372
[]\OML/cmm/m/it/10 :
 []


! LaTeX Error: Missing \begin{document}.

See the LaTeX manual or LaTeX Companion for explanation.
Type  H <return>  for immediate help.
 ...                                              
                                                  
l.374 上
       述反馈机制可以快速获得一份完整可行的运输--中继联合基线，
You're in trouble here.  Try typing  <return>  to proceed.
If that doesn't work, type  X <return>  to quit.

Missing character: There is no 上 ("4E0A) in font nullfont!
Missing character: There is no 述 ("8FF0) in font nullfont!
Missing character: There is no 反 ("53CD) in font nullfont!
Missing character: There is no 馈 ("9988) in font nullfont!
Missing character: There is no 机 ("673A) in font nullfont!
Missing character: There is no 制 ("5236) in font nullfont!
Missing character: There is no 可 ("53EF) in font nullfont!
Missing character: There is no 以 ("4EE5) in font nullfont!
Missing character: There is no 快 ("5FEB) in font nullfont!
Missing character: There is no 速 ("901F) in font nullfont!
Missing character: There is no 获 ("83B7) in font nullfont!
Missing character: There is no 得 ("5F97) in font nullfont!
Missing character: There is no 一 ("4E00) in font nullfont!
Missing character: There is no 份 ("4EFD) in font nullfont!
Missing character: There is no 完 ("5B8C) in font nullfont!
Missing character: There is no 整 ("6574) in font nullfont!
Missing character: There is no 可 ("53EF) in font nullfont!
Missing character: There is no 行 ("884C) in font nullfont!
Missing character: There is no 的 ("7684) in font nullfont!
Missing character: There is no 运 ("8FD0) in font nullfont!
Missing character: There is no 输 ("8F93) in font nullfont!
Missing character: There is no - ("2D) in font nullfont!
Missing character: There is no - ("2D) in font nullfont!
Missing character: There is no 中 ("4E2D) in font nullfont!
Missing character: There is no 继 ("7EE7) in font nullfont!
Missing character: There is no 联 ("8054) in font nullfont!
Missing character: There is no 合 ("5408) in font nullfont!
Missing character: There is no 基 ("57FA) in font nullfont!
Missing character: There is no 线 ("7EBF) in font nullfont!
Missing character: There is no ， ("FF0C) in font nullfont!
Missing character: There is no 但 ("4F46) in font nullfont!
Missing character: There is no 由 ("7531) in font nullfont!
Missing character: There is no 于 ("4E8E) in font nullfont!
Missing character: There is no 其 ("5176) in font nullfont!
Missing character: There is no 主 ("4E3B) in font nullfont!
Missing character: There is no 要 ("8981) in font nullfont!
Missing character: There is no 通 ("901A) in font nullfont!
Missing character: There is no 过 ("8FC7) in font nullfont!
Missing character: There is no 保 ("4FDD) in font nullfont!
Missing character: There is no 守 ("5B88) in font nullfont!
Missing character: There is no 错 ("9519) in font nullfont!
Missing character: There is no 峰 ("5CF0) in font nullfont!
Missing character: There is no 消 ("6D88) in font nullfont!
Missing character: There is no 除 ("9664) in font nullfont!
Missing character: There is no 冲 ("51B2) in font nullfont!
Missing character: There is no 突 ("7A81) in font nullfont!
Missing character: There is no ， ("FF0C) in font nullfont!
Missing character: There is no 可 ("53EF) in font nullfont!
Missing character: There is no 能 ("80FD) in font nullfont!
Missing character: There is no 导 ("5BFC) in font nullfont!
Missing character: There is no 致 ("81F4) in font nullfont!
Missing character: There is no 普 ("666E) in font nullfont!
Missing character: There is no 通 ("901A) in font nullfont!
Missing character: There is no 物 ("7269) in font nullfont!
Missing character: There is no 资 ("8D44) in font nullfont!
Missing character: There is no 明 ("660E) in font nullfont!
Missing character: There is no 显 ("663E) in font nullfont!
Missing character: There is no 延 ("5EF6) in font nullfont!
Missing character: There is no 迟 ("8FDF) in font nullfont!
Missing character: There is no 。 ("3002) in font nullfont!
Missing character: There is no 因 ("56E0) in font nullfont!
Missing character: There is no 此 ("6B64) in font nullfont!
Missing character: There is no ， ("FF0C) in font nullfont!
Missing character: There is no 在 ("5728) in font nullfont!
Missing character: There is no 可 ("53EF) in font nullfont!
Missing character: There is no 行 ("884C) in font nullfont!
Missing character: There is no 基 ("57FA) in font nullfont!
Missing character: There is no 线 ("7EBF) in font nullfont!
Missing character: There is no 之 ("4E4B) in font nullfont!
Missing character: There is no 上 ("4E0A) in font nullfont!
Missing character: There is no 进 ("8FDB) in font nullfont!
Missing character: There is no 一 ("4E00) in font nullfont!
Missing character: There is no 步 ("6B65) in font nullfont!
Missing character: There is no 执 ("6267) in font nullfont!
Missing character: There is no 行 ("884C) in font nullfont!
Missing character: There is no 通 ("901A) in font nullfont!
Missing character: There is no 信 ("4FE1) in font nullfont!
Missing character: There is no 感 ("611F) in font nullfont!
Missing character: There is no 知 ("77E5) in font nullfont!
Missing character: There is no J ("4A) in font nullfont!
Missing character: There is no o ("6F) in font nullfont!
Missing character: There is no i ("69) in font nullfont!
Missing character: There is no n ("6E) in font nullfont!
Missing character: There is no t ("74) in font nullfont!
Missing character: There is no - ("2D) in font nullfont!
Missing character: There is no A ("41) in font nullfont!
Missing character: There is no L ("4C) in font nullfont!
Missing character: There is no N ("4E) in font nullfont!
Missing character: There is no S ("53) in font nullfont!
Missing character: There is no 。 ("3002) in font nullfont!

Overfull \hbox (20.0pt too wide) in paragraph at lines 374--378
[]
 []

! Undefined control sequence.
l.379 \subsection
                 {多目标联合优化模型}
The control sequence at the end of the top line
of your error message was never \def'ed. If you have
misspelled it (e.g., `\hobx'), type `I' and the correct
spelling (e.g., `I\hbox'). Otherwise just continue,
and I'll forget about whatever was undefined.


! LaTeX Error: Missing \begin{document}.

See the LaTeX manual or LaTeX Companion for explanation.
Type  H <return>  for immediate help.
 ...                                              
                                                  
l.379 \subsection{多
                   目标联合优化模型}
You're in trouble here.  Try typing  <return>  to proceed.
If that doesn't work, type  X <return>  to quit.

Missing character: There is no 多 ("591A) in font nullfont!
Missing character: There is no 目 ("76EE) in font nullfont!
Missing character: There is no 标 ("6807) in font nullfont!
Missing character: There is no 联 ("8054) in font nullfont!
Missing character: There is no 合 ("5408) in font nullfont!
Missing character: There is no 优 ("4F18) in font nullfont!
Missing character: There is no 化 ("5316) in font nullfont!
Missing character: There is no 模 ("6A21) in font nullfont!
Missing character: There is no 型 ("578B) in font nullfont!

Overfull \hbox (20.0pt too wide) in paragraph at lines 379--380
[] 
 []


! LaTeX Error: Missing \begin{document}.

See the LaTeX manual or LaTeX Companion for explanation.
Type  H <return>  for immediate help.
 ...                                              
                                                  
l.381 设
       货箱 $b$ 的应急优先系数为 $p_b$，
You're in trouble here.  Try typing  <return>  to proceed.
If that doesn't work, type  X <return>  to quit.

Missing character: There is no 设 ("8BBE) in font nullfont!
Missing character: There is no 货 ("8D27) in font nullfont!
Missing character: There is no 箱 ("7BB1) in font nullfont!
Missing character: There is no 的 ("7684) in font nullfont!
Missing character: There is no 应 ("5E94) in font nullfont!
Missing character: There is no 急 ("6025) in font nullfont!
Missing character: There is no 优 ("4F18) in font nullfont!
Missing character: There is no 先 ("5148) in font nullfont!
Missing character: There is no 系 ("7CFB) in font nullfont!
Missing character: There is no 数 ("6570) in font nullfont!
Missing character: There is no 为 ("4E3A) in font nullfont!
Missing character: There is no ， ("FF0C) in font nullfont!
Missing character: There is no 实 ("5B9E) in font nullfont!
Missing character: There is no 际 ("9645) in font nullfont!
Missing character: There is no 交 ("4EA4) in font nullfont!
Missing character: There is no 付 ("4ED8) in font nullfont!
Missing character: There is no 完 ("5B8C) in font nullfont!
Missing character: There is no 成 ("6210) in font nullfont!
Missing character: There is no 时 ("65F6) in font nullfont!
Missing character: There is no 刻 ("523B) in font nullfont!
Missing character: There is no 为 ("4E3A) in font nullfont!
Missing character: There is no ， ("FF0C) in font nullfont!
Missing character: There is no 期 ("671F) in font nullfont!
Missing character: There is no 望 ("671B) in font nullfont!
Missing character: There is no 送 ("9001) in font nullfont!
Missing character: There is no 达 ("8FBE) in font nullfont!
Missing character: There is no 时 ("65F6) in font nullfont!
Missing character: There is no 刻 ("523B) in font nullfont!
Missing character: There is no 为 ("4E3A) in font nullfont!
Missing character: There is no 。 ("3002) in font nullfont!
Missing character: There is no 沿 ("6CBF) in font nullfont!
Missing character: There is no 用 ("7528) in font nullfont!
Missing character: There is no 问 ("95EE) in font nullfont!
Missing character: There is no 题 ("9898) in font nullfont!
Missing character: There is no 二 ("4E8C) in font nullfont!
Missing character: There is no 的 ("7684) in font nullfont!
Missing character: There is no 加 ("52A0) in font nullfont!
Missing character: There is no 权 ("6743) in font nullfont!
Missing character: There is no 迟 ("8FDF) in font nullfont!
Missing character: There is no 到 ("5230) in font nullfont!
Missing character: There is no 指 ("6307) in font nullfont!
Missing character: There is no 标 ("6807) in font nullfont!

Overfull \hbox (20.0pt too wide) in paragraph at lines 381--385
[]
 []


Overfull \hbox (4.29166pt too wide) in paragraph at lines 381--385
\OML/cmm/m/it/10 b$
 []


Overfull \hbox (9.04791pt too wide) in paragraph at lines 381--385
\OML/cmm/m/it/10 p[]$
 []


Overfull \hbox (17.96881pt too wide) in paragraph at lines 381--385
\OML/cmm/m/it/10 T[]$
 []


Overfull \hbox (15.31252pt too wide) in paragraph at lines 381--385
\OML/cmm/m/it/10 D[]$
 []


Overfull \hbox (138.76039pt too wide) detected at line 392
\OML/cmm/m/it/10 J[] \OT1/cmr/m/n/10 = [] \OML/cmm/m/it/10 p[][]:[]
 []


! LaTeX Error: Missing \begin{document}.

See the LaTeX manual or LaTeX Companion for explanation.
Type  H <return>  for immediate help.
 ...                                              
                                                  
l.394 问
       题三的联合任务完成时间必须同时考虑运输无人机和中继无人机：
You're in trouble here.  Try typing  <return>  to proceed.
If that doesn't work, type  X <return>  to quit.

Missing character: There is no 问 ("95EE) in font nullfont!
Missing character: There is no 题 ("9898) in font nullfont!
Missing character: There is no 三 ("4E09) in font nullfont!
Missing character: There is no 的 ("7684) in font nullfont!
Missing character: There is no 联 ("8054) in font nullfont!
Missing character: There is no 合 ("5408) in font nullfont!
Missing character: There is no 任 ("4EFB) in font nullfont!
Missing character: There is no 务 ("52A1) in font nullfont!
Missing character: There is no 完 ("5B8C) in font nullfont!
Missing character: There is no 成 ("6210) in font nullfont!
Missing character: There is no 时 ("65F6) in font nullfont!
Missing character: There is no 间 ("95F4) in font nullfont!
Missing character: There is no 必 ("5FC5) in font nullfont!
Missing character: There is no 须 ("987B) in font nullfont!
Missing character: There is no 同 ("540C) in font nullfont!
Missing character: There is no 时 ("65F6) in font nullfont!
Missing character: There is no 考 ("8003) in font nullfont!
Missing character: There is no 虑 ("8651) in font nullfont!
Missing character: There is no 运 ("8FD0) in font nullfont!
Missing character: There is no 输 ("8F93) in font nullfont!
Missing character: There is no 无 ("65E0) in font nullfont!
Missing character: There is no 人 ("4EBA) in font nullfont!
Missing character: There is no 机 ("673A) in font nullfont!
Missing character: There is no 和 ("548C) in font nullfont!
Missing character: There is no 中 ("4E2D) in font nullfont!
Missing character: There is no 继 ("7EE7) in font nullfont!
Missing character: There is no 无 ("65E0) in font nullfont!
Missing character: There is no 人 ("4EBA) in font nullfont!
Missing character: There is no 机 ("673A) in font nullfont!
Missing character: There is no ： ("FF1A) in font nullfont!

Overfull \hbox (20.0pt too wide) in paragraph at lines 394--395
[] 
 []


Overfull \hbox (155.28052pt too wide) detected at line 403
\OML/cmm/m/it/10 C[] \OT1/cmr/m/n/10 = [] [] \OML/cmm/m/it/10 :[]
 []


! LaTeX Error: Missing \begin{document}.

See the LaTeX manual or LaTeX Companion for explanation.
Type  H <return>  for immediate help.
 ...                                              
                                                  
l.405 运
       输与中继总能耗为
You're in trouble here.  Try typing  <return>  to proceed.
If that doesn't work, type  X <return>  to quit.

Missing character: There is no 运 ("8FD0) in font nullfont!
Missing character: There is no 输 ("8F93) in font nullfont!
Missing character: There is no 与 ("4E0E) in font nullfont!
Missing character: There is no 中 ("4E2D) in font nullfont!
Missing character: There is no 继 ("7EE7) in font nullfont!
Missing character: There is no 总 ("603B) in font nullfont!
Missing character: There is no 能 ("80FD) in font nullfont!
Missing character: There is no 耗 ("8017) in font nullfont!
Missing character: There is no 为 ("4E3A) in font nullfont!

Overfull \hbox (20.0pt too wide) in paragraph at lines 405--406
[] 
 []


Overfull \hbox (117.66103pt too wide) detected at line 411
\OML/cmm/m/it/10 E[] \OT1/cmr/m/n/10 = [] \OML/cmm/m/it/10 E[] \OT1/cmr/m/n/10 
+ [] \OML/cmm/m/it/10 E[];[]
 []

Missing character: There is no 总 ("603B) in font nullfont!
Missing character: There is no 架 ("67B6) in font nullfont!
Missing character: There is no 次 ("6B21) in font nullfont!
Missing character: There is no 数 ("6570) in font nullfont!
Missing character: There is no 为 ("4E3A) in font nullfont!

Overfull \hbox (83.58064pt too wide) detected at line 417
\OML/cmm/m/it/10 N[] \OT1/cmr/m/n/10 = \OMS/cmsy/m/n/10 jR[]j \OT1/cmr/m/n/10 +
 \OMS/cmsy/m/n/10 jR[]j\OML/cmm/m/it/10 :[]
 []


! LaTeX Error: Missing \begin{document}.

See the LaTeX manual or LaTeX Companion for explanation.
Type  H <return>  for immediate help.
 ...                                              
                                                  
l.419 以
       通信联合修复得到的完整可行基线为归一化基准，
You're in trouble here.  Try typing  <return>  to proceed.
If that doesn't work, type  X <return>  to quit.

Missing character: There is no 以 ("4EE5) in font nullfont!
Missing character: There is no 通 ("901A) in font nullfont!
Missing character: There is no 信 ("4FE1) in font nullfont!
Missing character: There is no 联 ("8054) in font nullfont!
Missing character: There is no 合 ("5408) in font nullfont!
Missing character: There is no 修 ("4FEE) in font nullfont!
Missing character: There is no 复 ("590D) in font nullfont!
Missing character: There is no 得 ("5F97) in font nullfont!
Missing character: There is no 到 ("5230) in font nullfont!
Missing character: There is no 的 ("7684) in font nullfont!
Missing character: There is no 完 ("5B8C) in font nullfont!
Missing character: There is no 整 ("6574) in font nullfont!
Missing character: There is no 可 ("53EF) in font nullfont!
Missing character: There is no 行 ("884C) in font nullfont!
Missing character: There is no 基 ("57FA) in font nullfont!
Missing character: There is no 线 ("7EBF) in font nullfont!
Missing character: There is no 为 ("4E3A) in font nullfont!
Missing character: There is no 归 ("5F52) in font nullfont!
Missing character: There is no 一 ("4E00) in font nullfont!
Missing character: There is no 化 ("5316) in font nullfont!
Missing character: There is no 基 ("57FA) in font nullfont!
Missing character: There is no 准 ("51C6) in font nullfont!
Missing character: There is no ， ("FF0C) in font nullfont!
Missing character: There is no 记 ("8BB0) in font nullfont!
Missing character: There is no 四 ("56DB) in font nullfont!
Missing character: There is no 项 ("9879) in font nullfont!
Missing character: There is no 指 ("6307) in font nullfont!
Missing character: There is no 标 ("6807) in font nullfont!
Missing character: There is no 基 ("57FA) in font nullfont!
Missing character: There is no 准 ("51C6) in font nullfont!
Missing character: There is no 值 ("503C) in font nullfont!
Missing character: There is no 为 ("4E3A) in font nullfont!
Missing character: There is no 、 ("3001) in font nullfont!
Missing character: There is no 、 ("3001) in font nullfont!
Missing character: There is no 和 ("548C) in font nullfont!
Missing character: There is no ， ("FF0C) in font nullfont!
Missing character: There is no 构 ("6784) in font nullfont!
Missing character: There is no 造 ("9020) in font nullfont!
Missing character: There is no 联 ("8054) in font nullfont!
Missing character: There is no 合 ("5408) in font nullfont!
Missing character: There is no 目 ("76EE) in font nullfont!
Missing character: There is no 标 ("6807) in font nullfont!
Missing character: There is no 函 ("51FD) in font nullfont!
Missing character: There is no 数 ("6570) in font nullfont!

Overfull \hbox (20.0pt too wide) in paragraph at lines 419--423
[]
 []


Overfull \hbox (38.52151pt too wide) in paragraph at lines 419--423
\OML/cmm/m/it/10 J[]$$C[]$$E[]$
 []


Overfull \hbox (14.70969pt too wide) in paragraph at lines 419--423
\OML/cmm/m/it/10 N[]$
 []


Overfull \hbox (202.99548pt too wide) detected at line 430
\OML/cmm/m/it/10 F[] \OT1/cmr/m/n/10 = 0\OML/cmm/m/it/10 :\OT1/cmr/m/n/10 45[] 
+ 0\OML/cmm/m/it/10 :\OT1/cmr/m/n/10 25[] + 0\OML/cmm/m/it/10 :\OT1/cmr/m/n/10 
20[] + 0\OML/cmm/m/it/10 :\OT1/cmr/m/n/10 10[]\OML/cmm/m/it/10 :[]
 []


! LaTeX Error: Missing \begin{document}.

See the LaTeX manual or LaTeX Companion for explanation.
Type  H <return>  for immediate help.
 ...                                              
                                                  
l.432 其
       中配送及时性仍赋予最高权重，
You're in trouble here.  Try typing  <return>  to proceed.
If that doesn't work, type  X <return>  to quit.

Missing character: There is no 其 ("5176) in font nullfont!
Missing character: There is no 中 ("4E2D) in font nullfont!
Missing character: There is no 配 ("914D) in font nullfont!
Missing character: There is no 送 ("9001) in font nullfont!
Missing character: There is no 及 ("53CA) in font nullfont!
Missing character: There is no 时 ("65F6) in font nullfont!
Missing character: There is no 性 ("6027) in font nullfont!
Missing character: There is no 仍 ("4ECD) in font nullfont!
Missing character: There is no 赋 ("8D4B) in font nullfont!
Missing character: There is no 予 ("4E88) in font nullfont!
Missing character: There is no 最 ("6700) in font nullfont!
Missing character: There is no 高 ("9AD8) in font nullfont!
Missing character: There is no 权 ("6743) in font nullfont!
Missing character: There is no 重 ("91CD) in font nullfont!
Missing character: There is no ， ("FF0C) in font nullfont!
Missing character: There is no 联 ("8054) in font nullfont!
Missing character: There is no 合 ("5408) in font nullfont!
Missing character: There is no 完 ("5B8C) in font nullfont!
Missing character: There is no 工 ("5DE5) in font nullfont!
Missing character: There is no 时 ("65F6) in font nullfont!
Missing character: There is no 间 ("95F4) in font nullfont!
Missing character: There is no 次 ("6B21) in font nullfont!
Missing character: There is no 之 ("4E4B) in font nullfont!
Missing character: There is no ， ("FF0C) in font nullfont!
Missing character: There is no 总 ("603B) in font nullfont!
Missing character: There is no 能 ("80FD) in font nullfont!
Missing character: There is no 耗 ("8017) in font nullfont!
Missing character: There is no 与 ("4E0E) in font nullfont!
Missing character: There is no 两 ("4E24) in font nullfont!
Missing character: There is no 类 ("7C7B) in font nullfont!
Missing character: There is no 无 ("65E0) in font nullfont!
Missing character: There is no 人 ("4EBA) in font nullfont!
Missing character: There is no 机 ("673A) in font nullfont!
Missing character: There is no 使 ("4F7F) in font nullfont!
Missing character: There is no 用 ("7528) in font nullfont!
Missing character: There is no 架 ("67B6) in font nullfont!
Missing character: There is no 次 ("6B21) in font nullfont!
Missing character: There is no 作 ("4F5C) in font nullfont!
Missing character: There is no 为 ("4E3A) in font nullfont!
Missing character: There is no 资 ("8D44) in font nullfont!
Missing character: There is no 源 ("6E90) in font nullfont!
Missing character: There is no 效 ("6548) in font nullfont!
Missing character: There is no 率 ("7387) in font nullfont!
Missing character: There is no 指 ("6307) in font nullfont!
Missing character: There is no 标 ("6807) in font nullfont!
Missing character: There is no 。 ("3002) in font nullfont!
Missing character: There is no 医 ("533B) in font nullfont!
Missing character: There is no 疗 ("7597) in font nullfont!
Missing character: There is no 物 ("7269) in font nullfont!
Missing character: There is no 资 ("8D44) in font nullfont!
Missing character: There is no 及 ("53CA) in font nullfont!
Missing character: There is no 首 ("9996) in font nullfont!
Missing character: There is no 批 ("6279) in font nullfont!
Missing character: There is no 保 ("4FDD) in font nullfont!
Missing character: There is no 障 ("969C) in font nullfont!
Missing character: There is no 货 ("8D27) in font nullfont!
Missing character: There is no 箱 ("7BB1) in font nullfont!
Missing character: There is no 硬 ("786C) in font nullfont!
Missing character: There is no 时 ("65F6) in font nullfont!
Missing character: There is no 限 ("9650) in font nullfont!
Missing character: There is no 、 ("3001) in font nullfont!
Missing character: There is no 运 ("8FD0) in font nullfont!
Missing character: There is no 输 ("8F93) in font nullfont!
Missing character: There is no 容 ("5BB9) in font nullfont!
Missing character: There is no 量 ("91CF) in font nullfont!
Missing character: There is no 、 ("3001) in font nullfont!
Missing character: There is no 运 ("8FD0) in font nullfont!
Missing character: There is no 输 ("8F93) in font nullfont!
Missing character: There is no 返 ("8FD4) in font nullfont!
Missing character: There is no 航 ("822A) in font nullfont!
Missing character: There is no 安 ("5B89) in font nullfont!
Missing character: There is no 全 ("5168) in font nullfont!
Missing character: There is no 余 ("4F59) in font nullfont!
Missing character: There is no 量 ("91CF) in font nullfont!
Missing character: There is no 、 ("3001) in font nullfont!
Missing character: There is no 连 ("8FDE) in font nullfont!
Missing character: There is no 续 ("7EED) in font nullfont!
Missing character: There is no 通 ("901A) in font nullfont!
Missing character: There is no 信 ("4FE1) in font nullfont!
Missing character: There is no 、 ("3001) in font nullfont!
Missing character: There is no 中 ("4E2D) in font nullfont!
Missing character: There is no 继 ("7EE7) in font nullfont!
Missing character: There is no 返 ("8FD4) in font nullfont!
Missing character: There is no 航 ("822A) in font nullfont!
Missing character: There is no 安 ("5B89) in font nullfont!
Missing character: There is no 全 ("5168) in font nullfont!
Missing character: There is no 余 ("4F59) in font nullfont!
Missing character: There is no 量 ("91CF) in font nullfont!
Missing character: There is no 及 ("53CA) in font nullfont!
Missing character: There is no 资 ("8D44) in font nullfont!
Missing character: There is no 源 ("6E90) in font nullfont!
Missing character: There is no 冲 ("51B2) in font nullfont!
Missing character: There is no 突 ("7A81) in font nullfont!
Missing character: There is no 均 ("5747) in font nullfont!
Missing character: There is no 作 ("4F5C) in font nullfont!
Missing character: There is no 为 ("4E3A) in font nullfont!
Missing character: There is no 硬 ("786C) in font nullfont!
Missing character: There is no 约 ("7EA6) in font nullfont!
Missing character: There is no 束 ("675F) in font nullfont!
Missing character: There is no ， ("FF0C) in font nullfont!
Missing character: There is no 不 ("4E0D) in font nullfont!
Missing character: There is no 参 ("53C2) in font nullfont!
Missing character: There is no 与 ("4E0E) in font nullfont!
Missing character: There is no 加 ("52A0) in font nullfont!
Missing character: There is no 权 ("6743) in font nullfont!
Missing character: There is no 折 ("6298) in font nullfont!
Missing character: There is no 中 ("4E2D) in font nullfont!
Missing character: There is no 。 ("3002) in font nullfont!

Overfull \hbox (20.0pt too wide) in paragraph at lines 432--436
[]
 []

! Undefined control sequence.
l.437 \subsection
                 {通信感知 Joint-ALNS 求解算法}
The control sequence at the end of the top line
of your error message was never \def'ed. If you have
misspelled it (e.g., `\hobx'), type `I' and the correct
spelling (e.g., `I\hbox'). Otherwise just continue,
and I'll forget about whatever was undefined.


! LaTeX Error: Missing \begin{document}.

See the LaTeX manual or LaTeX Companion for explanation.
Type  H <return>  for immediate help.
 ...                                              
                                                  
l.437 \subsection{通
                   信感知 Joint-ALNS 求解算法}
You're in trouble here.  Try typing  <return>  to proceed.
If that doesn't work, type  X <return>  to quit.

Missing character: There is no 通 ("901A) in font nullfont!
Missing character: There is no 信 ("4FE1) in font nullfont!
Missing character: There is no 感 ("611F) in font nullfont!
Missing character: There is no 知 ("77E5) in font nullfont!
Missing character: There is no J ("4A) in font nullfont!
Missing character: There is no o ("6F) in font nullfont!
Missing character: There is no i ("69) in font nullfont!
Missing character: There is no n ("6E) in font nullfont!
Missing character: There is no t ("74) in font nullfont!
Missing character: There is no - ("2D) in font nullfont!
Missing character: There is no A ("41) in font nullfont!
Missing character: There is no L ("4C) in font nullfont!
Missing character: There is no N ("4E) in font nullfont!
Missing character: There is no S ("53) in font nullfont!
Missing character: There is no 求 ("6C42) in font nullfont!
Missing character: There is no 解 ("89E3) in font nullfont!
Missing character: There is no 算 ("7B97) in font nullfont!
Missing character: There is no 法 ("6CD5) in font nullfont!

Overfull \hbox (20.0pt too wide) in paragraph at lines 437--438
[]
 []


! LaTeX Error: Missing \begin{document}.

See the LaTeX manual or LaTeX Companion for explanation.
Type  H <return>  for immediate help.
 ...                                              
                                                  
l.439 A
       LNS 通过多种 Destroy/Repair 算子在大邻域内重构路线，
You're in trouble here.  Try typing  <return>  to proceed.
If that doesn't work, type  X <return>  to quit.

Missing character: There is no A ("41) in font nullfont!
Missing character: There is no L ("4C) in font nullfont!
Missing character: There is no N ("4E) in font nullfont!
Missing character: There is no S ("53) in font nullfont!
Missing character: There is no 通 ("901A) in font nullfont!
Missing character: There is no 过 ("8FC7) in font nullfont!
Missing character: There is no 多 ("591A) in font nullfont!
Missing character: There is no 种 ("79CD) in font nullfont!
Missing character: There is no D ("44) in font nullfont!
Missing character: There is no e ("65) in font nullfont!
Missing character: There is no s ("73) in font nullfont!
Missing character: There is no t ("74) in font nullfont!
Missing character: There is no r ("72) in font nullfont!
Missing character: There is no o ("6F) in font nullfont!
Missing character: There is no y ("79) in font nullfont!
Missing character: There is no / ("2F) in font nullfont!
Missing character: There is no R ("52) in font nullfont!
Missing character: There is no e ("65) in font nullfont!
Missing character: There is no p ("70) in font nullfont!
Missing character: There is no a ("61) in font nullfont!
Missing character: There is no i ("69) in font nullfont!
Missing character: There is no r ("72) in font nullfont!
Missing character: There is no 算 ("7B97) in font nullfont!
Missing character: There is no 子 ("5B50) in font nullfont!
Missing character: There is no 在 ("5728) in font nullfont!
Missing character: There is no 大 ("5927) in font nullfont!
Missing character: There is no 邻 ("90BB) in font nullfont!
Missing character: There is no 域 ("57DF) in font nullfont!
Missing character: There is no 内 ("5185) in font nullfont!
Missing character: There is no 重 ("91CD) in font nullfont!
Missing character: There is no 构 ("6784) in font nullfont!
Missing character: There is no 路 ("8DEF) in font nullfont!
Missing character: There is no 线 ("7EBF) in font nullfont!
Missing character: There is no ， ("FF0C) in font nullfont!
Missing character: There is no 并 ("5E76) in font nullfont!
Missing character: There is no 依 ("4F9D) in font nullfont!
Missing character: There is no 据 ("636E) in font nullfont!
Missing character: There is no 历 ("5386) in font nullfont!
Missing character: There is no 史 ("53F2) in font nullfont!
Missing character: There is no 表 ("8868) in font nullfont!
Missing character: There is no 现 ("73B0) in font nullfont!
Missing character: There is no 自 ("81EA) in font nullfont!
Missing character: There is no 适 ("9002) in font nullfont!
Missing character: There is no 应 ("5E94) in font nullfont!
Missing character: There is no 调 ("8C03) in font nullfont!
Missing character: There is no 整 ("6574) in font nullfont!
Missing character: There is no 算 ("7B97) in font nullfont!
Missing character: There is no 子 ("5B50) in font nullfont!
Missing character: There is no 使 ("4F7F) in font nullfont!
Missing character: There is no 用 ("7528) in font nullfont!
Missing character: There is no 频 ("9891) in font nullfont!
Missing character: There is no 率 ("7387) in font nullfont!
Missing character: There is no ， ("FF0C) in font nullfont!
Missing character: There is no 适 ("9002) in font nullfont!
Missing character: There is no 合 ("5408) in font nullfont!
Missing character: There is no 求 ("6C42) in font nullfont!
Missing character: There is no 解 ("89E3) in font nullfont!
Missing character: There is no 具 ("5177) in font nullfont!
Missing character: There is no 有 ("6709) in font nullfont!
Missing character: There is no 容 ("5BB9) in font nullfont!
Missing character: There is no 量 ("91CF) in font nullfont!
Missing character: There is no 、 ("3001) in font nullfont!
Missing character: There is no 时 ("65F6) in font nullfont!
Missing character: There is no 间 ("95F4) in font nullfont!
Missing character: There is no 窗 ("7A97) in font nullfont!
Missing character: There is no 和 ("548C) in font nullfont!
Missing character: There is no 多 ("591A) in font nullfont!
Missing character: There is no 资 ("8D44) in font nullfont!
Missing character: There is no 源 ("6E90) in font nullfont!
Missing character: There is no 约 ("7EA6) in font nullfont!
Missing character: There is no 束 ("675F) in font nullfont!
Missing character: There is no 的 ("7684) in font nullfont!
Missing character: There is no 复 ("590D) in font nullfont!
Missing character: There is no 杂 ("6742) in font nullfont!
Missing character: There is no 路 ("8DEF) in font nullfont!
Missing character: There is no 径 ("5F84) in font nullfont!
Missing character: There is no 问 ("95EE) in font nullfont!
Missing character: There is no 题 ("9898) in font nullfont!
Missing character: There is no [ ("5B) in font nullfont!
\citation{q3-ropke2006}
! Undefined control sequence.
<write> ...: Citation `\@citeb ' on page \thepage 
                                                  \space undefined\on@line .^^J
l.441 适合求解具有容量、时间窗和多资源约束的复杂路径问题\cite{q3-ropke2006}
                                                  。
The control sequence at the end of the top line
of your error message was never \def'ed. If you have
misspelled it (e.g., `\hobx'), type `I' and the correct
spelling (e.g., `I\hbox'). Otherwise just continue,
and I'll forget about whatever was undefined.


LaTeX Warning: Citation `q3-ropke2006' on page  undefined on input line 441.

Missing character: There is no ] ("5D) in font nullfont!
Missing character: There is no 。 ("3002) in font nullfont!
Missing character: There is no 针 ("9488) in font nullfont!
Missing character: There is no 对 ("5BF9) in font nullfont!
Missing character: There is no 问 ("95EE) in font nullfont!
Missing character: There is no 题 ("9898) in font nullfont!
Missing character: There is no 三 ("4E09) in font nullfont!
Missing character: There is no 中 ("4E2D) in font nullfont!
Missing character: There is no “ ("201C) in font nullfont!
Missing character: There is no 运 ("8FD0) in font nullfont!
Missing character: There is no 输 ("8F93) in font nullfont!
Missing character: There is no 路 ("8DEF) in font nullfont!
Missing character: There is no 径 ("5F84) in font nullfont!
Missing character: There is no 变 ("53D8) in font nullfont!
Missing character: There is no 化 ("5316) in font nullfont!
Missing character: There is no 会 ("4F1A) in font nullfont!
Missing character: There is no 同 ("540C) in font nullfont!
Missing character: There is no 时 ("65F6) in font nullfont!
Missing character: There is no 改 ("6539) in font nullfont!
Missing character: There is no 变 ("53D8) in font nullfont!
Missing character: There is no 通 ("901A) in font nullfont!
Missing character: There is no 信 ("4FE1) in font nullfont!
Missing character: There is no 需 ("9700) in font nullfont!
Missing character: There is no 求 ("6C42) in font nullfont!
Missing character: There is no ” ("201D) in font nullfont!
Missing character: There is no 的 ("7684) in font nullfont!
Missing character: There is no 特 ("7279) in font nullfont!
Missing character: There is no 点 ("70B9) in font nullfont!
Missing character: There is no ， ("FF0C) in font nullfont!
Missing character: There is no 本 ("672C) in font nullfont!
Missing character: There is no 文 ("6587) in font nullfont!
Missing character: There is no 在 ("5728) in font nullfont!
Missing character: There is no 传 ("4F20) in font nullfont!
Missing character: There is no 统 ("7EDF) in font nullfont!
Missing character: There is no A ("41) in font nullfont!
Missing character: There is no L ("4C) in font nullfont!
Missing character: There is no N ("4E) in font nullfont!
Missing character: There is no S ("53) in font nullfont!
Missing character: There is no 基 ("57FA) in font nullfont!
Missing character: There is no 础 ("7840) in font nullfont!
Missing character: There is no 上 ("4E0A) in font nullfont!
Missing character: There is no 设 ("8BBE) in font nullfont!
Missing character: There is no 计 ("8BA1) in font nullfont!
Missing character: There is no 通 ("901A) in font nullfont!
Missing character: There is no 信 ("4FE1) in font nullfont!
Missing character: There is no 感 ("611F) in font nullfont!
Missing character: There is no 知 ("77E5) in font nullfont!
Missing character: There is no 结 ("7ED3) in font nullfont!
Missing character: There is no 构 ("6784) in font nullfont!
Missing character: There is no 算 ("7B97) in font nullfont!
Missing character: There is no 子 ("5B50) in font nullfont!
Missing character: There is no ， ("FF0C) in font nullfont!
Missing character: There is no 将 ("5C06) in font nullfont!
Missing character: There is no 当 ("5F53) in font nullfont!
Missing character: There is no 前 ("524D) in font nullfont!
Missing character: There is no 联 ("8054) in font nullfont!
Missing character: There is no 合 ("5408) in font nullfont!
Missing character: There is no 状 ("72B6) in font nullfont!
Missing character: There is no 态 ("6001) in font nullfont!
Missing character: There is no 记 ("8BB0) in font nullfont!
Missing character: There is no 为 ("4E3A) in font nullfont!

Overfull \hbox (20.0pt too wide) in paragraph at lines 439--445
[]
 []


Overfull \hbox (5.43pt too wide) in paragraph at lines 439--445
[]
 []

! Undefined control sequence.
l.447 =(\mathcal R^T,\boldsymbol
                                {\ell},\Pi_T,\Pi_R),
The control sequence at the end of the top line
of your error message was never \def'ed. If you have
misspelled it (e.g., `\hobx'), type `I' and the correct
spelling (e.g., `I\hbox'). Otherwise just continue,
and I'll forget about whatever was undefined.


Overfull \hbox (90.8287pt too wide) detected at line 448
\OMS/cmsy/m/n/10 S \OT1/cmr/m/n/10 = (\OMS/cmsy/m/n/10 R[]\OML/cmm/m/it/10 ; `;
 \OT1/cmr/m/n/10 ^^E[]\OML/cmm/m/it/10 ; \OT1/cmr/m/n/10 ^^E[])\OML/cmm/m/it/10
 ;
 []

Missing character: There is no 其 ("5176) in font nullfont!
Missing character: There is no 中 ("4E2D) in font nullfont!
Missing character: There is no 为 ("4E3A) in font nullfont!
Missing character: There is no 运 ("8FD0) in font nullfont!
Missing character: There is no 输 ("8F93) in font nullfont!
Missing character: There is no 路 ("8DEF) in font nullfont!
Missing character: There is no 线 ("7EBF) in font nullfont!
Missing character: There is no 集 ("96C6) in font nullfont!
Missing character: There is no 合 ("5408) in font nullfont!
Missing character: There is no ， ("FF0C) in font nullfont!
! Undefined control sequence.
<recently read> \boldsymbol 
                            
l.450 $\boldsymbol
                  {\ell}$ 为各路线最早释放时刻，
The control sequence at the end of the top line
of your error message was never \def'ed. If you have
misspelled it (e.g., `\hobx'), type `I' and the correct
spelling (e.g., `I\hbox'). Otherwise just continue,
and I'll forget about whatever was undefined.

Missing character: There is no 为 ("4E3A) in font nullfont!
Missing character: There is no 各 ("5404) in font nullfont!
Missing character: There is no 路 ("8DEF) in font nullfont!
Missing character: There is no 线 ("7EBF) in font nullfont!
Missing character: There is no 最 ("6700) in font nullfont!
Missing character: There is no 早 ("65E9) in font nullfont!
Missing character: There is no 释 ("91CA) in font nullfont!
Missing character: There is no 放 ("653E) in font nullfont!
Missing character: There is no 时 ("65F6) in font nullfont!
Missing character: There is no 刻 ("523B) in font nullfont!
Missing character: There is no ， ("FF0C) in font nullfont!
Missing character: There is no 与 ("4E0E) in font nullfont!
Missing character: There is no 分 ("5206) in font nullfont!
Missing character: There is no 别 ("522B) in font nullfont!
Missing character: There is no 表 ("8868) in font nullfont!
Missing character: There is no 示 ("793A) in font nullfont!
Missing character: There is no 运 ("8FD0) in font nullfont!
Missing character: There is no 输 ("8F93) in font nullfont!
Missing character: There is no 和 ("548C) in font nullfont!
Missing character: There is no 中 ("4E2D) in font nullfont!
Missing character: There is no 继 ("7EE7) in font nullfont!
Missing character: There is no 资 ("8D44) in font nullfont!
Missing character: There is no 源 ("6E90) in font nullfont!
Missing character: There is no 调 ("8C03) in font nullfont!
Missing character: There is no 度 ("5EA6) in font nullfont!
Missing character: There is no 结 ("7ED3) in font nullfont!
Missing character: There is no 果 ("679C) in font nullfont!
Missing character: There is no 。 ("3002) in font nullfont!

Overfull \hbox (14.77469pt too wide) in paragraph at lines 448--452
 $\OMS/cmsy/m/n/10 R[]$
 []


Overfull \hbox (4.16669pt too wide) in paragraph at lines 448--452
\OML/cmm/m/it/10 `$
 []


Overfull \hbox (13.79967pt too wide) in paragraph at lines 448--452
\OT1/cmr/m/n/10 ^^E[]$
 []


Overfull \hbox (14.0601pt too wide) in paragraph at lines 448--452
\OT1/cmr/m/n/10 ^^E[]$
 []

! Undefined control sequence.
l.453 \subsubsection
                    {Communication-conflict destroy}
The control sequence at the end of the top line
of your error message was never \def'ed. If you have
misspelled it (e.g., `\hobx'), type `I' and the correct
spelling (e.g., `I\hbox'). Otherwise just continue,
and I'll forget about whatever was undefined.


! LaTeX Error: Missing \begin{document}.

See the LaTeX manual or LaTeX Companion for explanation.
Type  H <return>  for immediate help.
 ...                                              
                                                  
l.453 \subsubsection{C
                      ommunication-conflict destroy}
You're in trouble here.  Try typing  <return>  to proceed.
If that doesn't work, type  X <return>  to quit.

Missing character: There is no C ("43) in font nullfont!
Missing character: There is no o ("6F) in font nullfont!
Missing character: There is no m ("6D) in font nullfont!
Missing character: There is no m ("6D) in font nullfont!
Missing character: There is no u ("75) in font nullfont!
Missing character: There is no n ("6E) in font nullfont!
Missing character: There is no i ("69) in font nullfont!
Missing character: There is no c ("63) in font nullfont!
Missing character: There is no a ("61) in font nullfont!
Missing character: There is no t ("74) in font nullfont!
Missing character: There is no i ("69) in font nullfont!
Missing character: There is no o ("6F) in font nullfont!
Missing character: There is no n ("6E) in font nullfont!
Missing character: There is no - ("2D) in font nullfont!
Missing character: There is no c ("63) in font nullfont!
Missing character: There is no o ("6F) in font nullfont!
Missing character: There is no n ("6E) in font nullfont!
Missing character: There is no f ("66) in font nullfont!
Missing character: There is no l ("6C) in font nullfont!
Missing character: There is no i ("69) in font nullfont!
Missing character: There is no c ("63) in font nullfont!
Missing character: There is no t ("74) in font nullfont!
Missing character: There is no d ("64) in font nullfont!
Missing character: There is no e ("65) in font nullfont!
Missing character: There is no s ("73) in font nullfont!
Missing character: There is no t ("74) in font nullfont!
Missing character: There is no r ("72) in font nullfont!
Missing character: There is no o ("6F) in font nullfont!
Missing character: There is no y ("79) in font nullfont!

Overfull \hbox (20.0pt too wide) in paragraph at lines 453--454
[]
 []


! LaTeX Error: Missing \begin{document}.

See the LaTeX manual or LaTeX Companion for explanation.
Type  H <return>  for immediate help.
 ...                                              
                                                  
l.455 普
       通随机移除无法针对中继瓶颈进行搜索。
You're in trouble here.  Try typing  <return>  to proceed.
If that doesn't work, type  X <return>  to quit.

Missing character: There is no 普 ("666E) in font nullfont!
Missing character: There is no 通 ("901A) in font nullfont!
Missing character: There is no 随 ("968F) in font nullfont!
Missing character: There is no 机 ("673A) in font nullfont!
Missing character: There is no 移 ("79FB) in font nullfont!
Missing character: There is no 除 ("9664) in font nullfont!
Missing character: There is no 无 ("65E0) in font nullfont!
Missing character: There is no 法 ("6CD5) in font nullfont!
Missing character: There is no 针 ("9488) in font nullfont!
Missing character: There is no 对 ("5BF9) in font nullfont!
Missing character: There is no 中 ("4E2D) in font nullfont!
Missing character: There is no 继 ("7EE7) in font nullfont!
Missing character: There is no 瓶 ("74F6) in font nullfont!
Missing character: There is no 颈 ("9888) in font nullfont!
Missing character: There is no 进 ("8FDB) in font nullfont!
Missing character: There is no 行 ("884C) in font nullfont!
Missing character: There is no 搜 ("641C) in font nullfont!
Missing character: There is no 索 ("7D22) in font nullfont!
Missing character: There is no 。 ("3002) in font nullfont!
Missing character: There is no 因 ("56E0) in font nullfont!
Missing character: There is no 此 ("6B64) in font nullfont!
Missing character: There is no ， ("FF0C) in font nullfont!
Missing character: There is no 本 ("672C) in font nullfont!
Missing character: There is no 文 ("6587) in font nullfont!
Missing character: There is no 首 ("9996) in font nullfont!
Missing character: There is no 先 ("5148) in font nullfont!
Missing character: There is no 计 ("8BA1) in font nullfont!
Missing character: There is no 算 ("7B97) in font nullfont!
Missing character: There is no 每 ("6BCF) in font nullfont!
Missing character: There is no 一 ("4E00) in font nullfont!
Missing character: There is no 运 ("8FD0) in font nullfont!
Missing character: There is no 输 ("8F93) in font nullfont!
Missing character: There is no 路 ("8DEF) in font nullfont!
Missing character: There is no 线 ("7EBF) in font nullfont!
Missing character: There is no 的 ("7684) in font nullfont!
Missing character: There is no 中 ("4E2D) in font nullfont!
Missing character: There is no 继 ("7EE7) in font nullfont!
Missing character: There is no 占 ("5360) in font nullfont!
Missing character: There is no 用 ("7528) in font nullfont!
Missing character: There is no 时 ("65F6) in font nullfont!
Missing character: There is no 长 ("957F) in font nullfont!

Overfull \hbox (20.0pt too wide) in paragraph at lines 455--457
[]
 []


Overfull \hbox (126.39311pt too wide) detected at line 463
\OML/cmm/m/it/10 B[] \OT1/cmr/m/n/10 = ^^A\OML/cmm/m/it/10 t [] \OT1/cmr/bx/n/1
0 1\OMS/cmsy/m/n/10 f\OML/cmm/m/it/10 A[]\OT1/cmr/m/n/10 (\OML/cmm/m/it/10 t[]\
OT1/cmr/m/n/10 ) = 0\OMS/cmsy/m/n/10 g\OML/cmm/m/it/10 ;[]
 []

Missing character: There is no 并 ("5E76) in font nullfont!
Missing character: There is no 结 ("7ED3) in font nullfont!
Missing character: There is no 合 ("5408) in font nullfont!
Missing character: There is no 该 ("8BE5) in font nullfont!
Missing character: There is no 路 ("8DEF) in font nullfont!
Missing character: There is no 线 ("7EBF) in font nullfont!
Missing character: There is no 货 ("8D27) in font nullfont!
Missing character: There is no 箱 ("7BB1) in font nullfont!
Missing character: There is no 迟 ("8FDF) in font nullfont!
Missing character: There is no 到 ("5230) in font nullfont!
Missing character: There is no 贡 ("8D21) in font nullfont!
Missing character: There is no 献 ("732E) in font nullfont!
Missing character: There is no 构 ("6784) in font nullfont!
Missing character: There is no 造 ("9020) in font nullfont!
Missing character: There is no 通 ("901A) in font nullfont!
Missing character: There is no 信 ("4FE1) in font nullfont!
Missing character: There is no 冲 ("51B2) in font nullfont!
Missing character: There is no 突 ("7A81) in font nullfont!
Missing character: There is no 评 ("8BC4) in font nullfont!
Missing character: There is no 分 ("5206) in font nullfont!

Overfull \hbox (136.60484pt too wide) detected at line 471
\OML/cmm/m/it/10 S[] \OT1/cmr/m/n/10 = 4\OML/cmm/m/it/10 L[] \OT1/cmr/m/n/10 + 
0\OML/cmm/m/it/10 :\OT1/cmr/m/n/10 8[] + 0\OML/cmm/m/it/10 :\OT1/cmr/m/n/10 25[
]\OML/cmm/m/it/10 ;[]
 []

Missing character: There is no 其 ("5176) in font nullfont!
Missing character: There is no 中 ("4E2D) in font nullfont!
Missing character: There is no 为 ("4E3A) in font nullfont!
Missing character: There is no 路 ("8DEF) in font nullfont!
Missing character: There is no 线 ("7EBF) in font nullfont!
Missing character: There is no 内 ("5185) in font nullfont!
Missing character: There is no 普 ("666E) in font nullfont!
Missing character: There is no 通 ("901A) in font nullfont!
Missing character: There is no 货 ("8D27) in font nullfont!
Missing character: There is no 箱 ("7BB1) in font nullfont!
Missing character: There is no 迟 ("8FDF) in font nullfont!
Missing character: There is no 到 ("5230) in font nullfont!
Missing character: There is no 贡 ("8D21) in font nullfont!
Missing character: There is no 献 ("732E) in font nullfont!
Missing character: There is no ， ("FF0C) in font nullfont!
Missing character: There is no 为 ("4E3A) in font nullfont!
Missing character: There is no 路 ("8DEF) in font nullfont!
Missing character: There is no 线 ("7EBF) in font nullfont!
Missing character: There is no 实 ("5B9E) in font nullfont!
Missing character: There is no 际 ("9645) in font nullfont!
Missing character: There is no 开 ("5F00) in font nullfont!
Missing character: There is no 始 ("59CB) in font nullfont!
Missing character: There is no 时 ("65F6) in font nullfont!
Missing character: There is no 刻 ("523B) in font nullfont!
Missing character: There is no 。 ("3002) in font nullfont!
Missing character: There is no 算 ("7B97) in font nullfont!
Missing character: There is no 法 ("6CD5) in font nullfont!
Missing character: There is no 优 ("4F18) in font nullfont!
Missing character: There is no 先 ("5148) in font nullfont!
Missing character: There is no 从 ("4ECE) in font nullfont!
Missing character: There is no 高 ("9AD8) in font nullfont!
Missing character: There is no 分 ("5206) in font nullfont!
Missing character: There is no 路 ("8DEF) in font nullfont!
Missing character: There is no 线 ("7EBF) in font nullfont!
Missing character: There is no 中 ("4E2D) in font nullfont!
Missing character: There is no 移 ("79FB) in font nullfont!
Missing character: There is no 除 ("9664) in font nullfont!
Missing character: There is no 1 ("31) in font nullfont!
Missing character: There is no - ("2D) in font nullfont!
Missing character: There is no - ("2D) in font nullfont!
Missing character: There is no 2 ("32) in font nullfont!
Missing character: There is no 个 ("4E2A) in font nullfont!
Missing character: There is no 不 ("4E0D) in font nullfont!
Missing character: There is no 存 ("5B58) in font nullfont!
Missing character: There is no 在 ("5728) in font nullfont!
Missing character: There is no 硬 ("786C) in font nullfont!
Missing character: There is no 时 ("65F6) in font nullfont!
Missing character: There is no 限 ("9650) in font nullfont!
Missing character: There is no 的 ("7684) in font nullfont!
Missing character: There is no 普 ("666E) in font nullfont!
Missing character: There is no 通 ("901A) in font nullfont!
Missing character: There is no 货 ("8D27) in font nullfont!
Missing character: There is no 箱 ("7BB1) in font nullfont!
Missing character: There is no ， ("FF0C) in font nullfont!
Missing character: There is no 并 ("5E76) in font nullfont!
Missing character: There is no 要 ("8981) in font nullfont!
Missing character: There is no 求 ("6C42) in font nullfont!
Missing character: There is no 被 ("88AB) in font nullfont!
Missing character: There is no 破 ("7834) in font nullfont!
Missing character: There is no 坏 ("574F) in font nullfont!
Missing character: There is no 路 ("8DEF) in font nullfont!
Missing character: There is no 线 ("7EBF) in font nullfont!
Missing character: There is no 至 ("81F3) in font nullfont!
Missing character: There is no 少 ("5C11) in font nullfont!
Missing character: There is no 保 ("4FDD) in font nullfont!
Missing character: There is no 留 ("7559) in font nullfont!
Missing character: There is no 一 ("4E00) in font nullfont!
Missing character: There is no 个 ("4E2A) in font nullfont!
Missing character: There is no 货 ("8D27) in font nullfont!
Missing character: There is no 箱 ("7BB1) in font nullfont!
Missing character: There is no ， ("FF0C) in font nullfont!
Missing character: There is no 以 ("4EE5) in font nullfont!
Missing character: There is no 避 ("907F) in font nullfont!
Missing character: There is no 免 ("514D) in font nullfont!
Missing character: There is no 一 ("4E00) in font nullfont!
Missing character: There is no 次 ("6B21) in font nullfont!
Missing character: There is no 结 ("7ED3) in font nullfont!
Missing character: There is no 构 ("6784) in font nullfont!
Missing character: There is no 变 ("53D8) in font nullfont!
Missing character: There is no 化 ("5316) in font nullfont!
Missing character: There is no 过 ("8FC7) in font nullfont!
Missing character: There is no 大 ("5927) in font nullfont!
Missing character: There is no 造 ("9020) in font nullfont!
Missing character: There is no 成 ("6210) in font nullfont!
Missing character: There is no 大 ("5927) in font nullfont!
Missing character: There is no 面 ("9762) in font nullfont!
Missing character: There is no 积 ("79EF) in font nullfont!
Missing character: There is no 不 ("4E0D) in font nullfont!
Missing character: There is no 可 ("53EF) in font nullfont!
Missing character: There is no 行 ("884C) in font nullfont!
Missing character: There is no 。 ("3002) in font nullfont!

Overfull \hbox (11.23383pt too wide) in paragraph at lines 471--476
 $\OML/cmm/m/it/10 L[]$
 []


Overfull \hbox (9.11575pt too wide) in paragraph at lines 471--476
\OML/cmm/m/it/10 s[]$
 []


! LaTeX Error: Missing \begin{document}.

See the LaTeX manual or LaTeX Companion for explanation.
Type  H <return>  for immediate help.
 ...                                              
                                                  
l.477 该
       算子的本质是优先寻找
You're in trouble here.  Try typing  <return>  to proceed.
If that doesn't work, type  X <return>  to quit.

Missing character: There is no 该 ("8BE5) in font nullfont!
Missing character: There is no 算 ("7B97) in font nullfont!
Missing character: There is no 子 ("5B50) in font nullfont!
Missing character: There is no 的 ("7684) in font nullfont!
Missing character: There is no 本 ("672C) in font nullfont!
Missing character: There is no 质 ("8D28) in font nullfont!
Missing character: There is no 是 ("662F) in font nullfont!
Missing character: There is no 优 ("4F18) in font nullfont!
Missing character: There is no 先 ("5148) in font nullfont!
Missing character: There is no 寻 ("5BFB) in font nullfont!
Missing character: There is no 找 ("627E) in font nullfont!
Missing character: There is no “ ("201C) in font nullfont!
Missing character: There is no 送 (U+9001) in font [lmroman10-bold]:mapping=tex-
text;!
Missing character: There is no 得 (U+5F97) in font [lmroman10-bold]:mapping=tex-
text;!
Missing character: There is no 晚 (U+665A) in font [lmroman10-bold]:mapping=tex-
text;!
Missing character: There is no 且 (U+4E14) in font [lmroman10-bold]:mapping=tex-
text;!
Missing character: There is no 占 (U+5360) in font [lmroman10-bold]:mapping=tex-
text;!
Missing character: There is no 用 (U+7528) in font [lmroman10-bold]:mapping=tex-
text;!
Missing character: There is no 中 (U+4E2D) in font [lmroman10-bold]:mapping=tex-
text;!
Missing character: There is no 继 (U+7EE7) in font [lmroman10-bold]:mapping=tex-
text;!
Missing character: There is no 时 (U+65F6) in font [lmroman10-bold]:mapping=tex-
text;!
Missing character: There is no 间 (U+95F4) in font [lmroman10-bold]:mapping=tex-
text;!
Missing character: There is no 长 (U+957F) in font [lmroman10-bold]:mapping=tex-
text;!
Missing character: There is no ” ("201D) in font nullfont!
Missing character: There is no 的 ("7684) in font nullfont!
Missing character: There is no 路 ("8DEF) in font nullfont!
Missing character: There is no 线 ("7EBF) in font nullfont!
Missing character: There is no ， ("FF0C) in font nullfont!
Missing character: There is no 使 ("4F7F) in font nullfont!
Missing character: There is no 后 ("540E) in font nullfont!
Missing character: There is no 续 ("7EED) in font nullfont!
Missing character: There is no R ("52) in font nullfont!
Missing character: There is no e ("65) in font nullfont!
Missing character: There is no p ("70) in font nullfont!
Missing character: There is no a ("61) in font nullfont!
Missing character: There is no i ("69) in font nullfont!
Missing character: There is no r ("72) in font nullfont!
Missing character: There is no 有 ("6709) in font nullfont!
Missing character: There is no 机 ("673A) in font nullfont!
Missing character: There is no 会 ("4F1A) in font nullfont!
Missing character: There is no 把 ("628A) in font nullfont!
Missing character: There is no 其 ("5176) in font nullfont!
Missing character: There is no 中 ("4E2D) in font nullfont!
Missing character: There is no 普 ("666E) in font nullfont!
Missing character: There is no 通 ("901A) in font nullfont!
Missing character: There is no 货 ("8D27) in font nullfont!
Missing character: There is no 箱 ("7BB1) in font nullfont!
Missing character: There is no 迁 ("8FC1) in font nullfont!
Missing character: There is no 移 ("79FB) in font nullfont!
Missing character: There is no 到 ("5230) in font nullfont!
Missing character: There is no 更 ("66F4) in font nullfont!
Missing character: There is no 早 ("65E9) in font nullfont!
Missing character: There is no 、 ("3001) in font nullfont!
Missing character: There is no 通 ("901A) in font nullfont!
Missing character: There is no 信 ("4FE1) in font nullfont!
Missing character: There is no 几 ("51E0) in font nullfont!
Missing character: There is no 何 ("4F55) in font nullfont!
Missing character: There is no 更 ("66F4) in font nullfont!
Missing character: There is no 友 ("53CB) in font nullfont!
Missing character: There is no 好 ("597D) in font nullfont!
Missing character: There is no 的 ("7684) in font nullfont!
Missing character: There is no 运 ("8FD0) in font nullfont!
Missing character: There is no 输 ("8F93) in font nullfont!
Missing character: There is no 架 ("67B6) in font nullfont!
Missing character: There is no 次 ("6B21) in font nullfont!
Missing character: There is no 。 ("3002) in font nullfont!

Overfull \hbox (20.0pt too wide) in paragraph at lines 477--480
[]
 []


Overfull \hbox (30.8pt too wide) in paragraph at lines 477--480
\TU/lmr/bx/n/10 送得晚且占用中继时间长
 []

! Undefined control sequence.
l.481 \subsubsection
                    {Relay-aware repair}
The control sequence at the end of the top line
of your error message was never \def'ed. If you have
misspelled it (e.g., `\hobx'), type `I' and the correct
spelling (e.g., `I\hbox'). Otherwise just continue,
and I'll forget about whatever was undefined.


! LaTeX Error: Missing \begin{document}.

See the LaTeX manual or LaTeX Companion for explanation.
Type  H <return>  for immediate help.
 ...                                              
                                                  
l.481 \subsubsection{R
                      elay-aware repair}
You're in trouble here.  Try typing  <return>  to proceed.
If that doesn't work, type  X <return>  to quit.

Missing character: There is no R ("52) in font nullfont!
Missing character: There is no e ("65) in font nullfont!
Missing character: There is no l ("6C) in font nullfont!
Missing character: There is no a ("61) in font nullfont!
Missing character: There is no y ("79) in font nullfont!
Missing character: There is no - ("2D) in font nullfont!
Missing character: There is no a ("61) in font nullfont!
Missing character: There is no w ("77) in font nullfont!
Missing character: There is no a ("61) in font nullfont!
Missing character: There is no r ("72) in font nullfont!
Missing character: There is no e ("65) in font nullfont!
Missing character: There is no r ("72) in font nullfont!
Missing character: There is no e ("65) in font nullfont!
Missing character: There is no p ("70) in font nullfont!
Missing character: There is no a ("61) in font nullfont!
Missing character: There is no i ("69) in font nullfont!
Missing character: There is no r ("72) in font nullfont!

Overfull \hbox (20.0pt too wide) in paragraph at lines 481--482
[]
 []


! LaTeX Error: Missing \begin{document}.

See the LaTeX manual or LaTeX Companion for explanation.
Type  H <return>  for immediate help.
 ...                                              
                                                  
l.483 对
       于被移除货箱 $b$，
You're in trouble here.  Try typing  <return>  to proceed.
If that doesn't work, type  X <return>  to quit.

Missing character: There is no 对 ("5BF9) in font nullfont!
Missing character: There is no 于 ("4E8E) in font nullfont!
Missing character: There is no 被 ("88AB) in font nullfont!
Missing character: There is no 移 ("79FB) in font nullfont!
Missing character: There is no 除 ("9664) in font nullfont!
Missing character: There is no 货 ("8D27) in font nullfont!
Missing character: There is no 箱 ("7BB1) in font nullfont!
Missing character: There is no ， ("FF0C) in font nullfont!
Missing character: There is no 依 ("4F9D) in font nullfont!
Missing character: There is no 次 ("6B21) in font nullfont!
Missing character: There is no 尝 ("5C1D) in font nullfont!
Missing character: There is no 试 ("8BD5) in font nullfont!
Missing character: There is no 插 ("63D2) in font nullfont!
Missing character: There is no 入 ("5165) in font nullfont!
Missing character: There is no 其 ("5176) in font nullfont!
Missing character: There is no 它 ("5B83) in font nullfont!
Missing character: There is no 物 ("7269) in font nullfont!
Missing character: There is no 理 ("7406) in font nullfont!
Missing character: There is no 可 ("53EF) in font nullfont!
Missing character: There is no 行 ("884C) in font nullfont!
Missing character: There is no 运 ("8FD0) in font nullfont!
Missing character: There is no 输 ("8F93) in font nullfont!
Missing character: There is no 路 ("8DEF) in font nullfont!
Missing character: There is no 线 ("7EBF) in font nullfont!
Missing character: There is no 。 ("3002) in font nullfont!
Missing character: There is no 若 ("82E5) in font nullfont!
Missing character: There is no 目 ("76EE) in font nullfont!
Missing character: There is no 标 ("6807) in font nullfont!
Missing character: There is no 路 ("8DEF) in font nullfont!
Missing character: There is no 线 ("7EBF) in font nullfont!
Missing character: There is no 已 ("5DF2) in font nullfont!
Missing character: There is no 访 ("8BBF) in font nullfont!
Missing character: There is no 问 ("95EE) in font nullfont!
Missing character: There is no 货 ("8D27) in font nullfont!
Missing character: There is no 箱 ("7BB1) in font nullfont!
Missing character: There is no 所 ("6240) in font nullfont!
Missing character: There is no 属 ("5C5E) in font nullfont!
Missing character: There is no 服 ("670D) in font nullfont!
Missing character: There is no 务 ("52A1) in font nullfont!
Missing character: There is no 区 ("533A) in font nullfont!
Missing character: There is no ， ("FF0C) in font nullfont!
Missing character: There is no 则 ("5219) in font nullfont!
Missing character: There is no 优 ("4F18) in font nullfont!
Missing character: There is no 先 ("5148) in font nullfont!
Missing character: There is no 直 ("76F4) in font nullfont!
Missing character: There is no 接 ("63A5) in font nullfont!
Missing character: There is no 并 ("5E76) in font nullfont!
Missing character: There is no 入 ("5165) in font nullfont!
Missing character: There is no 已 ("5DF2) in font nullfont!
Missing character: There is no 有 ("6709) in font nullfont!
Missing character: There is no 停 ("505C) in font nullfont!
Missing character: There is no 靠 ("9760) in font nullfont!
Missing character: There is no 点 ("70B9) in font nullfont!
Missing character: There is no ； ("FF1B) in font nullfont!
Missing character: There is no 否 ("5426) in font nullfont!
Missing character: There is no 则 ("5219) in font nullfont!
Missing character: There is no 才 ("624D) in font nullfont!
Missing character: There is no 尝 ("5C1D) in font nullfont!
Missing character: There is no 试 ("8BD5) in font nullfont!
Missing character: There is no 增 ("589E) in font nullfont!
Missing character: There is no 加 ("52A0) in font nullfont!
Missing character: There is no 新 ("65B0) in font nullfont!
Missing character: There is no 的 ("7684) in font nullfont!
Missing character: There is no 服 ("670D) in font nullfont!
Missing character: There is no 务 ("52A1) in font nullfont!
Missing character: There is no 区 ("533A) in font nullfont!
Missing character: There is no 停 ("505C) in font nullfont!
Missing character: There is no 靠 ("9760) in font nullfont!
Missing character: There is no 点 ("70B9) in font nullfont!
Missing character: There is no 。 ("3002) in font nullfont!
Missing character: There is no 这 ("8FD9) in font nullfont!
Missing character: There is no 是 ("662F) in font nullfont!
Missing character: There is no 因 ("56E0) in font nullfont!
Missing character: There is no 为 ("4E3A) in font nullfont!
Missing character: There is no 同 ("540C) in font nullfont!
Missing character: There is no 服 ("670D) in font nullfont!
Missing character: There is no 务 ("52A1) in font nullfont!
Missing character: There is no 区 ("533A) in font nullfont!
Missing character: There is no 回 ("56DE) in font nullfont!
Missing character: There is no 插 ("63D2) in font nullfont!
Missing character: There is no 基 ("57FA) in font nullfont!
Missing character: There is no 本 ("672C) in font nullfont!
Missing character: There is no 不 ("4E0D) in font nullfont!
Missing character: There is no 改 ("6539) in font nullfont!
Missing character: There is no 变 ("53D8) in font nullfont!
Missing character: There is no 原 ("539F) in font nullfont!
Missing character: There is no 运 ("8FD0) in font nullfont!
Missing character: There is no 输 ("8F93) in font nullfont!
Missing character: There is no 路 ("8DEF) in font nullfont!
Missing character: There is no 径 ("5F84) in font nullfont!
Missing character: There is no 的 ("7684) in font nullfont!
Missing character: There is no 空 ("7A7A) in font nullfont!
Missing character: There is no 间 ("95F4) in font nullfont!
Missing character: There is no 几 ("51E0) in font nullfont!
Missing character: There is no 何 ("4F55) in font nullfont!
Missing character: There is no ， ("FF0C) in font nullfont!
Missing character: There is no 通 ("901A) in font nullfont!
Missing character: There is no 常 ("5E38) in font nullfont!
Missing character: There is no 不 ("4E0D) in font nullfont!
Missing character: There is no 会 ("4F1A) in font nullfont!
Missing character: There is no 额 ("989D) in font nullfont!
Missing character: There is no 外 ("5916) in font nullfont!
Missing character: There is no 产 ("4EA7) in font nullfont!
Missing character: There is no 生 ("751F) in font nullfont!
Missing character: There is no 新 ("65B0) in font nullfont!
Missing character: There is no 的 ("7684) in font nullfont!
Missing character: There is no 通 ("901A) in font nullfont!
Missing character: There is no 信 ("4FE1) in font nullfont!
Missing character: There is no 盲 ("76F2) in font nullfont!
Missing character: There is no 区 ("533A) in font nullfont!
Missing character: There is no 。 ("3002) in font nullfont!

Overfull \hbox (20.0pt too wide) in paragraph at lines 483--489
[]
 []


Overfull \hbox (4.29166pt too wide) in paragraph at lines 483--489
\OML/cmm/m/it/10 b$
 []


! LaTeX Error: Missing \begin{document}.

See the LaTeX manual or LaTeX Companion for explanation.
Type  H <return>  for immediate help.
 ...                                              
                                                  
l.490 对
       候选插入位置，构造通信感知代理代价
You're in trouble here.  Try typing  <return>  to proceed.
If that doesn't work, type  X <return>  to quit.

Missing character: There is no 对 ("5BF9) in font nullfont!
Missing character: There is no 候 ("5019) in font nullfont!
Missing character: There is no 选 ("9009) in font nullfont!
Missing character: There is no 插 ("63D2) in font nullfont!
Missing character: There is no 入 ("5165) in font nullfont!
Missing character: There is no 位 ("4F4D) in font nullfont!
Missing character: There is no 置 ("7F6E) in font nullfont!
Missing character: There is no ， ("FF0C) in font nullfont!
Missing character: There is no 构 ("6784) in font nullfont!
Missing character: There is no 造 ("9020) in font nullfont!
Missing character: There is no 通 ("901A) in font nullfont!
Missing character: There is no 信 ("4FE1) in font nullfont!
Missing character: There is no 感 ("611F) in font nullfont!
Missing character: There is no 知 ("77E5) in font nullfont!
Missing character: There is no 代 ("4EE3) in font nullfont!
Missing character: There is no 理 ("7406) in font nullfont!
Missing character: There is no 代 ("4EE3) in font nullfont!
Missing character: There is no 价 ("4EF7) in font nullfont!

Overfull \hbox (20.0pt too wide) in paragraph at lines 490--491
[] 
 []


! LaTeX Error: Environment aligned undefined.

See the LaTeX manual or LaTeX Companion for explanation.
Type  H <return>  for immediate help.
 ...                                              
                                                  
l.492 \begin{aligned}
                     
Your command was ignored.
Type  I <command> <return>  to replace it with another command,
or  <return>  to continue without it.

! Misplaced alignment tab character &.
l.494 ={}&
          \Delta C_{r}^{\mathrm{proxy}}
I can't figure out why you would want to use a tab mark
here. If you just want an ampersand, the remedy is
simple: Just type `I\&' now. But if some right brace
up above has ended a previous alignment prematurely,
you're probably due for more error messages, and you
might try typing `S' now just to see what is salvageable.

! Misplaced alignment tab character &.
<recently read> &
                 
l.497 &
       +0.15\frac{B_r}{600}
I can't figure out why you would want to use a tab mark
here. If you just want an ampersand, the remedy is
simple: Just type `I\&' now. But if some right brace
up above has ended a previous alignment prematurely,
you're probably due for more error messages, and you
might try typing `S' now just to see what is salvageable.


! LaTeX Error: \begin{equation} on input line 491 ended by \end{aligned}.

See the LaTeX manual or LaTeX Companion for explanation.
Type  H <return>  for immediate help.
 ...                                              
                                                  
l.502 \end{aligned}
                   
Your command was ignored.
Type  I <command> <return>  to replace it with another command,
or  <return>  to continue without it.


Overfull \hbox (366.51912pt too wide) detected at line 504
\OML/cmm/m/it/10 C[] \OT1/cmr/m/n/10 = []^^A\OML/cmm/m/it/10 C[] \OT1/cmr/m/n/1
0 + 0\OML/cmm/m/it/10 :\OT1/cmr/m/n/10 75\OML/cmm/m/it/10 D[] \OT1/cmr/m/n/10 +
 2\OML/cmm/m/it/10 :\OT1/cmr/m/n/10 2\OML/cmm/m/it/10 L[][]  \OT1/cmr/m/n/10 + 
0\OML/cmm/m/it/10 :\OT1/cmr/m/n/10 15[] + \OML/cmm/m/it/10 P[] \OMS/cmsy/m/n/10
 ^^@ \OT1/cmr/m/n/10 3\OML/cmm/m/it/10 I[] \OMS/cmsy/m/n/10 ^^@ \OT1/cmr/m/n/10
 0\OML/cmm/m/it/10 :\OT1/cmr/m/n/10 00018^^A\OML/cmm/m/it/10 T[] \OT1/cmr/m/n/1
0 + 2\OML/cmm/m/it/10 :\OT1/cmr/m/n/10 5\OML/cmm/m/it/10 I[];[]
 []

Missing character: There is no 其 ("5176) in font nullfont!
Missing character: There is no 中 ("4E2D) in font nullfont!
Missing character: There is no 为 ("4E3A) in font nullfont!
Missing character: There is no 新 ("65B0) in font nullfont!
Missing character: There is no 增 ("589E) in font nullfont!
Missing character: There is no 服 ("670D) in font nullfont!
Missing character: There is no 务 ("52A1) in font nullfont!
Missing character: There is no 区 ("533A) in font nullfont!
Missing character: There is no 与 ("4E0E) in font nullfont!
Missing character: There is no 路 ("8DEF) in font nullfont!
Missing character: There is no 线 ("7EBF) in font nullfont!
Missing character: There is no 已 ("5DF2) in font nullfont!
Missing character: There is no 有 ("6709) in font nullfont!
Missing character: There is no 停 ("505C) in font nullfont!
Missing character: There is no 靠 ("9760) in font nullfont!
Missing character: There is no 点 ("70B9) in font nullfont!
Missing character: There is no 之 ("4E4B) in font nullfont!
Missing character: There is no 间 ("95F4) in font nullfont!
Missing character: There is no 的 ("7684) in font nullfont!
Missing character: There is no 空 ("7A7A) in font nullfont!
Missing character: There is no 间 ("95F4) in font nullfont!
Missing character: There is no 距 ("8DDD) in font nullfont!
Missing character: There is no 离 ("79BB) in font nullfont!
Missing character: There is no 代 ("4EE3) in font nullfont!
Missing character: There is no 理 ("7406) in font nullfont!
Missing character: There is no 量 ("91CF) in font nullfont!
Missing character: There is no ， ("FF0C) in font nullfont!
Missing character: There is no 为 ("4E3A) in font nullfont!
Missing character: There is no 估 ("4F30) in font nullfont!
Missing character: There is no 计 ("8BA1) in font nullfont!
Missing character: There is no 迟 ("8FDF) in font nullfont!
Missing character: There is no 到 ("5230) in font nullfont!
Missing character: There is no 代 ("4EE3) in font nullfont!
Missing character: There is no 价 ("4EF7) in font nullfont!
Missing character: There is no ， ("FF0C) in font nullfont!
Missing character: There is no 用 ("7528) in font nullfont!
Missing character: There is no 于 ("4E8E) in font nullfont!
Missing character: There is no 惩 ("60E9) in font nullfont!
Missing character: There is no 罚 ("7F5A) in font nullfont!
Missing character: There is no 新 ("65B0) in font nullfont!
Missing character: There is no 增 ("589E) in font nullfont!
Missing character: There is no 且 ("4E14) in font nullfont!
Missing character: There is no 固 ("56FA) in font nullfont!
Missing character: There is no 定 ("5B9A) in font nullfont!
Missing character: There is no 网 ("7F51) in font nullfont!
Missing character: There is no 关 ("5173) in font nullfont!
Missing character: There is no 直 ("76F4) in font nullfont!
Missing character: There is no 连 ("8FDE) in font nullfont!
Missing character: There is no 条 ("6761) in font nullfont!
Missing character: There is no 件 ("4EF6) in font nullfont!
Missing character: There is no 较 ("8F83) in font nullfont!
Missing character: There is no 差 ("5DEE) in font nullfont!
Missing character: There is no 的 ("7684) in font nullfont!
Missing character: There is no 服 ("670D) in font nullfont!
Missing character: There is no 务 ("52A1) in font nullfont!
Missing character: There is no 区 ("533A) in font nullfont!
Missing character: There is no ， ("FF0C) in font nullfont!
Missing character: There is no 表 ("8868) in font nullfont!
Missing character: There is no 示 ("793A) in font nullfont!
Missing character: There is no 目 ("76EE) in font nullfont!
Missing character: There is no 标 ("6807) in font nullfont!
Missing character: There is no 路 ("8DEF) in font nullfont!
Missing character: There is no 线 ("7EBF) in font nullfont!
Missing character: There is no 是 ("662F) in font nullfont!
Missing character: There is no 否 ("5426) in font nullfont!
Missing character: There is no 已 ("5DF2) in font nullfont!
Missing character: There is no 访 ("8BBF) in font nullfont!
Missing character: There is no 问 ("95EE) in font nullfont!
Missing character: There is no 同 ("540C) in font nullfont!
Missing character: There is no 一 ("4E00) in font nullfont!
Missing character: There is no 服 ("670D) in font nullfont!
Missing character: There is no 务 ("52A1) in font nullfont!
Missing character: There is no 区 ("533A) in font nullfont!
Missing character: There is no ， ("FF0C) in font nullfont!
Missing character: There is no 表 ("8868) in font nullfont!
Missing character: There is no 示 ("793A) in font nullfont!
Missing character: There is no 相 ("76F8) in font nullfont!
Missing character: There is no 对 ("5BF9) in font nullfont!
Missing character: There is no 当 ("5F53) in font nullfont!
Missing character: There is no 前 ("524D) in font nullfont!
Missing character: There is no 方 ("65B9) in font nullfont!
Missing character: There is no 案 ("6848) in font nullfont!
Missing character: There is no 的 ("7684) in font nullfont!
Missing character: There is no 提 ("63D0) in font nullfont!
Missing character: There is no 前 ("524D) in font nullfont!
Missing character: There is no 送 ("9001) in font nullfont!
Missing character: There is no 达 ("8FBE) in font nullfont!
Missing character: There is no 量 ("91CF) in font nullfont!
Missing character: There is no ， ("FF0C) in font nullfont!
Missing character: There is no 用 ("7528) in font nullfont!
Missing character: There is no 于 ("4E8E) in font nullfont!
Missing character: There is no 惩 ("60E9) in font nullfont!
Missing character: There is no 罚 ("7F5A) in font nullfont!
Missing character: There is no 货 ("8D27) in font nullfont!
Missing character: There is no 箱 ("7BB1) in font nullfont!
Missing character: There is no 重 ("91CD) in font nullfont!
Missing character: There is no 新 ("65B0) in font nullfont!
Missing character: There is no 回 ("56DE) in font nullfont!
Missing character: There is no 到 ("5230) in font nullfont!
Missing character: There is no 原 ("539F) in font nullfont!
Missing character: There is no 路 ("8DEF) in font nullfont!
Missing character: There is no 线 ("7EBF) in font nullfont!
Missing character: There is no 。 ("3002) in font nullfont!
Missing character: There is no 若 ("82E5) in font nullfont!
Missing character: There is no 候 ("5019) in font nullfont!
Missing character: There is no 选 ("9009) in font nullfont!
Missing character: There is no 插 ("63D2) in font nullfont!
Missing character: There is no 入 ("5165) in font nullfont!
Missing character: There is no 违 ("8FDD) in font nullfont!
Missing character: There is no 反 ("53CD) in font nullfont!
Missing character: There is no 硬 ("786C) in font nullfont!
Missing character: There is no 时 ("65F6) in font nullfont!
Missing character: There is no 限 ("9650) in font nullfont!
Missing character: There is no ， ("FF0C) in font nullfont!
Missing character: There is no 则 ("5219) in font nullfont!
Missing character: There is no 直 ("76F4) in font nullfont!
Missing character: There is no 接 ("63A5) in font nullfont!
Missing character: There is no 排 ("6392) in font nullfont!
Missing character: There is no 除 ("9664) in font nullfont!
Missing character: There is no 。 ("3002) in font nullfont!

Overfull \hbox (16.22408pt too wide) in paragraph at lines 504--512
 $\OML/cmm/m/it/10 D[]$
 []


Overfull \hbox (17.15424pt too wide) in paragraph at lines 504--512
\OML/cmm/m/it/10 L[]$
 []


Overfull \hbox (18.11464pt too wide) in paragraph at lines 504--512
\OML/cmm/m/it/10 P[]$
 []


Overfull \hbox (22.9598pt too wide) in paragraph at lines 504--512
\OML/cmm/m/it/10 I[]$
 []


Overfull \hbox (18.19377pt too wide) in paragraph at lines 504--512
\OT1/cmr/m/n/10 ^^A\OML/cmm/m/it/10 T[]$
 []


Overfull \hbox (27.44453pt too wide) in paragraph at lines 504--512
\OML/cmm/m/it/10 I[]$
 []


! LaTeX Error: Missing \begin{document}.

See the LaTeX manual or LaTeX Companion for explanation.
Type  H <return>  for immediate help.
 ...                                              
                                                  
l.513 对
       每个待修复货箱，采用 Regret 思想比较最优和次优插入位置，
You're in trouble here.  Try typing  <return>  to proceed.
If that doesn't work, type  X <return>  to quit.

Missing character: There is no 对 ("5BF9) in font nullfont!
Missing character: There is no 每 ("6BCF) in font nullfont!
Missing character: There is no 个 ("4E2A) in font nullfont!
Missing character: There is no 待 ("5F85) in font nullfont!
Missing character: There is no 修 ("4FEE) in font nullfont!
Missing character: There is no 复 ("590D) in font nullfont!
Missing character: There is no 货 ("8D27) in font nullfont!
Missing character: There is no 箱 ("7BB1) in font nullfont!
Missing character: There is no ， ("FF0C) in font nullfont!
Missing character: There is no 采 ("91C7) in font nullfont!
Missing character: There is no 用 ("7528) in font nullfont!
Missing character: There is no R ("52) in font nullfont!
Missing character: There is no e ("65) in font nullfont!
Missing character: There is no g ("67) in font nullfont!
Missing character: There is no r ("72) in font nullfont!
Missing character: There is no e ("65) in font nullfont!
Missing character: There is no t ("74) in font nullfont!
Missing character: There is no 思 ("601D) in font nullfont!
Missing character: There is no 想 ("60F3) in font nullfont!
Missing character: There is no 比 ("6BD4) in font nullfont!
Missing character: There is no 较 ("8F83) in font nullfont!
Missing character: There is no 最 ("6700) in font nullfont!
Missing character: There is no 优 ("4F18) in font nullfont!
Missing character: There is no 和 ("548C) in font nullfont!
Missing character: There is no 次 ("6B21) in font nullfont!
Missing character: There is no 优 ("4F18) in font nullfont!
Missing character: There is no 插 ("63D2) in font nullfont!
Missing character: There is no 入 ("5165) in font nullfont!
Missing character: There is no 位 ("4F4D) in font nullfont!
Missing character: There is no 置 ("7F6E) in font nullfont!
Missing character: There is no ， ("FF0C) in font nullfont!
Missing character: There is no 优 ("4F18) in font nullfont!
Missing character: There is no 先 ("5148) in font nullfont!
Missing character: There is no 处 ("5904) in font nullfont!
Missing character: There is no 理 ("7406) in font nullfont!
Missing character: There is no “ ("201C) in font nullfont!
Missing character: There is no 若 ("82E5) in font nullfont!
Missing character: There is no 错 ("9519) in font nullfont!
Missing character: There is no 过 ("8FC7) in font nullfont!
Missing character: There is no 当 ("5F53) in font nullfont!
Missing character: There is no 前 ("524D) in font nullfont!
Missing character: There is no 最 ("6700) in font nullfont!
Missing character: There is no 佳 ("4F73) in font nullfont!
Missing character: There is no 位 ("4F4D) in font nullfont!
Missing character: There is no 置 ("7F6E) in font nullfont!
Missing character: There is no 则 ("5219) in font nullfont!
Missing character: There is no 后 ("540E) in font nullfont!
Missing character: There is no 续 ("7EED) in font nullfont!
Missing character: There is no 代 ("4EE3) in font nullfont!
Missing character: There is no 价 ("4EF7) in font nullfont!
Missing character: There is no 显 ("663E) in font nullfont!
Missing character: There is no 著 ("8457) in font nullfont!
Missing character: There is no 上 ("4E0A) in font nullfont!
Missing character: There is no 升 ("5347) in font nullfont!
Missing character: There is no ” ("201D) in font nullfont!
Missing character: There is no 的 ("7684) in font nullfont!
Missing character: There is no 货 ("8D27) in font nullfont!
Missing character: There is no 箱 ("7BB1) in font nullfont!
Missing character: There is no 。 ("3002) in font nullfont!
Missing character: There is no 这 ("8FD9) in font nullfont!
Missing character: There is no 样 ("6837) in font nullfont!
Missing character: There is no 可 ("53EF) in font nullfont!
Missing character: There is no 以 ("4EE5) in font nullfont!
Missing character: There is no 在 ("5728) in font nullfont!
Missing character: There is no 改 ("6539) in font nullfont!
Missing character: There is no 善 ("5584) in font nullfont!
Missing character: There is no 及 ("53CA) in font nullfont!
Missing character: There is no 时 ("65F6) in font nullfont!
Missing character: There is no 性 ("6027) in font nullfont!
Missing character: There is no 的 ("7684) in font nullfont!
Missing character: There is no 同 ("540C) in font nullfont!
Missing character: There is no 时 ("65F6) in font nullfont!
Missing character: There is no 尽 ("5C3D) in font nullfont!
Missing character: There is no 量 ("91CF) in font nullfont!
Missing character: There is no 避 ("907F) in font nullfont!
Missing character: There is no 免 ("514D) in font nullfont!
Missing character: There is no 增 ("589E) in font nullfont!
Missing character: There is no 加 ("52A0) in font nullfont!
Missing character: There is no 新 ("65B0) in font nullfont!
Missing character: There is no 的 ("7684) in font nullfont!
Missing character: There is no 中 ("4E2D) in font nullfont!
Missing character: There is no 继 ("7EE7) in font nullfont!
Missing character: There is no 空 ("7A7A) in font nullfont!
Missing character: There is no 间 ("95F4) in font nullfont!
Missing character: There is no 簇 ("7C07) in font nullfont!
Missing character: There is no 。 ("3002) in font nullfont!

Overfull \hbox (20.0pt too wide) in paragraph at lines 513--516
[]
 []

! Undefined control sequence.
l.517 \subsubsection
                    {时间协同邻域与接受准则}
The control sequence at the end of the top line
of your error message was never \def'ed. If you have
misspelled it (e.g., `\hobx'), type `I' and the correct
spelling (e.g., `I\hbox'). Otherwise just continue,
and I'll forget about whatever was undefined.


! LaTeX Error: Missing \begin{document}.

See the LaTeX manual or LaTeX Companion for explanation.
Type  H <return>  for immediate help.
 ...                                              
                                                  
l.517 \subsubsection{时
                      间协同邻域与接受准则}
You're in trouble here.  Try typing  <return>  to proceed.
If that doesn't work, type  X <return>  to quit.

Missing character: There is no 时 ("65F6) in font nullfont!
Missing character: There is no 间 ("95F4) in font nullfont!
Missing character: There is no 协 ("534F) in font nullfont!
Missing character: There is no 同 ("540C) in font nullfont!
Missing character: There is no 邻 ("90BB) in font nullfont!
Missing character: There is no 域 ("57DF) in font nullfont!
Missing character: There is no 与 ("4E0E) in font nullfont!
Missing character: There is no 接 ("63A5) in font nullfont!
Missing character: There is no 受 ("53D7) in font nullfont!
Missing character: There is no 准 ("51C6) in font nullfont!
Missing character: There is no 则 ("5219) in font nullfont!

Overfull \hbox (20.0pt too wide) in paragraph at lines 517--518
[] 
 []


! LaTeX Error: Missing \begin{document}.

See the LaTeX manual or LaTeX Companion for explanation.
Type  H <return>  for immediate help.
 ...                                              
                                                  
l.519 除
       结构邻域外，Joint-ALNS 同时设置以下时间协同算子：
You're in trouble here.  Try typing  <return>  to proceed.
If that doesn't work, type  X <return>  to quit.

Missing character: There is no 除 ("9664) in font nullfont!
Missing character: There is no 结 ("7ED3) in font nullfont!
Missing character: There is no 构 ("6784) in font nullfont!
Missing character: There is no 邻 ("90BB) in font nullfont!
Missing character: There is no 域 ("57DF) in font nullfont!
Missing character: There is no 外 ("5916) in font nullfont!
Missing character: There is no ， ("FF0C) in font nullfont!
Missing character: There is no J ("4A) in font nullfont!
Missing character: There is no o ("6F) in font nullfont!
Missing character: There is no i ("69) in font nullfont!
Missing character: There is no n ("6E) in font nullfont!
Missing character: There is no t ("74) in font nullfont!
Missing character: There is no - ("2D) in font nullfont!
Missing character: There is no A ("41) in font nullfont!
Missing character: There is no L ("4C) in font nullfont!
Missing character: There is no N ("4E) in font nullfont!
Missing character: There is no S ("53) in font nullfont!
Missing character: There is no 同 ("540C) in font nullfont!
Missing character: There is no 时 ("65F6) in font nullfont!
Missing character: There is no 设 ("8BBE) in font nullfont!
Missing character: There is no 置 ("7F6E) in font nullfont!
Missing character: There is no 以 ("4EE5) in font nullfont!
Missing character: There is no 下 ("4E0B) in font nullfont!
Missing character: There is no 时 ("65F6) in font nullfont!
Missing character: There is no 间 ("95F4) in font nullfont!
Missing character: There is no 协 ("534F) in font nullfont!
Missing character: There is no 同 ("540C) in font nullfont!
Missing character: There is no 算 ("7B97) in font nullfont!
Missing character: There is no 子 ("5B50) in font nullfont!
Missing character: There is no ： ("FF1A) in font nullfont!

Overfull \hbox (20.0pt too wide) in paragraph at lines 519--520
[]
 []


! LaTeX Error: Missing \begin{document}.

See the LaTeX manual or LaTeX Companion for explanation.
Type  H <return>  for immediate help.
 ...                                              
                                                  
l.521 \begin{enumerate}
                       [label=(\arabic*),leftmargin=3em]
You're in trouble here.  Try typing  <return>  to proceed.
If that doesn't work, type  X <return>  to quit.


Overfull \hbox (20.0pt too wide) in paragraph at lines 521--521
[] 
 []


! LaTeX Error: Missing \begin{document}.

See the LaTeX manual or LaTeX Companion for explanation.
Type  H <return>  for immediate help.
 ...                                              
                                                  
l.521 \begin{enumerate}[
                        label=(\arabic*),leftmargin=3em]
You're in trouble here.  Try typing  <return>  to proceed.
If that doesn't work, type  X <return>  to quit.

Missing character: There is no [ ("5B) in font nullfont!
Missing character: There is no l ("6C) in font nullfont!
Missing character: There is no a ("61) in font nullfont!
Missing character: There is no b ("62) in font nullfont!
Missing character: There is no e ("65) in font nullfont!
Missing character: There is no l ("6C) in font nullfont!
Missing character: There is no = ("3D) in font nullfont!
Missing character: There is no ( ("28) in font nullfont!
! Missing number, treated as zero.
<to be read again> 
                   \c@* 
l.521 \begin{enumerate}[label=(\arabic*
                                       ),leftmargin=3em]
A number should have been here; I inserted `0'.
(If you can't figure out why I needed to see a number,
look up `weird error' in the index to The TeXbook.)

Missing character: There is no 0 ("30) in font nullfont!
Missing character: There is no ) ("29) in font nullfont!
Missing character: There is no , ("2C) in font nullfont!
Missing character: There is no l ("6C) in font nullfont!
Missing character: There is no e ("65) in font nullfont!
Missing character: There is no f ("66) in font nullfont!
Missing character: There is no t ("74) in font nullfont!
Missing character: There is no m ("6D) in font nullfont!
Missing character: There is no a ("61) in font nullfont!
Missing character: There is no r ("72) in font nullfont!
Missing character: There is no g ("67) in font nullfont!
Missing character: There is no i ("69) in font nullfont!
Missing character: There is no n ("6E) in font nullfont!
Missing character: There is no = ("3D) in font nullfont!
Missing character: There is no 3 ("33) in font nullfont!
Missing character: There is no e ("65) in font nullfont!
Missing character: There is no m ("6D) in font nullfont!
Missing character: There is no ] ("5D) in font nullfont!

! LaTeX Error: Something's wrong--perhaps a missing \item.

See the LaTeX manual or LaTeX Companion for explanation.
Type  H <return>  for immediate help.
 ...                                              
                                                  
l.522   \item \textbf
                     {advance-one}：尝试提前一个已被通信修复推迟的运输架次；
Try typing  <return>  to proceed.
If that doesn't work, type  X <return>  to quit.

Missing character: There is no ： ("FF1A) in font nullfont!
Missing character: There is no 尝 ("5C1D) in font nullfont!
Missing character: There is no 试 ("8BD5) in font nullfont!
Missing character: There is no 提 ("63D0) in font nullfont!
Missing character: There is no 前 ("524D) in font nullfont!
Missing character: There is no 一 ("4E00) in font nullfont!
Missing character: There is no 个 ("4E2A) in font nullfont!
Missing character: There is no 已 ("5DF2) in font nullfont!
Missing character: There is no 被 ("88AB) in font nullfont!
Missing character: There is no 通 ("901A) in font nullfont!
Missing character: There is no 信 ("4FE1) in font nullfont!
Missing character: There is no 修 ("4FEE) in font nullfont!
Missing character: There is no 复 ("590D) in font nullfont!
Missing character: There is no 推 ("63A8) in font nullfont!
Missing character: There is no 迟 ("8FDF) in font nullfont!
Missing character: There is no 的 ("7684) in font nullfont!
Missing character: There is no 运 ("8FD0) in font nullfont!
Missing character: There is no 输 ("8F93) in font nullfont!
Missing character: There is no 架 ("67B6) in font nullfont!
Missing character: There is no 次 ("6B21) in font nullfont!
Missing character: There is no ； ("FF1B) in font nullfont!

Overfull \hbox (43.6pt too wide) in paragraph at lines 522--523
\TU/lmr/bx/n/10 advance-
 []


Overfull \hbox (17.41pt too wide) in paragraph at lines 522--523
\TU/lmr/bx/n/10 one 
 []

Missing character: There is no ： ("FF1A) in font nullfont!
Missing character: There is no 同 ("540C) in font nullfont!
Missing character: There is no 时 ("65F6) in font nullfont!
Missing character: There is no 提 ("63D0) in font nullfont!
Missing character: There is no 前 ("524D) in font nullfont!
Missing character: There is no 两 ("4E24) in font nullfont!
Missing character: There is no 个 ("4E2A) in font nullfont!
Missing character: There is no 运 ("8FD0) in font nullfont!
Missing character: There is no 输 ("8F93) in font nullfont!
Missing character: There is no 架 ("67B6) in font nullfont!
Missing character: There is no 次 ("6B21) in font nullfont!
Missing character: There is no ， ("FF0C) in font nullfont!
Missing character: There is no 增 ("589E) in font nullfont!
Missing character: There is no 强 ("5F3A) in font nullfont!
Missing character: There is no 组 ("7EC4) in font nullfont!
Missing character: There is no 合 ("5408) in font nullfont!
Missing character: There is no 搜 ("641C) in font nullfont!
Missing character: There is no 索 ("7D22) in font nullfont!
Missing character: There is no 能 ("80FD) in font nullfont!
Missing character: There is no 力 ("529B) in font nullfont!
Missing character: There is no ； ("FF1B) in font nullfont!

Overfull \hbox (43.6pt too wide) in paragraph at lines 523--524
\TU/lmr/bx/n/10 advance-
 []


Overfull \hbox (19.91pt too wide) in paragraph at lines 523--524
\TU/lmr/bx/n/10 pair 
 []

Missing character: There is no ： ("FF1A) in font nullfont!
Missing character: There is no 取 ("53D6) in font nullfont!
Missing character: There is no 消 ("6D88) in font nullfont!
Missing character: There is no 一 ("4E00) in font nullfont!
Missing character: There is no 个 ("4E2A) in font nullfont!
Missing character: There is no 路 ("8DEF) in font nullfont!
Missing character: There is no 线 ("7EBF) in font nullfont!
Missing character: There is no 的 ("7684) in font nullfont!
Missing character: There is no 附 ("9644) in font nullfont!
Missing character: There is no 加 ("52A0) in font nullfont!
Missing character: There is no 释 ("91CA) in font nullfont!
Missing character: There is no 放 ("653E) in font nullfont!
Missing character: There is no 时 ("65F6) in font nullfont!
Missing character: There is no 间 ("95F4) in font nullfont!
Missing character: There is no ， ("FF0C) in font nullfont!
Missing character: There is no 重 ("91CD) in font nullfont!
Missing character: There is no 新 ("65B0) in font nullfont!
Missing character: There is no 交 ("4EA4) in font nullfont!
Missing character: There is no 由 ("7531) in font nullfont!
Missing character: There is no 资 ("8D44) in font nullfont!
Missing character: There is no 源 ("6E90) in font nullfont!
Missing character: There is no 解 ("89E3) in font nullfont!
Missing character: There is no 码 ("7801) in font nullfont!
Missing character: There is no 器 ("5668) in font nullfont!
Missing character: There is no 调 ("8C03) in font nullfont!
Missing character: There is no 度 ("5EA6) in font nullfont!
Missing character: There is no ； ("FF1B) in font nullfont!

Overfull \hbox (28.12pt too wide) in paragraph at lines 524--525
\TU/lmr/bx/n/10 reset-
 []


Overfull \hbox (17.41pt too wide) in paragraph at lines 524--525
\TU/lmr/bx/n/10 one 
 []

Missing character: There is no ： ("FF1A) in font nullfont!
Missing character: There is no 提 ("63D0) in font nullfont!
Missing character: There is no 前 ("524D) in font nullfont!
Missing character: There is no 一 ("4E00) in font nullfont!
Missing character: There is no 个 ("4E2A) in font nullfont!
Missing character: There is no 架 ("67B6) in font nullfont!
Missing character: There is no 次 ("6B21) in font nullfont!
Missing character: There is no ， ("FF0C) in font nullfont!
Missing character: There is no 同 ("540C) in font nullfont!
Missing character: There is no 时 ("65F6) in font nullfont!
Missing character: There is no 把 ("628A) in font nullfont!
Missing character: There is no 另 ("53E6) in font nullfont!
Missing character: There is no 一 ("4E00) in font nullfont!
Missing character: There is no 条 ("6761) in font nullfont!
Missing character: There is no 时 ("65F6) in font nullfont!
Missing character: There is no 间 ("95F4) in font nullfont!
Missing character: There is no 裕 ("88D5) in font nullfont!
Missing character: There is no 量 ("91CF) in font nullfont!
Missing character: There is no 较 ("8F83) in font nullfont!
Missing character: There is no 大 ("5927) in font nullfont!
Missing character: There is no 的 ("7684) in font nullfont!
Missing character: There is no 路 ("8DEF) in font nullfont!
Missing character: There is no 线 ("7EBF) in font nullfont!
Missing character: There is no 适 ("9002) in font nullfont!
Missing character: There is no 度 ("5EA6) in font nullfont!
Missing character: There is no 后 ("540E) in font nullfont!
Missing character: There is no 移 ("79FB) in font nullfont!
Missing character: There is no ， ("FF0C) in font nullfont!
Missing character: There is no 通 ("901A) in font nullfont!
Missing character: There is no 过 ("8FC7) in font nullfont!
Missing character: There is no 交 ("4EA4) in font nullfont!
Missing character: There is no 换 ("6362) in font nullfont!
Missing character: There is no 并 ("5E76) in font nullfont!
Missing character: There is no 发 ("53D1) in font nullfont!
Missing character: There is no 关 ("5173) in font nullfont!
Missing character: There is no 系 ("7CFB) in font nullfont!
Missing character: There is no 减 ("51CF) in font nullfont!
Missing character: There is no 轻 ("8F7B) in font nullfont!
Missing character: There is no 中 ("4E2D) in font nullfont!
Missing character: There is no 继 ("7EE7) in font nullfont!
Missing character: There is no 资 ("8D44) in font nullfont!
Missing character: There is no 源 ("6E90) in font nullfont!
Missing character: There is no 冲 ("51B2) in font nullfont!
Missing character: There is no 突 ("7A81) in font nullfont!
Missing character: There is no ； ("FF1B) in font nullfont!

Overfull \hbox (49.35pt too wide) in paragraph at lines 525--527
\TU/lmr/bx/n/10 exchange-
 []


Overfull \hbox (22.1pt too wide) in paragraph at lines 525--527
\TU/lmr/bx/n/10 shift 
 []

Missing character: There is no ： ("FF1A) in font nullfont!
Missing character: There is no 执 ("6267) in font nullfont!
Missing character: There is no 行 ("884C) in font nullfont!
Missing character: There is no 上 ("4E0A) in font nullfont!
Missing character: There is no 述 ("8FF0) in font nullfont!
Missing character: There is no 通 ("901A) in font nullfont!
Missing character: There is no 信 ("4FE1) in font nullfont!
Missing character: There is no 冲 ("51B2) in font nullfont!
Missing character: There is no 突 ("7A81) in font nullfont!
Missing character: There is no D ("44) in font nullfont!
Missing character: There is no e ("65) in font nullfont!
Missing character: There is no s ("73) in font nullfont!
Missing character: There is no t ("74) in font nullfont!
Missing character: There is no r ("72) in font nullfont!
Missing character: There is no o ("6F) in font nullfont!
Missing character: There is no y ("79) in font nullfont!
Missing character: There is no 与 ("4E0E) in font nullfont!
Missing character: There is no 中 ("4E2D) in font nullfont!
Missing character: There is no 继 ("7EE7) in font nullfont!
Missing character: There is no 感 ("611F) in font nullfont!
Missing character: There is no 知 ("77E5) in font nullfont!
Missing character: There is no R ("52) in font nullfont!
Missing character: There is no e ("65) in font nullfont!
Missing character: There is no p ("70) in font nullfont!
Missing character: There is no a ("61) in font nullfont!
Missing character: There is no i ("69) in font nullfont!
Missing character: There is no r ("72) in font nullfont!
Missing character: There is no ， ("FF0C) in font nullfont!
Missing character: There is no 直 ("76F4) in font nullfont!
Missing character: There is no 接 ("63A5) in font nullfont!
Missing character: There is no 改 ("6539) in font nullfont!
Missing character: There is no 变 ("53D8) in font nullfont!
Missing character: There is no 货 ("8D27) in font nullfont!
Missing character: There is no 箱 ("7BB1) in font nullfont!
Missing character: There is no 所 ("6240) in font nullfont!
Missing character: There is no 属 ("5C5E) in font nullfont!
Missing character: There is no 路 ("8DEF) in font nullfont!
Missing character: There is no 线 ("7EBF) in font nullfont!
Missing character: There is no 。 ("3002) in font nullfont!

Overfull \hbox (40.24pt too wide) in paragraph at lines 527--528
\TU/lmr/bx/n/10 conflict-
 []


Overfull \hbox (40.74pt too wide) in paragraph at lines 527--528
\TU/lmr/bx/n/10 destroy-
 []


Overfull \hbox (29.92pt too wide) in paragraph at lines 527--528
\TU/lmr/bx/n/10 repair
 []

Missing character: There is no 每 ("6BCF) in font nullfont!
Missing character: There is no 个 ("4E2A) in font nullfont!
Missing character: There is no 候 ("5019) in font nullfont!
Missing character: There is no 选 ("9009) in font nullfont!
Missing character: There is no 解 ("89E3) in font nullfont!
Missing character: There is no 都 ("90FD) in font nullfont!
Missing character: There is no 必 ("5FC5) in font nullfont!
Missing character: There is no 须 ("987B) in font nullfont!
Missing character: There is no 重 ("91CD) in font nullfont!
Missing character: There is no 新 ("65B0) in font nullfont!
Missing character: There is no 运 ("8FD0) in font nullfont!
Missing character: There is no 行 ("884C) in font nullfont!
Missing character: There is no 运 ("8FD0) in font nullfont!
Missing character: There is no 输 ("8F93) in font nullfont!
Missing character: There is no 资 ("8D44) in font nullfont!
Missing character: There is no 源 ("6E90) in font nullfont!
Missing character: There is no 解 ("89E3) in font nullfont!
Missing character: There is no 码 ("7801) in font nullfont!
Missing character: There is no 、 ("3001) in font nullfont!
Missing character: There is no 运 ("8FD0) in font nullfont!
Missing character: There is no 输 ("8F93) in font nullfont!
Missing character: There is no 轨 ("8F68) in font nullfont!
Missing character: There is no 迹 ("8FF9) in font nullfont!
Missing character: There is no 生 ("751F) in font nullfont!
Missing character: There is no 成 ("6210) in font nullfont!
Missing character: There is no 、 ("3001) in font nullfont!
Missing character: There is no 固 ("56FA) in font nullfont!
Missing character: There is no 定 ("5B9A) in font nullfont!
Missing character: There is no 网 ("7F51) in font nullfont!
Missing character: There is no 关 ("5173) in font nullfont!
Missing character: There is no 通 ("901A) in font nullfont!
Missing character: There is no 信 ("4FE1) in font nullfont!
Missing character: There is no 判 ("5224) in font nullfont!
Missing character: There is no 定 ("5B9A) in font nullfont!
Missing character: There is no 、 ("3001) in font nullfont!
Missing character: There is no 中 ("4E2D) in font nullfont!
Missing character: There is no 继 ("7EE7) in font nullfont!
Missing character: There is no 候 ("5019) in font nullfont!
Missing character: There is no 选 ("9009) in font nullfont!
Missing character: There is no 搜 ("641C) in font nullfont!
Missing character: There is no 索 ("7D22) in font nullfont!
Missing character: There is no 和 ("548C) in font nullfont!
Missing character: There is no 中 ("4E2D) in font nullfont!
Missing character: There is no 继 ("7EE7) in font nullfont!
Missing character: There is no 资 ("8D44) in font nullfont!
Missing character: There is no 源 ("6E90) in font nullfont!
Missing character: There is no 解 ("89E3) in font nullfont!
Missing character: There is no 码 ("7801) in font nullfont!
Missing character: There is no 。 ("3002) in font nullfont!
Missing character: There is no 只 ("53EA) in font nullfont!
Missing character: There is no 要 ("8981) in font nullfont!
Missing character: There is no 出 ("51FA) in font nullfont!
Missing character: There is no 现 ("73B0) in font nullfont!
Missing character: There is no 硬 ("786C) in font nullfont!
Missing character: There is no 时 ("65F6) in font nullfont!
Missing character: There is no 限 ("9650) in font nullfont!
Missing character: There is no 违 ("8FDD) in font nullfont!
Missing character: There is no 反 ("53CD) in font nullfont!
Missing character: There is no 、 ("3001) in font nullfont!
Missing character: There is no 通 ("901A) in font nullfont!
Missing character: There is no 信 ("4FE1) in font nullfont!
Missing character: There is no 覆 ("8986) in font nullfont!
Missing character: There is no 盖 ("76D6) in font nullfont!
Missing character: There is no 失 ("5931) in font nullfont!
Missing character: There is no 败 ("8D25) in font nullfont!
Missing character: There is no 、 ("3001) in font nullfont!
Missing character: There is no 中 ("4E2D) in font nullfont!
Missing character: There is no 继 ("7EE7) in font nullfont!
Missing character: There is no 实 ("5B9E) in font nullfont!
Missing character: There is no 体 ("4F53) in font nullfont!
Missing character: There is no 机 ("673A) in font nullfont!
Missing character: There is no 冲 ("51B2) in font nullfont!
Missing character: There is no 突 ("7A81) in font nullfont!
Missing character: There is no 或 ("6216) in font nullfont!
Missing character: There is no 能 ("80FD) in font nullfont!
Missing character: There is no 源 ("6E90) in font nullfont!
Missing character: There is no 组 ("7EC4) in font nullfont!
Missing character: There is no 件 ("4EF6) in font nullfont!
Missing character: There is no 冲 ("51B2) in font nullfont!
Missing character: There is no 突 ("7A81) in font nullfont!
Missing character: There is no ， ("FF0C) in font nullfont!
Missing character: There is no 候 ("5019) in font nullfont!
Missing character: There is no 选 ("9009) in font nullfont!
Missing character: There is no 解 ("89E3) in font nullfont!
Missing character: There is no 即 ("5373) in font nullfont!
Missing character: There is no 判 ("5224) in font nullfont!
Missing character: There is no 为 ("4E3A) in font nullfont!
Missing character: There is no 不 ("4E0D) in font nullfont!
Missing character: There is no 可 ("53EF) in font nullfont!
Missing character: There is no 行 ("884C) in font nullfont!
Missing character: There is no 。 ("3002) in font nullfont!

Overfull \hbox (20.0pt too wide) in paragraph at lines 530--534
[]
 []

Missing character: There is no 若 ("82E5) in font nullfont!
Missing character: There is no 候 ("5019) in font nullfont!
Missing character: There is no 选 ("9009) in font nullfont!
Missing character: There is no 联 ("8054) in font nullfont!
Missing character: There is no 合 ("5408) in font nullfont!
Missing character: There is no 目 ("76EE) in font nullfont!
Missing character: There is no 标 ("6807) in font nullfont!
Missing character: There is no 优 ("4F18) in font nullfont!
Missing character: There is no 于 ("4E8E) in font nullfont!
Missing character: There is no 当 ("5F53) in font nullfont!
Missing character: There is no 前 ("524D) in font nullfont!
Missing character: There is no 解 ("89E3) in font nullfont!
Missing character: There is no 则 ("5219) in font nullfont!
Missing character: There is no 直 ("76F4) in font nullfont!
Missing character: There is no 接 ("63A5) in font nullfont!
Missing character: There is no 接 ("63A5) in font nullfont!
Missing character: There is no 受 ("53D7) in font nullfont!
Missing character: There is no ； ("FF1B) in font nullfont!
Missing character: There is no 对 ("5BF9) in font nullfont!
Missing character: There is no 于 ("4E8E) in font nullfont!
Missing character: There is no 一 ("4E00) in font nullfont!
Missing character: There is no 定 ("5B9A) in font nullfont!
Missing character: There is no 程 ("7A0B) in font nullfont!
Missing character: There is no 度 ("5EA6) in font nullfont!
Missing character: There is no 的 ("7684) in font nullfont!
Missing character: There is no 劣 ("52A3) in font nullfont!
Missing character: There is no 解 ("89E3) in font nullfont!
Missing character: There is no ， ("FF0C) in font nullfont!
Missing character: There is no 仍 ("4ECD) in font nullfont!
Missing character: There is no 采 ("91C7) in font nullfont!
Missing character: There is no 用 ("7528) in font nullfont!
Missing character: There is no 模 ("6A21) in font nullfont!
Missing character: There is no 拟 ("62DF) in font nullfont!
Missing character: There is no 退 ("9000) in font nullfont!
Missing character: There is no 火 ("706B) in font nullfont!
Missing character: There is no 概 ("6982) in font nullfont!
Missing character: There is no 率 ("7387) in font nullfont!

Overfull \hbox (20.0pt too wide) in paragraph at lines 535--537
[]
 []


Overfull \hbox (126.94173pt too wide) detected at line 541
\OML/cmm/m/it/10 P[] \OT1/cmr/m/n/10 = [] [][]
 []

Missing character: There is no 决 ("51B3) in font nullfont!
Missing character: There is no 定 ("5B9A) in font nullfont!
Missing character: There is no 是 ("662F) in font nullfont!
Missing character: There is no 否 ("5426) in font nullfont!
Missing character: There is no 接 ("63A5) in font nullfont!
Missing character: There is no 受 ("53D7) in font nullfont!
Missing character: There is no ， ("FF0C) in font nullfont!
Missing character: There is no 其 ("5176) in font nullfont!
Missing character: There is no 中 ("4E2D) in font nullfont!

Overfull \hbox (154.03886pt too wide) detected at line 549
\OML/cmm/m/it/10 T[] \OT1/cmr/m/n/10 = [] [] \OML/cmm/m/it/10 :[]
 []

Missing character: There is no 结 ("7ED3) in font nullfont!
Missing character: There is no 构 ("6784) in font nullfont!
Missing character: There is no 算 ("7B97) in font nullfont!
Missing character: There is no 子 ("5B50) in font nullfont!
Missing character: There is no 初 ("521D) in font nullfont!
Missing character: There is no 始 ("59CB) in font nullfont!
Missing character: There is no 权 ("6743) in font nullfont!
Missing character: There is no 重 ("91CD) in font nullfont!
Missing character: There is no 设 ("8BBE) in font nullfont!
Missing character: There is no 为 ("4E3A) in font nullfont!
Missing character: There is no 3 ("33) in font nullfont!
Missing character: There is no . ("2E) in font nullfont!
Missing character: There is no 2 ("32) in font nullfont!
Missing character: There is no ， ("FF0C) in font nullfont!
Missing character: There is no 高 ("9AD8) in font nullfont!
Missing character: There is no 于 ("4E8E) in font nullfont!
Missing character: There is no 普 ("666E) in font nullfont!
Missing character: There is no 通 ("901A) in font nullfont!
Missing character: There is no 时 ("65F6) in font nullfont!
Missing character: There is no 间 ("95F4) in font nullfont!
Missing character: There is no 邻 ("90BB) in font nullfont!
Missing character: There is no 域 ("57DF) in font nullfont!
Missing character: There is no ， ("FF0C) in font nullfont!
Missing character: There is no 以 ("4EE5) in font nullfont!
Missing character: There is no 保 ("4FDD) in font nullfont!
Missing character: There is no 证 ("8BC1) in font nullfont!
Missing character: There is no 有 ("6709) in font nullfont!
Missing character: There is no 限 ("9650) in font nullfont!
Missing character: There is no 迭 ("8FED) in font nullfont!
Missing character: There is no 代 ("4EE3) in font nullfont!
Missing character: There is no 次 ("6B21) in font nullfont!
Missing character: There is no 数 ("6570) in font nullfont!
Missing character: There is no 下 ("4E0B) in font nullfont!
Missing character: There is no 能 ("80FD) in font nullfont!
Missing character: There is no 够 ("591F) in font nullfont!
Missing character: There is no 充 ("5145) in font nullfont!
Missing character: There is no 分 ("5206) in font nullfont!
Missing character: There is no 搜 ("641C) in font nullfont!
Missing character: There is no 索 ("7D22) in font nullfont!
Missing character: There is no 运 ("8FD0) in font nullfont!
Missing character: There is no 输 ("8F93) in font nullfont!
Missing character: There is no 路 ("8DEF) in font nullfont!
Missing character: There is no 线 ("7EBF) in font nullfont!
Missing character: There is no 结 ("7ED3) in font nullfont!
Missing character: There is no 构 ("6784) in font nullfont!
Missing character: There is no ； ("FF1B) in font nullfont!
Missing character: There is no 各 ("5404) in font nullfont!
Missing character: There is no 算 ("7B97) in font nullfont!
Missing character: There is no 子 ("5B50) in font nullfont!
Missing character: There is no 权 ("6743) in font nullfont!
Missing character: There is no 重 ("91CD) in font nullfont!
Missing character: There is no 根 ("6839) in font nullfont!
Missing character: There is no 据 ("636E) in font nullfont!
Missing character: There is no 接 ("63A5) in font nullfont!
Missing character: There is no 受 ("53D7) in font nullfont!
Missing character: There is no 及 ("53CA) in font nullfont!
Missing character: There is no 改 ("6539) in font nullfont!
Missing character: There is no 进 ("8FDB) in font nullfont!
Missing character: There is no 情 ("60C5) in font nullfont!
Missing character: There is no 况 ("51B5) in font nullfont!
Missing character: There is no 动 ("52A8) in font nullfont!
Missing character: There is no 态 ("6001) in font nullfont!
Missing character: There is no 调 ("8C03) in font nullfont!
Missing character: There is no 整 ("6574) in font nullfont!
Missing character: There is no 。 ("3002) in font nullfont!
Missing character: There is no 本 ("672C) in font nullfont!
Missing character: There is no 文 ("6587) in font nullfont!
Missing character: There is no 问 ("95EE) in font nullfont!
Missing character: There is no 题 ("9898) in font nullfont!
Missing character: There is no 三 ("4E09) in font nullfont!
Missing character: There is no 程 ("7A0B) in font nullfont!
Missing character: There is no 序 ("5E8F) in font nullfont!
Missing character: There is no 随 ("968F) in font nullfont!
Missing character: There is no 机 ("673A) in font nullfont!
Missing character: There is no 种 ("79CD) in font nullfont!
Missing character: There is no 子 ("5B50) in font nullfont!
Missing character: There is no 取 ("53D6) in font nullfont!
Missing character: There is no 2 ("32) in font nullfont!
Missing character: There is no 0 ("30) in font nullfont!
Missing character: There is no 2 ("32) in font nullfont!
Missing character: There is no 6 ("36) in font nullfont!
Missing character: There is no 0 ("30) in font nullfont!
Missing character: There is no 9 ("39) in font nullfont!
Missing character: There is no 2 ("32) in font nullfont!
Missing character: There is no 4 ("34) in font nullfont!
Missing character: There is no ， ("FF0C) in font nullfont!
Missing character: There is no 正 ("6B63) in font nullfont!
Missing character: There is no 式 ("5F0F) in font nullfont!
Missing character: There is no 计 ("8BA1) in font nullfont!
Missing character: There is no 算 ("7B97) in font nullfont!
Missing character: There is no 中 ("4E2D) in font nullfont!
Missing character: There is no 运 ("8FD0) in font nullfont!
Missing character: There is no 输 ("8F93) in font nullfont!
Missing character: There is no 层 ("5C42) in font nullfont!
Missing character: There is no 先 ("5148) in font nullfont!
Missing character: There is no 采 ("91C7) in font nullfont!
Missing character: There is no 用 ("7528) in font nullfont!
Missing character: There is no 保 ("4FDD) in font nullfont!
Missing character: There is no 守 ("5B88) in font nullfont!
Missing character: There is no 可 ("53EF) in font nullfont!
Missing character: There is no 行 ("884C) in font nullfont!
Missing character: There is no 基 ("57FA) in font nullfont!
Missing character: There is no 线 ("7EBF) in font nullfont!
Missing character: There is no ， ("FF0C) in font nullfont!
Missing character: There is no 随 ("968F) in font nullfont!
Missing character: There is no 后 ("540E) in font nullfont!
Missing character: There is no 执 ("6267) in font nullfont!
Missing character: There is no 行 ("884C) in font nullfont!
Missing character: There is no 2 ("32) in font nullfont!
Missing character: There is no 0 ("30) in font nullfont!
Missing character: There is no 次 ("6B21) in font nullfont!
Missing character: There is no 通 ("901A) in font nullfont!
Missing character: There is no 信 ("4FE1) in font nullfont!
Missing character: There is no 感 ("611F) in font nullfont!
Missing character: There is no 知 ("77E5) in font nullfont!
Missing character: There is no J ("4A) in font nullfont!
Missing character: There is no o ("6F) in font nullfont!
Missing character: There is no i ("69) in font nullfont!
Missing character: There is no n ("6E) in font nullfont!
Missing character: There is no t ("74) in font nullfont!
Missing character: There is no - ("2D) in font nullfont!
Missing character: There is no A ("41) in font nullfont!
Missing character: There is no L ("4C) in font nullfont!
Missing character: There is no N ("4E) in font nullfont!
Missing character: There is no S ("53) in font nullfont!
Missing character: There is no 。 ("3002) in font nullfont!

Overfull \hbox (20.0pt too wide) in paragraph at lines 554--557
[]
 []


! LaTeX Error: Environment table undefined.

See the LaTeX manual or LaTeX Companion for explanation.
Type  H <return>  for immediate help.
 ...                                              
                                                  
l.558 \begin{table}
                   [htbp]
Your command was ignored.
Type  I <command> <return>  to replace it with another command,
or  <return>  to continue without it.

Missing character: There is no [ ("5B) in font nullfont!
Missing character: There is no h ("68) in font nullfont!
Missing character: There is no t ("74) in font nullfont!
Missing character: There is no b ("62) in font nullfont!
Missing character: There is no p ("70) in font nullfont!
Missing character: There is no ] ("5D) in font nullfont!

! LaTeX Error: \caption outside float.

See the LaTeX manual or LaTeX Companion for explanation.
Type  H <return>  for immediate help.
 ...                                              
                                                  
l.560   \caption
                {问题三主要算法参数}
You're in trouble here.  Try typing  <return>  to proceed.
If that doesn't work, type  X <return>  to quit.

Missing character: There is no 问 ("95EE) in font nullfont!
Missing character: There is no 题 ("9898) in font nullfont!
Missing character: There is no 三 ("4E09) in font nullfont!
Missing character: There is no 主 ("4E3B) in font nullfont!
Missing character: There is no 要 ("8981) in font nullfont!
Missing character: There is no 算 ("7B97) in font nullfont!
Missing character: There is no 法 ("6CD5) in font nullfont!
Missing character: There is no 参 ("53C2) in font nullfont!
Missing character: There is no 数 ("6570) in font nullfont!

! LaTeX Error: Environment tabularx undefined.

See the LaTeX manual or LaTeX Companion for explanation.
Type  H <return>  for immediate help.
 ...                                              
                                                  
l.562   \begin{tabularx}
                        {0.90\linewidth}{Y Y}
Your command was ignored.
Type  I <command> <return>  to replace it with another command,
or  <return>  to continue without it.

Missing character: There is no 0 ("30) in font nullfont!
Missing character: There is no . ("2E) in font nullfont!
Missing character: There is no 9 ("39) in font nullfont!
Missing character: There is no 0 ("30) in font nullfont!
! Missing number, treated as zero.
<to be read again> 
                   }
l.562   \begin{tabularx}{0.90\linewidth}
                                        {Y Y}
A number should have been here; I inserted `0'.
(If you can't figure out why I needed to see a number,
look up `weird error' in the index to The TeXbook.)

! Illegal unit of measure (pt inserted).
<to be read again> 
                   }
l.562   \begin{tabularx}{0.90\linewidth}
                                        {Y Y}
Dimensions can be in units of em, ex, in, pt, pc,
cm, mm, dd, cc, bp, or sp; but yours is a new one!
I'll assume that you meant to say pt, for printer's points.
To recover gracefully from this error, it's best to
delete the erroneous units; e.g., type `2' to delete
two letters. (See Chapter 27 of The TeXbook.)

Missing character: There is no Y ("59) in font nullfont!
Missing character: There is no Y ("59) in font nullfont!
! Undefined control sequence.
l.563     \toprule
                  
The control sequence at the end of the top line
of your error message was never \def'ed. If you have
misspelled it (e.g., `\hobx'), type `I' and the correct
spelling (e.g., `I\hbox'). Otherwise just continue,
and I'll forget about whatever was undefined.

Missing character: There is no 参 ("53C2) in font nullfont!
Missing character: There is no 数 ("6570) in font nullfont!
! Misplaced alignment tab character &.
l.564     参数 &
               取值 \\
I can't figure out why you would want to use a tab mark
here. If you just want an ampersand, the remedy is
simple: Just type `I\&' now. But if some right brace
up above has ended a previous alignment prematurely,
you're probably due for more error messages, and you
might try typing `S' now just to see what is salvageable.

Missing character: There is no 取 ("53D6) in font nullfont!
Missing character: There is no 值 ("503C) in font nullfont!

Overfull \hbox (20.0pt too wide) in paragraph at lines 558--564
 [] 
 []

! Undefined control sequence.
<recently read> \midrule 
                         
l.565     \midrule
                  
The control sequence at the end of the top line
of your error message was never \def'ed. If you have
misspelled it (e.g., `\hobx'), type `I' and the correct
spelling (e.g., `I\hbox'). Otherwise just continue,
and I'll forget about whatever was undefined.

Missing character: There is no 通 ("901A) in font nullfont!
Missing character: There is no 信 ("4FE1) in font nullfont!
Missing character: There is no 规 ("89C4) in font nullfont!
Missing character: There is no 划 ("5212) in font nullfont!
Missing character: There is no 时 ("65F6) in font nullfont!
Missing character: There is no 间 ("95F4) in font nullfont!
Missing character: There is no 步 ("6B65) in font nullfont!
Missing character: There is no 长 ("957F) in font nullfont!
! Misplaced alignment tab character &.
l.566     通信规划时间步长 $\Delta t$ &
                                30 s \\
I can't figure out why you would want to use a tab mark
here. If you just want an ampersand, the remedy is
simple: Just type `I\&' now. But if some right brace
up above has ended a previous alignment prematurely,
you're probably due for more error messages, and you
might try typing `S' now just to see what is salvageable.

Missing character: There is no 3 ("33) in font nullfont!
Missing character: There is no 0 ("30) in font nullfont!
Missing character: There is no s ("73) in font nullfont!

Overfull \hbox (11.94447pt too wide) in paragraph at lines 566--566
 \OT1/cmr/m/n/10 ^^A\OML/cmm/m/it/10 t$ 
 []

Missing character: There is no 中 ("4E2D) in font nullfont!
Missing character: There is no 继 ("7EE7) in font nullfont!
Missing character: There is no 候 ("5019) in font nullfont!
Missing character: There is no 选 ("9009) in font nullfont!
Missing character: There is no 离 ("79BB) in font nullfont!
Missing character: There is no 地 ("5730) in font nullfont!
Missing character: There is no 高 ("9AD8) in font nullfont!
Missing character: There is no 度 ("5EA6) in font nullfont!
! Misplaced alignment tab character &.
l.567     中继候选离地高度 &
                     150、225、300 m \\
I can't figure out why you would want to use a tab mark
here. If you just want an ampersand, the remedy is
simple: Just type `I\&' now. But if some right brace
up above has ended a previous alignment prematurely,
you're probably due for more error messages, and you
might try typing `S' now just to see what is salvageable.

Missing character: There is no 1 ("31) in font nullfont!
Missing character: There is no 5 ("35) in font nullfont!
Missing character: There is no 0 ("30) in font nullfont!
Missing character: There is no 、 ("3001) in font nullfont!
Missing character: There is no 2 ("32) in font nullfont!
Missing character: There is no 2 ("32) in font nullfont!
Missing character: There is no 5 ("35) in font nullfont!
Missing character: There is no 、 ("3001) in font nullfont!
Missing character: There is no 3 ("33) in font nullfont!
Missing character: There is no 0 ("30) in font nullfont!
Missing character: There is no 0 ("30) in font nullfont!
Missing character: There is no m ("6D) in font nullfont!
Missing character: There is no 单 ("5355) in font nullfont!
Missing character: There is no 架 ("67B6) in font nullfont!
Missing character: There is no 次 ("6B21) in font nullfont!
Missing character: There is no 最 ("6700) in font nullfont!
Missing character: There is no 大 ("5927) in font nullfont!
Missing character: There is no 访 ("8BBF) in font nullfont!
Missing character: There is no 问 ("95EE) in font nullfont!
Missing character: There is no 服 ("670D) in font nullfont!
Missing character: There is no 务 ("52A1) in font nullfont!
Missing character: There is no 区 ("533A) in font nullfont!
Missing character: There is no 数 ("6570) in font nullfont!
! Misplaced alignment tab character &.
l.568     单架次最大访问服务区数 &
                        4 \\
I can't figure out why you would want to use a tab mark
here. If you just want an ampersand, the remedy is
simple: Just type `I\&' now. But if some right brace
up above has ended a previous alignment prematurely,
you're probably due for more error messages, and you
might try typing `S' now just to see what is salvageable.

Missing character: There is no 4 ("34) in font nullfont!
Missing character: There is no 运 ("8FD0) in font nullfont!
Missing character: There is no 输 ("8F93) in font nullfont!
Missing character: There is no 层 ("5C42) in font nullfont!
Missing character: There is no A ("41) in font nullfont!
Missing character: There is no L ("4C) in font nullfont!
Missing character: There is no N ("4E) in font nullfont!
Missing character: There is no S ("53) in font nullfont!
Missing character: There is no 迭 ("8FED) in font nullfont!
Missing character: There is no 代 ("4EE3) in font nullfont!
Missing character: There is no 次 ("6B21) in font nullfont!
Missing character: There is no 数 ("6570) in font nullfont!
! Misplaced alignment tab character &.
l.569     运输层 ALNS 迭代次数 &
                          \QThreeTransportIter \\
I can't figure out why you would want to use a tab mark
here. If you just want an ampersand, the remedy is
simple: Just type `I\&' now. But if some right brace
up above has ended a previous alignment prematurely,
you're probably due for more error messages, and you
might try typing `S' now just to see what is salvageable.

Missing character: There is no 0 ("30) in font nullfont!
Missing character: There is no J ("4A) in font nullfont!
Missing character: There is no o ("6F) in font nullfont!
Missing character: There is no i ("69) in font nullfont!
Missing character: There is no n ("6E) in font nullfont!
Missing character: There is no t ("74) in font nullfont!
Missing character: There is no - ("2D) in font nullfont!
Missing character: There is no A ("41) in font nullfont!
Missing character: There is no L ("4C) in font nullfont!
Missing character: There is no N ("4E) in font nullfont!
Missing character: There is no S ("53) in font nullfont!
Missing character: There is no 迭 ("8FED) in font nullfont!
Missing character: There is no 代 ("4EE3) in font nullfont!
Missing character: There is no 次 ("6B21) in font nullfont!
Missing character: There is no 数 ("6570) in font nullfont!
! Misplaced alignment tab character &.
l.570     Joint-ALNS 迭代次数 &
                            \QThreeJointIter \\
I can't figure out why you would want to use a tab mark
here. If you just want an ampersand, the remedy is
simple: Just type `I\&' now. But if some right brace
up above has ended a previous alignment prematurely,
you're probably due for more error messages, and you
might try typing `S' now just to see what is salvageable.

Missing character: There is no 2 ("32) in font nullfont!
Missing character: There is no 0 ("30) in font nullfont!
Missing character: There is no 配 ("914D) in font nullfont!
Missing character: There is no 送 ("9001) in font nullfont!
Missing character: There is no 及 ("53CA) in font nullfont!
Missing character: There is no 时 ("65F6) in font nullfont!
Missing character: There is no 性 ("6027) in font nullfont!
Missing character: There is no 权 ("6743) in font nullfont!
Missing character: There is no 重 ("91CD) in font nullfont!
! Misplaced alignment tab character &.
l.571     配送及时性权重 &
                    0.45 \\
I can't figure out why you would want to use a tab mark
here. If you just want an ampersand, the remedy is
simple: Just type `I\&' now. But if some right brace
up above has ended a previous alignment prematurely,
you're probably due for more error messages, and you
might try typing `S' now just to see what is salvageable.

Missing character: There is no 0 ("30) in font nullfont!
Missing character: There is no . ("2E) in font nullfont!
Missing character: There is no 4 ("34) in font nullfont!
Missing character: There is no 5 ("35) in font nullfont!
Missing character: There is no 联 ("8054) in font nullfont!
Missing character: There is no 合 ("5408) in font nullfont!
Missing character: There is no 完 ("5B8C) in font nullfont!
Missing character: There is no 工 ("5DE5) in font nullfont!
Missing character: There is no 时 ("65F6) in font nullfont!
Missing character: There is no 间 ("95F4) in font nullfont!
Missing character: There is no 权 ("6743) in font nullfont!
Missing character: There is no 重 ("91CD) in font nullfont!
! Misplaced alignment tab character &.
l.572     联合完工时间权重 &
                     0.25 \\
I can't figure out why you would want to use a tab mark
here. If you just want an ampersand, the remedy is
simple: Just type `I\&' now. But if some right brace
up above has ended a previous alignment prematurely,
you're probably due for more error messages, and you
might try typing `S' now just to see what is salvageable.

Missing character: There is no 0 ("30) in font nullfont!
Missing character: There is no . ("2E) in font nullfont!
Missing character: There is no 2 ("32) in font nullfont!
Missing character: There is no 5 ("35) in font nullfont!
Missing character: There is no 运 ("8FD0) in font nullfont!
Missing character: There is no 输 ("8F93) in font nullfont!
Missing character: There is no 与 ("4E0E) in font nullfont!
Missing character: There is no 中 ("4E2D) in font nullfont!
Missing character: There is no 继 ("7EE7) in font nullfont!
Missing character: There is no 总 ("603B) in font nullfont!
Missing character: There is no 能 ("80FD) in font nullfont!
Missing character: There is no 耗 ("8017) in font nullfont!
Missing character: There is no 权 ("6743) in font nullfont!
Missing character: There is no 重 ("91CD) in font nullfont!
! Misplaced alignment tab character &.
l.573     运输与中继总能耗权重 &
                       0.20 \\
I can't figure out why you would want to use a tab mark
here. If you just want an ampersand, the remedy is
simple: Just type `I\&' now. But if some right brace
up above has ended a previous alignment prematurely,
you're probably due for more error messages, and you
might try typing `S' now just to see what is salvageable.

Missing character: There is no 0 ("30) in font nullfont!
Missing character: There is no . ("2E) in font nullfont!
Missing character: There is no 2 ("32) in font nullfont!
Missing character: There is no 0 ("30) in font nullfont!
Missing character: There is no 运 ("8FD0) in font nullfont!
Missing character: There is no 输 ("8F93) in font nullfont!
Missing character: There is no 与 ("4E0E) in font nullfont!
Missing character: There is no 中 ("4E2D) in font nullfont!
Missing character: There is no 继 ("7EE7) in font nullfont!
Missing character: There is no 总 ("603B) in font nullfont!
Missing character: There is no 架 ("67B6) in font nullfont!
Missing character: There is no 次 ("6B21) in font nullfont!
Missing character: There is no 数 ("6570) in font nullfont!
Missing character: There is no 权 ("6743) in font nullfont!
Missing character: There is no 重 ("91CD) in font nullfont!
! Misplaced alignment tab character &.
l.574     运输与中继总架次数权重 &
                        0.10 \\
I can't figure out why you would want to use a tab mark
here. If you just want an ampersand, the remedy is
simple: Just type `I\&' now. But if some right brace
up above has ended a previous alignment prematurely,
you're probably due for more error messages, and you
might try typing `S' now just to see what is salvageable.

Missing character: There is no 0 ("30) in font nullfont!
Missing character: There is no . ("2E) in font nullfont!
Missing character: There is no 1 ("31) in font nullfont!
Missing character: There is no 0 ("30) in font nullfont!
Missing character: There is no J ("4A) in font nullfont!
Missing character: There is no o ("6F) in font nullfont!
Missing character: There is no i ("69) in font nullfont!
Missing character: There is no n ("6E) in font nullfont!
Missing character: There is no t ("74) in font nullfont!
Missing character: There is no - ("2D) in font nullfont!
Missing character: There is no A ("41) in font nullfont!
Missing character: There is no L ("4C) in font nullfont!
Missing character: There is no N ("4E) in font nullfont!
Missing character: There is no S ("53) in font nullfont!
Missing character: There is no 初 ("521D) in font nullfont!
Missing character: There is no 始 ("59CB) in font nullfont!
Missing character: There is no 温 ("6E29) in font nullfont!
Missing character: There is no 度 ("5EA6) in font nullfont!
! Misplaced alignment tab character &.
l.575     Joint-ALNS 初始温度 &
                            0.07 \\
I can't figure out why you would want to use a tab mark
here. If you just want an ampersand, the remedy is
simple: Just type `I\&' now. But if some right brace
up above has ended a previous alignment prematurely,
you're probably due for more error messages, and you
might try typing `S' now just to see what is salvageable.

Missing character: There is no 0 ("30) in font nullfont!
Missing character: There is no . ("2E) in font nullfont!
Missing character: There is no 0 ("30) in font nullfont!
Missing character: There is no 7 ("37) in font nullfont!
Missing character: There is no J ("4A) in font nullfont!
Missing character: There is no o ("6F) in font nullfont!
Missing character: There is no i ("69) in font nullfont!
Missing character: There is no n ("6E) in font nullfont!
Missing character: There is no t ("74) in font nullfont!
Missing character: There is no - ("2D) in font nullfont!
Missing character: There is no A ("41) in font nullfont!
Missing character: There is no L ("4C) in font nullfont!
Missing character: There is no N ("4E) in font nullfont!
Missing character: There is no S ("53) in font nullfont!
Missing character: There is no 最 ("6700) in font nullfont!
Missing character: There is no 低 ("4F4E) in font nullfont!
Missing character: There is no 温 ("6E29) in font nullfont!
Missing character: There is no 度 ("5EA6) in font nullfont!
! Misplaced alignment tab character &.
l.576     Joint-ALNS 最低温度 &
                            0.004 \\
I can't figure out why you would want to use a tab mark
here. If you just want an ampersand, the remedy is
simple: Just type `I\&' now. But if some right brace
up above has ended a previous alignment prematurely,
you're probably due for more error messages, and you
might try typing `S' now just to see what is salvageable.

Missing character: There is no 0 ("30) in font nullfont!
Missing character: There is no . ("2E) in font nullfont!
Missing character: There is no 0 ("30) in font nullfont!
Missing character: There is no 0 ("30) in font nullfont!
Missing character: There is no 4 ("34) in font nullfont!
Missing character: There is no 随 ("968F) in font nullfont!
Missing character: There is no 机 ("673A) in font nullfont!
Missing character: There is no 种 ("79CD) in font nullfont!
Missing character: There is no 子 ("5B50) in font nullfont!
! Misplaced alignment tab character &.
l.577     随机种子 &
                 \QThreeSeed \\
I can't figure out why you would want to use a tab mark
here. If you just want an ampersand, the remedy is
simple: Just type `I\&' now. But if some right brace
up above has ended a previous alignment prematurely,
you're probably due for more error messages, and you
might try typing `S' now just to see what is salvageable.

Missing character: There is no 2 ("32) in font nullfont!
Missing character: There is no 0 ("30) in font nullfont!
Missing character: There is no 2 ("32) in font nullfont!
Missing character: There is no 6 ("36) in font nullfont!
Missing character: There is no 0 ("30) in font nullfont!
Missing character: There is no 9 ("39) in font nullfont!
Missing character: There is no 2 ("32) in font nullfont!
Missing character: There is no 4 ("34) in font nullfont!
! Undefined control sequence.
<recently read> \bottomrule 
                            
l.578     \bottomrule
                     
The control sequence at the end of the top line
of your error message was never \def'ed. If you have
misspelled it (e.g., `\hobx'), type `I' and the correct
spelling (e.g., `I\hbox'). Otherwise just continue,
and I'll forget about whatever was undefined.


! LaTeX Error: \begin{document} ended by \end{tabularx}.

See the LaTeX manual or LaTeX Companion for explanation.
Type  H <return>  for immediate help.
 ...                                              
                                                  
l.579   \end{tabularx}
                      
Your command was ignored.
Type  I <command> <return>  to replace it with another command,
or  <return>  to continue without it.


! LaTeX Error: \begin{document} ended by \end{table}.

See the LaTeX manual or LaTeX Companion for explanation.
Type  H <return>  for immediate help.
 ...                                              
                                                  
l.580 \end{table}
                 
Your command was ignored.
Type  I <command> <return>  to replace it with another command,
or  <return>  to continue without it.

! Undefined control sequence.
l.581 \FloatBarrier
                   
The control sequence at the end of the top line
of your error message was never \def'ed. If you have
misspelled it (e.g., `\hobx'), type `I' and the correct
spelling (e.g., `I\hbox'). Otherwise just continue,
and I'll forget about whatever was undefined.

! Undefined control sequence.
l.583 \subsection
                 {求解结果与分析}
The control sequence at the end of the top line
of your error message was never \def'ed. If you have
misspelled it (e.g., `\hobx'), type `I' and the correct
spelling (e.g., `I\hbox'). Otherwise just continue,
and I'll forget about whatever was undefined.

Missing character: There is no 求 ("6C42) in font nullfont!
Missing character: There is no 解 ("89E3) in font nullfont!
Missing character: There is no 结 ("7ED3) in font nullfont!
Missing character: There is no 果 ("679C) in font nullfont!
Missing character: There is no 与 ("4E0E) in font nullfont!
Missing character: There is no 分 ("5206) in font nullfont!
Missing character: There is no 析 ("6790) in font nullfont!

Overfull \hbox (20.0pt too wide) in paragraph at lines 583--584
[] 
 []

! Undefined control sequence.
l.585 \subsubsection
                    {总体优化结果}
The control sequence at the end of the top line
of your error message was never \def'ed. If you have
misspelled it (e.g., `\hobx'), type `I' and the correct
spelling (e.g., `I\hbox'). Otherwise just continue,
and I'll forget about whatever was undefined.

Missing character: There is no 总 ("603B) in font nullfont!
Missing character: There is no 体 ("4F53) in font nullfont!
Missing character: There is no 优 ("4F18) in font nullfont!
Missing character: There is no 化 ("5316) in font nullfont!
Missing character: There is no 结 ("7ED3) in font nullfont!
Missing character: There is no 果 ("679C) in font nullfont!

Overfull \hbox (20.0pt too wide) in paragraph at lines 585--586
[] 
 []

Missing character: There is no 首 ("9996) in font nullfont!
Missing character: There is no 先 ("5148) in font nullfont!
Missing character: There is no 通 ("901A) in font nullfont!
Missing character: There is no 过 ("8FC7) in font nullfont!
Missing character: There is no 通 ("901A) in font nullfont!
Missing character: There is no 信 ("4FE1) in font nullfont!
Missing character: There is no 冲 ("51B2) in font nullfont!
Missing character: There is no 突 ("7A81) in font nullfont!
Missing character: There is no 反 ("53CD) in font nullfont!
Missing character: There is no 馈 ("9988) in font nullfont!
Missing character: There is no 与 ("4E0E) in font nullfont!
Missing character: There is no 中 ("4E2D) in font nullfont!
Missing character: There is no 继 ("7EE7) in font nullfont!
Missing character: There is no 资 ("8D44) in font nullfont!
Missing character: There is no 源 ("6E90) in font nullfont!
Missing character: There is no 解 ("89E3) in font nullfont!
Missing character: There is no 码 ("7801) in font nullfont!
Missing character: There is no 得 ("5F97) in font nullfont!
Missing character: There is no 到 ("5230) in font nullfont!
Missing character: There is no 完 ("5B8C) in font nullfont!
Missing character: There is no 整 ("6574) in font nullfont!
Missing character: There is no 可 ("53EF) in font nullfont!
Missing character: There is no 行 ("884C) in font nullfont!
Missing character: There is no 基 ("57FA) in font nullfont!
Missing character: There is no 线 ("7EBF) in font nullfont!
Missing character: There is no 。 ("3002) in font nullfont!
Missing character: There is no 该 ("8BE5) in font nullfont!
Missing character: There is no 基 ("57FA) in font nullfont!
Missing character: There is no 线 ("7EBF) in font nullfont!
Missing character: There is no 的 ("7684) in font nullfont!
Missing character: There is no 加 ("52A0) in font nullfont!
Missing character: There is no 权 ("6743) in font nullfont!
Missing character: There is no 迟 ("8FDF) in font nullfont!
Missing character: There is no 到 ("5230) in font nullfont!
Missing character: There is no 指 ("6307) in font nullfont!
Missing character: There is no 标 ("6807) in font nullfont!
Missing character: There is no 为 ("4E3A) in font nullfont!
Missing character: There is no 1 ("31) in font nullfont!
Missing character: There is no 1 ("31) in font nullfont!
Missing character: There is no 3 ("33) in font nullfont!
Missing character: There is no 1 ("31) in font nullfont!
Missing character: There is no . ("2E) in font nullfont!
Missing character: There is no 0 ("30) in font nullfont!
Missing character: There is no 5 ("35) in font nullfont!
Missing character: There is no 4 ("34) in font nullfont!
Missing character: There is no ， ("FF0C) in font nullfont!
Missing character: There is no 联 ("8054) in font nullfont!
Missing character: There is no 合 ("5408) in font nullfont!
Missing character: There is no 任 ("4EFB) in font nullfont!
Missing character: There is no 务 ("52A1) in font nullfont!
Missing character: There is no 完 ("5B8C) in font nullfont!
Missing character: There is no 成 ("6210) in font nullfont!
Missing character: There is no 时 ("65F6) in font nullfont!
Missing character: There is no 间 ("95F4) in font nullfont!
Missing character: There is no 为 ("4E3A) in font nullfont!
Missing character: There is no 2 ("32) in font nullfont!
Missing character: There is no 6 ("36) in font nullfont!
Missing character: There is no 4 ("34) in font nullfont!
Missing character: There is no 6 ("36) in font nullfont!
Missing character: There is no 1 ("31) in font nullfont!
Missing character: There is no . ("2E) in font nullfont!
Missing character: There is no 1 ("31) in font nullfont!
Missing character: There is no 1 ("31) in font nullfont!
Missing character: There is no 2 ("32) in font nullfont!
Missing character: There is no s ("73) in font nullfont!
Missing character: There is no ， ("FF0C) in font nullfont!
Missing character: There is no 即 ("5373) in font nullfont!
Missing character: There is no 约 ("7EA6) in font nullfont!
Missing character: There is no 7 ("37) in font nullfont!
Missing character: There is no . ("2E) in font nullfont!
Missing character: There is no 3 ("33) in font nullfont!
Missing character: There is no 5 ("35) in font nullfont!
Missing character: There is no 0 ("30) in font nullfont!
Missing character: There is no h ("68) in font nullfont!
Missing character: There is no ， ("FF0C) in font nullfont!
Missing character: There is no 运 ("8FD0) in font nullfont!
Missing character: There is no 输 ("8F93) in font nullfont!
Missing character: There is no 与 ("4E0E) in font nullfont!
Missing character: There is no 中 ("4E2D) in font nullfont!
Missing character: There is no 继 ("7EE7) in font nullfont!
Missing character: There is no 总 ("603B) in font nullfont!
Missing character: There is no 能 ("80FD) in font nullfont!
Missing character: There is no 耗 ("8017) in font nullfont!
Missing character: There is no 为 ("4E3A) in font nullfont!
Missing character: There is no 9 ("39) in font nullfont!
Missing character: There is no 0 ("30) in font nullfont!
Missing character: There is no . ("2E) in font nullfont!
Missing character: There is no 7 ("37) in font nullfont!
Missing character: There is no 4 ("34) in font nullfont!
Missing character: There is no 4 ("34) in font nullfont!
Missing character: There is no k ("6B) in font nullfont!
Missing character: There is no W ("57) in font nullfont!
Missing character: There is no h ("68) in font nullfont!
Missing character: There is no ， ("FF0C) in font nullfont!
Missing character: There is no 运 ("8FD0) in font nullfont!
Missing character: There is no 输 ("8F93) in font nullfont!
Missing character: There is no 与 ("4E0E) in font nullfont!
Missing character: There is no 中 ("4E2D) in font nullfont!
Missing character: There is no 继 ("7EE7) in font nullfont!
Missing character: There is no 总 ("603B) in font nullfont!
Missing character: There is no 架 ("67B6) in font nullfont!
Missing character: There is no 次 ("6B21) in font nullfont!
Missing character: There is no 数 ("6570) in font nullfont!
Missing character: There is no 为 ("4E3A) in font nullfont!
Missing character: There is no 3 ("33) in font nullfont!
Missing character: There is no 8 ("38) in font nullfont!
Missing character: There is no 。 ("3002) in font nullfont!

Overfull \hbox (20.0pt too wide) in paragraph at lines 587--593
[]
 []

Missing character: There is no 经 ("7ECF) in font nullfont!
Missing character: There is no 过 ("8FC7) in font nullfont!
Missing character: There is no 通 ("901A) in font nullfont!
Missing character: There is no 信 ("4FE1) in font nullfont!
Missing character: There is no 感 ("611F) in font nullfont!
Missing character: There is no 知 ("77E5) in font nullfont!
Missing character: There is no J ("4A) in font nullfont!
Missing character: There is no o ("6F) in font nullfont!
Missing character: There is no i ("69) in font nullfont!
Missing character: There is no n ("6E) in font nullfont!
Missing character: There is no t ("74) in font nullfont!
Missing character: There is no - ("2D) in font nullfont!
Missing character: There is no A ("41) in font nullfont!
Missing character: There is no L ("4C) in font nullfont!
Missing character: There is no N ("4E) in font nullfont!
Missing character: There is no S ("53) in font nullfont!
Missing character: There is no 后 ("540E) in font nullfont!
Missing character: There is no ， ("FF0C) in font nullfont!
Missing character: There is no 最 ("6700) in font nullfont!
Missing character: There is no 终 ("7EC8) in font nullfont!
Missing character: There is no 加 ("52A0) in font nullfont!
Missing character: There is no 权 ("6743) in font nullfont!
Missing character: There is no 迟 ("8FDF) in font nullfont!
Missing character: There is no 到 ("5230) in font nullfont!
Missing character: There is no 指 ("6307) in font nullfont!
Missing character: There is no 标 ("6807) in font nullfont!
Missing character: There is no 降 ("964D) in font nullfont!
Missing character: There is no 至 ("81F3) in font nullfont!
Missing character: There is no 7 ("37) in font nullfont!
Missing character: There is no 5 ("35) in font nullfont!
Missing character: There is no 2 ("32) in font nullfont!
Missing character: There is no . ("2E) in font nullfont!
Missing character: There is no 9 ("39) in font nullfont!
Missing character: There is no 5 ("35) in font nullfont!
Missing character: There is no 0 ("30) in font nullfont!
Missing character: There is no ， ("FF0C) in font nullfont!
Missing character: There is no 联 ("8054) in font nullfont!
Missing character: There is no 合 ("5408) in font nullfont!
Missing character: There is no 任 ("4EFB) in font nullfont!
Missing character: There is no 务 ("52A1) in font nullfont!
Missing character: There is no 完 ("5B8C) in font nullfont!
Missing character: There is no 成 ("6210) in font nullfont!
Missing character: There is no 时 ("65F6) in font nullfont!
Missing character: There is no 间 ("95F4) in font nullfont!
Missing character: There is no 为 ("4E3A) in font nullfont!
Missing character: There is no 2 ("32) in font nullfont!
Missing character: There is no 6 ("36) in font nullfont!
Missing character: There is no 2 ("32) in font nullfont!
Missing character: There is no 4 ("34) in font nullfont!
Missing character: There is no 3 ("33) in font nullfont!
Missing character: There is no . ("2E) in font nullfont!
Missing character: There is no 8 ("38) in font nullfont!
Missing character: There is no 9 ("39) in font nullfont!
Missing character: There is no 5 ("35) in font nullfont!
Missing character: There is no s ("73) in font nullfont!
Missing character: There is no ， ("FF0C) in font nullfont!
Missing character: There is no 即 ("5373) in font nullfont!
Missing character: There is no 约 ("7EA6) in font nullfont!
Missing character: There is no 7 ("37) in font nullfont!
Missing character: There is no . ("2E) in font nullfont!
Missing character: There is no 2 ("32) in font nullfont!
Missing character: There is no 9 ("39) in font nullfont!
Missing character: There is no 0 ("30) in font nullfont!
Missing character: There is no h ("68) in font nullfont!
Missing character: There is no ； ("FF1B) in font nullfont!
Missing character: There is no 其 ("5176) in font nullfont!
Missing character: There is no 中 ("4E2D) in font nullfont!
Missing character: There is no 运 ("8FD0) in font nullfont!
Missing character: There is no 输 ("8F93) in font nullfont!
Missing character: There is no 总 ("603B) in font nullfont!
Missing character: There is no 能 ("80FD) in font nullfont!
Missing character: There is no 耗 ("8017) in font nullfont!
Missing character: There is no 为 ("4E3A) in font nullfont!
Missing character: There is no 8 ("38) in font nullfont!
Missing character: There is no 3 ("33) in font nullfont!
Missing character: There is no . ("2E) in font nullfont!
Missing character: There is no 0 ("30) in font nullfont!
Missing character: There is no 1 ("31) in font nullfont!
Missing character: There is no 5 ("35) in font nullfont!
Missing character: There is no k ("6B) in font nullfont!
Missing character: There is no W ("57) in font nullfont!
Missing character: There is no h ("68) in font nullfont!
Missing character: There is no ， ("FF0C) in font nullfont!
Missing character: There is no 中 ("4E2D) in font nullfont!
Missing character: There is no 继 ("7EE7) in font nullfont!
Missing character: There is no 总 ("603B) in font nullfont!
Missing character: There is no 能 ("80FD) in font nullfont!
Missing character: There is no 耗 ("8017) in font nullfont!
Missing character: There is no 为 ("4E3A) in font nullfont!
Missing character: There is no 7 ("37) in font nullfont!
Missing character: There is no . ("2E) in font nullfont!
Missing character: There is no 0 ("30) in font nullfont!
Missing character: There is no 6 ("36) in font nullfont!
Missing character: There is no 0 ("30) in font nullfont!
Missing character: There is no k ("6B) in font nullfont!
Missing character: There is no W ("57) in font nullfont!
Missing character: There is no h ("68) in font nullfont!
Missing character: There is no ， ("FF0C) in font nullfont!
Missing character: There is no 合 ("5408) in font nullfont!
Missing character: There is no 计 ("8BA1) in font nullfont!
Missing character: There is no 9 ("39) in font nullfont!
Missing character: There is no 0 ("30) in font nullfont!
Missing character: There is no . ("2E) in font nullfont!
Missing character: There is no 0 ("30) in font nullfont!
Missing character: There is no 7 ("37) in font nullfont!
Missing character: There is no 5 ("35) in font nullfont!
Missing character: There is no k ("6B) in font nullfont!
Missing character: There is no W ("57) in font nullfont!
Missing character: There is no h ("68) in font nullfont!
Missing character: There is no 。 ("3002) in font nullfont!
Missing character: There is no 最 ("6700) in font nullfont!
Missing character: There is no 终 ("7EC8) in font nullfont!
Missing character: There is no 共 ("5171) in font nullfont!
Missing character: There is no 包 ("5305) in font nullfont!
Missing character: There is no 含 ("542B) in font nullfont!
Missing character: There is no 2 ("32) in font nullfont!
Missing character: There is no 5 ("35) in font nullfont!
Missing character: There is no 个 ("4E2A) in font nullfont!
Missing character: There is no 运 ("8FD0) in font nullfont!
Missing character: There is no 输 ("8F93) in font nullfont!
Missing character: There is no 架 ("67B6) in font nullfont!
Missing character: There is no 次 ("6B21) in font nullfont!
Missing character: There is no 和 ("548C) in font nullfont!
Missing character: There is no 1 ("31) in font nullfont!
Missing character: There is no 3 ("33) in font nullfont!
Missing character: There is no 个 ("4E2A) in font nullfont!
Missing character: There is no 中 ("4E2D) in font nullfont!
Missing character: There is no 继 ("7EE7) in font nullfont!
Missing character: There is no 架 ("67B6) in font nullfont!
Missing character: There is no 次 ("6B21) in font nullfont!
Missing character: There is no ， ("FF0C) in font nullfont!
Missing character: There is no 总 ("603B) in font nullfont!
Missing character: There is no 架 ("67B6) in font nullfont!
Missing character: There is no 次 ("6B21) in font nullfont!
Missing character: There is no 数 ("6570) in font nullfont!
Missing character: There is no 为 ("4E3A) in font nullfont!
Missing character: There is no 3 ("33) in font nullfont!
Missing character: There is no 8 ("38) in font nullfont!
Missing character: There is no ， ("FF0C) in font nullfont!
Missing character: There is no 硬 ("786C) in font nullfont!
Missing character: There is no 时 ("65F6) in font nullfont!
Missing character: There is no 限 ("9650) in font nullfont!
Missing character: There is no 违 ("8FDD) in font nullfont!
Missing character: There is no 反 ("53CD) in font nullfont!
Missing character: There is no 数 ("6570) in font nullfont!
Missing character: There is no 为 ("4E3A) in font nullfont!
Missing character: There is no 0 ("30) in font nullfont!
Missing character: There is no ， ("FF0C) in font nullfont!
Missing character: There is no 通 ("901A) in font nullfont!
Missing character: There is no 信 ("4FE1) in font nullfont!
Missing character: There is no 中 ("4E2D) in font nullfont!
Missing character: There is no 断 ("65AD) in font nullfont!
Missing character: There is no 采 ("91C7) in font nullfont!
Missing character: There is no 样 ("6837) in font nullfont!
Missing character: There is no 点 ("70B9) in font nullfont!
Missing character: There is no 数 ("6570) in font nullfont!
Missing character: There is no 为 ("4E3A) in font nullfont!
Missing character: There is no 0 ("30) in font nullfont!
Missing character: There is no 。 ("3002) in font nullfont!

Overfull \hbox (20.0pt too wide) in paragraph at lines 594--605
[]
 []


! LaTeX Error: Environment table undefined.

See the LaTeX manual or LaTeX Companion for explanation.
Type  H <return>  for immediate help.
 ...                                              
                                                  
l.606 \begin{table}
                   [htbp]
Your command was ignored.
Type  I <command> <return>  to replace it with another command,
or  <return>  to continue without it.

Missing character: There is no [ ("5B) in font nullfont!
Missing character: There is no h ("68) in font nullfont!
Missing character: There is no t ("74) in font nullfont!
Missing character: There is no b ("62) in font nullfont!
Missing character: There is no p ("70) in font nullfont!
Missing character: There is no ] ("5D) in font nullfont!

! LaTeX Error: \caption outside float.

See the LaTeX manual or LaTeX Companion for explanation.
Type  H <return>  for immediate help.
 ...                                              
                                                  
l.608   \caption
                {问题三通信联合修复基线与 Joint-ALNS 方案对比}
You're in trouble here.  Try typing  <return>  to proceed.
If that doesn't work, type  X <return>  to quit.

Missing character: There is no 问 ("95EE) in font nullfont!
Missing character: There is no 题 ("9898) in font nullfont!
Missing character: There is no 三 ("4E09) in font nullfont!
Missing character: There is no 通 ("901A) in font nullfont!
Missing character: There is no 信 ("4FE1) in font nullfont!
Missing character: There is no 联 ("8054) in font nullfont!
Missing character: There is no 合 ("5408) in font nullfont!
Missing character: There is no 修 ("4FEE) in font nullfont!
Missing character: There is no 复 ("590D) in font nullfont!
Missing character: There is no 基 ("57FA) in font nullfont!
Missing character: There is no 线 ("7EBF) in font nullfont!
Missing character: There is no 与 ("4E0E) in font nullfont!
Missing character: There is no J ("4A) in font nullfont!
Missing character: There is no o ("6F) in font nullfont!
Missing character: There is no i ("69) in font nullfont!
Missing character: There is no n ("6E) in font nullfont!
Missing character: There is no t ("74) in font nullfont!
Missing character: There is no - ("2D) in font nullfont!
Missing character: There is no A ("41) in font nullfont!
Missing character: There is no L ("4C) in font nullfont!
Missing character: There is no N ("4E) in font nullfont!
Missing character: There is no S ("53) in font nullfont!
Missing character: There is no 方 ("65B9) in font nullfont!
Missing character: There is no 案 ("6848) in font nullfont!
Missing character: There is no 对 ("5BF9) in font nullfont!
Missing character: There is no 比 ("6BD4) in font nullfont!
! Undefined control sequence.
l.610   \resizebox
                  {\linewidth}{!}{
The control sequence at the end of the top line
of your error message was never \def'ed. If you have
misspelled it (e.g., `\hobx'), type `I' and the correct
spelling (e.g., `I\hbox'). Otherwise just continue,
and I'll forget about whatever was undefined.

! Missing number, treated as zero.
<to be read again> 
                   }
l.610   \resizebox{\linewidth}
                              {!}{
A number should have been here; I inserted `0'.
(If you can't figure out why I needed to see a number,
look up `weird error' in the index to The TeXbook.)

! Illegal unit of measure (pt inserted).
<to be read again> 
                   }
l.610   \resizebox{\linewidth}
                              {!}{
Dimensions can be in units of em, ex, in, pt, pc,
cm, mm, dd, cc, bp, or sp; but yours is a new one!
I'll assume that you meant to say pt, for printer's points.
To recover gracefully from this error, it's best to
delete the erroneous units; e.g., type `2' to delete
two letters. (See Chapter 27 of The TeXbook.)

Missing character: There is no ! ("21) in font nullfont!
! Undefined control sequence.
l.612     \toprule
                  
The control sequence at the end of the top line
of your error message was never \def'ed. If you have
misspelled it (e.g., `\hobx'), type `I' and the correct
spelling (e.g., `I\hbox'). Otherwise just continue,
and I'll forget about whatever was undefined.

Missing character: There is no 方 ("65B9) in font nullfont!
Missing character: There is no 案 ("6848) in font nullfont!
Missing character: There is no 加 ("52A0) in font nullfont!
Missing character: There is no 权 ("6743) in font nullfont!
Missing character: There is no 迟 ("8FDF) in font nullfont!
Missing character: There is no 到 ("5230) in font nullfont!
Missing character: There is no 指 ("6307) in font nullfont!
Missing character: There is no 标 ("6807) in font nullfont!
Missing character: There is no 联 ("8054) in font nullfont!
Missing character: There is no 合 ("5408) in font nullfont!
Missing character: There is no 完 ("5B8C) in font nullfont!
Missing character: There is no 成 ("6210) in font nullfont!
Missing character: There is no 时 ("65F6) in font nullfont!
Missing character: There is no 间 ("95F4) in font nullfont!
Missing character: There is no / ("2F) in font nullfont!
Missing character: There is no s ("73) in font nullfont!
Missing character: There is no 总 ("603B) in font nullfont!
Missing character: There is no 能 ("80FD) in font nullfont!
Missing character: There is no 耗 ("8017) in font nullfont!
Missing character: There is no / ("2F) in font nullfont!
Missing character: There is no k ("6B) in font nullfont!
Missing character: There is no W ("57) in font nullfont!
Missing character: There is no h ("68) in font nullfont!
Missing character: There is no 总 ("603B) in font nullfont!
Missing character: There is no 架 ("67B6) in font nullfont!
Missing character: There is no 次 ("6B21) in font nullfont!
Missing character: There is no 数 ("6570) in font nullfont!
Missing character: There is no 通 ("901A) in font nullfont!
Missing character: There is no 信 ("4FE1) in font nullfont!
Missing character: There is no 中 ("4E2D) in font nullfont!
Missing character: There is no 断 ("65AD) in font nullfont!
Missing character: There is no 采 ("91C7) in font nullfont!
Missing character: There is no 样 ("6837) in font nullfont!
Missing character: There is no 点 ("70B9) in font nullfont!
! Undefined control sequence.
<recently read> \midrule 
                         
l.614     \midrule
                  
The control sequence at the end of the top line
of your error message was never \def'ed. If you have
misspelled it (e.g., `\hobx'), type `I' and the correct
spelling (e.g., `I\hbox'). Otherwise just continue,
and I'll forget about whatever was undefined.

Missing character: There is no 通 ("901A) in font nullfont!
Missing character: There is no 信 ("4FE1) in font nullfont!
Missing character: There is no 联 ("8054) in font nullfont!
Missing character: There is no 合 ("5408) in font nullfont!
Missing character: There is no 修 ("4FEE) in font nullfont!
Missing character: There is no 复 ("590D) in font nullfont!
Missing character: There is no 基 ("57FA) in font nullfont!
Missing character: There is no 线 ("7EBF) in font nullfont!
Missing character: There is no 1 ("31) in font nullfont!
Missing character: There is no 1 ("31) in font nullfont!
Missing character: There is no 3 ("33) in font nullfont!
Missing character: There is no 1 ("31) in font nullfont!
Missing character: There is no . ("2E) in font nullfont!
Missing character: There is no 0 ("30) in font nullfont!
Missing character: There is no 5 ("35) in font nullfont!
Missing character: There is no 4 ("34) in font nullfont!
Missing character: There is no 2 ("32) in font nullfont!
Missing character: There is no 6 ("36) in font nullfont!
Missing character: There is no 4 ("34) in font nullfont!
Missing character: There is no 6 ("36) in font nullfont!
Missing character: There is no 1 ("31) in font nullfont!
Missing character: There is no . ("2E) in font nullfont!
Missing character: There is no 1 ("31) in font nullfont!
Missing character: There is no 1 ("31) in font nullfont!
Missing character: There is no 2 ("32) in font nullfont!
Missing character: There is no 9 ("39) in font nullfont!
Missing character: There is no 0 ("30) in font nullfont!
Missing character: There is no . ("2E) in font nullfont!
Missing character: There is no 7 ("37) in font nullfont!
Missing character: There is no 4 ("34) in font nullfont!
Missing character: There is no 4 ("34) in font nullfont!
Missing character: There is no 3 ("33) in font nullfont!
Missing character: There is no 8 ("38) in font nullfont!
Missing character: There is no 0 ("30) in font nullfont!
Missing character: There is no J ("4A) in font nullfont!
Missing character: There is no o ("6F) in font nullfont!
Missing character: There is no i ("69) in font nullfont!
Missing character: There is no n ("6E) in font nullfont!
Missing character: There is no t ("74) in font nullfont!
Missing character: There is no - ("2D) in font nullfont!
Missing character: There is no A ("41) in font nullfont!
Missing character: There is no L ("4C) in font nullfont!
Missing character: There is no N ("4E) in font nullfont!
Missing character: There is no S ("53) in font nullfont!
Missing character: There is no 方 ("65B9) in font nullfont!
Missing character: There is no 案 ("6848) in font nullfont!
Missing character: There is no 7 ("37) in font nullfont!
Missing character: There is no 5 ("35) in font nullfont!
Missing character: There is no 2 ("32) in font nullfont!
Missing character: There is no . ("2E) in font nullfont!
Missing character: There is no 9 ("39) in font nullfont!
Missing character: There is no 5 ("35) in font nullfont!
Missing character: There is no 0 ("30) in font nullfont!
Missing character: There is no 2 ("32) in font nullfont!
Missing character: There is no 6 ("36) in font nullfont!
Missing character: There is no 2 ("32) in font nullfont!
Missing character: There is no 4 ("34) in font nullfont!
Missing character: There is no 3 ("33) in font nullfont!
Missing character: There is no . ("2E) in font nullfont!
Missing character: There is no 8 ("38) in font nullfont!
Missing character: There is no 9 ("39) in font nullfont!
Missing character: There is no 5 ("35) in font nullfont!
Missing character: There is no 9 ("39) in font nullfont!
Missing character: There is no 0 ("30) in font nullfont!
Missing character: There is no . ("2E) in font nullfont!
Missing character: There is no 0 ("30) in font nullfont!
Missing character: There is no 7 ("37) in font nullfont!
Missing character: There is no 5 ("35) in font nullfont!
Missing character: There is no 3 ("33) in font nullfont!
Missing character: There is no 8 ("38) in font nullfont!
Missing character: There is no 0 ("30) in font nullfont!
! Undefined control sequence.
<recently read> \midrule 
                         
l.619     \midrule
                  
The control sequence at the end of the top line
of your error message was never \def'ed. If you have
misspelled it (e.g., `\hobx'), type `I' and the correct
spelling (e.g., `I\hbox'). Otherwise just continue,
and I'll forget about whatever was undefined.

Missing character: There is no 改 ("6539) in font nullfont!
Missing character: There is no 善 ("5584) in font nullfont!
Missing character: There is no 幅 ("5E45) in font nullfont!
Missing character: There is no 度 ("5EA6) in font nullfont!
Missing character: There is no 3 ("33) in font nullfont!
Missing character: There is no 3 ("33) in font nullfont!
Missing character: There is no . ("2E) in font nullfont!
Missing character: There is no 4 ("34) in font nullfont!
Missing character: There is no 3 ("33) in font nullfont!
Missing character: There is no % ("25) in font nullfont!
Missing character: There is no 0 ("30) in font nullfont!
Missing character: There is no . ("2E) in font nullfont!
Missing character: There is no 8 ("38) in font nullfont!
Missing character: There is no 2 ("32) in font nullfont!
Missing character: There is no % ("25) in font nullfont!
Missing character: There is no 0 ("30) in font nullfont!
Missing character: There is no . ("2E) in font nullfont!
Missing character: There is no 7 ("37) in font nullfont!
Missing character: There is no 4 ("34) in font nullfont!
Missing character: There is no % ("25) in font nullfont!
Missing character: There is no 0 ("30) in font nullfont!
Missing character: There is no - ("2D) in font nullfont!
Missing character: There is no - ("2D) in font nullfont!
! Undefined control sequence.
<recently read> \bottomrule 
                            
l.622     \bottomrule
                     
The control sequence at the end of the top line
of your error message was never \def'ed. If you have
misspelled it (e.g., `\hobx'), type `I' and the correct
spelling (e.g., `I\hbox'). Otherwise just continue,
and I'll forget about whatever was undefined.


! LaTeX Error: \begin{document} ended by \end{table}.

See the LaTeX manual or LaTeX Companion for explanation.
Type  H <return>  for immediate help.
 ...                                              
                                                  
l.624 \end{table}
                 
Your command was ignored.
Type  I <command> <return>  to replace it with another command,
or  <return>  to continue without it.

! Undefined control sequence.
l.625 \FloatBarrier
                   
The control sequence at the end of the top line
of your error message was never \def'ed. If you have
misspelled it (e.g., `\hobx'), type `I' and the correct
spelling (e.g., `I\hbox'). Otherwise just continue,
and I'll forget about whatever was undefined.


Overfull \hbox (20.0pt too wide) in paragraph at lines 606--626
[]
 []

Missing character: There is no 由 ("7531) in font nullfont!
Missing character: There is no 表 ("8868) in font nullfont!
! Undefined control sequence.
<write> ...ab:q3-result-summary' on page \thepage 
                                                  \space undefined\on@line .^^J
l.627 由表~\ref{tab:q3-result-summary}
                                     可见，
The control sequence at the end of the top line
of your error message was never \def'ed. If you have
misspelled it (e.g., `\hobx'), type `I' and the correct
spelling (e.g., `I\hbox'). Otherwise just continue,
and I'll forget about whatever was undefined.


LaTeX Warning: Reference `tab:q3-result-summary' on page  undefined on input li
ne 627.

Missing character: There is no 可 ("53EF) in font nullfont!
Missing character: There is no 见 ("89C1) in font nullfont!
Missing character: There is no ， ("FF0C) in font nullfont!
Missing character: There is no J ("4A) in font nullfont!
Missing character: There is no o ("6F) in font nullfont!
Missing character: There is no i ("69) in font nullfont!
Missing character: There is no n ("6E) in font nullfont!
Missing character: There is no t ("74) in font nullfont!
Missing character: There is no - ("2D) in font nullfont!
Missing character: There is no A ("41) in font nullfont!
Missing character: There is no L ("4C) in font nullfont!
Missing character: There is no N ("4E) in font nullfont!
Missing character: There is no S ("53) in font nullfont!
Missing character: There is no 在 ("5728) in font nullfont!
Missing character: There is no 保 ("4FDD) in font nullfont!
Missing character: There is no 持 ("6301) in font nullfont!
Missing character: There is no 运 ("8FD0) in font nullfont!
Missing character: There is no 输 ("8F93) in font nullfont!
Missing character: There is no 架 ("67B6) in font nullfont!
Missing character: There is no 次 ("6B21) in font nullfont!
Missing character: There is no 和 ("548C) in font nullfont!
Missing character: There is no 中 ("4E2D) in font nullfont!
Missing character: There is no 继 ("7EE7) in font nullfont!
Missing character: There is no 架 ("67B6) in font nullfont!
Missing character: There is no 次 ("6B21) in font nullfont!
Missing character: There is no 数 ("6570) in font nullfont!
Missing character: There is no 不 ("4E0D) in font nullfont!
Missing character: There is no 增 ("589E) in font nullfont!
Missing character: There is no 加 ("52A0) in font nullfont!
Missing character: There is no 的 ("7684) in font nullfont!
Missing character: There is no 条 ("6761) in font nullfont!
Missing character: There is no 件 ("4EF6) in font nullfont!
Missing character: There is no 下 ("4E0B) in font nullfont!
Missing character: There is no ， ("FF0C) in font nullfont!
Missing character: There is no 使 ("4F7F) in font nullfont!
Missing character: There is no 加 ("52A0) in font nullfont!
Missing character: There is no 权 ("6743) in font nullfont!
Missing character: There is no 迟 ("8FDF) in font nullfont!
Missing character: There is no 到 ("5230) in font nullfont!
Missing character: There is no 指 ("6307) in font nullfont!
Missing character: There is no 标 ("6807) in font nullfont!
Missing character: There is no 降 ("964D) in font nullfont!
Missing character: There is no 低 ("4F4E) in font nullfont!
Missing character: There is no 约 ("7EA6) in font nullfont!
Missing character: There is no 3 ("33) in font nullfont!
Missing character: There is no 3 ("33) in font nullfont!
Missing character: There is no . ("2E) in font nullfont!
Missing character: There is no 4 ("34) in font nullfont!
Missing character: There is no 3 ("33) in font nullfont!
Missing character: There is no % ("25) in font nullfont!
Missing character: There is no ， ("FF0C) in font nullfont!
Missing character: There is no 联 ("8054) in font nullfont!
Missing character: There is no 合 ("5408) in font nullfont!
Missing character: There is no 完 ("5B8C) in font nullfont!
Missing character: There is no 工 ("5DE5) in font nullfont!
Missing character: There is no 时 ("65F6) in font nullfont!
Missing character: There is no 间 ("95F4) in font nullfont!
Missing character: There is no 缩 ("7F29) in font nullfont!
Missing character: There is no 短 ("77ED) in font nullfont!
Missing character: There is no 约 ("7EA6) in font nullfont!
Missing character: There is no 0 ("30) in font nullfont!
Missing character: There is no . ("2E) in font nullfont!
Missing character: There is no 8 ("38) in font nullfont!
Missing character: There is no 2 ("32) in font nullfont!
Missing character: There is no % ("25) in font nullfont!
Missing character: There is no ， ("FF0C) in font nullfont!
Missing character: There is no 总 ("603B) in font nullfont!
Missing character: There is no 能 ("80FD) in font nullfont!
Missing character: There is no 耗 ("8017) in font nullfont!
Missing character: There is no 下 ("4E0B) in font nullfont!
Missing character: There is no 降 ("964D) in font nullfont!
Missing character: There is no 约 ("7EA6) in font nullfont!
Missing character: There is no 0 ("30) in font nullfont!
Missing character: There is no . ("2E) in font nullfont!
Missing character: There is no 7 ("37) in font nullfont!
Missing character: There is no 4 ("34) in font nullfont!
Missing character: There is no % ("25) in font nullfont!
Missing character: There is no 。 ("3002) in font nullfont!
Missing character: There is no 归 ("5F52) in font nullfont!
Missing character: There is no 一 ("4E00) in font nullfont!
Missing character: There is no 化 ("5316) in font nullfont!
Missing character: There is no 联 ("8054) in font nullfont!
Missing character: There is no 合 ("5408) in font nullfont!
Missing character: There is no 目 ("76EE) in font nullfont!
Missing character: There is no 标 ("6807) in font nullfont!
Missing character: There is no 由 ("7531) in font nullfont!
Missing character: There is no 1 ("31) in font nullfont!
Missing character: There is no . ("2E) in font nullfont!
Missing character: There is no 0 ("30) in font nullfont!
Missing character: There is no 0 ("30) in font nullfont!
Missing character: There is no 0 ("30) in font nullfont!
Missing character: There is no 0 ("30) in font nullfont!
Missing character: There is no 0 ("30) in font nullfont!
Missing character: There is no 0 ("30) in font nullfont!
Missing character: There is no 降 ("964D) in font nullfont!
Missing character: There is no 至 ("81F3) in font nullfont!
Missing character: There is no 0 ("30) in font nullfont!
Missing character: There is no . ("2E) in font nullfont!
Missing character: There is no 8 ("38) in font nullfont!
Missing character: There is no 4 ("34) in font nullfont!
Missing character: There is no 6 ("36) in font nullfont!
Missing character: There is no 0 ("30) in font nullfont!
Missing character: There is no 4 ("34) in font nullfont!
Missing character: There is no 1 ("31) in font nullfont!
Missing character: There is no ， ("FF0C) in font nullfont!
Missing character: There is no 总 ("603B) in font nullfont!
Missing character: There is no 体 ("4F53) in font nullfont!
Missing character: There is no 下 ("4E0B) in font nullfont!
Missing character: There is no 降 ("964D) in font nullfont!
Missing character: There is no 约 ("7EA6) in font nullfont!
Missing character: There is no 1 ("31) in font nullfont!
Missing character: There is no 5 ("35) in font nullfont!
Missing character: There is no . ("2E) in font nullfont!
Missing character: There is no 4 ("34) in font nullfont!
Missing character: There is no 0 ("30) in font nullfont!
Missing character: There is no % ("25) in font nullfont!
Missing character: There is no 。 ("3002) in font nullfont!

Overfull \hbox (30.86pt too wide) in paragraph at lines 627--634
[] []
 []

Missing character: There is no 架 ("67B6) in font nullfont!
Missing character: There is no 次 ("6B21) in font nullfont!
Missing character: There is no 数 ("6570) in font nullfont!
Missing character: There is no 没 ("6CA1) in font nullfont!
Missing character: There is no 有 ("6709) in font nullfont!
Missing character: There is no 继 ("7EE7) in font nullfont!
Missing character: There is no 续 ("7EED) in font nullfont!
Missing character: There is no 下 ("4E0B) in font nullfont!
Missing character: There is no 降 ("964D) in font nullfont!
Missing character: There is no 并 ("5E76) in font nullfont!
Missing character: There is no 不 ("4E0D) in font nullfont!
Missing character: There is no 意 ("610F) in font nullfont!
Missing character: There is no 味 ("5473) in font nullfont!
Missing character: There is no 着 ("7740) in font nullfont!
Missing character: There is no 结 ("7ED3) in font nullfont!
Missing character: There is no 构 ("6784) in font nullfont!
Missing character: There is no 优 ("4F18) in font nullfont!
Missing character: There is no 化 ("5316) in font nullfont!
Missing character: There is no 无 ("65E0) in font nullfont!
Missing character: There is no 效 ("6548) in font nullfont!
Missing character: There is no 。 ("3002) in font nullfont!
Missing character: There is no 本 ("672C) in font nullfont!
Missing character: There is no 题 ("9898) in font nullfont!
Missing character: There is no 只 ("53EA) in font nullfont!
Missing character: There is no 有 ("6709) in font nullfont!
Missing character: There is no 两 ("4E24) in font nullfont!
Missing character: There is no 架 ("67B6) in font nullfont!
Missing character: There is no 中 ("4E2D) in font nullfont!
Missing character: There is no 继 ("7EE7) in font nullfont!
Missing character: There is no 无 ("65E0) in font nullfont!
Missing character: There is no 人 ("4EBA) in font nullfont!
Missing character: There is no 机 ("673A) in font nullfont!
Missing character: There is no ， ("FF0C) in font nullfont!
Missing character: There is no 运 ("8FD0) in font nullfont!
Missing character: There is no 输 ("8F93) in font nullfont!
Missing character: There is no 路 ("8DEF) in font nullfont!
Missing character: There is no 线 ("7EBF) in font nullfont!
Missing character: There is no 合 ("5408) in font nullfont!
Missing character: There is no 并 ("5E76) in font nullfont!
Missing character: There is no 过 ("8FC7) in font nullfont!
Missing character: There is no 度 ("5EA6) in font nullfont!
Missing character: There is no 可 ("53EF) in font nullfont!
Missing character: There is no 能 ("80FD) in font nullfont!
Missing character: There is no 导 ("5BFC) in font nullfont!
Missing character: There is no 致 ("81F4) in font nullfont!
Missing character: There is no 多 ("591A) in font nullfont!
Missing character: There is no 个 ("4E2A) in font nullfont!
Missing character: There is no 空 ("7A7A) in font nullfont!
Missing character: There is no 间 ("95F4) in font nullfont!
Missing character: There is no 通 ("901A) in font nullfont!
Missing character: There is no 信 ("4FE1) in font nullfont!
Missing character: There is no 盲 ("76F2) in font nullfont!
Missing character: There is no 区 ("533A) in font nullfont!
Missing character: There is no 在 ("5728) in font nullfont!
Missing character: There is no 时 ("65F6) in font nullfont!
Missing character: There is no 间 ("95F4) in font nullfont!
Missing character: There is no 上 ("4E0A) in font nullfont!
Missing character: There is no 同 ("540C) in font nullfont!
Missing character: There is no 时 ("65F6) in font nullfont!
Missing character: There is no 出 ("51FA) in font nullfont!
Missing character: There is no 现 ("73B0) in font nullfont!
Missing character: There is no ， ("FF0C) in font nullfont!
Missing character: There is no 反 ("53CD) in font nullfont!
Missing character: There is no 而 ("800C) in font nullfont!
Missing character: There is no 使 ("4F7F) in font nullfont!
Missing character: There is no 中 ("4E2D) in font nullfont!
Missing character: There is no 继 ("7EE7) in font nullfont!
Missing character: There is no 系 ("7CFB) in font nullfont!
Missing character: There is no 统 ("7EDF) in font nullfont!
Missing character: There is no 无 ("65E0) in font nullfont!
Missing character: There is no 法 ("6CD5) in font nullfont!
Missing character: There is no 覆 ("8986) in font nullfont!
Missing character: There is no 盖 ("76D6) in font nullfont!
Missing character: There is no 。 ("3002) in font nullfont!
Missing character: There is no 因 ("56E0) in font nullfont!
Missing character: There is no 此 ("6B64) in font nullfont!
Missing character: There is no ， ("FF0C) in font nullfont!
Missing character: There is no 最 ("6700) in font nullfont!
Missing character: There is no 终 ("7EC8) in font nullfont!
Missing character: There is no 算 ("7B97) in font nullfont!
Missing character: There is no 法 ("6CD5) in font nullfont!
Missing character: There is no 主 ("4E3B) in font nullfont!
Missing character: There is no 要 ("8981) in font nullfont!
Missing character: There is no 通 ("901A) in font nullfont!
Missing character: There is no 过 ("8FC7) in font nullfont!
Missing character: There is no “ ("201C) in font nullfont!
Missing character: There is no 把 (U+628A) in font [lmroman10-bold]:mapping=tex-
text;!
Missing character: There is no 晚 (U+665A) in font [lmroman10-bold]:mapping=tex-
text;!
Missing character: There is no 期 (U+671F) in font [lmroman10-bold]:mapping=tex-
text;!
Missing character: There is no 普 (U+666E) in font [lmroman10-bold]:mapping=tex-
text;!
Missing character: There is no 通 (U+901A) in font [lmroman10-bold]:mapping=tex-
text;!
Missing character: There is no 货 (U+8D27) in font [lmroman10-bold]:mapping=tex-
text;!
Missing character: There is no 箱 (U+7BB1) in font [lmroman10-bold]:mapping=tex-
text;!
Missing character: There is no 迁 (U+8FC1) in font [lmroman10-bold]:mapping=tex-
text;!
Missing character: There is no 移 (U+79FB) in font [lmroman10-bold]:mapping=tex-
text;!
Missing character: There is no 至 (U+81F3) in font [lmroman10-bold]:mapping=tex-
text;!
Missing character: There is no 已 (U+5DF2) in font [lmroman10-bold]:mapping=tex-
text;!
Missing character: There is no 有 (U+6709) in font [lmroman10-bold]:mapping=tex-
text;!
Missing character: There is no 同 (U+540C) in font [lmroman10-bold]:mapping=tex-
text;!
Missing character: There is no 服 (U+670D) in font [lmroman10-bold]:mapping=tex-
text;!
Missing character: There is no 务 (U+52A1) in font [lmroman10-bold]:mapping=tex-
text;!
Missing character: There is no 区 (U+533A) in font [lmroman10-bold]:mapping=tex-
text;!
Missing character: There is no 的 (U+7684) in font [lmroman10-bold]:mapping=tex-
text;!
Missing character: There is no 较 (U+8F83) in font [lmroman10-bold]:mapping=tex-
text;!
Missing character: There is no 早 (U+65E9) in font [lmroman10-bold]:mapping=tex-
text;!
Missing character: There is no 架 (U+67B6) in font [lmroman10-bold]:mapping=tex-
text;!
Missing character: There is no 次 (U+6B21) in font [lmroman10-bold]:mapping=tex-
text;!
Missing character: There is no ” ("201D) in font nullfont!
Missing character: There is no 改 ("6539) in font nullfont!
Missing character: There is no 善 ("5584) in font nullfont!
Missing character: There is no 配 ("914D) in font nullfont!
Missing character: There is no 送 ("9001) in font nullfont!
Missing character: There is no 及 ("53CA) in font nullfont!
Missing character: There is no 时 ("65F6) in font nullfont!
Missing character: There is no 性 ("6027) in font nullfont!
Missing character: There is no ， ("FF0C) in font nullfont!
Missing character: There is no 并 ("5E76) in font nullfont!
Missing character: There is no 在 ("5728) in font nullfont!
Missing character: There is no 不 ("4E0D) in font nullfont!
Missing character: There is no 增 ("589E) in font nullfont!
Missing character: There is no 加 ("52A0) in font nullfont!
Missing character: There is no 通 ("901A) in font nullfont!
Missing character: There is no 信 ("4FE1) in font nullfont!
Missing character: There is no 空 ("7A7A) in font nullfont!
Missing character: There is no 间 ("95F4) in font nullfont!
Missing character: There is no 复 ("590D) in font nullfont!
Missing character: There is no 杂 ("6742) in font nullfont!
Missing character: There is no 度 ("5EA6) in font nullfont!
Missing character: There is no 的 ("7684) in font nullfont!
Missing character: There is no 前 ("524D) in font nullfont!
Missing character: There is no 提 ("63D0) in font nullfont!
Missing character: There is no 下 ("4E0B) in font nullfont!
Missing character: There is no 降 ("964D) in font nullfont!
Missing character: There is no 低 ("4F4E) in font nullfont!
Missing character: There is no 后 ("540E) in font nullfont!
Missing character: There is no 续 ("7EED) in font nullfont!
Missing character: There is no 中 ("4E2D) in font nullfont!
Missing character: There is no 继 ("7EE7) in font nullfont!
Missing character: There is no 负 ("8D1F) in font nullfont!
Missing character: There is no 担 ("62C5) in font nullfont!
Missing character: There is no 。 ("3002) in font nullfont!
Missing character: There is no 这 ("8FD9) in font nullfont!
Missing character: There is no 说 ("8BF4) in font nullfont!
Missing character: There is no 明 ("660E) in font nullfont!
Missing character: There is no 问 ("95EE) in font nullfont!
Missing character: There is no 题 ("9898) in font nullfont!
Missing character: There is no 三 ("4E09) in font nullfont!
Missing character: There is no 的 ("7684) in font nullfont!
Missing character: There is no 最 ("6700) in font nullfont!
Missing character: There is no 优 ("4F18) in font nullfont!
Missing character: There is no 方 ("65B9) in font nullfont!
Missing character: There is no 向 ("5411) in font nullfont!
Missing character: There is no 并 ("5E76) in font nullfont!
Missing character: There is no 非 ("975E) in font nullfont!
Missing character: There is no 单 ("5355) in font nullfont!
Missing character: There is no 纯 ("7EAF) in font nullfont!
Missing character: There is no 追 ("8FFD) in font nullfont!
Missing character: There is no 求 ("6C42) in font nullfont!
Missing character: There is no 更 ("66F4) in font nullfont!
Missing character: There is no 少 ("5C11) in font nullfont!
Missing character: There is no 运 ("8FD0) in font nullfont!
Missing character: There is no 输 ("8F93) in font nullfont!
Missing character: There is no 架 ("67B6) in font nullfont!
Missing character: There is no 次 ("6B21) in font nullfont!
Missing character: There is no ， ("FF0C) in font nullfont!
Missing character: There is no 而 ("800C) in font nullfont!
Missing character: There is no 是 ("662F) in font nullfont!
Missing character: There is no 需 ("9700) in font nullfont!
Missing character: There is no 要 ("8981) in font nullfont!
Missing character: There is no 在 ("5728) in font nullfont!
Missing character: There is no 运 ("8FD0) in font nullfont!
Missing character: There is no 输 ("8F93) in font nullfont!
Missing character: There is no 效 ("6548) in font nullfont!
Missing character: There is no 率 ("7387) in font nullfont!
Missing character: There is no 和 ("548C) in font nullfont!
Missing character: There is no 通 ("901A) in font nullfont!
Missing character: There is no 信 ("4FE1) in font nullfont!
Missing character: There is no 可 ("53EF) in font nullfont!
Missing character: There is no 保 ("4FDD) in font nullfont!
Missing character: There is no 障 ("969C) in font nullfont!
Missing character: There is no 性 ("6027) in font nullfont!
Missing character: There is no 之 ("4E4B) in font nullfont!
Missing character: There is no 间 ("95F4) in font nullfont!
Missing character: There is no 进 ("8FDB) in font nullfont!
Missing character: There is no 行 ("884C) in font nullfont!
Missing character: There is no 协 ("534F) in font nullfont!
Missing character: There is no 同 ("540C) in font nullfont!
Missing character: There is no 权 ("6743) in font nullfont!
Missing character: There is no 衡 ("8861) in font nullfont!
Missing character: There is no 。 ("3002) in font nullfont!

Overfull \hbox (20.0pt too wide) in paragraph at lines 635--644
[]
 []


Overfull \hbox (58.8pt too wide) in paragraph at lines 635--644
\TU/lmr/bx/n/10 把晚期普通货箱迁移至已有同服务区的较早架次
 []

! Undefined control sequence.
l.645 \subsubsection
                    {运输路线与中继悬停位置}
The control sequence at the end of the top line
of your error message was never \def'ed. If you have
misspelled it (e.g., `\hobx'), type `I' and the correct
spelling (e.g., `I\hbox'). Otherwise just continue,
and I'll forget about whatever was undefined.

Missing character: There is no 运 ("8FD0) in font nullfont!
Missing character: There is no 输 ("8F93) in font nullfont!
Missing character: There is no 路 ("8DEF) in font nullfont!
Missing character: There is no 线 ("7EBF) in font nullfont!
Missing character: There is no 与 ("4E0E) in font nullfont!
Missing character: There is no 中 ("4E2D) in font nullfont!
Missing character: There is no 继 ("7EE7) in font nullfont!
Missing character: There is no 悬 ("60AC) in font nullfont!
Missing character: There is no 停 ("505C) in font nullfont!
Missing character: There is no 位 ("4F4D) in font nullfont!
Missing character: There is no 置 ("7F6E) in font nullfont!

Overfull \hbox (20.0pt too wide) in paragraph at lines 645--646
[] 
 []

Missing character: There is no 图 ("56FE) in font nullfont!
! Undefined control sequence.
<write> ...`fig:q3-routes-relay' on page \thepage 
                                                  \space undefined\on@line .^^J
l.647 图~\ref{fig:q3-routes-relay}
                                  给出了最终运输路线与中继悬停位置。
The control sequence at the end of the top line
of your error message was never \def'ed. If you have
misspelled it (e.g., `\hobx'), type `I' and the correct
spelling (e.g., `I\hbox'). Otherwise just continue,
and I'll forget about whatever was undefined.


LaTeX Warning: Reference `fig:q3-routes-relay' on page  undefined on input line
 647.

Missing character: There is no 给 ("7ED9) in font nullfont!
Missing character: There is no 出 ("51FA) in font nullfont!
Missing character: There is no 了 ("4E86) in font nullfont!
Missing character: There is no 最 ("6700) in font nullfont!
Missing character: There is no 终 ("7EC8) in font nullfont!
Missing character: There is no 运 ("8FD0) in font nullfont!
Missing character: There is no 输 ("8F93) in font nullfont!
Missing character: There is no 路 ("8DEF) in font nullfont!
Missing character: There is no 线 ("7EBF) in font nullfont!
Missing character: There is no 与 ("4E0E) in font nullfont!
Missing character: There is no 中 ("4E2D) in font nullfont!
Missing character: There is no 继 ("7EE7) in font nullfont!
Missing character: There is no 悬 ("60AC) in font nullfont!
Missing character: There is no 停 ("505C) in font nullfont!
Missing character: There is no 位 ("4F4D) in font nullfont!
Missing character: There is no 置 ("7F6E) in font nullfont!
Missing character: There is no 。 ("3002) in font nullfont!
Missing character: There is no 图 ("56FE) in font nullfont!
Missing character: There is no 中 ("4E2D) in font nullfont!
Missing character: There is no 调 ("8C03) in font nullfont!
Missing character: There is no 度 ("5EA6) in font nullfont!
Missing character: There is no 中 ("4E2D) in font nullfont!
Missing character: There is no 心 ("5FC3) in font nullfont!
Missing character: There is no 、 ("3001) in font nullfont!
Missing character: There is no 服 ("670D) in font nullfont!
Missing character: There is no 务 ("52A1) in font nullfont!
Missing character: There is no 区 ("533A) in font nullfont!
Missing character: There is no 、 ("3001) in font nullfont!
Missing character: There is no 中 ("4E2D) in font nullfont!
Missing character: There is no 继 ("7EE7) in font nullfont!
Missing character: There is no 悬 ("60AC) in font nullfont!
Missing character: There is no 停 ("505C) in font nullfont!
Missing character: There is no 点 ("70B9) in font nullfont!
Missing character: There is no 和 ("548C) in font nullfont!
Missing character: There is no 中 ("4E2D) in font nullfont!
Missing character: There is no 继 ("7EE7) in font nullfont!
Missing character: There is no 部 ("90E8) in font nullfont!
Missing character: There is no 署 ("7F72) in font nullfont!
Missing character: There is no 航 ("822A) in font nullfont!
Missing character: There is no 线 ("7EBF) in font nullfont!
Missing character: There is no 分 ("5206) in font nullfont!
Missing character: There is no 别 ("522B) in font nullfont!
Missing character: There is no 采 ("91C7) in font nullfont!
Missing character: There is no 用 ("7528) in font nullfont!
Missing character: There is no 不 ("4E0D) in font nullfont!
Missing character: There is no 同 ("540C) in font nullfont!
Missing character: There is no 标 ("6807) in font nullfont!
Missing character: There is no 记 ("8BB0) in font nullfont!
Missing character: There is no ， ("FF0C) in font nullfont!
Missing character: There is no 便 ("4FBF) in font nullfont!
Missing character: There is no 于 ("4E8E) in font nullfont!
Missing character: There is no 观 ("89C2) in font nullfont!
Missing character: There is no 察 ("5BDF) in font nullfont!
Missing character: There is no 运 ("8FD0) in font nullfont!
Missing character: There is no 输 ("8F93) in font nullfont!
Missing character: There is no 路 ("8DEF) in font nullfont!
Missing character: There is no 线 ("7EBF) in font nullfont!
Missing character: There is no 与 ("4E0E) in font nullfont!
Missing character: There is no 通 ("901A) in font nullfont!
Missing character: There is no 信 ("4FE1) in font nullfont!
Missing character: There is no 保 ("4FDD) in font nullfont!
Missing character: There is no 障 ("969C) in font nullfont!
Missing character: There is no 位 ("4F4D) in font nullfont!
Missing character: There is no 置 ("7F6E) in font nullfont!
Missing character: There is no 之 ("4E4B) in font nullfont!
Missing character: There is no 间 ("95F4) in font nullfont!
Missing character: There is no 的 ("7684) in font nullfont!
Missing character: There is no 空 ("7A7A) in font nullfont!
Missing character: There is no 间 ("95F4) in font nullfont!
Missing character: There is no 关 ("5173) in font nullfont!
Missing character: There is no 系 ("7CFB) in font nullfont!
Missing character: There is no 。 ("3002) in font nullfont!

Overfull \hbox (30.86pt too wide) in paragraph at lines 647--650
[] []
 []


! LaTeX Error: Environment figure undefined.

See the LaTeX manual or LaTeX Companion for explanation.
Type  H <return>  for immediate help.
 ...                                              
                                                  
l.651 \begin{figure}
                    [htbp]
Your command was ignored.
Type  I <command> <return>  to replace it with another command,
or  <return>  to continue without it.

Missing character: There is no [ ("5B) in font nullfont!
Missing character: There is no h ("68) in font nullfont!
Missing character: There is no t ("74) in font nullfont!
Missing character: There is no b ("62) in font nullfont!
Missing character: There is no p ("70) in font nullfont!
Missing character: There is no ] ("5D) in font nullfont!
! Undefined control sequence.
l.653   \includegraphics
                        [width=0.95\linewidth]{../../code/3/output/fig_q3_1_...
The control sequence at the end of the top line
of your error message was never \def'ed. If you have
misspelled it (e.g., `\hobx'), type `I' and the correct
spelling (e.g., `I\hbox'). Otherwise just continue,
and I'll forget about whatever was undefined.

Missing character: There is no [ ("5B) in font nullfont!
Missing character: There is no w ("77) in font nullfont!
Missing character: There is no i ("69) in font nullfont!
Missing character: There is no d ("64) in font nullfont!
Missing character: There is no t ("74) in font nullfont!
Missing character: There is no h ("68) in font nullfont!
Missing character: There is no = ("3D) in font nullfont!
Missing character: There is no 0 ("30) in font nullfont!
Missing character: There is no . ("2E) in font nullfont!
Missing character: There is no 9 ("39) in font nullfont!
Missing character: There is no 5 ("35) in font nullfont!
! Missing number, treated as zero.
<to be read again> 
                   ]
l.653   \includegraphics[width=0.95\linewidth]
                                              {../../code/3/output/fig_q3_1_...
A number should have been here; I inserted `0'.
(If you can't figure out why I needed to see a number,
look up `weird error' in the index to The TeXbook.)

! Illegal unit of measure (pt inserted).
<to be read again> 
                   ]
l.653   \includegraphics[width=0.95\linewidth]
                                              {../../code/3/output/fig_q3_1_...
Dimensions can be in units of em, ex, in, pt, pc,
cm, mm, dd, cc, bp, or sp; but yours is a new one!
I'll assume that you meant to say pt, for printer's points.
To recover gracefully from this error, it's best to
delete the erroneous units; e.g., type `2' to delete
two letters. (See Chapter 27 of The TeXbook.)

Missing character: There is no ] ("5D) in font nullfont!
Missing character: There is no . ("2E) in font nullfont!
Missing character: There is no . ("2E) in font nullfont!
Missing character: There is no / ("2F) in font nullfont!
Missing character: There is no . ("2E) in font nullfont!
Missing character: There is no . ("2E) in font nullfont!
Missing character: There is no / ("2F) in font nullfont!
Missing character: There is no c ("63) in font nullfont!
Missing character: There is no o ("6F) in font nullfont!
Missing character: There is no d ("64) in font nullfont!
Missing character: There is no e ("65) in font nullfont!
Missing character: There is no / ("2F) in font nullfont!
Missing character: There is no 3 ("33) in font nullfont!
Missing character: There is no / ("2F) in font nullfont!
Missing character: There is no o ("6F) in font nullfont!
Missing character: There is no u ("75) in font nullfont!
Missing character: There is no t ("74) in font nullfont!
Missing character: There is no p ("70) in font nullfont!
Missing character: There is no u ("75) in font nullfont!
Missing character: There is no t ("74) in font nullfont!
Missing character: There is no / ("2F) in font nullfont!
Missing character: There is no f ("66) in font nullfont!
Missing character: There is no i ("69) in font nullfont!
Missing character: There is no g ("67) in font nullfont!
! Missing $ inserted.
<inserted text> 
                $
l.653 ...=0.95\linewidth]{../../code/3/output/fig_
                                                  q3_1_routes_relay.png}
I've inserted a begin-math/end-math symbol since I think
you left one out. Proceed, with fingers crossed.

! Double subscript.
l.653 ...\linewidth]{../../code/3/output/fig_q3_1_
                                                  routes_relay.png}
I treat `x_1_2' essentially like `x_1{}_2'.

! Extra }, or forgotten $.
l.653 .../code/3/output/fig_q3_1_routes_relay.png}
                                                  
I've deleted a group-closing symbol because it seems to be
spurious, as in `$x}$'. But perhaps the } is legitimate and
you forgot something else, as in `\hbox{$x}'. In such cases
the way to recover is to insert both the forgotten and the
deleted material, e.g., by typing `I$}'.


! LaTeX Error: \caption outside float.

See the LaTeX manual or LaTeX Companion for explanation.
Type  H <return>  for immediate help.
 ...                                              
                                                  
l.654   \caption
                {问题三运输路线与中继悬停位置分布}
You're in trouble here.  Try typing  <return>  to proceed.
If that doesn't work, type  X <return>  to quit.


! LaTeX Error: \begin{document} ended by \end{figure}.

See the LaTeX manual or LaTeX Companion for explanation.
Type  H <return>  for immediate help.
 ...                                              
                                                  
l.656 \end{figure}
                  
Your command was ignored.
Type  I <command> <return>  to replace it with another command,
or  <return>  to continue without it.

! Missing $ inserted.
<inserted text> 
                $
l.656 \end{figure}
                  
I've inserted something that you may have forgotten.
(See the <inserted text> above.)
With luck, this will get me unwedged. But if you
really didn't forget anything, try typing `2' now; then
my insertion and my current dilemma will both disappear.

Missing character: There is no 问 ("95EE) in font cmr10!
Missing character: There is no 题 ("9898) in font cmr10!
Missing character: There is no 三 ("4E09) in font cmr10!
Missing character: There is no 运 ("8FD0) in font cmr10!
Missing character: There is no 输 ("8F93) in font cmr10!
Missing character: There is no 路 ("8DEF) in font cmr10!
Missing character: There is no 线 ("7EBF) in font cmr10!
Missing character: There is no 与 ("4E0E) in font cmr10!
Missing character: There is no 中 ("4E2D) in font cmr10!
Missing character: There is no 继 ("7EE7) in font cmr10!
Missing character: There is no 悬 ("60AC) in font cmr10!
Missing character: There is no 停 ("505C) in font cmr10!
Missing character: There is no 位 ("4F4D) in font cmr10!
Missing character: There is no 置 ("7F6E) in font cmr10!
Missing character: There is no 分 ("5206) in font cmr10!
Missing character: There is no 布 ("5E03) in font cmr10!
! Missing } inserted.
<inserted text> 
                }
l.656 \end{figure}
                  
I've inserted something that you may have forgotten.
(See the <inserted text> above.)
With luck, this will get me unwedged. But if you
really didn't forget anything, try typing `2' now; then
my insertion and my current dilemma will both disappear.

! Undefined control sequence.
l.657 \FloatBarrier
                   
The control sequence at the end of the top line
of your error message was never \def'ed. If you have
misspelled it (e.g., `\hobx'), type `I' and the correct
spelling (e.g., `I\hbox'). Otherwise just continue,
and I'll forget about whatever was undefined.


Overfull \hbox (20.0pt too wide) in paragraph at lines 651--658
[]
 []


Overfull \hbox (83.60985pt too wide) in paragraph at lines 651--658
[]\OT1/cmr/m/n/10 3[][]\OML/cmm/m/it/10 outes[]elay:png[][]$ 
 []

Missing character: There is no 可 ("53EF) in font nullfont!
Missing character: There is no 以 ("4EE5) in font nullfont!
Missing character: There is no 看 ("770B) in font nullfont!
Missing character: There is no 出 ("51FA) in font nullfont!
Missing character: There is no ， ("FF0C) in font nullfont!
Missing character: There is no 中 ("4E2D) in font nullfont!
Missing character: There is no 继 ("7EE7) in font nullfont!
Missing character: There is no 悬 ("60AC) in font nullfont!
Missing character: There is no 停 ("505C) in font nullfont!
Missing character: There is no 点 ("70B9) in font nullfont!
Missing character: There is no 并 ("5E76) in font nullfont!
Missing character: There is no 未 ("672A) in font nullfont!
Missing character: There is no 简 ("7B80) in font nullfont!
Missing character: There is no 单 ("5355) in font nullfont!
Missing character: There is no 设 ("8BBE) in font nullfont!
Missing character: There is no 置 ("7F6E) in font nullfont!
Missing character: There is no 在 ("5728) in font nullfont!
Missing character: There is no 服 ("670D) in font nullfont!
Missing character: There is no 务 ("52A1) in font nullfont!
Missing character: There is no 区 ("533A) in font nullfont!
Missing character: There is no 正 ("6B63) in font nullfont!
Missing character: There is no 上 ("4E0A) in font nullfont!
Missing character: There is no 方 ("65B9) in font nullfont!
Missing character: There is no ， ("FF0C) in font nullfont!
Missing character: There is no 而 ("800C) in font nullfont!
Missing character: There is no 是 ("662F) in font nullfont!
Missing character: There is no 由 ("7531) in font nullfont!
Missing character: There is no D ("44) in font nullfont!
Missing character: There is no E ("45) in font nullfont!
Missing character: There is no M ("4D) in font nullfont!
Missing character: There is no 地 ("5730) in font nullfont!
Missing character: There is no 形 ("5F62) in font nullfont!
Missing character: There is no 、 ("3001) in font nullfont!
Missing character: There is no 回 ("56DE) in font nullfont!
Missing character: There is no 传 ("4F20) in font nullfont!
Missing character: There is no 链 ("94FE) in font nullfont!
Missing character: There is no 路 ("8DEF) in font nullfont!
Missing character: There is no 、 ("3001) in font nullfont!
Missing character: There is no 运 ("8FD0) in font nullfont!
Missing character: There is no 输 ("8F93) in font nullfont!
Missing character: There is no 轨 ("8F68) in font nullfont!
Missing character: There is no 迹 ("8FF9) in font nullfont!
Missing character: There is no 及 ("53CA) in font nullfont!
Missing character: There is no 两 ("4E24) in font nullfont!
Missing character: There is no 架 ("67B6) in font nullfont!
Missing character: There is no 中 ("4E2D) in font nullfont!
Missing character: There is no 继 ("7EE7) in font nullfont!
Missing character: There is no 的 ("7684) in font nullfont!
Missing character: There is no 联 ("8054) in font nullfont!
Missing character: There is no 合 ("5408) in font nullfont!
Missing character: There is no 覆 ("8986) in font nullfont!
Missing character: There is no 盖 ("76D6) in font nullfont!
Missing character: There is no 需 ("9700) in font nullfont!
Missing character: There is no 求 ("6C42) in font nullfont!
Missing character: There is no 共 ("5171) in font nullfont!
Missing character: There is no 同 ("540C) in font nullfont!
Missing character: There is no 决 ("51B3) in font nullfont!
Missing character: There is no 定 ("5B9A) in font nullfont!
Missing character: There is no 。 ("3002) in font nullfont!
Missing character: There is no 部 ("90E8) in font nullfont!
Missing character: There is no 分 ("5206) in font nullfont!
Missing character: There is no 悬 ("60AC) in font nullfont!
Missing character: There is no 停 ("505C) in font nullfont!
Missing character: There is no 点 ("70B9) in font nullfont!
Missing character: There is no 可 ("53EF) in font nullfont!
Missing character: There is no 在 ("5728) in font nullfont!
Missing character: There is no 同 ("540C) in font nullfont!
Missing character: There is no 一 ("4E00) in font nullfont!
Missing character: There is no 服 ("670D) in font nullfont!
Missing character: There is no 务 ("52A1) in font nullfont!
Missing character: There is no 时 ("65F6) in font nullfont!
Missing character: There is no 段 ("6BB5) in font nullfont!
Missing character: There is no 覆 ("8986) in font nullfont!
Missing character: There is no 盖 ("76D6) in font nullfont!
Missing character: There is no 多 ("591A) in font nullfont!
Missing character: There is no 条 ("6761) in font nullfont!
Missing character: There is no 运 ("8FD0) in font nullfont!
Missing character: There is no 输 ("8F93) in font nullfont!
Missing character: There is no 轨 ("8F68) in font nullfont!
Missing character: There is no 迹 ("8FF9) in font nullfont!
Missing character: There is no ， ("FF0C) in font nullfont!
Missing character: There is no 从 ("4ECE) in font nullfont!
Missing character: There is no 而 ("800C) in font nullfont!
Missing character: There is no 避 ("907F) in font nullfont!
Missing character: There is no 免 ("514D) in font nullfont!
Missing character: There is no 为 ("4E3A) in font nullfont!
Missing character: There is no 每 ("6BCF) in font nullfont!
Missing character: There is no 个 ("4E2A) in font nullfont!
Missing character: There is no 运 ("8FD0) in font nullfont!
Missing character: There is no 输 ("8F93) in font nullfont!
Missing character: There is no 架 ("67B6) in font nullfont!
Missing character: There is no 次 ("6B21) in font nullfont!
Missing character: There is no 单 ("5355) in font nullfont!
Missing character: There is no 独 ("72EC) in font nullfont!
Missing character: There is no 配 ("914D) in font nullfont!
Missing character: There is no 置 ("7F6E) in font nullfont!
Missing character: There is no 一 ("4E00) in font nullfont!
Missing character: There is no 架 ("67B6) in font nullfont!
Missing character: There is no 中 ("4E2D) in font nullfont!
Missing character: There is no 继 ("7EE7) in font nullfont!
Missing character: There is no 。 ("3002) in font nullfont!

Overfull \hbox (20.0pt too wide) in paragraph at lines 659--663
[]
 []

! Undefined control sequence.
l.664 \subsubsection
                    {运输--中继联合调度时序}
The control sequence at the end of the top line
of your error message was never \def'ed. If you have
misspelled it (e.g., `\hobx'), type `I' and the correct
spelling (e.g., `I\hbox'). Otherwise just continue,
and I'll forget about whatever was undefined.

Missing character: There is no 运 ("8FD0) in font nullfont!
Missing character: There is no 输 ("8F93) in font nullfont!
Missing character: There is no - ("2D) in font nullfont!
Missing character: There is no - ("2D) in font nullfont!
Missing character: There is no 中 ("4E2D) in font nullfont!
Missing character: There is no 继 ("7EE7) in font nullfont!
Missing character: There is no 联 ("8054) in font nullfont!
Missing character: There is no 合 ("5408) in font nullfont!
Missing character: There is no 调 ("8C03) in font nullfont!
Missing character: There is no 度 ("5EA6) in font nullfont!
Missing character: There is no 时 ("65F6) in font nullfont!
Missing character: There is no 序 ("5E8F) in font nullfont!

Overfull \hbox (20.0pt too wide) in paragraph at lines 664--665
[] 
 []

Missing character: There is no 图 ("56FE) in font nullfont!
! Undefined control sequence.
<write> ... `fig:q3-joint-gantt' on page \thepage 
                                                  \space undefined\on@line .^^J
l.666 图~\ref{fig:q3-joint-gantt}
                                 给出了运输无人机与中继无人机的联合调度甘特图。
The control sequence at the end of the top line
of your error message was never \def'ed. If you have
misspelled it (e.g., `\hobx'), type `I' and the correct
spelling (e.g., `I\hbox'). Otherwise just continue,
and I'll forget about whatever was undefined.


LaTeX Warning: Reference `fig:q3-joint-gantt' on page  undefined on input line 
666.

Missing character: There is no 给 ("7ED9) in font nullfont!
Missing character: There is no 出 ("51FA) in font nullfont!
Missing character: There is no 了 ("4E86) in font nullfont!
Missing character: There is no 运 ("8FD0) in font nullfont!
Missing character: There is no 输 ("8F93) in font nullfont!
Missing character: There is no 无 ("65E0) in font nullfont!
Missing character: There is no 人 ("4EBA) in font nullfont!
Missing character: There is no 机 ("673A) in font nullfont!
Missing character: There is no 与 ("4E0E) in font nullfont!
Missing character: There is no 中 ("4E2D) in font nullfont!
Missing character: There is no 继 ("7EE7) in font nullfont!
Missing character: There is no 无 ("65E0) in font nullfont!
Missing character: There is no 人 ("4EBA) in font nullfont!
Missing character: There is no 机 ("673A) in font nullfont!
Missing character: There is no 的 ("7684) in font nullfont!
Missing character: There is no 联 ("8054) in font nullfont!
Missing character: There is no 合 ("5408) in font nullfont!
Missing character: There is no 调 ("8C03) in font nullfont!
Missing character: There is no 度 ("5EA6) in font nullfont!
Missing character: There is no 甘 ("7518) in font nullfont!
Missing character: There is no 特 ("7279) in font nullfont!
Missing character: There is no 图 ("56FE) in font nullfont!
Missing character: There is no 。 ("3002) in font nullfont!
Missing character: There is no 运 ("8FD0) in font nullfont!
Missing character: There is no 输 ("8F93) in font nullfont!
Missing character: There is no 任 ("4EFB) in font nullfont!
Missing character: There is no 务 ("52A1) in font nullfont!
Missing character: There is no 与 ("4E0E) in font nullfont!
Missing character: There is no 中 ("4E2D) in font nullfont!
Missing character: There is no 继 ("7EE7) in font nullfont!
Missing character: There is no 任 ("4EFB) in font nullfont!
Missing character: There is no 务 ("52A1) in font nullfont!
Missing character: There is no 在 ("5728) in font nullfont!
Missing character: There is no 同 ("540C) in font nullfont!
Missing character: There is no 一 ("4E00) in font nullfont!
Missing character: There is no 时 ("65F6) in font nullfont!
Missing character: There is no 间 ("95F4) in font nullfont!
Missing character: There is no 轴 ("8F74) in font nullfont!
Missing character: There is no 上 ("4E0A) in font nullfont!
Missing character: There is no 展 ("5C55) in font nullfont!
Missing character: There is no 示 ("793A) in font nullfont!
Missing character: There is no ， ("FF0C) in font nullfont!
Missing character: There is no 可 ("53EF) in font nullfont!
Missing character: There is no 直 ("76F4) in font nullfont!
Missing character: There is no 接 ("63A5) in font nullfont!
Missing character: There is no 观 ("89C2) in font nullfont!
Missing character: There is no 察 ("5BDF) in font nullfont!
Missing character: There is no 通 ("901A) in font nullfont!
Missing character: There is no 信 ("4FE1) in font nullfont!
Missing character: There is no 需 ("9700) in font nullfont!
Missing character: There is no 求 ("6C42) in font nullfont!
Missing character: There is no 出 ("51FA) in font nullfont!
Missing character: There is no 现 ("73B0) in font nullfont!
Missing character: There is no 前 ("524D) in font nullfont!
Missing character: There is no 中 ("4E2D) in font nullfont!
Missing character: There is no 继 ("7EE7) in font nullfont!
Missing character: There is no 是 ("662F) in font nullfont!
Missing character: There is no 否 ("5426) in font nullfont!
Missing character: There is no 已 ("5DF2) in font nullfont!
Missing character: There is no 经 ("7ECF) in font nullfont!
Missing character: There is no 完 ("5B8C) in font nullfont!
Missing character: There is no 成 ("6210) in font nullfont!
Missing character: There is no 准 ("51C6) in font nullfont!
Missing character: There is no 备 ("5907) in font nullfont!
Missing character: There is no 、 ("3001) in font nullfont!
Missing character: There is no 飞 ("98DE) in font nullfont!
Missing character: There is no 抵 ("62B5) in font nullfont!
Missing character: There is no 和 ("548C) in font nullfont!
Missing character: There is no 建 ("5EFA) in font nullfont!
Missing character: There is no 链 ("94FE) in font nullfont!
Missing character: There is no 。 ("3002) in font nullfont!

Overfull \hbox (30.86pt too wide) in paragraph at lines 666--669
[] []
 []


! LaTeX Error: Environment figure undefined.

See the LaTeX manual or LaTeX Companion for explanation.
Type  H <return>  for immediate help.
 ...                                              
                                                  
l.670 \begin{figure}
                    [htbp]
Your command was ignored.
Type  I <command> <return>  to replace it with another command,
or  <return>  to continue without it.

Missing character: There is no [ ("5B) in font nullfont!
Missing character: There is no h ("68) in font nullfont!
Missing character: There is no t ("74) in font nullfont!
Missing character: There is no b ("62) in font nullfont!
Missing character: There is no p ("70) in font nullfont!
Missing character: There is no ] ("5D) in font nullfont!
! Undefined control sequence.
l.672   \includegraphics
                        [width=0.96\linewidth]{../../code/3/output/fig_q3_2_...
The control sequence at the end of the top line
of your error message was never \def'ed. If you have
misspelled it (e.g., `\hobx'), type `I' and the correct
spelling (e.g., `I\hbox'). Otherwise just continue,
and I'll forget about whatever was undefined.

Missing character: There is no [ ("5B) in font nullfont!
Missing character: There is no w ("77) in font nullfont!
Missing character: There is no i ("69) in font nullfont!
Missing character: There is no d ("64) in font nullfont!
Missing character: There is no t ("74) in font nullfont!
Missing character: There is no h ("68) in font nullfont!
Missing character: There is no = ("3D) in font nullfont!
Missing character: There is no 0 ("30) in font nullfont!
Missing character: There is no . ("2E) in font nullfont!
Missing character: There is no 9 ("39) in font nullfont!
Missing character: There is no 6 ("36) in font nullfont!
! Missing number, treated as zero.
<to be read again> 
                   ]
l.672   \includegraphics[width=0.96\linewidth]
                                              {../../code/3/output/fig_q3_2_...
A number should have been here; I inserted `0'.
(If you can't figure out why I needed to see a number,
look up `weird error' in the index to The TeXbook.)

! Illegal unit of measure (pt inserted).
<to be read again> 
                   ]
l.672   \includegraphics[width=0.96\linewidth]
                                              {../../code/3/output/fig_q3_2_...
Dimensions can be in units of em, ex, in, pt, pc,
cm, mm, dd, cc, bp, or sp; but yours is a new one!
I'll assume that you meant to say pt, for printer's points.
To recover gracefully from this error, it's best to
delete the erroneous units; e.g., type `2' to delete
two letters. (See Chapter 27 of The TeXbook.)

Missing character: There is no ] ("5D) in font nullfont!
Missing character: There is no . ("2E) in font nullfont!
Missing character: There is no . ("2E) in font nullfont!
Missing character: There is no / ("2F) in font nullfont!
Missing character: There is no . ("2E) in font nullfont!
Missing character: There is no . ("2E) in font nullfont!
Missing character: There is no / ("2F) in font nullfont!
Missing character: There is no c ("63) in font nullfont!
Missing character: There is no o ("6F) in font nullfont!
Missing character: There is no d ("64) in font nullfont!
Missing character: There is no e ("65) in font nullfont!
Missing character: There is no / ("2F) in font nullfont!
Missing character: There is no 3 ("33) in font nullfont!
Missing character: There is no / ("2F) in font nullfont!
Missing character: There is no o ("6F) in font nullfont!
Missing character: There is no u ("75) in font nullfont!
Missing character: There is no t ("74) in font nullfont!
Missing character: There is no p ("70) in font nullfont!
Missing character: There is no u ("75) in font nullfont!
Missing character: There is no t ("74) in font nullfont!
Missing character: There is no / ("2F) in font nullfont!
Missing character: There is no f ("66) in font nullfont!
Missing character: There is no i ("69) in font nullfont!
Missing character: There is no g ("67) in font nullfont!
! Missing $ inserted.
<inserted text> 
                $
l.672 ...=0.96\linewidth]{../../code/3/output/fig_
                                                  q3_2_joint_gantt.png}
I've inserted a begin-math/end-math symbol since I think
you left one out. Proceed, with fingers crossed.

! Double subscript.
l.672 ...\linewidth]{../../code/3/output/fig_q3_2_
                                                  joint_gantt.png}
I treat `x_1_2' essentially like `x_1{}_2'.

! Extra }, or forgotten $.
l.672 ..../code/3/output/fig_q3_2_joint_gantt.png}
                                                  
I've deleted a group-closing symbol because it seems to be
spurious, as in `$x}$'. But perhaps the } is legitimate and
you forgot something else, as in `\hbox{$x}'. In such cases
the way to recover is to insert both the forgotten and the
deleted material, e.g., by typing `I$}'.


! LaTeX Error: \caption outside float.

See the LaTeX manual or LaTeX Companion for explanation.
Type  H <return>  for immediate help.
 ...                                              
                                                  
l.673   \caption
                {问题三运输无人机与中继无人机联合调度甘特图}
You're in trouble here.  Try typing  <return>  to proceed.
If that doesn't work, type  X <return>  to quit.


! LaTeX Error: \begin{document} ended by \end{figure}.

See the LaTeX manual or LaTeX Companion for explanation.
Type  H <return>  for immediate help.
 ...                                              
                                                  
l.675 \end{figure}
                  
Your command was ignored.
Type  I <command> <return>  to replace it with another command,
or  <return>  to continue without it.

! Missing $ inserted.
<inserted text> 
                $
l.675 \end{figure}
                  
I've inserted something that you may have forgotten.
(See the <inserted text> above.)
With luck, this will get me unwedged. But if you
really didn't forget anything, try typing `2' now; then
my insertion and my current dilemma will both disappear.

Missing character: There is no 问 ("95EE) in font cmr10!
Missing character: There is no 题 ("9898) in font cmr10!
Missing character: There is no 三 ("4E09) in font cmr10!
Missing character: There is no 运 ("8FD0) in font cmr10!
Missing character: There is no 输 ("8F93) in font cmr10!
Missing character: There is no 无 ("65E0) in font cmr10!
Missing character: There is no 人 ("4EBA) in font cmr10!
Missing character: There is no 机 ("673A) in font cmr10!
Missing character: There is no 与 ("4E0E) in font cmr10!
Missing character: There is no 中 ("4E2D) in font cmr10!
Missing character: There is no 继 ("7EE7) in font cmr10!
Missing character: There is no 无 ("65E0) in font cmr10!
Missing character: There is no 人 ("4EBA) in font cmr10!
Missing character: There is no 机 ("673A) in font cmr10!
Missing character: There is no 联 ("8054) in font cmr10!
Missing character: There is no 合 ("5408) in font cmr10!
Missing character: There is no 调 ("8C03) in font cmr10!
Missing character: There is no 度 ("5EA6) in font cmr10!
Missing character: There is no 甘 ("7518) in font cmr10!
Missing character: There is no 特 ("7279) in font cmr10!
Missing character: There is no 图 ("56FE) in font cmr10!
! Missing } inserted.
<inserted text> 
                }
l.675 \end{figure}
                  
I've inserted something that you may have forgotten.
(See the <inserted text> above.)
With luck, this will get me unwedged. But if you
really didn't forget anything, try typing `2' now; then
my insertion and my current dilemma will both disappear.

! Undefined control sequence.
l.676 \FloatBarrier
                   
The control sequence at the end of the top line
of your error message was never \def'ed. If you have
misspelled it (e.g., `\hobx'), type `I' and the correct
spelling (e.g., `I\hbox'). Otherwise just continue,
and I'll forget about whatever was undefined.


Overfull \hbox (20.0pt too wide) in paragraph at lines 670--677
[]
 []


Overfull \hbox (78.12463pt too wide) in paragraph at lines 670--677
[]\OT1/cmr/m/n/10 3[][]\OML/cmm/m/it/10 oint[]antt:png[][]$ 
 []

Missing character: There is no 最 ("6700) in font nullfont!
Missing character: There is no 终 ("7EC8) in font nullfont!
Missing character: There is no 使 ("4F7F) in font nullfont!
Missing character: There is no 用 ("7528) in font nullfont!
Missing character: There is no 1 ("31) in font nullfont!
Missing character: There is no 3 ("33) in font nullfont!
Missing character: There is no 个 ("4E2A) in font nullfont!
Missing character: There is no 中 ("4E2D) in font nullfont!
Missing character: There is no 继 ("7EE7) in font nullfont!
Missing character: There is no 架 ("67B6) in font nullfont!
Missing character: There is no 次 ("6B21) in font nullfont!
Missing character: There is no 。 ("3002) in font nullfont!
Missing character: There is no 中 ("4E2D) in font nullfont!
Missing character: There is no 继 ("7EE7) in font nullfont!
Missing character: There is no 并 ("5E76) in font nullfont!
Missing character: There is no 非 ("975E) in font nullfont!
Missing character: There is no 全 ("5168) in font nullfont!
Missing character: There is no 程 ("7A0B) in font nullfont!
Missing character: There is no 伴 ("4F34) in font nullfont!
Missing character: There is no 随 ("968F) in font nullfont!
Missing character: There is no 运 ("8FD0) in font nullfont!
Missing character: There is no 输 ("8F93) in font nullfont!
Missing character: There is no 无 ("65E0) in font nullfont!
Missing character: There is no 人 ("4EBA) in font nullfont!
Missing character: There is no 机 ("673A) in font nullfont!
Missing character: There is no 飞 ("98DE) in font nullfont!
Missing character: There is no 行 ("884C) in font nullfont!
Missing character: There is no ， ("FF0C) in font nullfont!
Missing character: There is no 而 ("800C) in font nullfont!
Missing character: There is no 仅 ("4EC5) in font nullfont!
Missing character: There is no 在 ("5728) in font nullfont!
Missing character: There is no 固 ("56FA) in font nullfont!
Missing character: There is no 定 ("5B9A) in font nullfont!
Missing character: There is no 网 ("7F51) in font nullfont!
Missing character: There is no 关 ("5173) in font nullfont!
Missing character: There is no 直 ("76F4) in font nullfont!
Missing character: There is no 连 ("8FDE) in font nullfont!
Missing character: There is no 不 ("4E0D) in font nullfont!
Missing character: There is no 可 ("53EF) in font nullfont!
Missing character: There is no 用 ("7528) in font nullfont!
Missing character: There is no 的 ("7684) in font nullfont!
Missing character: There is no 时 ("65F6) in font nullfont!
Missing character: There is no 间 ("95F4) in font nullfont!
Missing character: There is no 段 ("6BB5) in font nullfont!
Missing character: There is no 进 ("8FDB) in font nullfont!
Missing character: There is no 入 ("5165) in font nullfont!
Missing character: There is no 服 ("670D) in font nullfont!
Missing character: There is no 务 ("52A1) in font nullfont!
Missing character: There is no 状 ("72B6) in font nullfont!
Missing character: There is no 态 ("6001) in font nullfont!
Missing character: There is no ， ("FF0C) in font nullfont!
Missing character: There is no 因 ("56E0) in font nullfont!
Missing character: There is no 此 ("6B64) in font nullfont!
Missing character: There is no 减 ("51CF) in font nullfont!
Missing character: There is no 少 ("5C11) in font nullfont!
Missing character: There is no 了 ("4E86) in font nullfont!
Missing character: There is no 无 ("65E0) in font nullfont!
Missing character: There is no 效 ("6548) in font nullfont!
Missing character: There is no 悬 ("60AC) in font nullfont!
Missing character: There is no 停 ("505C) in font nullfont!
Missing character: There is no 时 ("65F6) in font nullfont!
Missing character: There is no 间 ("95F4) in font nullfont!
Missing character: There is no 和 ("548C) in font nullfont!
Missing character: There is no 额 ("989D) in font nullfont!
Missing character: There is no 外 ("5916) in font nullfont!
Missing character: There is no 通 ("901A) in font nullfont!
Missing character: There is no 信 ("4FE1) in font nullfont!
Missing character: There is no 能 ("80FD) in font nullfont!
Missing character: There is no 耗 ("8017) in font nullfont!
Missing character: There is no 。 ("3002) in font nullfont!

Overfull \hbox (20.0pt too wide) in paragraph at lines 678--682
[]
 []

! Undefined control sequence.
l.683 \subsubsection
                    {连续通信保障状态}
The control sequence at the end of the top line
of your error message was never \def'ed. If you have
misspelled it (e.g., `\hobx'), type `I' and the correct
spelling (e.g., `I\hbox'). Otherwise just continue,
and I'll forget about whatever was undefined.

Missing character: There is no 连 ("8FDE) in font nullfont!
Missing character: There is no 续 ("7EED) in font nullfont!
Missing character: There is no 通 ("901A) in font nullfont!
Missing character: There is no 信 ("4FE1) in font nullfont!
Missing character: There is no 保 ("4FDD) in font nullfont!
Missing character: There is no 障 ("969C) in font nullfont!
Missing character: There is no 状 ("72B6) in font nullfont!
Missing character: There is no 态 ("6001) in font nullfont!

Overfull \hbox (20.0pt too wide) in paragraph at lines 683--684
[] 
 []

Missing character: There is no 图 ("56FE) in font nullfont!
! Undefined control sequence.
<write> ...fig:q3-comm-timeline' on page \thepage 
                                                  \space undefined\on@line .^^J
l.685 图~\ref{fig:q3-comm-timeline}
                                   按运输架次给出了固定网关直连与中继保障的时间分段。
The control sequence at the end of the top line
of your error message was never \def'ed. If you have
misspelled it (e.g., `\hobx'), type `I' and the correct
spelling (e.g., `I\hbox'). Otherwise just continue,
and I'll forget about whatever was undefined.


LaTeX Warning: Reference `fig:q3-comm-timeline' on page  undefined on input lin
e 685.

Missing character: There is no 按 ("6309) in font nullfont!
Missing character: There is no 运 ("8FD0) in font nullfont!
Missing character: There is no 输 ("8F93) in font nullfont!
Missing character: There is no 架 ("67B6) in font nullfont!
Missing character: There is no 次 ("6B21) in font nullfont!
Missing character: There is no 给 ("7ED9) in font nullfont!
Missing character: There is no 出 ("51FA) in font nullfont!
Missing character: There is no 了 ("4E86) in font nullfont!
Missing character: There is no 固 ("56FA) in font nullfont!
Missing character: There is no 定 ("5B9A) in font nullfont!
Missing character: There is no 网 ("7F51) in font nullfont!
Missing character: There is no 关 ("5173) in font nullfont!
Missing character: There is no 直 ("76F4) in font nullfont!
Missing character: There is no 连 ("8FDE) in font nullfont!
Missing character: There is no 与 ("4E0E) in font nullfont!
Missing character: There is no 中 ("4E2D) in font nullfont!
Missing character: There is no 继 ("7EE7) in font nullfont!
Missing character: There is no 保 ("4FDD) in font nullfont!
Missing character: There is no 障 ("969C) in font nullfont!
Missing character: There is no 的 ("7684) in font nullfont!
Missing character: There is no 时 ("65F6) in font nullfont!
Missing character: There is no 间 ("95F4) in font nullfont!
Missing character: There is no 分 ("5206) in font nullfont!
Missing character: There is no 段 ("6BB5) in font nullfont!
Missing character: There is no 。 ("3002) in font nullfont!
Missing character: There is no 当 ("5F53) in font nullfont!
Missing character: There is no 固 ("56FA) in font nullfont!
Missing character: There is no 定 ("5B9A) in font nullfont!
Missing character: There is no 网 ("7F51) in font nullfont!
Missing character: There is no 关 ("5173) in font nullfont!
Missing character: There is no 链 ("94FE) in font nullfont!
Missing character: There is no 路 ("8DEF) in font nullfont!
Missing character: There is no 可 ("53EF) in font nullfont!
Missing character: There is no 用 ("7528) in font nullfont!
Missing character: There is no 时 ("65F6) in font nullfont!
Missing character: There is no 优 ("4F18) in font nullfont!
Missing character: There is no 先 ("5148) in font nullfont!
Missing character: There is no 采 ("91C7) in font nullfont!
Missing character: There is no 用 ("7528) in font nullfont!
Missing character: There is no 直 ("76F4) in font nullfont!
Missing character: There is no 连 ("8FDE) in font nullfont!
Missing character: There is no ； ("FF1B) in font nullfont!
Missing character: There is no 进 ("8FDB) in font nullfont!
Missing character: There is no 入 ("5165) in font nullfont!
Missing character: There is no 山 ("5C71) in font nullfont!
Missing character: There is no 体 ("4F53) in font nullfont!
Missing character: There is no 遮 ("906E) in font nullfont!
Missing character: There is no 挡 ("6321) in font nullfont!
Missing character: There is no 或 ("6216) in font nullfont!
Missing character: There is no 链 ("94FE) in font nullfont!
Missing character: There is no 路 ("8DEF) in font nullfont!
Missing character: There is no 预 ("9884) in font nullfont!
Missing character: There is no 算 ("7B97) in font nullfont!
Missing character: There is no 不 ("4E0D) in font nullfont!
Missing character: There is no 足 ("8DB3) in font nullfont!
Missing character: There is no 区 ("533A) in font nullfont!
Missing character: There is no 间 ("95F4) in font nullfont!
Missing character: There is no 后 ("540E) in font nullfont!
Missing character: There is no 切 ("5207) in font nullfont!
Missing character: There is no 换 ("6362) in font nullfont!
Missing character: There is no 至 ("81F3) in font nullfont!
Missing character: There is no 中 ("4E2D) in font nullfont!
Missing character: There is no 继 ("7EE7) in font nullfont!
Missing character: There is no ， ("FF0C) in font nullfont!
Missing character: There is no 离 ("79BB) in font nullfont!
Missing character: There is no 开 ("5F00) in font nullfont!
Missing character: There is no 通 ("901A) in font nullfont!
Missing character: There is no 信 ("4FE1) in font nullfont!
Missing character: There is no 盲 ("76F2) in font nullfont!
Missing character: There is no 区 ("533A) in font nullfont!
Missing character: There is no 后 ("540E) in font nullfont!
Missing character: There is no 重 ("91CD) in font nullfont!
Missing character: There is no 新 ("65B0) in font nullfont!
Missing character: There is no 恢 ("6062) in font nullfont!
Missing character: There is no 复 ("590D) in font nullfont!
Missing character: There is no 直 ("76F4) in font nullfont!
Missing character: There is no 连 ("8FDE) in font nullfont!
Missing character: There is no 。 ("3002) in font nullfont!

Overfull \hbox (30.86pt too wide) in paragraph at lines 685--689
[] []
 []


! LaTeX Error: Environment figure undefined.

See the LaTeX manual or LaTeX Companion for explanation.
Type  H <return>  for immediate help.
 ...                                              
                                                  
l.690 \begin{figure}
                    [htbp]
Your command was ignored.
Type  I <command> <return>  to replace it with another command,
or  <return>  to continue without it.

Missing character: There is no [ ("5B) in font nullfont!
Missing character: There is no h ("68) in font nullfont!
Missing character: There is no t ("74) in font nullfont!
Missing character: There is no b ("62) in font nullfont!
Missing character: There is no p ("70) in font nullfont!
Missing character: There is no ] ("5D) in font nullfont!
! Undefined control sequence.
l.692   \includegraphics
                        [width=0.97\linewidth]{../../code/3/output/fig_q3_3_...
The control sequence at the end of the top line
of your error message was never \def'ed. If you have
misspelled it (e.g., `\hobx'), type `I' and the correct
spelling (e.g., `I\hbox'). Otherwise just continue,
and I'll forget about whatever was undefined.

Missing character: There is no [ ("5B) in font nullfont!
Missing character: There is no w ("77) in font nullfont!
Missing character: There is no i ("69) in font nullfont!
Missing character: There is no d ("64) in font nullfont!
Missing character: There is no t ("74) in font nullfont!
Missing character: There is no h ("68) in font nullfont!
Missing character: There is no = ("3D) in font nullfont!
Missing character: There is no 0 ("30) in font nullfont!
Missing character: There is no . ("2E) in font nullfont!
Missing character: There is no 9 ("39) in font nullfont!
Missing character: There is no 7 ("37) in font nullfont!
! Missing number, treated as zero.
<to be read again> 
                   ]
l.692   \includegraphics[width=0.97\linewidth]
                                              {../../code/3/output/fig_q3_3_...
A number should have been here; I inserted `0'.
(If you can't figure out why I needed to see a number,
look up `weird error' in the index to The TeXbook.)

! Illegal unit of measure (pt inserted).
<to be read again> 
                   ]
l.692   \includegraphics[width=0.97\linewidth]
                                              {../../code/3/output/fig_q3_3_...
Dimensions can be in units of em, ex, in, pt, pc,
cm, mm, dd, cc, bp, or sp; but yours is a new one!
I'll assume that you meant to say pt, for printer's points.
To recover gracefully from this error, it's best to
delete the erroneous units; e.g., type `2' to delete
two letters. (See Chapter 27 of The TeXbook.)

Missing character: There is no ] ("5D) in font nullfont!
Missing character: There is no . ("2E) in font nullfont!
Missing character: There is no . ("2E) in font nullfont!
Missing character: There is no / ("2F) in font nullfont!
Missing character: There is no . ("2E) in font nullfont!
Missing character: There is no . ("2E) in font nullfont!
Missing character: There is no / ("2F) in font nullfont!
Missing character: There is no c ("63) in font nullfont!
Missing character: There is no o ("6F) in font nullfont!
Missing character: There is no d ("64) in font nullfont!
Missing character: There is no e ("65) in font nullfont!
Missing character: There is no / ("2F) in font nullfont!
Missing character: There is no 3 ("33) in font nullfont!
Missing character: There is no / ("2F) in font nullfont!
Missing character: There is no o ("6F) in font nullfont!
Missing character: There is no u ("75) in font nullfont!
Missing character: There is no t ("74) in font nullfont!
Missing character: There is no p ("70) in font nullfont!
Missing character: There is no u ("75) in font nullfont!
Missing character: There is no t ("74) in font nullfont!
Missing character: There is no / ("2F) in font nullfont!
Missing character: There is no f ("66) in font nullfont!
Missing character: There is no i ("69) in font nullfont!
Missing character: There is no g ("67) in font nullfont!
! Missing $ inserted.
<inserted text> 
                $
l.692 ...=0.97\linewidth]{../../code/3/output/fig_
                                                  q3_3_comm_timeline.png}
I've inserted a begin-math/end-math symbol since I think
you left one out. Proceed, with fingers crossed.

! Double subscript.
l.692 ...\linewidth]{../../code/3/output/fig_q3_3_
                                                  comm_timeline.png}
I treat `x_1_2' essentially like `x_1{}_2'.

! Extra }, or forgotten $.
l.692 ...code/3/output/fig_q3_3_comm_timeline.png}
                                                  
I've deleted a group-closing symbol because it seems to be
spurious, as in `$x}$'. But perhaps the } is legitimate and
you forgot something else, as in `\hbox{$x}'. In such cases
the way to recover is to insert both the forgotten and the
deleted material, e.g., by typing `I$}'.


! LaTeX Error: \caption outside float.

See the LaTeX manual or LaTeX Companion for explanation.
Type  H <return>  for immediate help.
 ...                                              
                                                  
l.693   \caption
                {问题三各运输架次通信保障状态时间轴}
You're in trouble here.  Try typing  <return>  to proceed.
If that doesn't work, type  X <return>  to quit.


! LaTeX Error: \begin{document} ended by \end{figure}.

See the LaTeX manual or LaTeX Companion for explanation.
Type  H <return>  for immediate help.
 ...                                              
                                                  
l.695 \end{figure}
                  
Your command was ignored.
Type  I <command> <return>  to replace it with another command,
or  <return>  to continue without it.

! Missing $ inserted.
<inserted text> 
                $
l.695 \end{figure}
                  
I've inserted something that you may have forgotten.
(See the <inserted text> above.)
With luck, this will get me unwedged. But if you
really didn't forget anything, try typing `2' now; then
my insertion and my current dilemma will both disappear.

Missing character: There is no 问 ("95EE) in font cmr10!
Missing character: There is no 题 ("9898) in font cmr10!
Missing character: There is no 三 ("4E09) in font cmr10!
Missing character: There is no 各 ("5404) in font cmr10!
Missing character: There is no 运 ("8FD0) in font cmr10!
Missing character: There is no 输 ("8F93) in font cmr10!
Missing character: There is no 架 ("67B6) in font cmr10!
Missing character: There is no 次 ("6B21) in font cmr10!
Missing character: There is no 通 ("901A) in font cmr10!
Missing character: There is no 信 ("4FE1) in font cmr10!
Missing character: There is no 保 ("4FDD) in font cmr10!
Missing character: There is no 障 ("969C) in font cmr10!
Missing character: There is no 状 ("72B6) in font cmr10!
Missing character: There is no 态 ("6001) in font cmr10!
Missing character: There is no 时 ("65F6) in font cmr10!
Missing character: There is no 间 ("95F4) in font cmr10!
Missing character: There is no 轴 ("8F74) in font cmr10!
! Missing } inserted.
<inserted text> 
                }
l.695 \end{figure}
                  
I've inserted something that you may have forgotten.
(See the <inserted text> above.)
With luck, this will get me unwedged. But if you
really didn't forget anything, try typing `2' now; then
my insertion and my current dilemma will both disappear.

! Undefined control sequence.
l.696 \FloatBarrier
                   
The control sequence at the end of the top line
of your error message was never \def'ed. If you have
misspelled it (e.g., `\hobx'), type `I' and the correct
spelling (e.g., `I\hbox'). Otherwise just continue,
and I'll forget about whatever was undefined.


Overfull \hbox (20.0pt too wide) in paragraph at lines 690--697
[]
 []


Overfull \hbox (97.01027pt too wide) in paragraph at lines 690--697
[]\OT1/cmr/m/n/10 3[][]\OML/cmm/m/it/10 omm[]imeline:png[][]$ 
 []

Missing character: There is no 按 ("6309) in font nullfont!
Missing character: There is no 照 ("7167) in font nullfont!
Missing character: There is no 程 ("7A0B) in font nullfont!
Missing character: There is no 序 ("5E8F) in font nullfont!
Missing character: There is no 的 ("7684) in font nullfont!
Missing character: There is no 3 ("33) in font nullfont!
Missing character: There is no 0 ("30) in font nullfont!
Missing character: There is no s ("73) in font nullfont!
Missing character: There is no 通 ("901A) in font nullfont!
Missing character: There is no 信 ("4FE1) in font nullfont!
Missing character: There is no 规 ("89C4) in font nullfont!
Missing character: There is no 划 ("5212) in font nullfont!
Missing character: There is no 离 ("79BB) in font nullfont!
Missing character: There is no 散 ("6563) in font nullfont!
Missing character: There is no 口 ("53E3) in font nullfont!
Missing character: There is no 径 ("5F84) in font nullfont!
Missing character: There is no ， ("FF0C) in font nullfont!
Missing character: There is no 最 ("6700) in font nullfont!
Missing character: There is no 终 ("7EC8) in font nullfont!
Missing character: There is no 所 ("6240) in font nullfont!
Missing character: There is no 有 ("6709) in font nullfont!
Missing character: There is no 运 ("8FD0) in font nullfont!
Missing character: There is no 输 ("8F93) in font nullfont!
Missing character: There is no 轨 ("8F68) in font nullfont!
Missing character: There is no 迹 ("8FF9) in font nullfont!
Missing character: There is no 采 ("91C7) in font nullfont!
Missing character: There is no 样 ("6837) in font nullfont!
Missing character: There is no 点 ("70B9) in font nullfont!
Missing character: There is no 均 ("5747) in font nullfont!
Missing character: There is no 满 ("6EE1) in font nullfont!
Missing character: There is no 足 ("8DB3) in font nullfont!
Missing character: There is no 式 ("5F0F) in font nullfont!
! Undefined control sequence.
l.699 最终所有运输轨迹采样点均满足式~\eqref
                            {eq:q3-communication-state}，
The control sequence at the end of the top line
of your error message was never \def'ed. If you have
misspelled it (e.g., `\hobx'), type `I' and the correct
spelling (e.g., `I\hbox'). Otherwise just continue,
and I'll forget about whatever was undefined.

Missing character: There is no e ("65) in font nullfont!
Missing character: There is no q ("71) in font nullfont!
Missing character: There is no : ("3A) in font nullfont!
Missing character: There is no q ("71) in font nullfont!
Missing character: There is no 3 ("33) in font nullfont!
Missing character: There is no - ("2D) in font nullfont!
Missing character: There is no c ("63) in font nullfont!
Missing character: There is no o ("6F) in font nullfont!
Missing character: There is no m ("6D) in font nullfont!
Missing character: There is no m ("6D) in font nullfont!
Missing character: There is no u ("75) in font nullfont!
Missing character: There is no n ("6E) in font nullfont!
Missing character: There is no i ("69) in font nullfont!
Missing character: There is no c ("63) in font nullfont!
Missing character: There is no a ("61) in font nullfont!
Missing character: There is no t ("74) in font nullfont!
Missing character: There is no i ("69) in font nullfont!
Missing character: There is no o ("6F) in font nullfont!
Missing character: There is no n ("6E) in font nullfont!
Missing character: There is no - ("2D) in font nullfont!
Missing character: There is no s ("73) in font nullfont!
Missing character: There is no t ("74) in font nullfont!
Missing character: There is no a ("61) in font nullfont!
Missing character: There is no t ("74) in font nullfont!
Missing character: There is no e ("65) in font nullfont!
Missing character: There is no ， ("FF0C) in font nullfont!
Missing character: There is no 通 ("901A) in font nullfont!
Missing character: There is no 信 ("4FE1) in font nullfont!
Missing character: There is no 中 ("4E2D) in font nullfont!
Missing character: There is no 断 ("65AD) in font nullfont!
Missing character: There is no 采 ("91C7) in font nullfont!
Missing character: There is no 样 ("6837) in font nullfont!
Missing character: There is no 点 ("70B9) in font nullfont!
Missing character: There is no 数 ("6570) in font nullfont!
Missing character: There is no 为 ("4E3A) in font nullfont!
Missing character: There is no 0 ("30) in font nullfont!
Missing character: There is no 。 ("3002) in font nullfont!
Missing character: There is no 这 ("8FD9) in font nullfont!
Missing character: There is no 表 ("8868) in font nullfont!
Missing character: There is no 明 ("660E) in font nullfont!
Missing character: There is no 固 ("56FA) in font nullfont!
Missing character: There is no 定 ("5B9A) in font nullfont!
Missing character: There is no 网 ("7F51) in font nullfont!
Missing character: There is no 关 ("5173) in font nullfont!
Missing character: There is no 直 ("76F4) in font nullfont!
Missing character: There is no 连 ("8FDE) in font nullfont!
Missing character: There is no 与 ("4E0E) in font nullfont!
Missing character: There is no 空 ("7A7A) in font nullfont!
Missing character: There is no 中 ("4E2D) in font nullfont!
Missing character: There is no 中 ("4E2D) in font nullfont!
Missing character: There is no 继 ("7EE7) in font nullfont!
Missing character: There is no 能 ("80FD) in font nullfont!
Missing character: There is no 够 ("591F) in font nullfont!
Missing character: There is no 在 ("5728) in font nullfont!
Missing character: There is no 整 ("6574) in font nullfont!
Missing character: There is no 个 ("4E2A) in font nullfont!
Missing character: There is no 运 ("8FD0) in font nullfont!
Missing character: There is no 输 ("8F93) in font nullfont!
Missing character: There is no 任 ("4EFB) in font nullfont!
Missing character: There is no 务 ("52A1) in font nullfont!
Missing character: There is no 过 ("8FC7) in font nullfont!
Missing character: There is no 程 ("7A0B) in font nullfont!
Missing character: There is no 中 ("4E2D) in font nullfont!
Missing character: There is no 形 ("5F62) in font nullfont!
Missing character: There is no 成 ("6210) in font nullfont!
Missing character: There is no 连 ("8FDE) in font nullfont!
Missing character: There is no 续 ("7EED) in font nullfont!
Missing character: There is no 的 ("7684) in font nullfont!
Missing character: There is no 数 ("6570) in font nullfont!
Missing character: There is no 值 ("503C) in font nullfont!
Missing character: There is no 覆 ("8986) in font nullfont!
Missing character: There is no 盖 ("76D6) in font nullfont!
Missing character: There is no 链 ("94FE) in font nullfont!
Missing character: There is no 路 ("8DEF) in font nullfont!
Missing character: There is no 。 ("3002) in font nullfont!

Overfull \hbox (20.0pt too wide) in paragraph at lines 698--702
[]
 []

! Undefined control sequence.
l.703 \subsubsection
                    {中继能耗与能源组件周转}
The control sequence at the end of the top line
of your error message was never \def'ed. If you have
misspelled it (e.g., `\hobx'), type `I' and the correct
spelling (e.g., `I\hbox'). Otherwise just continue,
and I'll forget about whatever was undefined.

Missing character: There is no 中 ("4E2D) in font nullfont!
Missing character: There is no 继 ("7EE7) in font nullfont!
Missing character: There is no 能 ("80FD) in font nullfont!
Missing character: There is no 耗 ("8017) in font nullfont!
Missing character: There is no 与 ("4E0E) in font nullfont!
Missing character: There is no 能 ("80FD) in font nullfont!
Missing character: There is no 源 ("6E90) in font nullfont!
Missing character: There is no 组 ("7EC4) in font nullfont!
Missing character: There is no 件 ("4EF6) in font nullfont!
Missing character: There is no 周 ("5468) in font nullfont!
Missing character: There is no 转 ("8F6C) in font nullfont!

Overfull \hbox (20.0pt too wide) in paragraph at lines 703--704
[] 
 []

Missing character: There is no 图 ("56FE) in font nullfont!
! Undefined control sequence.
<write> ...`fig:q3-relay-energy' on page \thepage 
                                                  \space undefined\on@line .^^J
l.705 图~\ref{fig:q3-relay-energy}
                                  给出了各中继架次能耗。
The control sequence at the end of the top line
of your error message was never \def'ed. If you have
misspelled it (e.g., `\hobx'), type `I' and the correct
spelling (e.g., `I\hbox'). Otherwise just continue,
and I'll forget about whatever was undefined.


LaTeX Warning: Reference `fig:q3-relay-energy' on page  undefined on input line
 705.

Missing character: There is no 给 ("7ED9) in font nullfont!
Missing character: There is no 出 ("51FA) in font nullfont!
Missing character: There is no 了 ("4E86) in font nullfont!
Missing character: There is no 各 ("5404) in font nullfont!
Missing character: There is no 中 ("4E2D) in font nullfont!
Missing character: There is no 继 ("7EE7) in font nullfont!
Missing character: There is no 架 ("67B6) in font nullfont!
Missing character: There is no 次 ("6B21) in font nullfont!
Missing character: There is no 能 ("80FD) in font nullfont!
Missing character: There is no 耗 ("8017) in font nullfont!
Missing character: There is no 。 ("3002) in font nullfont!
Missing character: There is no 最 ("6700) in font nullfont!
Missing character: There is no 终 ("7EC8) in font nullfont!
Missing character: There is no 中 ("4E2D) in font nullfont!
Missing character: There is no 继 ("7EE7) in font nullfont!
Missing character: There is no 系 ("7CFB) in font nullfont!
Missing character: There is no 统 ("7EDF) in font nullfont!
Missing character: There is no 总 ("603B) in font nullfont!
Missing character: There is no 能 ("80FD) in font nullfont!
Missing character: There is no 耗 ("8017) in font nullfont!
Missing character: There is no 为 ("4E3A) in font nullfont!
Missing character: There is no 7 ("37) in font nullfont!
Missing character: There is no . ("2E) in font nullfont!
Missing character: There is no 0 ("30) in font nullfont!
Missing character: There is no 6 ("36) in font nullfont!
Missing character: There is no 0 ("30) in font nullfont!
Missing character: There is no k ("6B) in font nullfont!
Missing character: There is no W ("57) in font nullfont!
Missing character: There is no h ("68) in font nullfont!
Missing character: There is no ， ("FF0C) in font nullfont!
Missing character: There is no 占 ("5360) in font nullfont!
Missing character: There is no 运 ("8FD0) in font nullfont!
Missing character: There is no 输 ("8F93) in font nullfont!
Missing character: There is no 与 ("4E0E) in font nullfont!
Missing character: There is no 中 ("4E2D) in font nullfont!
Missing character: There is no 继 ("7EE7) in font nullfont!
Missing character: There is no 总 ("603B) in font nullfont!
Missing character: There is no 能 ("80FD) in font nullfont!
Missing character: There is no 耗 ("8017) in font nullfont!
Missing character: There is no 的 ("7684) in font nullfont!
Missing character: There is no 比 ("6BD4) in font nullfont!
Missing character: There is no 例 ("4F8B) in font nullfont!
Missing character: There is no 较 ("8F83) in font nullfont!
Missing character: There is no 小 ("5C0F) in font nullfont!
Missing character: There is no ， ("FF0C) in font nullfont!
Missing character: There is no 说 ("8BF4) in font nullfont!
Missing character: There is no 明 ("660E) in font nullfont!
Missing character: There is no 按 ("6309) in font nullfont!
Missing character: There is no 通 ("901A) in font nullfont!
Missing character: There is no 信 ("4FE1) in font nullfont!
Missing character: There is no 缺 ("7F3A) in font nullfont!
Missing character: There is no 口 ("53E3) in font nullfont!
Missing character: There is no 部 ("90E8) in font nullfont!
Missing character: There is no 署 ("7F72) in font nullfont!
Missing character: There is no 中 ("4E2D) in font nullfont!
Missing character: There is no 继 ("7EE7) in font nullfont!
Missing character: There is no 比 ("6BD4) in font nullfont!
Missing character: There is no 全 ("5168) in font nullfont!
Missing character: There is no 程 ("7A0B) in font nullfont!
Missing character: There is no 伴 ("4F34) in font nullfont!
Missing character: There is no 随 ("968F) in font nullfont!
Missing character: There is no 式 ("5F0F) in font nullfont!
Missing character: There is no 通 ("901A) in font nullfont!
Missing character: There is no 信 ("4FE1) in font nullfont!
Missing character: There is no 保 ("4FDD) in font nullfont!
Missing character: There is no 障 ("969C) in font nullfont!
Missing character: There is no 更 ("66F4) in font nullfont!
Missing character: There is no 加 ("52A0) in font nullfont!
Missing character: There is no 节 ("8282) in font nullfont!
Missing character: There is no 能 ("80FD) in font nullfont!
Missing character: There is no 。 ("3002) in font nullfont!

Overfull \hbox (30.86pt too wide) in paragraph at lines 705--709
[] []
 []


! LaTeX Error: Environment figure undefined.

See the LaTeX manual or LaTeX Companion for explanation.
Type  H <return>  for immediate help.
 ...                                              
                                                  
l.710 \begin{figure}
                    [htbp]
Your command was ignored.
Type  I <command> <return>  to replace it with another command,
or  <return>  to continue without it.

Missing character: There is no [ ("5B) in font nullfont!
Missing character: There is no h ("68) in font nullfont!
Missing character: There is no t ("74) in font nullfont!
Missing character: There is no b ("62) in font nullfont!
Missing character: There is no p ("70) in font nullfont!
Missing character: There is no ] ("5D) in font nullfont!
! Undefined control sequence.
l.712   \includegraphics
                        [width=0.90\linewidth]{../../code/3/output/fig_q3_4_...
The control sequence at the end of the top line
of your error message was never \def'ed. If you have
misspelled it (e.g., `\hobx'), type `I' and the correct
spelling (e.g., `I\hbox'). Otherwise just continue,
and I'll forget about whatever was undefined.

Missing character: There is no [ ("5B) in font nullfont!
Missing character: There is no w ("77) in font nullfont!
Missing character: There is no i ("69) in font nullfont!
Missing character: There is no d ("64) in font nullfont!
Missing character: There is no t ("74) in font nullfont!
Missing character: There is no h ("68) in font nullfont!
Missing character: There is no = ("3D) in font nullfont!
Missing character: There is no 0 ("30) in font nullfont!
Missing character: There is no . ("2E) in font nullfont!
Missing character: There is no 9 ("39) in font nullfont!
Missing character: There is no 0 ("30) in font nullfont!
! Missing number, treated as zero.
<to be read again> 
                   ]
l.712   \includegraphics[width=0.90\linewidth]
                                              {../../code/3/output/fig_q3_4_...
A number should have been here; I inserted `0'.
(If you can't figure out why I needed to see a number,
look up `weird error' in the index to The TeXbook.)

! Illegal unit of measure (pt inserted).
<to be read again> 
                   ]
l.712   \includegraphics[width=0.90\linewidth]
                                              {../../code/3/output/fig_q3_4_...
Dimensions can be in units of em, ex, in, pt, pc,
cm, mm, dd, cc, bp, or sp; but yours is a new one!
I'll assume that you meant to say pt, for printer's points.
To recover gracefully from this error, it's best to
delete the erroneous units; e.g., type `2' to delete
two letters. (See Chapter 27 of The TeXbook.)

Missing character: There is no ] ("5D) in font nullfont!
Missing character: There is no . ("2E) in font nullfont!
Missing character: There is no . ("2E) in font nullfont!
Missing character: There is no / ("2F) in font nullfont!
Missing character: There is no . ("2E) in font nullfont!
Missing character: There is no . ("2E) in font nullfont!
Missing character: There is no / ("2F) in font nullfont!
Missing character: There is no c ("63) in font nullfont!
Missing character: There is no o ("6F) in font nullfont!
Missing character: There is no d ("64) in font nullfont!
Missing character: There is no e ("65) in font nullfont!
Missing character: There is no / ("2F) in font nullfont!
Missing character: There is no 3 ("33) in font nullfont!
Missing character: There is no / ("2F) in font nullfont!
Missing character: There is no o ("6F) in font nullfont!
Missing character: There is no u ("75) in font nullfont!
Missing character: There is no t ("74) in font nullfont!
Missing character: There is no p ("70) in font nullfont!
Missing character: There is no u ("75) in font nullfont!
Missing character: There is no t ("74) in font nullfont!
Missing character: There is no / ("2F) in font nullfont!
Missing character: There is no f ("66) in font nullfont!
Missing character: There is no i ("69) in font nullfont!
Missing character: There is no g ("67) in font nullfont!
! Missing $ inserted.
<inserted text> 
                $
l.712 ...=0.90\linewidth]{../../code/3/output/fig_
                                                  q3_4_relay_energy.png}
I've inserted a begin-math/end-math symbol since I think
you left one out. Proceed, with fingers crossed.

! Double subscript.
l.712 ...\linewidth]{../../code/3/output/fig_q3_4_
                                                  relay_energy.png}
I treat `x_1_2' essentially like `x_1{}_2'.

! Extra }, or forgotten $.
l.712 .../code/3/output/fig_q3_4_relay_energy.png}
                                                  
I've deleted a group-closing symbol because it seems to be
spurious, as in `$x}$'. But perhaps the } is legitimate and
you forgot something else, as in `\hbox{$x}'. In such cases
the way to recover is to insert both the forgotten and the
deleted material, e.g., by typing `I$}'.


! LaTeX Error: \caption outside float.

See the LaTeX manual or LaTeX Companion for explanation.
Type  H <return>  for immediate help.
 ...                                              
                                                  
l.713   \caption
                {问题三各中继架次能耗}
You're in trouble here.  Try typing  <return>  to proceed.
If that doesn't work, type  X <return>  to quit.


! LaTeX Error: \begin{document} ended by \end{figure}.

See the LaTeX manual or LaTeX Companion for explanation.
Type  H <return>  for immediate help.
 ...                                              
                                                  
l.715 \end{figure}
                  
Your command was ignored.
Type  I <command> <return>  to replace it with another command,
or  <return>  to continue without it.

! Missing $ inserted.
<inserted text> 
                $
l.715 \end{figure}
                  
I've inserted something that you may have forgotten.
(See the <inserted text> above.)
With luck, this will get me unwedged. But if you
really didn't forget anything, try typing `2' now; then
my insertion and my current dilemma will both disappear.

Missing character: There is no 问 ("95EE) in font cmr10!
Missing character: There is no 题 ("9898) in font cmr10!
Missing character: There is no 三 ("4E09) in font cmr10!
Missing character: There is no 各 ("5404) in font cmr10!
Missing character: There is no 中 ("4E2D) in font cmr10!
Missing character: There is no 继 ("7EE7) in font cmr10!
Missing character: There is no 架 ("67B6) in font cmr10!
Missing character: There is no 次 ("6B21) in font cmr10!
Missing character: There is no 能 ("80FD) in font cmr10!
Missing character: There is no 耗 ("8017) in font cmr10!
! Missing } inserted.
<inserted text> 
                }
l.715 \end{figure}
                  
I've inserted something that you may have forgotten.
(See the <inserted text> above.)
With luck, this will get me unwedged. But if you
really didn't forget anything, try typing `2' now; then
my insertion and my current dilemma will both disappear.

! Undefined control sequence.
l.716 \FloatBarrier
                   
The control sequence at the end of the top line
of your error message was never \def'ed. If you have
misspelled it (e.g., `\hobx'), type `I' and the correct
spelling (e.g., `I\hbox'). Otherwise just continue,
and I'll forget about whatever was undefined.


Overfull \hbox (20.0pt too wide) in paragraph at lines 710--717
[]
 []


Overfull \hbox (85.42828pt too wide) in paragraph at lines 710--717
[]\OT1/cmr/m/n/10 3[][]\OML/cmm/m/it/10 elay[]nergy:png[][]$ 
 []

Missing character: There is no 所 ("6240) in font nullfont!
Missing character: There is no 有 ("6709) in font nullfont!
Missing character: There is no 中 ("4E2D) in font nullfont!
Missing character: There is no 继 ("7EE7) in font nullfont!
Missing character: There is no 架 ("67B6) in font nullfont!
Missing character: There is no 次 ("6B21) in font nullfont!
Missing character: There is no 均 ("5747) in font nullfont!
Missing character: There is no 满 ("6EE1) in font nullfont!
Missing character: There is no 足 ("8DB3) in font nullfont!
Missing character: There is no 返 ("8FD4) in font nullfont!
Missing character: There is no 航 ("822A) in font nullfont!
Missing character: There is no 安 ("5B89) in font nullfont!
Missing character: There is no 全 ("5168) in font nullfont!
Missing character: There is no 余 ("4F59) in font nullfont!
Missing character: There is no 量 ("91CF) in font nullfont!
Missing character: There is no 约 ("7EA6) in font nullfont!
Missing character: There is no 束 ("675F) in font nullfont!
Missing character: There is no ， ("FF0C) in font nullfont!
Missing character: There is no 且 ("4E14) in font nullfont!
Missing character: There is no R ("52) in font nullfont!
Missing character: There is no 0 ("30) in font nullfont!
Missing character: There is no 1 ("31) in font nullfont!
Missing character: There is no 、 ("3001) in font nullfont!
Missing character: There is no R ("52) in font nullfont!
Missing character: There is no 0 ("30) in font nullfont!
Missing character: There is no 2 ("32) in font nullfont!
Missing character: There is no 的 ("7684) in font nullfont!
Missing character: There is no 任 ("4EFB) in font nullfont!
Missing character: There is no 务 ("52A1) in font nullfont!
Missing character: There is no 占 ("5360) in font nullfont!
Missing character: There is no 用 ("7528) in font nullfont!
Missing character: There is no 时 ("65F6) in font nullfont!
Missing character: There is no 段 ("6BB5) in font nullfont!
Missing character: There is no 不 ("4E0D) in font nullfont!
Missing character: There is no 存 ("5B58) in font nullfont!
Missing character: There is no 在 ("5728) in font nullfont!
Missing character: There is no 重 ("91CD) in font nullfont!
Missing character: There is no 叠 ("53E0) in font nullfont!
Missing character: There is no ； ("FF1B) in font nullfont!
Missing character: There is no 六 ("516D) in font nullfont!
Missing character: There is no 组 ("7EC4) in font nullfont!
Missing character: There is no 能 ("80FD) in font nullfont!
Missing character: There is no 源 ("6E90) in font nullfont!
Missing character: There is no 组 ("7EC4) in font nullfont!
Missing character: There is no 件 ("4EF6) in font nullfont!
Missing character: There is no 按 ("6309) in font nullfont!
Missing character: There is no 照 ("7167) in font nullfont!
Missing character: There is no “ ("201C) in font nullfont!
Missing character: There is no 任 ("4EFB) in font nullfont!
Missing character: There is no 务 ("52A1) in font nullfont!
Missing character: There is no 占 ("5360) in font nullfont!
Missing character: There is no 用 ("7528) in font nullfont!
Missing character: There is no - ("2D) in font nullfont!
Missing character: There is no - ("2D) in font nullfont!
Missing character: There is no 返 ("8FD4) in font nullfont!
Missing character: There is no 航 ("822A) in font nullfont!
Missing character: There is no - ("2D) in font nullfont!
Missing character: There is no - ("2D) in font nullfont!
Missing character: There is no 充 ("5145) in font nullfont!
Missing character: There is no 电 ("7535) in font nullfont!
Missing character: There is no - ("2D) in font nullfont!
Missing character: There is no - ("2D) in font nullfont!
Missing character: There is no 再 ("518D) in font nullfont!
Missing character: There is no 次 ("6B21) in font nullfont!
Missing character: There is no 可 ("53EF) in font nullfont!
Missing character: There is no 用 ("7528) in font nullfont!
Missing character: There is no ” ("201D) in font nullfont!
Missing character: There is no 的 ("7684) in font nullfont!
Missing character: There is no 顺 ("987A) in font nullfont!
Missing character: There is no 序 ("5E8F) in font nullfont!
Missing character: There is no 周 ("5468) in font nullfont!
Missing character: There is no 转 ("8F6C) in font nullfont!
Missing character: There is no ， ("FF0C) in font nullfont!
Missing character: There is no 同 ("540C) in font nullfont!
Missing character: There is no 一 ("4E00) in font nullfont!
Missing character: There is no 能 ("80FD) in font nullfont!
Missing character: There is no 源 ("6E90) in font nullfont!
Missing character: There is no 组 ("7EC4) in font nullfont!
Missing character: There is no 件 ("4EF6) in font nullfont!
Missing character: There is no 不 ("4E0D) in font nullfont!
Missing character: There is no 存 ("5B58) in font nullfont!
Missing character: There is no 在 ("5728) in font nullfont!
Missing character: There is no 并 ("5E76) in font nullfont!
Missing character: There is no 发 ("53D1) in font nullfont!
Missing character: There is no 占 ("5360) in font nullfont!
Missing character: There is no 用 ("7528) in font nullfont!
Missing character: There is no 。 ("3002) in font nullfont!

Overfull \hbox (20.0pt too wide) in paragraph at lines 718--722
[]
 []

! Undefined control sequence.
l.723 \subsubsection
                    {Joint-ALNS 收敛性分析}
The control sequence at the end of the top line
of your error message was never \def'ed. If you have
misspelled it (e.g., `\hobx'), type `I' and the correct
spelling (e.g., `I\hbox'). Otherwise just continue,
and I'll forget about whatever was undefined.

Missing character: There is no J ("4A) in font nullfont!
Missing character: There is no o ("6F) in font nullfont!
Missing character: There is no i ("69) in font nullfont!
Missing character: There is no n ("6E) in font nullfont!
Missing character: There is no t ("74) in font nullfont!
Missing character: There is no - ("2D) in font nullfont!
Missing character: There is no A ("41) in font nullfont!
Missing character: There is no L ("4C) in font nullfont!
Missing character: There is no N ("4E) in font nullfont!
Missing character: There is no S ("53) in font nullfont!
Missing character: There is no 收 ("6536) in font nullfont!
Missing character: There is no 敛 ("655B) in font nullfont!
Missing character: There is no 性 ("6027) in font nullfont!
Missing character: There is no 分 ("5206) in font nullfont!
Missing character: There is no 析 ("6790) in font nullfont!

Overfull \hbox (20.0pt too wide) in paragraph at lines 723--724
[]
 []

Missing character: There is no 图 ("56FE) in font nullfont!
! Undefined control sequence.
<write> ...e `fig:q3-joint-alns' on page \thepage 
                                                  \space undefined\on@line .^^J
l.725 图~\ref{fig:q3-joint-alns}
                                给出了通信感知 Joint-ALNS 的历史最优联合目标。
The control sequence at the end of the top line
of your error message was never \def'ed. If you have
misspelled it (e.g., `\hobx'), type `I' and the correct
spelling (e.g., `I\hbox'). Otherwise just continue,
and I'll forget about whatever was undefined.


LaTeX Warning: Reference `fig:q3-joint-alns' on page  undefined on input line 7
25.

Missing character: There is no 给 ("7ED9) in font nullfont!
Missing character: There is no 出 ("51FA) in font nullfont!
Missing character: There is no 了 ("4E86) in font nullfont!
Missing character: There is no 通 ("901A) in font nullfont!
Missing character: There is no 信 ("4FE1) in font nullfont!
Missing character: There is no 感 ("611F) in font nullfont!
Missing character: There is no 知 ("77E5) in font nullfont!
Missing character: There is no J ("4A) in font nullfont!
Missing character: There is no o ("6F) in font nullfont!
Missing character: There is no i ("69) in font nullfont!
Missing character: There is no n ("6E) in font nullfont!
Missing character: There is no t ("74) in font nullfont!
Missing character: There is no - ("2D) in font nullfont!
Missing character: There is no A ("41) in font nullfont!
Missing character: There is no L ("4C) in font nullfont!
Missing character: There is no N ("4E) in font nullfont!
Missing character: There is no S ("53) in font nullfont!
Missing character: There is no 的 ("7684) in font nullfont!
Missing character: There is no 历 ("5386) in font nullfont!
Missing character: There is no 史 ("53F2) in font nullfont!
Missing character: There is no 最 ("6700) in font nullfont!
Missing character: There is no 优 ("4F18) in font nullfont!
Missing character: There is no 联 ("8054) in font nullfont!
Missing character: There is no 合 ("5408) in font nullfont!
Missing character: There is no 目 ("76EE) in font nullfont!
Missing character: There is no 标 ("6807) in font nullfont!
Missing character: There is no 。 ("3002) in font nullfont!
Missing character: There is no 由 ("7531) in font nullfont!
Missing character: There is no 于 ("4E8E) in font nullfont!
Missing character: There is no 基 ("57FA) in font nullfont!
Missing character: There is no 线 ("7EBF) in font nullfont!
Missing character: There is no 已 ("5DF2) in font nullfont!
Missing character: There is no 经 ("7ECF) in font nullfont!
Missing character: There is no 满 ("6EE1) in font nullfont!
Missing character: There is no 足 ("8DB3) in font nullfont!
Missing character: There is no 全 ("5168) in font nullfont!
Missing character: There is no 部 ("90E8) in font nullfont!
Missing character: There is no 硬 ("786C) in font nullfont!
Missing character: There is no 约 ("7EA6) in font nullfont!
Missing character: There is no 束 ("675F) in font nullfont!
Missing character: There is no ， ("FF0C) in font nullfont!
Missing character: There is no 初 ("521D) in font nullfont!
Missing character: There is no 始 ("59CB) in font nullfont!
Missing character: There is no 归 ("5F52) in font nullfont!
Missing character: There is no 一 ("4E00) in font nullfont!
Missing character: There is no 化 ("5316) in font nullfont!
Missing character: There is no 目 ("76EE) in font nullfont!
Missing character: There is no 标 ("6807) in font nullfont!
Missing character: There is no 为 ("4E3A) in font nullfont!
Missing character: There is no 1 ("31) in font nullfont!
Missing character: There is no 。 ("3002) in font nullfont!
Missing character: There is no 结 ("7ED3) in font nullfont!
Missing character: There is no 构 ("6784) in font nullfont!
Missing character: There is no 算 ("7B97) in font nullfont!
Missing character: There is no 子 ("5B50) in font nullfont!
Missing character: There is no 开 ("5F00) in font nullfont!
Missing character: There is no 始 ("59CB) in font nullfont!
Missing character: There is no 起 ("8D77) in font nullfont!
Missing character: There is no 作 ("4F5C) in font nullfont!
Missing character: There is no 用 ("7528) in font nullfont!
Missing character: There is no 后 ("540E) in font nullfont!
Missing character: There is no ， ("FF0C) in font nullfont!
Missing character: There is no 目 ("76EE) in font nullfont!
Missing character: There is no 标 ("6807) in font nullfont!
Missing character: There is no 函 ("51FD) in font nullfont!
Missing character: There is no 数 ("6570) in font nullfont!
Missing character: There is no 呈 ("5448) in font nullfont!
Missing character: There is no 阶 ("9636) in font nullfont!
Missing character: There is no 梯 ("68AF) in font nullfont!
Missing character: There is no 式 ("5F0F) in font nullfont!
Missing character: There is no 下 ("4E0B) in font nullfont!
Missing character: There is no 降 ("964D) in font nullfont!
Missing character: There is no ， ("FF0C) in font nullfont!
Missing character: There is no 最 ("6700) in font nullfont!
Missing character: There is no 终 ("7EC8) in font nullfont!
Missing character: There is no 稳 ("7A33) in font nullfont!
Missing character: There is no 定 ("5B9A) in font nullfont!
Missing character: There is no 在 ("5728) in font nullfont!
Missing character: There is no 0 ("30) in font nullfont!
Missing character: There is no . ("2E) in font nullfont!
Missing character: There is no 8 ("38) in font nullfont!
Missing character: There is no 4 ("34) in font nullfont!
Missing character: There is no 6 ("36) in font nullfont!
Missing character: There is no 0 ("30) in font nullfont!
Missing character: There is no 4 ("34) in font nullfont!
Missing character: There is no 1 ("31) in font nullfont!
Missing character: There is no 。 ("3002) in font nullfont!

Overfull \hbox (30.86pt too wide) in paragraph at lines 725--729
[] []
 []


! LaTeX Error: Environment figure undefined.

See the LaTeX manual or LaTeX Companion for explanation.
Type  H <return>  for immediate help.
 ...                                              
                                                  
l.730 \begin{figure}
                    [htbp]
Your command was ignored.
Type  I <command> <return>  to replace it with another command,
or  <return>  to continue without it.

Missing character: There is no [ ("5B) in font nullfont!
Missing character: There is no h ("68) in font nullfont!
Missing character: There is no t ("74) in font nullfont!
Missing character: There is no b ("62) in font nullfont!
Missing character: There is no p ("70) in font nullfont!
Missing character: There is no ] ("5D) in font nullfont!
! Undefined control sequence.
l.732   \includegraphics
                        [width=0.82\linewidth]{../../code/3/output/fig_q3_7_...
The control sequence at the end of the top line
of your error message was never \def'ed. If you have
misspelled it (e.g., `\hobx'), type `I' and the correct
spelling (e.g., `I\hbox'). Otherwise just continue,
and I'll forget about whatever was undefined.

Missing character: There is no [ ("5B) in font nullfont!
Missing character: There is no w ("77) in font nullfont!
Missing character: There is no i ("69) in font nullfont!
Missing character: There is no d ("64) in font nullfont!
Missing character: There is no t ("74) in font nullfont!
Missing character: There is no h ("68) in font nullfont!
Missing character: There is no = ("3D) in font nullfont!
Missing character: There is no 0 ("30) in font nullfont!
Missing character: There is no . ("2E) in font nullfont!
Missing character: There is no 8 ("38) in font nullfont!
Missing character: There is no 2 ("32) in font nullfont!
! Missing number, treated as zero.
<to be read again> 
                   ]
l.732   \includegraphics[width=0.82\linewidth]
                                              {../../code/3/output/fig_q3_7_...
A number should have been here; I inserted `0'.
(If you can't figure out why I needed to see a number,
look up `weird error' in the index to The TeXbook.)

! Illegal unit of measure (pt inserted).
<to be read again> 
                   ]
l.732   \includegraphics[width=0.82\linewidth]
                                              {../../code/3/output/fig_q3_7_...
Dimensions can be in units of em, ex, in, pt, pc,
cm, mm, dd, cc, bp, or sp; but yours is a new one!
I'll assume that you meant to say pt, for printer's points.
To recover gracefully from this error, it's best to
delete the erroneous units; e.g., type `2' to delete
two letters. (See Chapter 27 of The TeXbook.)

Missing character: There is no ] ("5D) in font nullfont!
Missing character: There is no . ("2E) in font nullfont!
Missing character: There is no . ("2E) in font nullfont!
Missing character: There is no / ("2F) in font nullfont!
Missing character: There is no . ("2E) in font nullfont!
Missing character: There is no . ("2E) in font nullfont!
Missing character: There is no / ("2F) in font nullfont!
Missing character: There is no c ("63) in font nullfont!
Missing character: There is no o ("6F) in font nullfont!
Missing character: There is no d ("64) in font nullfont!
Missing character: There is no e ("65) in font nullfont!
Missing character: There is no / ("2F) in font nullfont!
Missing character: There is no 3 ("33) in font nullfont!
Missing character: There is no / ("2F) in font nullfont!
Missing character: There is no o ("6F) in font nullfont!
Missing character: There is no u ("75) in font nullfont!
Missing character: There is no t ("74) in font nullfont!
Missing character: There is no p ("70) in font nullfont!
Missing character: There is no u ("75) in font nullfont!
Missing character: There is no t ("74) in font nullfont!
Missing character: There is no / ("2F) in font nullfont!
Missing character: There is no f ("66) in font nullfont!
Missing character: There is no i ("69) in font nullfont!
Missing character: There is no g ("67) in font nullfont!
! Missing $ inserted.
<inserted text> 
                $
l.732 ...=0.82\linewidth]{../../code/3/output/fig_
                                                  q3_7_joint_alns.png}
I've inserted a begin-math/end-math symbol since I think
you left one out. Proceed, with fingers crossed.

! Double subscript.
l.732 ...\linewidth]{../../code/3/output/fig_q3_7_
                                                  joint_alns.png}
I treat `x_1_2' essentially like `x_1{}_2'.

! Extra }, or forgotten $.
l.732 ...../code/3/output/fig_q3_7_joint_alns.png}
                                                  
I've deleted a group-closing symbol because it seems to be
spurious, as in `$x}$'. But perhaps the } is legitimate and
you forgot something else, as in `\hbox{$x}'. In such cases
the way to recover is to insert both the forgotten and the
deleted material, e.g., by typing `I$}'.


! LaTeX Error: \caption outside float.

See the LaTeX manual or LaTeX Companion for explanation.
Type  H <return>  for immediate help.
 ...                                              
                                                  
l.733   \caption
                {问题三通信感知 Joint-ALNS 收敛曲线}
You're in trouble here.  Try typing  <return>  to proceed.
If that doesn't work, type  X <return>  to quit.


! LaTeX Error: \begin{document} ended by \end{figure}.

See the LaTeX manual or LaTeX Companion for explanation.
Type  H <return>  for immediate help.
 ...                                              
                                                  
l.735 \end{figure}
                  
Your command was ignored.
Type  I <command> <return>  to replace it with another command,
or  <return>  to continue without it.

! Missing $ inserted.
<inserted text> 
                $
l.735 \end{figure}
                  
I've inserted something that you may have forgotten.
(See the <inserted text> above.)
With luck, this will get me unwedged. But if you
really didn't forget anything, try typing `2' now; then
my insertion and my current dilemma will both disappear.

Missing character: There is no 问 ("95EE) in font cmr10!
Missing character: There is no 题 ("9898) in font cmr10!
Missing character: There is no 三 ("4E09) in font cmr10!
Missing character: There is no 通 ("901A) in font cmr10!
Missing character: There is no 信 ("4FE1) in font cmr10!
Missing character: There is no 感 ("611F) in font cmr10!
Missing character: There is no 知 ("77E5) in font cmr10!
Missing character: There is no 收 ("6536) in font cmr10!
Missing character: There is no 敛 ("655B) in font cmr10!
Missing character: There is no 曲 ("66F2) in font cmr10!
Missing character: There is no 线 ("7EBF) in font cmr10!
! Missing } inserted.
<inserted text> 
                }
l.735 \end{figure}
                  
I've inserted something that you may have forgotten.
(See the <inserted text> above.)
With luck, this will get me unwedged. But if you
really didn't forget anything, try typing `2' now; then
my insertion and my current dilemma will both disappear.

! Undefined control sequence.
l.736 \FloatBarrier
                   
The control sequence at the end of the top line
of your error message was never \def'ed. If you have
misspelled it (e.g., `\hobx'), type `I' and the correct
spelling (e.g., `I\hbox'). Otherwise just continue,
and I'll forget about whatever was undefined.


Overfull \hbox (20.0pt too wide) in paragraph at lines 730--737
[]
 []


Overfull \hbox (140.44356pt too wide) in paragraph at lines 730--737
[]\OT1/cmr/m/n/10 3[][]\OML/cmm/m/it/10 oint[]lns:png[][]$ 
 []

Missing character: There is no 搜 ("641C) in font nullfont!
Missing character: There is no 索 ("7D22) in font nullfont!
Missing character: There is no 过 ("8FC7) in font nullfont!
Missing character: There is no 程 ("7A0B) in font nullfont!
Missing character: There is no 中 ("4E2D) in font nullfont!
Missing character: There is no ， ("FF0C) in font nullfont!
Missing character: There is no c ("63) in font nullfont!
Missing character: There is no o ("6F) in font nullfont!
Missing character: There is no m ("6D) in font nullfont!
Missing character: There is no m ("6D) in font nullfont!
Missing character: There is no u ("75) in font nullfont!
Missing character: There is no n ("6E) in font nullfont!
Missing character: There is no i ("69) in font nullfont!
Missing character: There is no c ("63) in font nullfont!
Missing character: There is no a ("61) in font nullfont!
Missing character: There is no t ("74) in font nullfont!
Missing character: There is no i ("69) in font nullfont!
Missing character: There is no o ("6F) in font nullfont!
Missing character: There is no n ("6E) in font nullfont!
Missing character: There is no - ("2D) in font nullfont!
Missing character: There is no c ("63) in font nullfont!
Missing character: There is no o ("6F) in font nullfont!
Missing character: There is no n ("6E) in font nullfont!
Missing character: There is no f ("66) in font nullfont!
Missing character: There is no l ("6C) in font nullfont!
Missing character: There is no i ("69) in font nullfont!
Missing character: There is no c ("63) in font nullfont!
Missing character: There is no t ("74) in font nullfont!
Missing character: There is no d ("64) in font nullfont!
Missing character: There is no e ("65) in font nullfont!
Missing character: There is no s ("73) in font nullfont!
Missing character: There is no t ("74) in font nullfont!
Missing character: There is no r ("72) in font nullfont!
Missing character: There is no o ("6F) in font nullfont!
Missing character: There is no y ("79) in font nullfont!
Missing character: There is no 优 ("4F18) in font nullfont!
Missing character: There is no 先 ("5148) in font nullfont!
Missing character: There is no 选 ("9009) in font nullfont!
Missing character: There is no 取 ("53D6) in font nullfont!
Missing character: There is no 迟 ("8FDF) in font nullfont!
Missing character: There is no 到 ("5230) in font nullfont!
Missing character: There is no 贡 ("8D21) in font nullfont!
Missing character: There is no 献 ("732E) in font nullfont!
Missing character: There is no 和 ("548C) in font nullfont!
Missing character: There is no 中 ("4E2D) in font nullfont!
Missing character: There is no 继 ("7EE7) in font nullfont!
Missing character: There is no 占 ("5360) in font nullfont!
Missing character: There is no 用 ("7528) in font nullfont!
Missing character: There is no 均 ("5747) in font nullfont!
Missing character: There is no 较 ("8F83) in font nullfont!
Missing character: There is no 大 ("5927) in font nullfont!
Missing character: There is no 的 ("7684) in font nullfont!
Missing character: There is no 路 ("8DEF) in font nullfont!
Missing character: There is no 线 ("7EBF) in font nullfont!
Missing character: There is no ， ("FF0C) in font nullfont!
Missing character: There is no r ("72) in font nullfont!
Missing character: There is no e ("65) in font nullfont!
Missing character: There is no l ("6C) in font nullfont!
Missing character: There is no a ("61) in font nullfont!
Missing character: There is no y ("79) in font nullfont!
Missing character: There is no - ("2D) in font nullfont!
Missing character: There is no a ("61) in font nullfont!
Missing character: There is no w ("77) in font nullfont!
Missing character: There is no a ("61) in font nullfont!
Missing character: There is no r ("72) in font nullfont!
Missing character: There is no e ("65) in font nullfont!
Missing character: There is no r ("72) in font nullfont!
Missing character: There is no e ("65) in font nullfont!
Missing character: There is no p ("70) in font nullfont!
Missing character: There is no a ("61) in font nullfont!
Missing character: There is no i ("69) in font nullfont!
Missing character: There is no r ("72) in font nullfont!
Missing character: There is no 则 ("5219) in font nullfont!
Missing character: There is no 将 ("5C06) in font nullfont!
Missing character: There is no 部 ("90E8) in font nullfont!
Missing character: There is no 分 ("5206) in font nullfont!
Missing character: There is no 普 ("666E) in font nullfont!
Missing character: There is no 通 ("901A) in font nullfont!
Missing character: There is no 货 ("8D27) in font nullfont!
Missing character: There is no 箱 ("7BB1) in font nullfont!
Missing character: There is no 提 ("63D0) in font nullfont!
Missing character: There is no 前 ("524D) in font nullfont!
Missing character: There is no 并 ("5E76) in font nullfont!
Missing character: There is no 入 ("5165) in font nullfont!
Missing character: There is no 通 ("901A) in font nullfont!
Missing character: There is no 信 ("4FE1) in font nullfont!
Missing character: There is no 几 ("51E0) in font nullfont!
Missing character: There is no 何 ("4F55) in font nullfont!
Missing character: There is no 相 ("76F8) in font nullfont!
Missing character: There is no 容 ("5BB9) in font nullfont!
Missing character: There is no 的 ("7684) in font nullfont!
Missing character: There is no 早 ("65E9) in font nullfont!
Missing character: There is no 期 ("671F) in font nullfont!
Missing character: There is no 路 ("8DEF) in font nullfont!
Missing character: There is no 线 ("7EBF) in font nullfont!
Missing character: There is no 。 ("3002) in font nullfont!
Missing character: There is no 因 ("56E0) in font nullfont!
Missing character: There is no 此 ("6B64) in font nullfont!
Missing character: There is no ， ("FF0C) in font nullfont!
Missing character: There is no 联 ("8054) in font nullfont!
Missing character: There is no 合 ("5408) in font nullfont!
Missing character: There is no 目 ("76EE) in font nullfont!
Missing character: There is no 标 ("6807) in font nullfont!
Missing character: There is no 的 ("7684) in font nullfont!
Missing character: There is no 主 ("4E3B) in font nullfont!
Missing character: There is no 要 ("8981) in font nullfont!
Missing character: There is no 改 ("6539) in font nullfont!
Missing character: There is no 善 ("5584) in font nullfont!
Missing character: There is no 来 ("6765) in font nullfont!
Missing character: There is no 自 ("81EA) in font nullfont!
Missing character: There is no 配 ("914D) in font nullfont!
Missing character: There is no 送 ("9001) in font nullfont!
Missing character: There is no 及 ("53CA) in font nullfont!
Missing character: There is no 时 ("65F6) in font nullfont!
Missing character: There is no 性 ("6027) in font nullfont!
Missing character: There is no 的 ("7684) in font nullfont!
Missing character: There is no 显 ("663E) in font nullfont!
Missing character: There is no 著 ("8457) in font nullfont!
Missing character: There is no 提 ("63D0) in font nullfont!
Missing character: There is no 高 ("9AD8) in font nullfont!
Missing character: There is no ， ("FF0C) in font nullfont!
Missing character: There is no 同 ("540C) in font nullfont!
Missing character: There is no 时 ("65F6) in font nullfont!
Missing character: There is no 联 ("8054) in font nullfont!
Missing character: There is no 合 ("5408) in font nullfont!
Missing character: There is no 完 ("5B8C) in font nullfont!
Missing character: There is no 工 ("5DE5) in font nullfont!
Missing character: There is no 时 ("65F6) in font nullfont!
Missing character: There is no 间 ("95F4) in font nullfont!
Missing character: There is no 和 ("548C) in font nullfont!
Missing character: There is no 总 ("603B) in font nullfont!
Missing character: There is no 能 ("80FD) in font nullfont!
Missing character: There is no 耗 ("8017) in font nullfont!
Missing character: There is no 也 ("4E5F) in font nullfont!
Missing character: There is no 得 ("5F97) in font nullfont!
Missing character: There is no 到 ("5230) in font nullfont!
Missing character: There is no 小 ("5C0F) in font nullfont!
Missing character: There is no 幅 ("5E45) in font nullfont!
Missing character: There is no 下 ("4E0B) in font nullfont!
Missing character: There is no 降 ("964D) in font nullfont!
Missing character: There is no 。 ("3002) in font nullfont!

Overfull \hbox (20.0pt too wide) in paragraph at lines 738--742
[]
 []

! Undefined control sequence.
l.743 \subsection
                 {方案可行性检验}
The control sequence at the end of the top line
of your error message was never \def'ed. If you have
misspelled it (e.g., `\hobx'), type `I' and the correct
spelling (e.g., `I\hbox'). Otherwise just continue,
and I'll forget about whatever was undefined.

Missing character: There is no 方 ("65B9) in font nullfont!
Missing character: There is no 案 ("6848) in font nullfont!
Missing character: There is no 可 ("53EF) in font nullfont!
Missing character: There is no 行 ("884C) in font nullfont!
Missing character: There is no 性 ("6027) in font nullfont!
Missing character: There is no 检 ("68C0) in font nullfont!
Missing character: There is no 验 ("9A8C) in font nullfont!

Overfull \hbox (20.0pt too wide) in paragraph at lines 743--744
[] 
 []

Missing character: There is no 问 ("95EE) in font nullfont!
Missing character: There is no 题 ("9898) in font nullfont!
Missing character: There is no 三 ("4E09) in font nullfont!
Missing character: There is no 比 ("6BD4) in font nullfont!
Missing character: There is no 问 ("95EE) in font nullfont!
Missing character: There is no 题 ("9898) in font nullfont!
Missing character: There is no 二 ("4E8C) in font nullfont!
Missing character: There is no 多 ("591A) in font nullfont!
Missing character: There is no 出 ("51FA) in font nullfont!
Missing character: There is no 通 ("901A) in font nullfont!
Missing character: There is no 信 ("4FE1) in font nullfont!
Missing character: There is no 链 ("94FE) in font nullfont!
Missing character: There is no 路 ("8DEF) in font nullfont!
Missing character: There is no 、 ("3001) in font nullfont!
Missing character: There is no 中 ("4E2D) in font nullfont!
Missing character: There is no 继 ("7EE7) in font nullfont!
Missing character: There is no 无 ("65E0) in font nullfont!
Missing character: There is no 人 ("4EBA) in font nullfont!
Missing character: There is no 机 ("673A) in font nullfont!
Missing character: There is no 和 ("548C) in font nullfont!
Missing character: There is no 中 ("4E2D) in font nullfont!
Missing character: There is no 继 ("7EE7) in font nullfont!
Missing character: There is no 能 ("80FD) in font nullfont!
Missing character: There is no 源 ("6E90) in font nullfont!
Missing character: There is no 组 ("7EC4) in font nullfont!
Missing character: There is no 件 ("4EF6) in font nullfont!
Missing character: There is no 三 ("4E09) in font nullfont!
Missing character: There is no 类 ("7C7B) in font nullfont!
Missing character: There is no 可 ("53EF) in font nullfont!
Missing character: There is no 行 ("884C) in font nullfont!
Missing character: There is no 性 ("6027) in font nullfont!
Missing character: There is no 条 ("6761) in font nullfont!
Missing character: There is no 件 ("4EF6) in font nullfont!
Missing character: There is no 。 ("3002) in font nullfont!
Missing character: There is no 为 ("4E3A) in font nullfont!
Missing character: There is no 避 ("907F) in font nullfont!
Missing character: There is no 免 ("514D) in font nullfont!
Missing character: There is no 启 ("542F) in font nullfont!
Missing character: There is no 发 ("53D1) in font nullfont!
Missing character: There is no 式 ("5F0F) in font nullfont!
Missing character: There is no 算 ("7B97) in font nullfont!
Missing character: There is no 法 ("6CD5) in font nullfont!
Missing character: There is no 产 ("4EA7) in font nullfont!
Missing character: There is no 生 ("751F) in font nullfont!
Missing character: There is no “ ("201C) in font nullfont!
Missing character: There is no 目 ("76EE) in font nullfont!
Missing character: There is no 标 ("6807) in font nullfont!
Missing character: There is no 值 ("503C) in font nullfont!
Missing character: There is no 较 ("8F83) in font nullfont!
Missing character: There is no 优 ("4F18) in font nullfont!
Missing character: There is no 但 ("4F46) in font nullfont!
Missing character: There is no 无 ("65E0) in font nullfont!
Missing character: There is no 法 ("6CD5) in font nullfont!
Missing character: There is no 执 ("6267) in font nullfont!
Missing character: There is no 行 ("884C) in font nullfont!
Missing character: There is no ” ("201D) in font nullfont!
Missing character: There is no 的 ("7684) in font nullfont!
Missing character: There is no 结 ("7ED3) in font nullfont!
Missing character: There is no 果 ("679C) in font nullfont!
Missing character: There is no ， ("FF0C) in font nullfont!
Missing character: There is no 程 ("7A0B) in font nullfont!
Missing character: There is no 序 ("5E8F) in font nullfont!
Missing character: There is no 在 ("5728) in font nullfont!
Missing character: There is no 候 ("5019) in font nullfont!
Missing character: There is no 选 ("9009) in font nullfont!
Missing character: There is no 状 ("72B6) in font nullfont!
Missing character: There is no 态 ("6001) in font nullfont!
Missing character: There is no 评 ("8BC4) in font nullfont!
Missing character: There is no 价 ("4EF7) in font nullfont!
Missing character: There is no 和 ("548C) in font nullfont!
Missing character: There is no 最 ("6700) in font nullfont!
Missing character: There is no 终 ("7EC8) in font nullfont!
Missing character: There is no 输 ("8F93) in font nullfont!
Missing character: There is no 出 ("51FA) in font nullfont!
Missing character: There is no 阶 ("9636) in font nullfont!
Missing character: There is no 段 ("6BB5) in font nullfont!
Missing character: There is no 均 ("5747) in font nullfont!
Missing character: There is no 进 ("8FDB) in font nullfont!
Missing character: There is no 行 ("884C) in font nullfont!
Missing character: There is no 完 ("5B8C) in font nullfont!
Missing character: There is no 整 ("6574) in font nullfont!
Missing character: There is no 审 ("5BA1) in font nullfont!
Missing character: There is no 计 ("8BA1) in font nullfont!
Missing character: There is no ： ("FF1A) in font nullfont!

Overfull \hbox (20.0pt too wide) in paragraph at lines 745--748
[]
 []


Overfull \hbox (20.0pt too wide) in paragraph at lines 749--749
[] 
 []

Missing character: There is no [ ("5B) in font nullfont!
Missing character: There is no l ("6C) in font nullfont!
Missing character: There is no a ("61) in font nullfont!
Missing character: There is no b ("62) in font nullfont!
Missing character: There is no e ("65) in font nullfont!
Missing character: There is no l ("6C) in font nullfont!
Missing character: There is no = ("3D) in font nullfont!
Missing character: There is no ( ("28) in font nullfont!
! Missing number, treated as zero.
<to be read again> 
                   \c@* 
l.749 \begin{enumerate}[label=(\arabic*
                                       ),leftmargin=3em]
A number should have been here; I inserted `0'.
(If you can't figure out why I needed to see a number,
look up `weird error' in the index to The TeXbook.)

Missing character: There is no 0 ("30) in font nullfont!
Missing character: There is no ) ("29) in font nullfont!
Missing character: There is no , ("2C) in font nullfont!
Missing character: There is no l ("6C) in font nullfont!
Missing character: There is no e ("65) in font nullfont!
Missing character: There is no f ("66) in font nullfont!
Missing character: There is no t ("74) in font nullfont!
Missing character: There is no m ("6D) in font nullfont!
Missing character: There is no a ("61) in font nullfont!
Missing character: There is no r ("72) in font nullfont!
Missing character: There is no g ("67) in font nullfont!
Missing character: There is no i ("69) in font nullfont!
Missing character: There is no n ("6E) in font nullfont!
Missing character: There is no = ("3D) in font nullfont!
Missing character: There is no 3 ("33) in font nullfont!
Missing character: There is no e ("65) in font nullfont!
Missing character: There is no m ("6D) in font nullfont!
Missing character: There is no ] ("5D) in font nullfont!

! LaTeX Error: Something's wrong--perhaps a missing \item.

See the LaTeX manual or LaTeX Companion for explanation.
Type  H <return>  for immediate help.
 ...                                              
                                                  
l.750   \item \textbf
                     {货箱与运输路线：}
Try typing  <return>  to proceed.
If that doesn't work, type  X <return>  to quit.

Missing character: There is no 货 (U+8D27) in font [lmroman10-bold]:mapping=tex-
text;!
Missing character: There is no 箱 (U+7BB1) in font [lmroman10-bold]:mapping=tex-
text;!
Missing character: There is no 与 (U+4E0E) in font [lmroman10-bold]:mapping=tex-
text;!
Missing character: There is no 运 (U+8FD0) in font [lmroman10-bold]:mapping=tex-
text;!
Missing character: There is no 输 (U+8F93) in font [lmroman10-bold]:mapping=tex-
text;!
Missing character: There is no 路 (U+8DEF) in font [lmroman10-bold]:mapping=tex-
text;!
Missing character: There is no 线 (U+7EBF) in font [lmroman10-bold]:mapping=tex-
text;!
Missing character: There is no ： (U+FF1A) in font [lmroman10-bold]:mapping=tex-
text;!
Missing character: There is no 8 ("38) in font nullfont!
Missing character: There is no 0 ("30) in font nullfont!
Missing character: There is no 个 ("4E2A) in font nullfont!
Missing character: There is no 货 ("8D27) in font nullfont!
Missing character: There is no 箱 ("7BB1) in font nullfont!
Missing character: There is no 均 ("5747) in font nullfont!
Missing character: There is no 有 ("6709) in font nullfont!
Missing character: There is no 且 ("4E14) in font nullfont!
Missing character: There is no 仅 ("4EC5) in font nullfont!
Missing character: There is no 有 ("6709) in font nullfont!
Missing character: There is no 一 ("4E00) in font nullfont!
Missing character: There is no 次 ("6B21) in font nullfont!
Missing character: There is no 交 ("4EA4) in font nullfont!
Missing character: There is no 付 ("4ED8) in font nullfont!
Missing character: There is no ， ("FF0C) in font nullfont!
Missing character: There is no 目 ("76EE) in font nullfont!
Missing character: There is no 的 ("7684) in font nullfont!
Missing character: There is no 服 ("670D) in font nullfont!
Missing character: There is no 务 ("52A1) in font nullfont!
Missing character: There is no 区 ("533A) in font nullfont!
Missing character: There is no 正 ("6B63) in font nullfont!
Missing character: There is no 确 ("786E) in font nullfont!
Missing character: There is no ； ("FF1B) in font nullfont!

Overfull \hbox (22.4pt too wide) in paragraph at lines 750--752
\TU/lmr/bx/n/10 货箱与运输路线： 
 []

Missing character: There is no 运 (U+8FD0) in font [lmroman10-bold]:mapping=tex-
text;!
Missing character: There is no 输 (U+8F93) in font [lmroman10-bold]:mapping=tex-
text;!
Missing character: There is no 容 (U+5BB9) in font [lmroman10-bold]:mapping=tex-
text;!
Missing character: There is no 量 (U+91CF) in font [lmroman10-bold]:mapping=tex-
text;!
Missing character: There is no 与 (U+4E0E) in font [lmroman10-bold]:mapping=tex-
text;!
Missing character: There is no 能 (U+80FD) in font [lmroman10-bold]:mapping=tex-
text;!
Missing character: There is no 源 (U+6E90) in font [lmroman10-bold]:mapping=tex-
text;!
Missing character: There is no ： (U+FF1A) in font [lmroman10-bold]:mapping=tex-
text;!
Missing character: There is no 每 ("6BCF) in font nullfont!
Missing character: There is no 个 ("4E2A) in font nullfont!
Missing character: There is no 运 ("8FD0) in font nullfont!
Missing character: There is no 输 ("8F93) in font nullfont!
Missing character: There is no 架 ("67B6) in font nullfont!
Missing character: There is no 次 ("6B21) in font nullfont!
Missing character: There is no 均 ("5747) in font nullfont!
Missing character: There is no 满 ("6EE1) in font nullfont!
Missing character: There is no 足 ("8DB3) in font nullfont!
Missing character: There is no 载 ("8F7D) in font nullfont!
Missing character: There is no 质 ("8D28) in font nullfont!
Missing character: There is no 量 ("91CF) in font nullfont!
Missing character: There is no 、 ("3001) in font nullfont!
Missing character: There is no 体 ("4F53) in font nullfont!
Missing character: There is no 积 ("79EF) in font nullfont!
Missing character: There is no 和 ("548C) in font nullfont!
Missing character: There is no 返 ("8FD4) in font nullfont!
Missing character: There is no 航 ("822A) in font nullfont!
Missing character: There is no S ("53) in font nullfont!
Missing character: There is no O ("4F) in font nullfont!
Missing character: There is no C ("43) in font nullfont!
Missing character: There is no 安 ("5B89) in font nullfont!
Missing character: There is no 全 ("5168) in font nullfont!
Missing character: There is no 余 ("4F59) in font nullfont!
Missing character: There is no 量 ("91CF) in font nullfont!
Missing character: There is no ； ("FF1B) in font nullfont!

Overfull \hbox (22.4pt too wide) in paragraph at lines 752--754
\TU/lmr/bx/n/10 运输容量与能源：
 []

Missing character: There is no 配 (U+914D) in font [lmroman10-bold]:mapping=tex-
text;!
Missing character: There is no 送 (U+9001) in font [lmroman10-bold]:mapping=tex-
text;!
Missing character: There is no 时 (U+65F6) in font [lmroman10-bold]:mapping=tex-
text;!
Missing character: There is no 限 (U+9650) in font [lmroman10-bold]:mapping=tex-
text;!
Missing character: There is no ： (U+FF1A) in font [lmroman10-bold]:mapping=tex-
text;!
Missing character: There is no 医 ("533B) in font nullfont!
Missing character: There is no 疗 ("7597) in font nullfont!
Missing character: There is no 物 ("7269) in font nullfont!
Missing character: There is no 资 ("8D44) in font nullfont!
Missing character: There is no 及 ("53CA) in font nullfont!
Missing character: There is no 首 ("9996) in font nullfont!
Missing character: There is no 批 ("6279) in font nullfont!
Missing character: There is no 保 ("4FDD) in font nullfont!
Missing character: There is no 障 ("969C) in font nullfont!
Missing character: There is no 货 ("8D27) in font nullfont!
Missing character: There is no 箱 ("7BB1) in font nullfont!
Missing character: There is no 全 ("5168) in font nullfont!
Missing character: There is no 部 ("90E8) in font nullfont!
Missing character: There is no 满 ("6EE1) in font nullfont!
Missing character: There is no 足 ("8DB3) in font nullfont!
Missing character: There is no 硬 ("786C) in font nullfont!
Missing character: There is no 截 ("622A) in font nullfont!
Missing character: There is no 止 ("6B62) in font nullfont!
Missing character: There is no 要 ("8981) in font nullfont!
Missing character: There is no 求 ("6C42) in font nullfont!
Missing character: There is no ， ("FF0C) in font nullfont!
Missing character: There is no 最 ("6700) in font nullfont!
Missing character: There is no 终 ("7EC8) in font nullfont!
Missing character: There is no 硬 ("786C) in font nullfont!
Missing character: There is no 时 ("65F6) in font nullfont!
Missing character: There is no 限 ("9650) in font nullfont!
Missing character: There is no 违 ("8FDD) in font nullfont!
Missing character: There is no 反 ("53CD) in font nullfont!
Missing character: There is no 数 ("6570) in font nullfont!
Missing character: There is no 为 ("4E3A) in font nullfont!
Missing character: There is no 0 ("30) in font nullfont!
Missing character: There is no ； ("FF1B) in font nullfont!

Overfull \hbox (14.0pt too wide) in paragraph at lines 754--757
\TU/lmr/bx/n/10 配送时限：
 []

Missing character: There is no 通 (U+901A) in font [lmroman10-bold]:mapping=tex-
text;!
Missing character: There is no 信 (U+4FE1) in font [lmroman10-bold]:mapping=tex-
text;!
Missing character: There is no 链 (U+94FE) in font [lmroman10-bold]:mapping=tex-
text;!
Missing character: There is no 路 (U+8DEF) in font [lmroman10-bold]:mapping=tex-
text;!
Missing character: There is no ： (U+FF1A) in font [lmroman10-bold]:mapping=tex-
text;!
Missing character: There is no 对 ("5BF9) in font nullfont!
Missing character: There is no 所 ("6240) in font nullfont!
Missing character: There is no 有 ("6709) in font nullfont!
Missing character: There is no 运 ("8FD0) in font nullfont!
Missing character: There is no 输 ("8F93) in font nullfont!
Missing character: There is no 轨 ("8F68) in font nullfont!
Missing character: There is no 迹 ("8FF9) in font nullfont!
Missing character: There is no 通 ("901A) in font nullfont!
Missing character: There is no 信 ("4FE1) in font nullfont!
Missing character: There is no 采 ("91C7) in font nullfont!
Missing character: There is no 样 ("6837) in font nullfont!
Missing character: There is no 点 ("70B9) in font nullfont!
Missing character: There is no 检 ("68C0) in font nullfont!
Missing character: There is no 查 ("67E5) in font nullfont!
Missing character: There is no 固 ("56FA) in font nullfont!
Missing character: There is no 定 ("5B9A) in font nullfont!
Missing character: There is no 网 ("7F51) in font nullfont!
Missing character: There is no 关 ("5173) in font nullfont!
Missing character: There is no 直 ("76F4) in font nullfont!
Missing character: There is no 连 ("8FDE) in font nullfont!
Missing character: There is no 或 ("6216) in font nullfont!
Missing character: There is no 中 ("4E2D) in font nullfont!
Missing character: There is no 继 ("7EE7) in font nullfont!
Missing character: There is no 两 ("4E24) in font nullfont!
Missing character: There is no 段 ("6BB5) in font nullfont!
Missing character: There is no 链 ("94FE) in font nullfont!
Missing character: There is no 路 ("8DEF) in font nullfont!
Missing character: There is no ， ("FF0C) in font nullfont!
Missing character: There is no 最 ("6700) in font nullfont!
Missing character: There is no 终 ("7EC8) in font nullfont!
Missing character: There is no 通 ("901A) in font nullfont!
Missing character: There is no 信 ("4FE1) in font nullfont!
Missing character: There is no 中 ("4E2D) in font nullfont!
Missing character: There is no 断 ("65AD) in font nullfont!
Missing character: There is no 采 ("91C7) in font nullfont!
Missing character: There is no 样 ("6837) in font nullfont!
Missing character: There is no 点 ("70B9) in font nullfont!
Missing character: There is no 数 ("6570) in font nullfont!
Missing character: There is no 为 ("4E3A) in font nullfont!
Missing character: There is no 0 ("30) in font nullfont!
Missing character: There is no ； ("FF1B) in font nullfont!

Overfull \hbox (14.0pt too wide) in paragraph at lines 757--760
\TU/lmr/bx/n/10 通信链路：
 []

Missing character: There is no 中 (U+4E2D) in font [lmroman10-bold]:mapping=tex-
text;!
Missing character: There is no 继 (U+7EE7) in font [lmroman10-bold]:mapping=tex-
text;!
Missing character: There is no 无 (U+65E0) in font [lmroman10-bold]:mapping=tex-
text;!
Missing character: There is no 人 (U+4EBA) in font [lmroman10-bold]:mapping=tex-
text;!
Missing character: There is no 机 (U+673A) in font [lmroman10-bold]:mapping=tex-
text;!
Missing character: There is no 资 (U+8D44) in font [lmroman10-bold]:mapping=tex-
text;!
Missing character: There is no 源 (U+6E90) in font [lmroman10-bold]:mapping=tex-
text;!
Missing character: There is no ： (U+FF1A) in font [lmroman10-bold]:mapping=tex-
text;!
Missing character: There is no 同 ("540C) in font nullfont!
Missing character: There is no 一 ("4E00) in font nullfont!
Missing character: There is no 中 ("4E2D) in font nullfont!
Missing character: There is no 继 ("7EE7) in font nullfont!
Missing character: There is no 无 ("65E0) in font nullfont!
Missing character: There is no 人 ("4EBA) in font nullfont!
Missing character: There is no 机 ("673A) in font nullfont!
Missing character: There is no 的 ("7684) in font nullfont!
Missing character: There is no 架 ("67B6) in font nullfont!
Missing character: There is no 次 ("6B21) in font nullfont!
Missing character: There is no 占 ("5360) in font nullfont!
Missing character: There is no 用 ("7528) in font nullfont!
Missing character: There is no 时 ("65F6) in font nullfont!
Missing character: There is no 段 ("6BB5) in font nullfont!
Missing character: There is no 不 ("4E0D) in font nullfont!
Missing character: There is no 重 ("91CD) in font nullfont!
Missing character: There is no 叠 ("53E0) in font nullfont!
Missing character: There is no ， ("FF0C) in font nullfont!
Missing character: There is no 且 ("4E14) in font nullfont!
Missing character: There is no 每 ("6BCF) in font nullfont!
Missing character: There is no 次 ("6B21) in font nullfont!
Missing character: There is no 均 ("5747) in font nullfont!
Missing character: There is no 在 ("5728) in font nullfont!
Missing character: There is no 通 ("901A) in font nullfont!
Missing character: There is no 信 ("4FE1) in font nullfont!
Missing character: There is no 需 ("9700) in font nullfont!
Missing character: There is no 求 ("6C42) in font nullfont!
Missing character: There is no 开 ("5F00) in font nullfont!
Missing character: There is no 始 ("59CB) in font nullfont!
Missing character: There is no 前 ("524D) in font nullfont!
Missing character: There is no 完 ("5B8C) in font nullfont!
Missing character: There is no 成 ("6210) in font nullfont!
Missing character: There is no 准 ("51C6) in font nullfont!
Missing character: There is no 备 ("5907) in font nullfont!
Missing character: There is no 、 ("3001) in font nullfont!
Missing character: There is no 飞 ("98DE) in font nullfont!
Missing character: There is no 抵 ("62B5) in font nullfont!
Missing character: There is no 和 ("548C) in font nullfont!
Missing character: There is no 建 ("5EFA) in font nullfont!
Missing character: There is no 链 ("94FE) in font nullfont!
Missing character: There is no ； ("FF1B) in font nullfont!

Overfull \hbox (22.4pt too wide) in paragraph at lines 760--763
\TU/lmr/bx/n/10 中继无人机资源： 
 []

Missing character: There is no 中 (U+4E2D) in font [lmroman10-bold]:mapping=tex-
text;!
Missing character: There is no 继 (U+7EE7) in font [lmroman10-bold]:mapping=tex-
text;!
Missing character: There is no 能 (U+80FD) in font [lmroman10-bold]:mapping=tex-
text;!
Missing character: There is no 源 (U+6E90) in font [lmroman10-bold]:mapping=tex-
text;!
Missing character: There is no 组 (U+7EC4) in font [lmroman10-bold]:mapping=tex-
text;!
Missing character: There is no 件 (U+4EF6) in font [lmroman10-bold]:mapping=tex-
text;!
Missing character: There is no ： (U+FF1A) in font [lmroman10-bold]:mapping=tex-
text;!
Missing character: There is no 每 ("6BCF) in font nullfont!
Missing character: There is no 次 ("6B21) in font nullfont!
Missing character: There is no 中 ("4E2D) in font nullfont!
Missing character: There is no 继 ("7EE7) in font nullfont!
Missing character: There is no 任 ("4EFB) in font nullfont!
Missing character: There is no 务 ("52A1) in font nullfont!
Missing character: There is no 满 ("6EE1) in font nullfont!
Missing character: There is no 足 ("8DB3) in font nullfont!
Missing character: There is no 返 ("8FD4) in font nullfont!
Missing character: There is no 航 ("822A) in font nullfont!
Missing character: There is no 安 ("5B89) in font nullfont!
Missing character: There is no 全 ("5168) in font nullfont!
Missing character: There is no 余 ("4F59) in font nullfont!
Missing character: There is no 量 ("91CF) in font nullfont!
Missing character: There is no ， ("FF0C) in font nullfont!
Missing character: There is no 同 ("540C) in font nullfont!
Missing character: There is no 一 ("4E00) in font nullfont!
Missing character: There is no 能 ("80FD) in font nullfont!
Missing character: There is no 源 ("6E90) in font nullfont!
Missing character: There is no 组 ("7EC4) in font nullfont!
Missing character: There is no 件 ("4EF6) in font nullfont!
Missing character: There is no 的 ("7684) in font nullfont!
Missing character: There is no 任 ("4EFB) in font nullfont!
Missing character: There is no 务 ("52A1) in font nullfont!
Missing character: There is no 和 ("548C) in font nullfont!
Missing character: There is no 充 ("5145) in font nullfont!
Missing character: There is no 电 ("7535) in font nullfont!
Missing character: There is no 时 ("65F6) in font nullfont!
Missing character: There is no 段 ("6BB5) in font nullfont!
Missing character: There is no 不 ("4E0D) in font nullfont!
Missing character: There is no 存 ("5B58) in font nullfont!
Missing character: There is no 在 ("5728) in font nullfont!
Missing character: There is no 冲 ("51B2) in font nullfont!
Missing character: There is no 突 ("7A81) in font nullfont!
Missing character: There is no ， ("FF0C) in font nullfont!
Missing character: There is no 再 ("518D) in font nullfont!
Missing character: There is no 次 ("6B21) in font nullfont!
Missing character: There is no 投 ("6295) in font nullfont!
Missing character: There is no 入 ("5165) in font nullfont!
Missing character: There is no 任 ("4EFB) in font nullfont!
Missing character: There is no 务 ("52A1) in font nullfont!
Missing character: There is no 前 ("524D) in font nullfont!
Missing character: There is no 完 ("5B8C) in font nullfont!
Missing character: There is no 成 ("6210) in font nullfont!
Missing character: There is no 充 ("5145) in font nullfont!
Missing character: There is no 电 ("7535) in font nullfont!
Missing character: There is no 。 ("3002) in font nullfont!

Overfull \hbox (19.6pt too wide) in paragraph at lines 763--766
\TU/lmr/bx/n/10 中继能源组件：
 []

Missing character: There is no 因 ("56E0) in font nullfont!
Missing character: There is no 此 ("6B64) in font nullfont!
Missing character: There is no ， ("FF0C) in font nullfont!
Missing character: There is no 最 ("6700) in font nullfont!
Missing character: There is no 终 ("7EC8) in font nullfont!
Missing character: There is no 方 ("65B9) in font nullfont!
Missing character: There is no 案 ("6848) in font nullfont!
Missing character: There is no 满 ("6EE1) in font nullfont!
Missing character: There is no 足 ("8DB3) in font nullfont!

Overfull \hbox (20.0pt too wide) in paragraph at lines 768--769
[] 
 []

! Undefined control sequence.
l.770 \boxed
            {
The control sequence at the end of the top line
of your error message was never \def'ed. If you have
misspelled it (e.g., `\hobx'), type `I' and the correct
spelling (e.g., `I\hbox'). Otherwise just continue,
and I'll forget about whatever was undefined.


! LaTeX Error: Environment aligned undefined.

See the LaTeX manual or LaTeX Companion for explanation.
Type  H <return>  for immediate help.
 ...                                              
                                                  
l.771 \begin{aligned}
                     
Your command was ignored.
Type  I <command> <return>  to replace it with another command,
or  <return>  to continue without it.

! Misplaced alignment tab character &.
l.772 &
       \text{货箱唯一交付}
I can't figure out why you would want to use a tab mark
here. If you just want an ampersand, the remedy is
simple: Just type `I\&' now. But if some right brace
up above has ended a previous alignment prematurely,
you're probably due for more error messages, and you
might try typing `S' now just to see what is salvageable.

! Undefined control sequence.
l.772 &\text
            {货箱唯一交付}
The control sequence at the end of the top line
of your error message was never \def'ed. If you have
misspelled it (e.g., `\hobx'), type `I' and the correct
spelling (e.g., `I\hbox'). Otherwise just continue,
and I'll forget about whatever was undefined.

! Undefined control sequence.
l.773 +\text
            {运输容量可行}
The control sequence at the end of the top line
of your error message was never \def'ed. If you have
misspelled it (e.g., `\hobx'), type `I' and the correct
spelling (e.g., `I\hbox'). Otherwise just continue,
and I'll forget about whatever was undefined.

! Undefined control sequence.
l.774 +\text
            {运输能源可行}\\
The control sequence at the end of the top line
of your error message was never \def'ed. If you have
misspelled it (e.g., `\hobx'), type `I' and the correct
spelling (e.g., `I\hbox'). Otherwise just continue,
and I'll forget about whatever was undefined.

! Misplaced alignment tab character &.
<recently read> &
                 
l.775 &
       +\text{硬时限可行}
I can't figure out why you would want to use a tab mark
here. If you just want an ampersand, the remedy is
simple: Just type `I\&' now. But if some right brace
up above has ended a previous alignment prematurely,
you're probably due for more error messages, and you
might try typing `S' now just to see what is salvageable.

! Undefined control sequence.
l.775 &+\text
             {硬时限可行}
The control sequence at the end of the top line
of your error message was never \def'ed. If you have
misspelled it (e.g., `\hobx'), type `I' and the correct
spelling (e.g., `I\hbox'). Otherwise just continue,
and I'll forget about whatever was undefined.

! Undefined control sequence.
l.776 +\text
            {通信保障可行}
The control sequence at the end of the top line
of your error message was never \def'ed. If you have
misspelled it (e.g., `\hobx'), type `I' and the correct
spelling (e.g., `I\hbox'). Otherwise just continue,
and I'll forget about whatever was undefined.

! Undefined control sequence.
l.777 +\text
            {中继能源可行}\\
The control sequence at the end of the top line
of your error message was never \def'ed. If you have
misspelled it (e.g., `\hobx'), type `I' and the correct
spelling (e.g., `I\hbox'). Otherwise just continue,
and I'll forget about whatever was undefined.

! Misplaced alignment tab character &.
<recently read> &
                 
l.778 &
       +\text{运输/中继实体资源可行}.
I can't figure out why you would want to use a tab mark
here. If you just want an ampersand, the remedy is
simple: Just type `I\&' now. But if some right brace
up above has ended a previous alignment prematurely,
you're probably due for more error messages, and you
might try typing `S' now just to see what is salvageable.

! Undefined control sequence.
l.778 &+\text
             {运输/中继实体资源可行}.
The control sequence at the end of the top line
of your error message was never \def'ed. If you have
misspelled it (e.g., `\hobx'), type `I' and the correct
spelling (e.g., `I\hbox'). Otherwise just continue,
and I'll forget about whatever was undefined.


! LaTeX Error: \begin{document} ended by \end{aligned}.

See the LaTeX manual or LaTeX Companion for explanation.
Type  H <return>  for immediate help.
 ...                                              
                                                  
l.779 \end{aligned}
                   }
Your command was ignored.
Type  I <command> <return>  to replace it with another command,
or  <return>  to continue without it.

Missing character: There is no 货 ("8D27) in font cmr10!
Missing character: There is no 箱 ("7BB1) in font cmr10!
Missing character: There is no 唯 ("552F) in font cmr10!
Missing character: There is no 一 ("4E00) in font cmr10!
Missing character: There is no 交 ("4EA4) in font cmr10!
Missing character: There is no 付 ("4ED8) in font cmr10!
Missing character: There is no 运 ("8FD0) in font cmr10!
Missing character: There is no 输 ("8F93) in font cmr10!
Missing character: There is no 容 ("5BB9) in font cmr10!
Missing character: There is no 量 ("91CF) in font cmr10!
Missing character: There is no 可 ("53EF) in font cmr10!
Missing character: There is no 行 ("884C) in font cmr10!
Missing character: There is no 运 ("8FD0) in font cmr10!
Missing character: There is no 输 ("8F93) in font cmr10!
Missing character: There is no 能 ("80FD) in font cmr10!
Missing character: There is no 源 ("6E90) in font cmr10!
Missing character: There is no 可 ("53EF) in font cmr10!
Missing character: There is no 行 ("884C) in font cmr10!
Missing character: There is no 硬 ("786C) in font cmr10!
Missing character: There is no 时 ("65F6) in font cmr10!
Missing character: There is no 限 ("9650) in font cmr10!
Missing character: There is no 可 ("53EF) in font cmr10!
Missing character: There is no 行 ("884C) in font cmr10!
Missing character: There is no 通 ("901A) in font cmr10!
Missing character: There is no 信 ("4FE1) in font cmr10!
Missing character: There is no 保 ("4FDD) in font cmr10!
Missing character: There is no 障 ("969C) in font cmr10!
Missing character: There is no 可 ("53EF) in font cmr10!
Missing character: There is no 行 ("884C) in font cmr10!
Missing character: There is no 中 ("4E2D) in font cmr10!
Missing character: There is no 继 ("7EE7) in font cmr10!
Missing character: There is no 能 ("80FD) in font cmr10!
Missing character: There is no 源 ("6E90) in font cmr10!
Missing character: There is no 可 ("53EF) in font cmr10!
Missing character: There is no 行 ("884C) in font cmr10!
Missing character: There is no 运 ("8FD0) in font cmr10!
Missing character: There is no 输 ("8F93) in font cmr10!
Missing character: There is no 中 ("4E2D) in font cmr10!
Missing character: There is no 继 ("7EE7) in font cmr10!
Missing character: There is no 实 ("5B9E) in font cmr10!
Missing character: There is no 体 ("4F53) in font cmr10!
Missing character: There is no 资 ("8D44) in font cmr10!
Missing character: There is no 源 ("6E90) in font cmr10!
Missing character: There is no 可 ("53EF) in font cmr10!
Missing character: There is no 行 ("884C) in font cmr10!

Overfull \hbox (81.11063pt too wide) detected at line 780
[]
 []

Missing character: There is no 需 ("9700) in font nullfont!
Missing character: There is no 要 ("8981) in font nullfont!
Missing character: There is no 说 ("8BF4) in font nullfont!
Missing character: There is no 明 ("660E) in font nullfont!
Missing character: There is no 的 ("7684) in font nullfont!
Missing character: There is no 是 ("662F) in font nullfont!
Missing character: There is no ， ("FF0C) in font nullfont!
Missing character: There is no 本 ("672C) in font nullfont!
Missing character: There is no 文 ("6587) in font nullfont!
Missing character: There is no 采 ("91C7) in font nullfont!
Missing character: There is no 用 ("7528) in font nullfont!
Missing character: There is no 的 ("7684) in font nullfont!
Missing character: There is no J ("4A) in font nullfont!
Missing character: There is no o ("6F) in font nullfont!
Missing character: There is no i ("69) in font nullfont!
Missing character: There is no n ("6E) in font nullfont!
Missing character: There is no t ("74) in font nullfont!
Missing character: There is no - ("2D) in font nullfont!
Missing character: There is no A ("41) in font nullfont!
Missing character: There is no L ("4C) in font nullfont!
Missing character: There is no N ("4E) in font nullfont!
Missing character: There is no S ("53) in font nullfont!
Missing character: There is no 属 ("5C5E) in font nullfont!
Missing character: There is no 于 ("4E8E) in font nullfont!
Missing character: There is no 启 ("542F) in font nullfont!
Missing character: There is no 发 ("53D1) in font nullfont!
Missing character: There is no 式 ("5F0F) in font nullfont!
Missing character: There is no 联 ("8054) in font nullfont!
Missing character: There is no 合 ("5408) in font nullfont!
Missing character: There is no 优 ("4F18) in font nullfont!
Missing character: There is no 化 ("5316) in font nullfont!
Missing character: There is no 方 ("65B9) in font nullfont!
Missing character: There is no 法 ("6CD5) in font nullfont!
Missing character: There is no ， ("FF0C) in font nullfont!
Missing character: There is no 所 ("6240) in font nullfont!
Missing character: There is no 得 ("5F97) in font nullfont!
Missing character: There is no 结 ("7ED3) in font nullfont!
Missing character: There is no 果 ("679C) in font nullfont!
Missing character: There is no 是 ("662F) in font nullfont!
Missing character: There is no 在 ("5728) in font nullfont!
Missing character: There is no 当 ("5F53) in font nullfont!
Missing character: There is no 前 ("524D) in font nullfont!
Missing character: There is no 候 ("5019) in font nullfont!
Missing character: There is no 选 ("9009) in font nullfont!
Missing character: There is no 点 ("70B9) in font nullfont!
Missing character: There is no 生 ("751F) in font nullfont!
Missing character: There is no 成 ("6210) in font nullfont!
Missing character: There is no 方 ("65B9) in font nullfont!
Missing character: There is no 式 ("5F0F) in font nullfont!
Missing character: There is no 、 ("3001) in font nullfont!
Missing character: There is no 时 ("65F6) in font nullfont!
Missing character: There is no 间 ("95F4) in font nullfont!
Missing character: There is no 离 ("79BB) in font nullfont!
Missing character: There is no 散 ("6563) in font nullfont!
Missing character: There is no 精 ("7CBE) in font nullfont!
Missing character: There is no 度 ("5EA6) in font nullfont!
Missing character: There is no 、 ("3001) in font nullfont!
Missing character: There is no 算 ("7B97) in font nullfont!
Missing character: There is no 法 ("6CD5) in font nullfont!
Missing character: There is no 参 ("53C2) in font nullfont!
Missing character: There is no 数 ("6570) in font nullfont!
Missing character: There is no 与 ("4E0E) in font nullfont!
Missing character: There is no 随 ("968F) in font nullfont!
Missing character: There is no 机 ("673A) in font nullfont!
Missing character: There is no 种 ("79CD) in font nullfont!
Missing character: There is no 子 ("5B50) in font nullfont!
Missing character: There is no 下 ("4E0B) in font nullfont!
Missing character: There is no 得 ("5F97) in font nullfont!
Missing character: There is no 到 ("5230) in font nullfont!
Missing character: There is no 的 ("7684) in font nullfont!
Missing character: There is no 较 ("8F83) in font nullfont!
Missing character: There is no 优 ("4F18) in font nullfont!
Missing character: There is no 可 ("53EF) in font nullfont!
Missing character: There is no 行 ("884C) in font nullfont!
Missing character: There is no 解 ("89E3) in font nullfont!
Missing character: There is no ， ("FF0C) in font nullfont!
Missing character: There is no 不 ("4E0D) in font nullfont!
Missing character: There is no 宣 ("5BA3) in font nullfont!
Missing character: There is no 称 ("79F0) in font nullfont!
Missing character: There is no 为 ("4E3A) in font nullfont!
Missing character: There is no 严 ("4E25) in font nullfont!
Missing character: There is no 格 ("683C) in font nullfont!
Missing character: There is no 意 ("610F) in font nullfont!
Missing character: There is no 义 ("4E49) in font nullfont!
Missing character: There is no 上 ("4E0A) in font nullfont!
Missing character: There is no 的 ("7684) in font nullfont!
Missing character: There is no 全 ("5168) in font nullfont!
Missing character: There is no 局 ("5C40) in font nullfont!
Missing character: There is no 最 ("6700) in font nullfont!
Missing character: There is no 优 ("4F18) in font nullfont!
Missing character: There is no 解 ("89E3) in font nullfont!
Missing character: There is no 。 ("3002) in font nullfont!
Missing character: There is no 此 ("6B64) in font nullfont!
Missing character: There is no 外 ("5916) in font nullfont!
Missing character: There is no ， ("FF0C) in font nullfont!
Missing character: There is no 连 ("8FDE) in font nullfont!
Missing character: There is no 续 ("7EED) in font nullfont!
Missing character: There is no 通 ("901A) in font nullfont!
Missing character: There is no 信 ("4FE1) in font nullfont!
Missing character: There is no 在 ("5728) in font nullfont!
Missing character: There is no 程 ("7A0B) in font nullfont!
Missing character: There is no 序 ("5E8F) in font nullfont!
Missing character: There is no 中 ("4E2D) in font nullfont!
Missing character: There is no 采 ("91C7) in font nullfont!
Missing character: There is no 用 ("7528) in font nullfont!
Missing character: There is no 3 ("33) in font nullfont!
Missing character: There is no 0 ("30) in font nullfont!
Missing character: There is no s ("73) in font nullfont!
Missing character: There is no 时 ("65F6) in font nullfont!
Missing character: There is no 间 ("95F4) in font nullfont!
Missing character: There is no 离 ("79BB) in font nullfont!
Missing character: There is no 散 ("6563) in font nullfont!
Missing character: There is no 进 ("8FDB) in font nullfont!
Missing character: There is no 行 ("884C) in font nullfont!
Missing character: There is no 数 ("6570) in font nullfont!
Missing character: There is no 值 ("503C) in font nullfont!
Missing character: There is no 判 ("5224) in font nullfont!
Missing character: There is no 定 ("5B9A) in font nullfont!
Missing character: There is no ； ("FF1B) in font nullfont!
Missing character: There is no 若 ("82E5) in font nullfont!
Missing character: There is no 需 ("9700) in font nullfont!
Missing character: There is no 要 ("8981) in font nullfont!
Missing character: There is no 进 ("8FDB) in font nullfont!
Missing character: There is no 一 ("4E00) in font nullfont!
Missing character: There is no 步 ("6B65) in font nullfont!
Missing character: There is no 提 ("63D0) in font nullfont!
Missing character: There is no 高 ("9AD8) in font nullfont!
Missing character: There is no 通 ("901A) in font nullfont!
Missing character: There is no 信 ("4FE1) in font nullfont!
Missing character: There is no 边 ("8FB9) in font nullfont!
Missing character: There is no 界 ("754C) in font nullfont!
Missing character: There is no 附 ("9644) in font nullfont!
Missing character: There is no 近 ("8FD1) in font nullfont!
Missing character: There is no 的 ("7684) in font nullfont!
Missing character: There is no 验 ("9A8C) in font nullfont!
Missing character: There is no 证 ("8BC1) in font nullfont!
Missing character: There is no 精 ("7CBE) in font nullfont!
Missing character: There is no 度 ("5EA6) in font nullfont!
Missing character: There is no ， ("FF0C) in font nullfont!
Missing character: There is no 可 ("53EF) in font nullfont!
Missing character: There is no 在 ("5728) in font nullfont!
Missing character: There is no 最 ("6700) in font nullfont!
Missing character: There is no 终 ("7EC8) in font nullfont!
Missing character: There is no 审 ("5BA1) in font nullfont!
Missing character: There is no 计 ("8BA1) in font nullfont!
Missing character: There is no 阶 ("9636) in font nullfont!
Missing character: There is no 段 ("6BB5) in font nullfont!
Missing character: There is no 缩 ("7F29) in font nullfont!
Missing character: There is no 小 ("5C0F) in font nullfont!
Missing character: There is no 时 ("65F6) in font nullfont!
Missing character: There is no 间 ("95F4) in font nullfont!
Missing character: There is no 步 ("6B65) in font nullfont!
Missing character: There is no 长 ("957F) in font nullfont!
Missing character: There is no 进 ("8FDB) in font nullfont!
Missing character: There is no 行 ("884C) in font nullfont!
Missing character: There is no 局 ("5C40) in font nullfont!
Missing character: There is no 部 ("90E8) in font nullfont!
Missing character: There is no 复 ("590D) in font nullfont!
Missing character: There is no 核 ("6838) in font nullfont!
Missing character: There is no 。 ("3002) in font nullfont!

Overfull \hbox (20.0pt too wide) in paragraph at lines 782--787
[]
 []

! Undefined control sequence.
l.788 \subsection
                 {结果文件与程序输出}
The control sequence at the end of the top line
of your error message was never \def'ed. If you have
misspelled it (e.g., `\hobx'), type `I' and the correct
spelling (e.g., `I\hbox'). Otherwise just continue,
and I'll forget about whatever was undefined.

Missing character: There is no 结 ("7ED3) in font nullfont!
Missing character: There is no 果 ("679C) in font nullfont!
Missing character: There is no 文 ("6587) in font nullfont!
Missing character: There is no 件 ("4EF6) in font nullfont!
Missing character: There is no 与 ("4E0E) in font nullfont!
Missing character: There is no 程 ("7A0B) in font nullfont!
Missing character: There is no 序 ("5E8F) in font nullfont!
Missing character: There is no 输 ("8F93) in font nullfont!
Missing character: There is no 出 ("51FA) in font nullfont!

Overfull \hbox (20.0pt too wide) in paragraph at lines 788--789
[] 
 []

Missing character: There is no 问 ("95EE) in font nullfont!
Missing character: There is no 题 ("9898) in font nullfont!
Missing character: There is no 三 ("4E09) in font nullfont!
Missing character: There is no 程 ("7A0B) in font nullfont!
Missing character: There is no 序 ("5E8F) in font nullfont!
Missing character: There is no 为 ("4E3A) in font nullfont!
Missing character: There is no 独 ("72EC) in font nullfont!
Missing character: There is no 立 ("7ACB) in font nullfont!
Missing character: There is no 可 ("53EF) in font nullfont!
Missing character: There is no 运 ("8FD0) in font nullfont!
Missing character: There is no 行 ("884C) in font nullfont!
Missing character: There is no 文 ("6587) in font nullfont!
Missing character: There is no 件 ("4EF6) in font nullfont!
Missing character: There is no ， ("FF0C) in font nullfont!
Missing character: There is no 直 ("76F4) in font nullfont!
Missing character: There is no 接 ("63A5) in font nullfont!
Missing character: There is no 读 ("8BFB) in font nullfont!
Missing character: There is no 取 ("53D6) in font nullfont!
Missing character: There is no 原 ("539F) in font nullfont!
Missing character: There is no 始 ("59CB) in font nullfont!
Missing character: There is no 节 ("8282) in font nullfont!
Missing character: There is no 点 ("70B9) in font nullfont!
Missing character: There is no 、 ("3001) in font nullfont!
Missing character: There is no 货 ("8D27) in font nullfont!
Missing character: There is no 箱 ("7BB1) in font nullfont!
Missing character: There is no 、 ("3001) in font nullfont!
Missing character: There is no 运 ("8FD0) in font nullfont!
Missing character: There is no 输 ("8F93) in font nullfont!
Missing character: There is no 无 ("65E0) in font nullfont!
Missing character: There is no 人 ("4EBA) in font nullfont!
Missing character: There is no 机 ("673A) in font nullfont!
Missing character: There is no 、 ("3001) in font nullfont!
Missing character: There is no 中 ("4E2D) in font nullfont!
Missing character: There is no 继 ("7EE7) in font nullfont!
Missing character: There is no 无 ("65E0) in font nullfont!
Missing character: There is no 人 ("4EBA) in font nullfont!
Missing character: There is no 机 ("673A) in font nullfont!
Missing character: There is no 、 ("3001) in font nullfont!
Missing character: There is no 通 ("901A) in font nullfont!
Missing character: There is no 信 ("4FE1) in font nullfont!
Missing character: There is no 链 ("94FE) in font nullfont!
Missing character: There is no 路 ("8DEF) in font nullfont!
Missing character: There is no 和 ("548C) in font nullfont!
Missing character: There is no D ("44) in font nullfont!
Missing character: There is no E ("45) in font nullfont!
Missing character: There is no M ("4D) in font nullfont!
Missing character: There is no 数 ("6570) in font nullfont!
Missing character: There is no 据 ("636E) in font nullfont!
Missing character: There is no ， ("FF0C) in font nullfont!
Missing character: There is no 不 ("4E0D) in font nullfont!
Missing character: There is no 依 ("4F9D) in font nullfont!
Missing character: There is no 赖 ("8D56) in font nullfont!
Missing character: There is no 问 ("95EE) in font nullfont!
Missing character: There is no 题 ("9898) in font nullfont!
Missing character: There is no 二 ("4E8C) in font nullfont!
Missing character: There is no 求 ("6C42) in font nullfont!
Missing character: There is no 解 ("89E3) in font nullfont!
Missing character: There is no 器 ("5668) in font nullfont!
Missing character: There is no 或 ("6216) in font nullfont!
Missing character: There is no 问 ("95EE) in font nullfont!
Missing character: There is no 题 ("9898) in font nullfont!
Missing character: There is no 二 ("4E8C) in font nullfont!
Missing character: There is no 结 ("7ED3) in font nullfont!
Missing character: There is no 果 ("679C) in font nullfont!
Missing character: There is no 文 ("6587) in font nullfont!
Missing character: There is no 件 ("4EF6) in font nullfont!
Missing character: There is no 。 ("3002) in font nullfont!

Overfull \hbox (20.0pt too wide) in paragraph at lines 790--794
[]
 []


Overfull \hbox (120.75pt too wide) in paragraph at lines 790--794
\TU/lmtt/m/n/10 q3_solver_joint_v2_1.py
 []

Missing character: There is no 程 ("7A0B) in font nullfont!
Missing character: There is no 序 ("5E8F) in font nullfont!
Missing character: There is no 自 ("81EA) in font nullfont!
Missing character: There is no 动 ("52A8) in font nullfont!
Missing character: There is no 回 ("56DE) in font nullfont!
Missing character: There is no 填 ("586B) in font nullfont!
Missing character: There is no 结 ("7ED3) in font nullfont!
Missing character: There is no 果 ("679C) in font nullfont!
Missing character: There is no 模 ("6A21) in font nullfont!
Missing character: There is no 板 ("677F) in font nullfont!
Missing character: There is no 中 ("4E2D) in font nullfont!
Missing character: There is no 的 ("7684) in font nullfont!
Missing character: There is no 中 (U+4E2D) in font [lmmono10-regular]:!
Missing character: There is no 继 (U+7EE7) in font [lmmono10-regular]:!
Missing character: There is no 架 (U+67B6) in font [lmmono10-regular]:!
Missing character: There is no 次 (U+6B21) in font [lmmono10-regular]:!
Missing character: There is no 和 ("548C) in font nullfont!
Missing character: There is no 通 (U+901A) in font [lmmono10-regular]:!
Missing character: There is no 信 (U+4FE1) in font [lmmono10-regular]:!
Missing character: There is no 保 (U+4FDD) in font [lmmono10-regular]:!
Missing character: There is no 障 (U+969C) in font [lmmono10-regular]:!
Missing character: There is no 两 ("4E24) in font nullfont!
Missing character: There is no 个 ("4E2A) in font nullfont!
Missing character: There is no 工 ("5DE5) in font nullfont!
Missing character: There is no 作 ("4F5C) in font nullfont!
Missing character: There is no 表 ("8868) in font nullfont!
Missing character: There is no 。 ("3002) in font nullfont!
Missing character: There is no 其 ("5176) in font nullfont!
Missing character: There is no 中 ("4E2D) in font nullfont!
Missing character: There is no 前 ("524D) in font nullfont!
Missing character: There is no 者 ("8005) in font nullfont!
Missing character: There is no 记 ("8BB0) in font nullfont!
Missing character: There is no 录 ("5F55) in font nullfont!
Missing character: There is no 中 ("4E2D) in font nullfont!
Missing character: There is no 继 ("7EE7) in font nullfont!
Missing character: There is no 无 ("65E0) in font nullfont!
Missing character: There is no 人 ("4EBA) in font nullfont!
Missing character: There is no 机 ("673A) in font nullfont!
Missing character: There is no 编 ("7F16) in font nullfont!
Missing character: There is no 号 ("53F7) in font nullfont!
Missing character: There is no 、 ("3001) in font nullfont!
Missing character: There is no 能 ("80FD) in font nullfont!
Missing character: There is no 源 ("6E90) in font nullfont!
Missing character: There is no 组 ("7EC4) in font nullfont!
Missing character: There is no 件 ("4EF6) in font nullfont!
Missing character: There is no 编 ("7F16) in font nullfont!
Missing character: There is no 号 ("53F7) in font nullfont!
Missing character: There is no 、 ("3001) in font nullfont!
Missing character: There is no 开 ("5F00) in font nullfont!
Missing character: There is no 始 ("59CB) in font nullfont!
Missing character: There is no 时 ("65F6) in font nullfont!
Missing character: There is no 刻 ("523B) in font nullfont!
Missing character: There is no 、 ("3001) in font nullfont!
Missing character: There is no 悬 ("60AC) in font nullfont!
Missing character: There is no 停 ("505C) in font nullfont!
Missing character: There is no 经 ("7ECF) in font nullfont!
Missing character: There is no 纬 ("7EAC) in font nullfont!
Missing character: There is no 度 ("5EA6) in font nullfont!
Missing character: There is no 与 ("4E0E) in font nullfont!
Missing character: There is no 海 ("6D77) in font nullfont!
Missing character: There is no 拔 ("62D4) in font nullfont!
Missing character: There is no 、 ("3001) in font nullfont!
Missing character: There is no 建 ("5EFA) in font nullfont!
Missing character: There is no 链 ("94FE) in font nullfont!
Missing character: There is no 完 ("5B8C) in font nullfont!
Missing character: There is no 成 ("6210) in font nullfont!
Missing character: There is no 时 ("65F6) in font nullfont!
Missing character: There is no 刻 ("523B) in font nullfont!
Missing character: There is no 、 ("3001) in font nullfont!
Missing character: There is no 服 ("670D) in font nullfont!
Missing character: There is no 务 ("52A1) in font nullfont!
Missing character: There is no 结 ("7ED3) in font nullfont!
Missing character: There is no 束 ("675F) in font nullfont!
Missing character: There is no 时 ("65F6) in font nullfont!
Missing character: There is no 刻 ("523B) in font nullfont!
Missing character: There is no 、 ("3001) in font nullfont!
Missing character: There is no 返 ("8FD4) in font nullfont!
Missing character: There is no 航 ("822A) in font nullfont!
Missing character: There is no 时 ("65F6) in font nullfont!
Missing character: There is no 刻 ("523B) in font nullfont!
Missing character: There is no 及 ("53CA) in font nullfont!
Missing character: There is no 架 ("67B6) in font nullfont!
Missing character: There is no 次 ("6B21) in font nullfont!
Missing character: There is no 能 ("80FD) in font nullfont!
Missing character: There is no 耗 ("8017) in font nullfont!
Missing character: There is no ； ("FF1B) in font nullfont!
Missing character: There is no 后 ("540E) in font nullfont!
Missing character: There is no 者 ("8005) in font nullfont!
Missing character: There is no 按 ("6309) in font nullfont!
Missing character: There is no 照 ("7167) in font nullfont!
Missing character: There is no 通 ("901A) in font nullfont!
Missing character: There is no 信 ("4FE1) in font nullfont!
Missing character: There is no 阶 ("9636) in font nullfont!
Missing character: There is no 段 ("6BB5) in font nullfont!
Missing character: There is no 将 ("5C06) in font nullfont!
Missing character: There is no 每 ("6BCF) in font nullfont!
Missing character: There is no 个 ("4E2A) in font nullfont!
Missing character: There is no 运 ("8FD0) in font nullfont!
Missing character: There is no 输 ("8F93) in font nullfont!
Missing character: There is no 架 ("67B6) in font nullfont!
Missing character: There is no 次 ("6B21) in font nullfont!
Missing character: There is no 的 ("7684) in font nullfont!
Missing character: There is no 状 ("72B6) in font nullfont!
Missing character: There is no 态 ("6001) in font nullfont!
Missing character: There is no 压 ("538B) in font nullfont!
Missing character: There is no 缩 ("7F29) in font nullfont!
Missing character: There is no 为 ("4E3A) in font nullfont!
Missing character: There is no 连 ("8FDE) in font nullfont!
Missing character: There is no 续 ("7EED) in font nullfont!
Missing character: There is no 时 ("65F6) in font nullfont!
Missing character: There is no 间 ("95F4) in font nullfont!
Missing character: There is no 区 ("533A) in font nullfont!
Missing character: There is no 间 ("95F4) in font nullfont!
Missing character: There is no ， ("FF0C) in font nullfont!
Missing character: There is no 标 ("6807) in font nullfont!
Missing character: There is no 记 ("8BB0) in font nullfont!
Missing character: There is no 其 ("5176) in font nullfont!
Missing character: There is no 采 ("91C7) in font nullfont!
Missing character: There is no 用 ("7528) in font nullfont!
Missing character: There is no “ ("201C) in font nullfont!
Missing character: There is no 直 ("76F4) in font nullfont!
Missing character: There is no 连 ("8FDE) in font nullfont!
Missing character: There is no ” ("201D) in font nullfont!
Missing character: There is no 或 ("6216) in font nullfont!
Missing character: There is no 具 ("5177) in font nullfont!
Missing character: There is no 体 ("4F53) in font nullfont!
Missing character: There is no 中 ("4E2D) in font nullfont!
Missing character: There is no 继 ("7EE7) in font nullfont!
Missing character: There is no 架 ("67B6) in font nullfont!
Missing character: There is no 次 ("6B21) in font nullfont!
Missing character: There is no 保 ("4FDD) in font nullfont!
Missing character: There is no 障 ("969C) in font nullfont!
Missing character: There is no 。 ("3002) in font nullfont!

Overfull \hbox (20.0pt too wide) in paragraph at lines 795--801
[]
 []


Overfull \hbox (26.95pt too wide) in paragraph at lines 795--801
\TU/lmtt/m/n/10 Q3_中继架次
 []


Overfull \hbox (26.95pt too wide) in paragraph at lines 795--801
\TU/lmtt/m/n/10 Q3_通信保障
 []

Missing character: There is no 此 ("6B64) in font nullfont!
Missing character: There is no 外 ("5916) in font nullfont!
Missing character: There is no ， ("FF0C) in font nullfont!
Missing character: There is no 程 ("7A0B) in font nullfont!
Missing character: There is no 序 ("5E8F) in font nullfont!
Missing character: There is no 输 ("8F93) in font nullfont!
Missing character: There is no 出 ("51FA) in font nullfont!
Missing character: There is no 详 (U+8BE6) in font [lmmono10-regular]:!
Missing character: There is no 细 (U+7EC6) in font [lmmono10-regular]:!
Missing character: There is no 结 (U+7ED3) in font [lmmono10-regular]:!
Missing character: There is no 果 (U+679C) in font [lmmono10-regular]:!
Missing character: There is no 、 ("3001) in font nullfont!
Missing character: There is no 日 (U+65E5) in font [lmmono10-regular]:!
Missing character: There is no 志 (U+5FD7) in font [lmmono10-regular]:!
Missing character: There is no 、 ("3001) in font nullfont!
Missing character: There is no 中 ("4E2D) in font nullfont!
Missing character: There is no 继 ("7EE7) in font nullfont!
Missing character: There is no 架 ("67B6) in font nullfont!
Missing character: There is no 次 ("6B21) in font nullfont!
Missing character: There is no 与 ("4E0E) in font nullfont!
Missing character: There is no 通 ("901A) in font nullfont!
Missing character: There is no 信 ("4FE1) in font nullfont!
Missing character: There is no 保 ("4FDD) in font nullfont!
Missing character: There is no 障 ("969C) in font nullfont!
Missing character: There is no C ("43) in font nullfont!
Missing character: There is no S ("53) in font nullfont!
Missing character: There is no V ("56) in font nullfont!
Missing character: There is no ， ("FF0C) in font nullfont!
Missing character: There is no 以 ("4EE5) in font nullfont!
Missing character: There is no 及 ("53CA) in font nullfont!
Missing character: There is no 运 ("8FD0) in font nullfont!
Missing character: There is no 输 ("8F93) in font nullfont!
Missing character: There is no - ("2D) in font nullfont!
Missing character: There is no - ("2D) in font nullfont!
Missing character: There is no 中 ("4E2D) in font nullfont!
Missing character: There is no 继 ("7EE7) in font nullfont!
Missing character: There is no 空 ("7A7A) in font nullfont!
Missing character: There is no 间 ("95F4) in font nullfont!
Missing character: There is no 分 ("5206) in font nullfont!
Missing character: There is no 布 ("5E03) in font nullfont!
Missing character: There is no 图 ("56FE) in font nullfont!
Missing character: There is no 、 ("3001) in font nullfont!
Missing character: There is no 联 ("8054) in font nullfont!
Missing character: There is no 合 ("5408) in font nullfont!
Missing character: There is no 甘 ("7518) in font nullfont!
Missing character: There is no 特 ("7279) in font nullfont!
Missing character: There is no 图 ("56FE) in font nullfont!
Missing character: There is no 、 ("3001) in font nullfont!
Missing character: There is no 通 ("901A) in font nullfont!
Missing character: There is no 信 ("4FE1) in font nullfont!
Missing character: There is no 状 ("72B6) in font nullfont!
Missing character: There is no 态 ("6001) in font nullfont!
Missing character: There is no 时 ("65F6) in font nullfont!
Missing character: There is no 间 ("95F4) in font nullfont!
Missing character: There is no 轴 ("8F74) in font nullfont!
Missing character: There is no 、 ("3001) in font nullfont!
Missing character: There is no 中 ("4E2D) in font nullfont!
Missing character: There is no 继 ("7EE7) in font nullfont!
Missing character: There is no 能 ("80FD) in font nullfont!
Missing character: There is no 耗 ("8017) in font nullfont!
Missing character: There is no 图 ("56FE) in font nullfont!
Missing character: There is no 、 ("3001) in font nullfont!
Missing character: There is no 通 ("901A) in font nullfont!
Missing character: There is no 信 ("4FE1) in font nullfont!
Missing character: There is no 方 ("65B9) in font nullfont!
Missing character: There is no 式 ("5F0F) in font nullfont!
Missing character: There is no 占 ("5360) in font nullfont!
Missing character: There is no 比 ("6BD4) in font nullfont!
Missing character: There is no 图 ("56FE) in font nullfont!
Missing character: There is no 和 ("548C) in font nullfont!
Missing character: There is no J ("4A) in font nullfont!
Missing character: There is no o ("6F) in font nullfont!
Missing character: There is no i ("69) in font nullfont!
Missing character: There is no n ("6E) in font nullfont!
Missing character: There is no t ("74) in font nullfont!
Missing character: There is no - ("2D) in font nullfont!
Missing character: There is no A ("41) in font nullfont!
Missing character: There is no L ("4C) in font nullfont!
Missing character: There is no N ("4E) in font nullfont!
Missing character: There is no S ("53) in font nullfont!
Missing character: There is no 收 ("6536) in font nullfont!
Missing character: There is no 敛 ("655B) in font nullfont!
Missing character: There is no 图 ("56FE) in font nullfont!
Missing character: There is no ， ("FF0C) in font nullfont!
Missing character: There is no 从 ("4ECE) in font nullfont!
Missing character: There is no 而 ("800C) in font nullfont!
Missing character: There is no 保 ("4FDD) in font nullfont!
Missing character: There is no 证 ("8BC1) in font nullfont!
Missing character: There is no 论 ("8BBA) in font nullfont!
Missing character: There is no 文 ("6587) in font nullfont!
Missing character: There is no 中 ("4E2D) in font nullfont!
Missing character: There is no 的 ("7684) in font nullfont!
Missing character: There is no 主 ("4E3B) in font nullfont!
Missing character: There is no 要 ("8981) in font nullfont!
Missing character: There is no 结 ("7ED3) in font nullfont!
Missing character: There is no 论 ("8BBA) in font nullfont!
Missing character: There is no 与 ("4E0E) in font nullfont!
Missing character: There is no 正 ("6B63) in font nullfont!
Missing character: There is no 式 ("5F0F) in font nullfont!
Missing character: There is no 提 ("63D0) in font nullfont!
Missing character: There is no 交 ("4EA4) in font nullfont!
Missing character: There is no 结 ("7ED3) in font nullfont!
Missing character: There is no 果 ("679C) in font nullfont!
Missing character: There is no 具 ("5177) in font nullfont!
Missing character: There is no 有 ("6709) in font nullfont!
Missing character: There is no 统 ("7EDF) in font nullfont!
Missing character: There is no 一 ("4E00) in font nullfont!
Missing character: There is no 的 ("7684) in font nullfont!
Missing character: There is no 数 ("6570) in font nullfont!
Missing character: There is no 据 ("636E) in font nullfont!
Missing character: There is no 来 ("6765) in font nullfont!
Missing character: There is no 源 ("6E90) in font nullfont!
Missing character: There is no 和 ("548C) in font nullfont!
Missing character: There is no 可 ("53EF) in font nullfont!
Missing character: There is no 复 ("590D) in font nullfont!
Missing character: There is no 现 ("73B0) in font nullfont!
Missing character: There is no 性 ("6027) in font nullfont!
Missing character: There is no 。 ("3002) in font nullfont!
)
! Emergency stop.
<*> Q3_essay.tex
                
*** (job aborted, no legal \end found)

 
Here is how much of TeX's memory you used:
 91 strings out of 473832
 1671 string characters out of 5720305
 402383 words of memory out of 5000000
 23248 multiletter control sequences out of 15000+600000
 559788 words of font info for 42 fonts, out of 8000000 for 9000
 1348 hyphenation exceptions out of 8191
 27i,6n,31p,142b,121s stack positions out of 10000i,1000n,20000p,200000b,200000s
Output written on Q3_essay.pdf (1 page).
