运输架次,阶段,开始_s,结束_s,保证方式,备用中继架次,证书类型,链路余量下界_dB
Q3T001,爬升 O01→S012,360.0,383.80008290608725,DIRECT_CERTIFIED,,NLOS_BOUND,37.726470756015175
Q3T001,爬升 O01→S012,383.80008290608725,407.6001658121745,DIRECT_CERTIFIED,,NLOS_BOUND,30.161772645055834
Q3T001,爬升 O01→S012,407.6001658121745,431.4002487182617,DIRECT_CERTIFIED,,NLOS_BOUND,26.180757281487445
Q3T001,爬升 O01→S012,431.4002487182617,455.20033162434896,DIRECT_CERTIFIED,,NLOS_BOUND,23.461181216677716
Q3T001,巡航 O01→S012,455.20033162434896,484.5592584548548,DIRECT_CERTIFIED,,NLOS_BOUND,19.052420645339737
Q3T001,巡航 O01→S012,484.5592584548548,513.9181852853607,DIRECT_CERTIFIED,,NLOS_BOUND,14.409074212297242
Q3T001,巡航 O01→S012,513.9181852853607,543.2771121158664,DIRECT_CERTIFIED,,NLOS_BOUND,11.198247491190159
Q3T001,巡航 O01→S012,543.2771121158664,572.6360389463723,DIRECT_CERTIFIED,,NLOS_BOUND,8.813806160649222
Q3T001,巡航 O01→S012,572.6360389463723,601.9949657768782,DIRECT_CERTIFIED,,NLOS_BOUND,6.9295624714750375
Q3T001,巡航 O01→S012,601.9949657768782,631.3538926073841,DIRECT_CERTIFIED,,NLOS_BOUND,5.375530717141203
Q3T001,巡航 O01→S012,631.3538926073841,660.7128194378898,DIRECT_CERTIFIED,,NLOS_BOUND,4.0545366129016855
Q3T001,巡航 O01→S012,660.7128194378898,690.0717462683957,DIRECT_CERTIFIED,,NLOS_BOUND,2.90638231066805
Q3T001,巡航 O01→S012,690.0717462683957,719.4306730989015,DIRECT_CERTIFIED,,NLOS_BOUND,1.891361014447682
Q3T001,巡航 O01→S012,719.4306730989015,748.7895999294074,DIRECT_CERTIFIED,,NLOS_BOUND,0.9819635290464674
Q3T001,巡航 O01→S012,748.7895999294074,778.1485267599132,DIRECT_CERTIFIED,,NLOS_BOUND,0.15837080590924302
Q3T001,巡航 O01→S012,778.1485267599132,807.5074535904191,RELAY_BACKUP_DIRECT_FIRST,Q3R001,LOS_TRIANGLE,2.898790660905604
Q3T001,巡航 O01→S012,807.5074535904191,836.866380420925,RELAY_BACKUP_DIRECT_FIRST,Q3R001,LOS_TRIANGLE,2.531421400557562
Q3T001,巡航 O01→S012,836.866380420925,866.2253072514308,RELAY_BACKUP_DIRECT_FIRST,Q3R001,LOS_TRIANGLE,2.147552467601642
Q3T001,巡航 O01→S012,866.2253072514308,895.5842340819365,RELAY_BACKUP_DIRECT_FIRST,Q3R001,LOS_TRIANGLE,1.7536458433983455
Q3T001,巡航 O01→S012,895.5842340819365,924.9431609124424,RELAY_BACKUP_DIRECT_FIRST,Q3R001,LOS_TRIANGLE,1.3549196879484953
Q3T001,巡航 O01→S012,924.9431609124424,954.3020877429483,RELAY_BACKUP_DIRECT_FIRST,Q3R001,LOS_TRIANGLE,0.9554656962645964
Q3T001,巡航 O01→S012,954.3020877429483,983.6610145734542,RELAY_BACKUP_DIRECT_FIRST,Q3R001,LOS_TRIANGLE,0.5583629046180221
Q3T001,巡航 O01→S012,983.6610145734542,1013.01994140396,RELAY_BACKUP_DIRECT_FIRST,Q3R001,LOS_TRIANGLE,0.16588822178992757
Q3T001,巡航 O01→S012,1013.01994140396,1042.3788682344657,RELAY_BACKUP_DIRECT_FIRST,Q3R002,LOS_TRIANGLE,3.227887477355665
Q3T001,巡航 O01→S012,1042.3788682344657,1071.7377950649716,RELAY_BACKUP_DIRECT_FIRST,Q3R002,LOS_TRIANGLE,2.6484676589435594
Q3T001,下降 O01→S012,1071.7377950649716,1098.4379940395809,RELAY_BACKUP_DIRECT_FIRST,Q3R002,LOS_TRIANGLE,2.641526411061207
Q3T001,下降 O01→S012,1098.4379940395809,1125.1381930141904,RELAY_BACKUP_DIRECT_FIRST,Q3R002,LOS_TRIANGLE,2.6327910817701508
Q3T001,投送 S012,1125.1381930141904,1335.1381930141904,RELAY_BACKUP_DIRECT_FIRST,Q3R002,LOS_TRIANGLE,2.6327910817701508
Q3T001,爬升 S012→O01,1335.1381930141904,1357.3883588263648,RELAY_BACKUP_DIRECT_FIRST,Q3R002,LOS_TRIANGLE,2.6327910817701508
Q3T001,爬升 S012→O01,1357.3883588263648,1379.6385246385394,RELAY_BACKUP_DIRECT_FIRST,Q3R002,LOS_TRIANGLE,2.641526411061207
Q3T001,巡航 S012→O01,1379.6385246385394,1408.9974514690452,RELAY_BACKUP_DIRECT_FIRST,Q3R002,LOS_TRIANGLE,2.6484676589435594
Q3T001,巡航 S012→O01,1408.9974514690452,1438.3563782995511,RELAY_BACKUP_DIRECT_FIRST,Q3R002,LOS_TRIANGLE,3.227887477355665
Q3T001,巡航 S012→O01,1438.3563782995511,1467.715305130057,RELAY_BACKUP_DIRECT_FIRST,Q3R001,LOS_TRIANGLE,0.16588822178992757
Q3T001,巡航 S012→O01,1467.715305130057,1497.0742319605627,RELAY_BACKUP_DIRECT_FIRST,Q3R001,LOS_TRIANGLE,0.5583629046180221
Q3T001,巡航 S012→O01,1497.0742319605627,1526.4331587910685,RELAY_BACKUP_DIRECT_FIRST,Q3R001,LOS_TRIANGLE,0.9554656962645964
Q3T001,巡航 S012→O01,1526.4331587910685,1555.7920856215744,RELAY_BACKUP_DIRECT_FIRST,Q3R001,LOS_TRIANGLE,1.3549196879484953
Q3T001,巡航 S012→O01,1555.7920856215744,1585.1510124520803,RELAY_BACKUP_DIRECT_FIRST,Q3R001,LOS_TRIANGLE,1.7536458433983455
Q3T001,巡航 S012→O01,1585.1510124520803,1614.5099392825862,RELAY_BACKUP_DIRECT_FIRST,Q3R001,LOS_TRIANGLE,2.147552467601642
Q3T001,巡航 S012→O01,1614.5099392825862,1643.8688661130918,RELAY_BACKUP_DIRECT_FIRST,Q3R001,LOS_TRIANGLE,2.531421400557562
Q3T001,巡航 S012→O01,1643.8688661130918,1673.2277929435977,RELAY_BACKUP_DIRECT_FIRST,Q3R001,LOS_TRIANGLE,2.898790660905604
Q3T001,巡航 S012→O01,1673.2277929435977,1702.5867197741036,DIRECT_CERTIFIED,,NLOS_BOUND,0.15837080590924302
Q3T001,巡航 S012→O01,1702.5867197741036,1731.9456466046095,DIRECT_CERTIFIED,,NLOS_BOUND,0.9819635290464674
Q3T001,巡航 S012→O01,1731.9456466046095,1761.3045734351153,DIRECT_CERTIFIED,,NLOS_BOUND,1.891361014447682
Q3T001,巡航 S012→O01,1761.3045734351153,1790.6635002656212,DIRECT_CERTIFIED,,NLOS_BOUND,2.90638231066805
Q3T001,巡航 S012→O01,1790.6635002656212,1820.0224270961269,DIRECT_CERTIFIED,,NLOS_BOUND,4.0545366129016855
Q3T001,巡航 S012→O01,1820.0224270961269,1849.3813539266328,DIRECT_CERTIFIED,,NLOS_BOUND,5.375530717141203
Q3T001,巡航 S012→O01,1849.3813539266328,1878.7402807571386,DIRECT_CERTIFIED,,NLOS_BOUND,6.9295624714750375
Q3T001,巡航 S012→O01,1878.7402807571386,1908.0992075876445,DIRECT_CERTIFIED,,NLOS_BOUND,8.813806160649222
Q3T001,巡航 S012→O01,1908.0992075876445,1937.4581344181504,DIRECT_CERTIFIED,,NLOS_BOUND,11.198247491190159
Q3T001,巡航 S012→O01,1937.4581344181504,1966.817061248656,DIRECT_CERTIFIED,,NLOS_BOUND,14.409074212297242
Q3T001,巡航 S012→O01,1966.817061248656,1996.175988079162,DIRECT_CERTIFIED,,NLOS_BOUND,19.052420645339737
Q3T001,下降 S012→O01,1996.175988079162,2024.7360875664667,DIRECT_CERTIFIED,,NLOS_BOUND,23.461181216677716
Q3T001,下降 S012→O01,2024.7360875664667,2053.2961870537715,DIRECT_CERTIFIED,,NLOS_BOUND,26.180757281487445
Q3T001,下降 S012→O01,2053.2961870537715,2081.856286541076,DIRECT_CERTIFIED,,NLOS_BOUND,30.161772645055834
Q3T001,下降 S012→O01,2081.856286541076,2110.4163860283807,DIRECT_CERTIFIED,,NLOS_BOUND,37.726470756015175
Q3T002,爬升 O01→S014,360.0,385.79152153862844,DIRECT_CERTIFIED,,NLOS_BOUND,36.77138710706576
Q3T002,爬升 O01→S014,385.79152153862844,411.58304307725695,DIRECT_CERTIFIED,,NLOS_BOUND,29.35525581787752
Q3T002,爬升 O01→S014,411.58304307725695,437.37456461588545,DIRECT_CERTIFIED,,NLOS_BOUND,25.41399154248265
Q3T002,爬升 O01→S014,437.37456461588545,463.1660861545139,DIRECT_CERTIFIED,,NLOS_BOUND,22.712856056101472
Q3T002,爬升 O01→S014,463.1660861545139,488.95760769314234,DIRECT_CERTIFIED,,NLOS_BOUND,20.655464333417413
Q3T002,爬升 O01→S014,488.95760769314234,514.7491292317709,DIRECT_CERTIFIED,,NLOS_BOUND,18.993277511644692
Q3T002,巡航 O01→S014,514.7491292317709,542.9309890982781,DIRECT_CERTIFIED,,NLOS_BOUND,17.008120308966255
Q3T002,巡航 O01→S014,542.9309890982781,571.1128489647853,DIRECT_CERTIFIED,,NLOS_BOUND,13.784578914727774
Q3T002,巡航 O01→S014,571.1128489647853,599.2947088312925,DIRECT_CERTIFIED,,NLOS_BOUND,11.058584051110884
Q3T002,巡航 O01→S014,599.2947088312925,627.4765686977996,DIRECT_CERTIFIED,,NLOS_BOUND,8.876787815017053
Q3T002,巡航 O01→S014,627.4765686977996,655.6584285643069,DIRECT_CERTIFIED,,NLOS_BOUND,7.093514560751842
Q3T002,巡航 O01→S014,655.6584285643069,683.8402884308141,DIRECT_CERTIFIED,,NLOS_BOUND,5.5964172556760445
Q3T002,巡航 O01→S014,683.8402884308141,712.0221482973212,DIRECT_CERTIFIED,,NLOS_BOUND,4.310495348023764
Q3T002,巡航 O01→S014,712.0221482973212,740.2040081638285,DIRECT_CERTIFIED,,NLOS_BOUND,3.1854095242442924
Q3T002,巡航 O01→S014,740.2040081638285,768.3858680303356,DIRECT_CERTIFIED,,NLOS_BOUND,2.186343344806758
Q3T002,巡航 O01→S014,768.3858680303356,796.5677278968428,DIRECT_CERTIFIED,,NLOS_BOUND,1.2884272646828236
Q3T002,巡航 O01→S014,796.5677278968428,824.7495877633501,DIRECT_CERTIFIED,,NLOS_BOUND,0.4733653476379942
Q3T002,巡航 O01→S014,824.7495877633501,852.9314476298572,RELAY_BACKUP_DIRECT_FIRST,Q3R002,NLOS_BOUND,3.4778861215568213
Q3T002,巡航 O01→S014,852.9314476298572,881.1133074963643,RELAY_BACKUP_DIRECT_FIRST,Q3R002,NLOS_BOUND,3.4778861215568213
Q3T002,巡航 O01→S014,881.1133074963643,909.2951673628716,RELAY_BACKUP_DIRECT_FIRST,Q3R002,NLOS_BOUND,3.4778861215568213
Q3T002,巡航 O01→S014,909.2951673628716,937.4770272293788,RELAY_BACKUP_DIRECT_FIRST,Q3R002,NLOS_BOUND,3.171188472736361
Q3T002,巡航 O01→S014,937.4770272293788,965.658887095886,RELAY_BACKUP_DIRECT_FIRST,Q3R002,NLOS_BOUND,1.6491769412042885
Q3T002,下降 O01→S014,965.658887095886,989.7536258654172,RELAY_BACKUP_DIRECT_FIRST,Q3R002,NLOS_BOUND,1.63478500623539
Q3T002,下降 O01→S014,989.7536258654172,1013.8483646349486,RELAY_BACKUP_DIRECT_FIRST,Q3R002,NLOS_BOUND,1.6088147787699256
Q3T002,下降 O01→S014,1013.8483646349486,1037.9431034044799,RELAY_BACKUP_DIRECT_FIRST,Q3R002,NLOS_BOUND,1.5714727653610794
Q3T002,下降 O01→S014,1037.9431034044799,1062.037842174011,RELAY_BACKUP_DIRECT_FIRST,Q3R002,NLOS_BOUND,1.5230508989591556
Q3T002,投送 S014,1062.037842174011,1272.037842174011,RELAY_BACKUP_DIRECT_FIRST,Q3R002,NLOS_BOUND,1.5230508989591556
Q3T002,爬升 S014→O01,1272.037842174011,1298.8097741401568,RELAY_BACKUP_DIRECT_FIRST,Q3R002,NLOS_BOUND,1.5230508989591556
Q3T002,爬升 S014→O01,1298.8097741401568,1325.5817061063028,RELAY_BACKUP_DIRECT_FIRST,Q3R002,NLOS_BOUND,1.5851672984988596
Q3T002,爬升 S014→O01,1325.5817061063028,1352.3536380724486,RELAY_BACKUP_DIRECT_FIRST,Q3R002,NLOS_BOUND,1.6274063692226264
Q3T002,巡航 S014→O01,1352.3536380724486,1380.5354979389558,RELAY_BACKUP_DIRECT_FIRST,Q3R002,NLOS_BOUND,1.6491769412042885
Q3T002,巡航 S014→O01,1380.5354979389558,1408.717357805463,RELAY_BACKUP_DIRECT_FIRST,Q3R002,NLOS_BOUND,3.171188472736361
Q3T002,巡航 S014→O01,1408.717357805463,1436.89921767197,RELAY_BACKUP_DIRECT_FIRST,Q3R002,NLOS_BOUND,3.4778861215568213
Q3T002,巡航 S014→O01,1436.89921767197,1465.0810775384773,RELAY_BACKUP_DIRECT_FIRST,Q3R002,NLOS_BOUND,3.4778861215568213
Q3T002,巡航 S014→O01,1465.0810775384773,1493.2629374049845,RELAY_BACKUP_DIRECT_FIRST,Q3R002,NLOS_BOUND,3.4778861215568213
Q3T002,巡航 S014→O01,1493.2629374049845,1521.4447972714918,DIRECT_CERTIFIED,,NLOS_BOUND,0.4733653476379942
Q3T002,巡航 S014→O01,1521.4447972714918,1549.626657137999,DIRECT_CERTIFIED,,NLOS_BOUND,1.2884272646828236
Q3T002,巡航 S014→O01,1549.626657137999,1577.808517004506,DIRECT_CERTIFIED,,NLOS_BOUND,2.186343344806758
Q3T002,巡航 S014→O01,1577.808517004506,1605.9903768710133,DIRECT_CERTIFIED,,NLOS_BOUND,3.1854095242442924
Q3T002,巡航 S014→O01,1605.9903768710133,1634.1722367375205,DIRECT_CERTIFIED,,NLOS_BOUND,4.310495348023764
Q3T002,巡航 S014→O01,1634.1722367375205,1662.3540966040277,DIRECT_CERTIFIED,,NLOS_BOUND,5.5964172556760445
Q3T002,巡航 S014→O01,1662.3540966040277,1690.535956470535,DIRECT_CERTIFIED,,NLOS_BOUND,7.093514560751842
Q3T002,巡航 S014→O01,1690.535956470535,1718.717816337042,DIRECT_CERTIFIED,,NLOS_BOUND,8.876787815017053
Q3T002,巡航 S014→O01,1718.717816337042,1746.8996762035492,DIRECT_CERTIFIED,,NLOS_BOUND,11.058584051110884
Q3T002,巡航 S014→O01,1746.8996762035492,1775.0815360700565,DIRECT_CERTIFIED,,NLOS_BOUND,13.784578914727774
Q3T002,巡航 S014→O01,1775.0815360700565,1803.2633959365637,DIRECT_CERTIFIED,,NLOS_BOUND,17.008120308966255
Q3T002,下降 S014→O01,1803.2633959365637,1829.7918180905815,DIRECT_CERTIFIED,,NLOS_BOUND,18.993277511644692
Q3T002,下降 S014→O01,1829.7918180905815,1856.3202402445995,DIRECT_CERTIFIED,,NLOS_BOUND,20.397632110246832
Q3T002,下降 S014→O01,1856.3202402445995,1882.8486623986173,DIRECT_CERTIFIED,,NLOS_BOUND,22.07367909204099
Q3T002,下降 S014→O01,1882.8486623986173,1909.377084552635,DIRECT_CERTIFIED,,NLOS_BOUND,24.15238292307758
Q3T002,下降 S014→O01,1909.377084552635,1935.905506706653,DIRECT_CERTIFIED,,NLOS_BOUND,26.890502074848
Q3T002,下降 S014→O01,1935.905506706653,1962.433928860671,DIRECT_CERTIFIED,,NLOS_BOUND,30.91175956574226
Q3T002,下降 S014→O01,1962.433928860671,1988.9623510146887,DIRECT_CERTIFIED,,NLOS_BOUND,38.630206248668884
Q3T003,爬升 O01→S007,360.0,385.6182116699219,DIRECT_CERTIFIED,,NLOS_BOUND,36.850457649106204
Q3T003,爬升 O01→S007,385.6182116699219,411.2364233398437,DIRECT_CERTIFIED,,NLOS_BOUND,29.42254480979244
Q3T003,爬升 O01→S007,411.2364233398437,436.8546350097656,DIRECT_CERTIFIED,,NLOS_BOUND,25.478096640754302
Q3T003,爬升 O01→S007,436.8546350097656,462.4728466796875,DIRECT_CERTIFIED,,NLOS_BOUND,22.775479585213617
Q3T003,爬升 O01→S007,462.4728466796875,488.0910583496094,DIRECT_CERTIFIED,,NLOS_BOUND,20.717231343301734
Q3T003,巡航 O01→S007,488.0910583496094,517.1540576956832,DIRECT_CERTIFIED,,NLOS_BOUND,17.891635549357346
Q3T003,巡航 O01→S007,517.1540576956832,546.2170570417569,DIRECT_CERTIFIED,,NLOS_BOUND,14.026950138077765
Q3T003,巡航 O01→S007,546.2170570417569,575.2800563878307,DIRECT_CERTIFIED,,NLOS_BOUND,11.055571783829734
Q3T003,巡航 O01→S007,575.2800563878307,604.3430557339044,DIRECT_CERTIFIED,,NLOS_BOUND,8.76721105369846
Q3T003,巡航 O01→S007,604.3430557339044,633.4060550799782,DIRECT_CERTIFIED,,NLOS_BOUND,6.929964599252827
Q3T003,巡航 O01→S007,633.4060550799782,662.4690544260519,DIRECT_CERTIFIED,,NLOS_BOUND,5.402178568022151
Q3T003,巡航 O01→S007,662.4690544260519,691.5320537721257,DIRECT_CERTIFIED,,NLOS_BOUND,4.097262137350015
Q3T003,巡航 O01→S007,691.5320537721257,720.5950531181994,DIRECT_CERTIFIED,,NLOS_BOUND,2.959646539759774
Q3T003,巡航 O01→S007,720.5950531181994,749.6580524642732,DIRECT_CERTIFIED,,NLOS_BOUND,1.9518983171044653
Q3T003,巡航 O01→S007,749.6580524642732,778.7210518103468,DIRECT_CERTIFIED,,NLOS_BOUND,1.0477272694486004
Q3T003,巡航 O01→S007,778.7210518103468,807.7840511564207,DIRECT_CERTIFIED,,NLOS_BOUND,0.22801451112206905
Q3T003,巡航 O01→S007,807.7840511564207,836.8470505024943,RELAY_BACKUP_DIRECT_FIRST,Q3R001,LOS_TRIANGLE,6.395957839029833
Q3T003,巡航 O01→S007,836.8470505024943,865.9100498485682,RELAY_BACKUP_DIRECT_FIRST,Q3R001,LOS_TRIANGLE,6.0170348407152545
Q3T003,下降 O01→S007,865.9100498485682,887.7064731884119,RELAY_BACKUP_DIRECT_FIRST,Q3R001,LOS_TRIANGLE,6.009313559986779
Q3T003,下降 O01→S007,887.7064731884119,909.5028965282556,RELAY_BACKUP_DIRECT_FIRST,Q3R001,LOS_TRIANGLE,5.998922793119235
Q3T003,下降 O01→S007,909.5028965282556,931.2993198680995,RELAY_BACKUP_DIRECT_FIRST,Q3R001,LOS_TRIANGLE,5.985952996676005
Q3T003,投送 S007,931.2993198680995,1141.2993198680995,RELAY_BACKUP_DIRECT_FIRST,Q3R001,LOS_TRIANGLE,5.985952996676005
Q3T003,爬升 S007→O01,1141.2993198680995,1168.5448490429042,RELAY_BACKUP_DIRECT_FIRST,Q3R001,LOS_TRIANGLE,5.985952996676005
Q3T003,爬升 S007→O01,1168.5448490429042,1195.7903782177088,RELAY_BACKUP_DIRECT_FIRST,Q3R001,LOS_TRIANGLE,6.004441826159976
Q3T003,巡航 S007→O01,1195.7903782177088,1224.8533775637825,RELAY_BACKUP_DIRECT_FIRST,Q3R001,LOS_TRIANGLE,6.0170348407152545
Q3T003,巡航 S007→O01,1224.8533775637825,1253.9163769098564,RELAY_BACKUP_DIRECT_FIRST,Q3R001,LOS_TRIANGLE,6.395957839029833
Q3T003,巡航 S007→O01,1253.9163769098564,1282.97937625593,DIRECT_CERTIFIED,,NLOS_BOUND,0.22801451112206905
Q3T003,巡航 S007→O01,1282.97937625593,1312.0423756020039,DIRECT_CERTIFIED,,NLOS_BOUND,1.0477272694486004
Q3T003,巡航 S007→O01,1312.0423756020039,1341.1053749480775,DIRECT_CERTIFIED,,NLOS_BOUND,1.9518983171044653
Q3T003,巡航 S007→O01,1341.1053749480775,1370.1683742941514,DIRECT_CERTIFIED,,NLOS_BOUND,2.959646539759774
Q3T003,巡航 S007→O01,1370.1683742941514,1399.231373640225,DIRECT_CERTIFIED,,NLOS_BOUND,4.097262137350015
Q3T003,巡航 S007→O01,1399.231373640225,1428.2943729862989,DIRECT_CERTIFIED,,NLOS_BOUND,5.402178568022151
Q3T003,巡航 S007→O01,1428.2943729862989,1457.3573723323725,DIRECT_CERTIFIED,,NLOS_BOUND,6.929964599252827
Q3T003,巡航 S007→O01,1457.3573723323725,1486.4203716784464,DIRECT_CERTIFIED,,NLOS_BOUND,8.76721105369846
Q3T003,巡航 S007→O01,1486.4203716784464,1515.48337102452,DIRECT_CERTIFIED,,NLOS_BOUND,11.055571783829734
Q3T003,巡航 S007→O01,1515.48337102452,1544.5463703705939,DIRECT_CERTIFIED,,NLOS_BOUND,14.026950138077765
Q3T003,巡航 S007→O01,1544.5463703705939,1573.6093697166675,DIRECT_CERTIFIED,,NLOS_BOUND,17.891635549357346
Q3T003,下降 S007→O01,1573.6093697166675,1599.2275813865895,DIRECT_CERTIFIED,,NLOS_BOUND,20.717231343301734
Q3T003,下降 S007→O01,1599.2275813865895,1624.8457930565112,DIRECT_CERTIFIED,,NLOS_BOUND,22.396761547681237
Q3T003,下降 S007→O01,1624.8457930565112,1650.4640047264331,DIRECT_CERTIFIED,,NLOS_BOUND,24.480834955838418
Q3T003,下降 S007→O01,1650.4640047264331,1676.082216396355,DIRECT_CERTIFIED,,NLOS_BOUND,27.228311382556527
Q3T003,下降 S007→O01,1676.082216396355,1701.7004280662768,DIRECT_CERTIFIED,,NLOS_BOUND,31.26997978254616
Q3T003,下降 S007→O01,1701.7004280662768,1727.3186397361987,DIRECT_CERTIFIED,,NLOS_BOUND,39.06773852408783
Q3T004,爬升 O01→S002,360.0,384.16723388671875,DIRECT_CERTIFIED,,NLOS_BOUND,39.81426056883936
Q3T004,爬升 O01→S002,384.16723388671875,408.3344677734375,DIRECT_CERTIFIED,,NLOS_BOUND,31.87344837916062
Q3T004,爬升 O01→S002,408.3344677734375,432.50170166015624,DIRECT_CERTIFIED,,NLOS_BOUND,27.795551548655098
Q3T004,巡航 O01→S002,432.50170166015624,461.6596566340347,DIRECT_CERTIFIED,,NLOS_BOUND,18.575025731457984
Q3T004,巡航 O01→S002,461.6596566340347,490.81761160791325,DIRECT_CERTIFIED,,NLOS_BOUND,12.962793528410856
Q3T004,巡航 O01→S002,490.81761160791325,519.9755665817917,DIRECT_CERTIFIED,,NLOS_BOUND,9.520994356632698
Q3T004,巡航 O01→S002,519.9755665817917,549.1335215556702,DIRECT_CERTIFIED,,NLOS_BOUND,7.050580780915567
Q3T004,巡航 O01→S002,549.1335215556702,578.2914765295486,DIRECT_CERTIFIED,,NLOS_BOUND,5.125570650723148
Q3T004,巡航 O01→S002,578.2914765295486,607.4494315034271,DIRECT_CERTIFIED,,NLOS_BOUND,3.5491275651847616
Q3T004,巡航 O01→S002,607.4494315034271,636.6073864773057,DIRECT_CERTIFIED,,NLOS_BOUND,2.2145279393281783
Q3T004,巡航 O01→S002,636.6073864773057,665.7653414511842,DIRECT_CERTIFIED,,NLOS_BOUND,1.057505657403425
Q3T004,巡航 O01→S002,665.7653414511842,694.9232964250626,DIRECT_CERTIFIED,,NLOS_BOUND,0.03638735573836982
Q3T004,巡航 O01→S002,694.9232964250626,724.081251398941,RELAY_BACKUP_DIRECT_FIRST,Q3R001,LOS_TRIANGLE,6.497777065139388
Q3T004,巡航 O01→S002,724.081251398941,753.2392063728196,RELAY_BACKUP_DIRECT_FIRST,Q3R001,LOS_TRIANGLE,5.95931506083123
Q3T004,巡航 O01→S002,753.2392063728196,782.3971613466981,RELAY_BACKUP_DIRECT_FIRST,Q3R001,LOS_TRIANGLE,5.333383371321389
Q3T004,巡航 O01→S002,782.3971613466981,811.5551163205766,RELAY_BACKUP_DIRECT_FIRST,Q3R001,LOS_TRIANGLE,4.661002921691079
Q3T004,巡航 O01→S002,811.5551163205766,840.7130712944552,RELAY_BACKUP_DIRECT_FIRST,Q3R001,LOS_TRIANGLE,3.972125567354013
Q3T004,巡航 O01→S002,840.7130712944552,869.8710262683335,RELAY_BACKUP_DIRECT_FIRST,Q3R001,LOS_TRIANGLE,3.286685096367364
Q3T004,巡航 O01→S002,869.8710262683335,899.028981242212,RELAY_BACKUP_DIRECT_FIRST,Q3R001,LOS_TRIANGLE,2.616929536359507
Q3T004,巡航 O01→S002,899.028981242212,928.1869362160905,RELAY_BACKUP_DIRECT_FIRST,Q3R001,LOS_TRIANGLE,1.9697669942167408
Q3T004,下降 O01→S002,928.1869362160905,950.5504997536882,RELAY_BACKUP_DIRECT_FIRST,Q3R001,LOS_TRIANGLE,1.9641679639565126
Q3T004,下降 O01→S002,950.5504997536882,972.9140632912859,RELAY_BACKUP_DIRECT_FIRST,Q3R001,LOS_TRIANGLE,1.9578823948422297
Q3T004,投送 S002,972.9140632912859,1224.9140632912859,RELAY_BACKUP_DIRECT_FIRST,Q3R001,LOS_TRIANGLE,1.9578823948422297
Q3T004,爬升 S002→O01,1224.9140632912859,1242.804914121364,RELAY_BACKUP_DIRECT_FIRST,Q3R001,LOS_TRIANGLE,1.9578823948422297
Q3T004,爬升 S002→O01,1242.804914121364,1260.695764951442,RELAY_BACKUP_DIRECT_FIRST,Q3R001,LOS_TRIANGLE,1.9641679639565126
Q3T004,巡航 S002→O01,1260.695764951442,1289.8537199253205,RELAY_BACKUP_DIRECT_FIRST,Q3R001,LOS_TRIANGLE,1.9697669942167408
Q3T004,巡航 S002→O01,1289.8537199253205,1319.011674899199,RELAY_BACKUP_DIRECT_FIRST,Q3R001,LOS_TRIANGLE,2.616929536359507
Q3T004,巡航 S002→O01,1319.011674899199,1348.1696298730774,RELAY_BACKUP_DIRECT_FIRST,Q3R001,LOS_TRIANGLE,3.286685096367364
Q3T004,巡航 S002→O01,1348.1696298730774,1377.327584846956,RELAY_BACKUP_DIRECT_FIRST,Q3R001,LOS_TRIANGLE,3.972125567354013
Q3T004,巡航 S002→O01,1377.327584846956,1406.4855398208344,RELAY_BACKUP_DIRECT_FIRST,Q3R001,LOS_TRIANGLE,4.661002921691079
Q3T004,巡航 S002→O01,1406.4855398208344,1435.643494794713,RELAY_BACKUP_DIRECT_FIRST,Q3R001,LOS_TRIANGLE,5.333383371321389
Q3T004,巡航 S002→O01,1435.643494794713,1464.8014497685915,RELAY_BACKUP_DIRECT_FIRST,Q3R001,LOS_TRIANGLE,5.95931506083123
Q3T004,巡航 S002→O01,1464.8014497685915,1493.9594047424698,RELAY_BACKUP_DIRECT_FIRST,Q3R001,LOS_TRIANGLE,6.497777065139388
Q3T004,巡航 S002→O01,1493.9594047424698,1523.1173597163483,DIRECT_CERTIFIED,,NLOS_BOUND,0.03638735573836982
Q3T004,巡航 S002→O01,1523.1173597163483,1552.2753146902269,DIRECT_CERTIFIED,,NLOS_BOUND,1.057505657403425
Q3T004,巡航 S002→O01,1552.2753146902269,1581.4332696641054,DIRECT_CERTIFIED,,NLOS_BOUND,2.2145279393281783
Q3T004,巡航 S002→O01,1581.4332696641054,1610.591224637984,DIRECT_CERTIFIED,,NLOS_BOUND,3.5491275651847616
Q3T004,巡航 S002→O01,1610.591224637984,1639.7491796118625,DIRECT_CERTIFIED,,NLOS_BOUND,5.125570650723148
Q3T004,巡航 S002→O01,1639.7491796118625,1668.907134585741,DIRECT_CERTIFIED,,NLOS_BOUND,7.050580780915567
Q3T004,巡航 S002→O01,1668.907134585741,1698.0650895596193,DIRECT_CERTIFIED,,NLOS_BOUND,9.520994356632698
Q3T004,巡航 S002→O01,1698.0650895596193,1727.2230445334978,DIRECT_CERTIFIED,,NLOS_BOUND,12.962793528410856
Q3T004,巡航 S002→O01,1727.2230445334978,1756.3809995073761,DIRECT_CERTIFIED,,NLOS_BOUND,18.575025731457984
Q3T004,下降 S002→O01,1756.3809995073764,1779.037781276175,DIRECT_CERTIFIED,,NLOS_BOUND,27.795551548655098
Q3T004,下降 S002→O01,1779.037781276175,1801.694563044974,DIRECT_CERTIFIED,,NLOS_BOUND,30.66105750651292
Q3T004,下降 S002→O01,1801.694563044974,1824.3513448137728,DIRECT_CERTIFIED,,NLOS_BOUND,34.96634435258531
Q3T004,下降 S002→O01,1824.3513448137728,1847.0081265825718,DIRECT_CERTIFIED,,NLOS_BOUND,43.87870941331356
Q3T005,爬升 O01→S010,360.0,384.6349228515625,DIRECT_CERTIFIED,,NLOS_BOUND,39.56655917102968
Q3T005,爬升 O01→S010,384.6349228515625,409.269845703125,DIRECT_CERTIFIED,,NLOS_BOUND,31.674318088927905
Q3T005,爬升 O01→S010,409.269845703125,433.9047685546875,DIRECT_CERTIFIED,,NLOS_BOUND,27.60863820816671
Q3T005,爬升 O01→S010,433.9047685546875,458.53969140625,DIRECT_CERTIFIED,,NLOS_BOUND,24.850194793911882
Q3T005,爬升 O01→S010,458.53969140625,483.1746142578125,DIRECT_CERTIFIED,,NLOS_BOUND,22.759839664518097
Q3T005,巡航 O01→S010,483.1746142578125,512.1348560858183,DIRECT_CERTIFIED,,NLOS_BOUND,17.60602630393251
Q3T005,巡航 O01→S010,512.1348560858183,541.0950979138241,DIRECT_CERTIFIED,,NLOS_BOUND,12.7144206928579
Q3T005,巡航 O01→S010,541.0950979138241,570.0553397418299,DIRECT_CERTIFIED,,NLOS_BOUND,9.438174379600369
Q3T005,巡航 O01→S010,570.0553397418299,599.0155815698357,DIRECT_CERTIFIED,,NLOS_BOUND,7.028741566761255
Q3T005,巡航 O01→S010,599.0155815698357,627.9758233978415,DIRECT_CERTIFIED,,NLOS_BOUND,5.132524402990086
Q3T005,巡航 O01→S010,627.9758233978415,656.9360652258473,DIRECT_CERTIFIED,,NLOS_BOUND,3.5718763753532414
Q3T005,巡航 O01→S010,656.9360652258473,685.8963070538531,DIRECT_CERTIFIED,,NLOS_BOUND,2.2468539014919315
Q3T005,巡航 O01→S010,685.8963070538531,714.8565488818589,DIRECT_CERTIFIED,,NLOS_BOUND,1.096069152920279
Q3T005,巡航 O01→S010,714.8565488818589,743.8167907098647,DIRECT_CERTIFIED,,NLOS_BOUND,0.07923715255817854
Q3T005,巡航 O01→S010,743.8167907098647,772.7770325378705,RELAY_BACKUP_DIRECT_FIRST,Q3R001,LOS_TRIANGLE,0.05162765535526148
Q3T005,巡航 O01→S010,772.7770325378705,801.7372743658763,RELAY_BACKUP_DIRECT_FIRST,Q3R002,NLOS_BOUND,3.4778861215568213
Q3T005,下降 O01→S010,801.7372743658763,822.7464082770091,RELAY_BACKUP_DIRECT_FIRST,Q3R002,NLOS_BOUND,3.4778861215568213
Q3T005,下降 O01→S010,822.7464082770091,843.7555421881418,RELAY_BACKUP_DIRECT_FIRST,Q3R002,NLOS_BOUND,3.4778861215568213
Q3T005,投送 S010,843.7555421881418,1095.7555421881418,RELAY_BACKUP_DIRECT_FIRST,Q3R002,NLOS_BOUND,3.4778861215568213
Q3T005,爬升 S010→O01,1095.7555421881418,1112.562849317048,RELAY_BACKUP_DIRECT_FIRST,Q3R002,NLOS_BOUND,3.4778861215568213
Q3T005,爬升 S010→O01,1112.562849317048,1129.3701564459543,RELAY_BACKUP_DIRECT_FIRST,Q3R002,NLOS_BOUND,3.4778861215568213
Q3T005,巡航 S010→O01,1129.3701564459543,1158.33039827396,RELAY_BACKUP_DIRECT_FIRST,Q3R002,NLOS_BOUND,3.4778861215568213
Q3T005,巡航 S010→O01,1158.33039827396,1187.290640101966,RELAY_BACKUP_DIRECT_FIRST,Q3R001,LOS_TRIANGLE,0.05162765535526148
Q3T005,巡航 S010→O01,1187.290640101966,1216.2508819299717,DIRECT_CERTIFIED,,NLOS_BOUND,0.07923715255817854
Q3T005,巡航 S010→O01,1216.2508819299717,1245.2111237579775,DIRECT_CERTIFIED,,NLOS_BOUND,1.096069152920279
Q3T005,巡航 S010→O01,1245.2111237579775,1274.1713655859833,DIRECT_CERTIFIED,,NLOS_BOUND,2.2468539014919315
Q3T005,巡航 S010→O01,1274.1713655859833,1303.131607413989,DIRECT_CERTIFIED,,NLOS_BOUND,3.5718763753532414
Q3T005,巡航 S010→O01,1303.131607413989,1332.0918492419949,DIRECT_CERTIFIED,,NLOS_BOUND,5.132524402990086
Q3T005,巡航 S010→O01,1332.0918492419949,1361.0520910700006,DIRECT_CERTIFIED,,NLOS_BOUND,7.028741566761255
Q3T005,巡航 S010→O01,1361.0520910700006,1390.0123328980064,DIRECT_CERTIFIED,,NLOS_BOUND,9.438174379600369
Q3T005,巡航 S010→O01,1390.0123328980064,1418.9725747260122,DIRECT_CERTIFIED,,NLOS_BOUND,12.7144206928579
Q3T005,巡航 S010→O01,1418.9725747260122,1447.932816554018,DIRECT_CERTIFIED,,NLOS_BOUND,17.60602630393251
Q3T005,下降 S010→O01,1447.932816554018,1473.5941945243956,DIRECT_CERTIFIED,,NLOS_BOUND,22.759839664518097
Q3T005,下降 S010→O01,1473.5941945243956,1499.2555724947733,DIRECT_CERTIFIED,,NLOS_BOUND,24.464974504050502
Q3T005,下降 S010→O01,1499.2555724947733,1524.9169504651509,DIRECT_CERTIFIED,,NLOS_BOUND,26.58868754837127
Q3T005,下降 S010→O01,1524.9169504651509,1550.5783284355284,DIRECT_CERTIFIED,,NLOS_BOUND,29.405736324095628
Q3T005,下降 S010→O01,1550.5783284355284,1576.239706405906,DIRECT_CERTIFIED,,NLOS_BOUND,33.60138968771983
Q3T005,下降 S010→O01,1576.239706405906,1601.9010843762837,DIRECT_CERTIFIED,,NLOS_BOUND,42.028575834188615
Q3T006,爬升 O01→S013,1961.9010843762837,1989.0492667493306,DIRECT_CERTIFIED,,NLOS_BOUND,38.34442388871014
Q3T006,爬升 O01→S013,1989.0492667493306,2016.1974491223775,DIRECT_CERTIFIED,,NLOS_BOUND,30.67603717313169
Q3T006,爬升 O01→S013,2016.1974491223775,2043.3456314954244,DIRECT_CERTIFIED,,NLOS_BOUND,26.667783848610952
Q3T006,爬升 O01→S013,2043.3456314954244,2070.493813868471,DIRECT_CERTIFIED,,NLOS_BOUND,23.935643142447674
Q3T006,巡航 O01→S013,2070.493813868471,2099.8799168982277,DIRECT_CERTIFIED,,NLOS_BOUND,17.836921813686573
Q3T006,巡航 O01→S013,2099.8799168982277,2129.266019927985,DIRECT_CERTIFIED,,NLOS_BOUND,12.700258013708691
Q3T006,巡航 O01→S013,2129.266019927985,2158.6521229577415,DIRECT_CERTIFIED,,NLOS_BOUND,9.36387670774134
Q3T006,巡航 O01→S013,2158.6521229577415,2188.0382259874987,DIRECT_CERTIFIED,,NLOS_BOUND,6.931924451775785
Q3T006,巡航 O01→S013,2188.0382259874987,2217.4243290172553,DIRECT_CERTIFIED,,NLOS_BOUND,5.025005005543434
Q3T006,巡航 O01→S013,2217.4243290172553,2246.8104320470125,DIRECT_CERTIFIED,,NLOS_BOUND,3.458467042510236
Q3T006,巡航 O01→S013,2246.8104320470125,2276.196535076769,DIRECT_CERTIFIED,,NLOS_BOUND,2.1298667297579073
Q3T006,巡航 O01→S013,2276.196535076769,2305.5826381065262,DIRECT_CERTIFIED,,NLOS_BOUND,0.9767491009912845
Q3T006,巡航 O01→S013,2305.5826381065262,2334.968741136283,RELAY_BACKUP_DIRECT_FIRST,Q3R001,LOS_TRIANGLE,1.8078857330412035
Q3T006,巡航 O01→S013,2334.968741136283,2364.35484416604,RELAY_BACKUP_DIRECT_FIRST,Q3R001,LOS_TRIANGLE,1.361842434507281
Q3T006,巡航 O01→S013,2364.35484416604,2393.7409471957967,RELAY_BACKUP_DIRECT_FIRST,Q3R001,LOS_TRIANGLE,0.9042253326382337
Q3T006,下降 O01→S013,2393.7409471957967,2417.481859061031,RELAY_BACKUP_DIRECT_FIRST,Q3R001,LOS_TRIANGLE,0.9008428370271417
Q3T006,投送 S013,2417.481859061031,2669.481859061031,RELAY_BACKUP_DIRECT_FIRST,Q3R001,LOS_TRIANGLE,0.9008428370271417
Q3T006,爬升 S013→O01,2669.481859061031,2688.474588553219,RELAY_BACKUP_DIRECT_FIRST,Q3R001,LOS_TRIANGLE,0.9008428370271417
Q3T006,巡航 S013→O01,2688.474588553219,2717.8606915829755,RELAY_BACKUP_DIRECT_FIRST,Q3R001,LOS_TRIANGLE,0.9042253326382337
Q3T006,巡航 S013→O01,2717.8606915829755,2747.2467946127326,RELAY_BACKUP_DIRECT_FIRST,Q3R001,LOS_TRIANGLE,1.361842434507281
Q3T006,巡航 S013→O01,2747.2467946127326,2776.6328976424893,RELAY_BACKUP_DIRECT_FIRST,Q3R001,LOS_TRIANGLE,1.8078857330412035
Q3T006,巡航 S013→O01,2776.6328976424893,2806.0190006722464,DIRECT_CERTIFIED,,NLOS_BOUND,0.9767491009912845
Q3T006,巡航 S013→O01,2806.0190006722464,2835.405103702003,DIRECT_CERTIFIED,,NLOS_BOUND,2.1298667297579073
Q3T006,巡航 S013→O01,2835.405103702003,2864.79120673176,DIRECT_CERTIFIED,,NLOS_BOUND,3.458467042510236
Q3T006,巡航 S013→O01,2864.79120673176,2894.177309761517,DIRECT_CERTIFIED,,NLOS_BOUND,5.025005005543434
Q3T006,巡航 S013→O01,2894.177309761517,2923.563412791274,DIRECT_CERTIFIED,,NLOS_BOUND,6.931924451775785
Q3T006,巡航 S013→O01,2923.563412791274,2952.9495158210307,DIRECT_CERTIFIED,,NLOS_BOUND,9.36387670774134
Q3T006,巡航 S013→O01,2952.9495158210307,2982.335618850788,DIRECT_CERTIFIED,,NLOS_BOUND,12.700258013708691
Q3T006,巡航 S013→O01,2982.335618850788,3011.7217218805445,DIRECT_CERTIFIED,,NLOS_BOUND,17.836921813686573
Q3T006,下降 S013→O01,3011.7217218805445,3038.8699042535914,DIRECT_CERTIFIED,,NLOS_BOUND,23.935643142447674
Q3T006,下降 S013→O01,3038.8699042535914,3066.0180866266383,DIRECT_CERTIFIED,,NLOS_BOUND,26.048277452212474
Q3T006,下降 S013→O01,3066.0180866266383,3093.166268999685,DIRECT_CERTIFIED,,NLOS_BOUND,28.845793500078116
Q3T006,下降 S013→O01,3093.166268999685,3120.314451372732,DIRECT_CERTIFIED,,NLOS_BOUND,32.997813520574155
Q3T006,下降 S013→O01,3120.314451372732,3147.462633745779,DIRECT_CERTIFIED,,NLOS_BOUND,41.24081337971131
Q3T007,爬升 O01→S001,2117.3186397361987,2141.5447414207692,DIRECT_CERTIFIED,,NLOS_BOUND,37.51313930757455
Q3T007,爬升 O01→S001,2141.5447414207692,2165.7708431053393,DIRECT_CERTIFIED,,NLOS_BOUND,29.982830377148545
Q3T007,巡航 O01→S001,2165.7708431053393,2194.1357627931993,DIRECT_CERTIFIED,,NLOS_BOUND,20.754013182852418
Q3T007,巡航 O01→S001,2194.1357627931993,2222.5006824810594,DIRECT_CERTIFIED,,NLOS_BOUND,15.14096436587117
Q3T007,巡航 O01→S001,2222.5006824810594,2250.86560216892,DIRECT_CERTIFIED,,NLOS_BOUND,11.698995989127113
Q3T007,巡航 O01→S001,2250.86560216892,2279.23052185678,DIRECT_CERTIFIED,,NLOS_BOUND,9.22852169667982
Q3T007,巡航 O01→S001,2279.23052185678,2307.59544154464,DIRECT_CERTIFIED,,NLOS_BOUND,7.303483193438865
Q3T007,巡航 O01→S001,2307.59544154464,2335.9603612325,DIRECT_CERTIFIED,,NLOS_BOUND,5.727024622990399
Q3T007,巡航 O01→S001,2335.9603612325,2364.32528092036,DIRECT_CERTIFIED,,NLOS_BOUND,4.392415635453247
Q3T007,巡航 O01→S001,2364.32528092036,2392.6902006082205,DIRECT_CERTIFIED,,NLOS_BOUND,3.2353872674325714
Q3T007,巡航 O01→S001,2392.6902006082205,2421.0551202960805,DIRECT_CERTIFIED,,NLOS_BOUND,2.2142647886000475
Q3T007,下降 O01→S001,2421.0551202960805,2438.866442317565,DIRECT_CERTIFIED,,NLOS_BOUND,2.2142647886000475
Q3T007,下降 O01→S001,2438.866442317565,2456.677764339049,DIRECT_CERTIFIED,,NLOS_BOUND,2.2185084281756673
Q3T007,投送 S001,2456.677764339049,2696.677764339049,DIRECT_CERTIFIED,,NLOS_BOUND,2.220920977951124
Q3T007,爬升 S001→O01,2696.677764339049,2726.3633010415233,DIRECT_CERTIFIED,,NLOS_BOUND,2.2142647886000475
Q3T007,巡航 S001→O01,2726.3633010415233,2754.7282207293833,DIRECT_CERTIFIED,,NLOS_BOUND,2.2142647886000475
Q3T007,巡航 S001→O01,2754.7282207293833,2783.0931404172434,DIRECT_CERTIFIED,,NLOS_BOUND,3.2353872674325714
Q3T007,巡航 S001→O01,2783.0931404172434,2811.458060105104,DIRECT_CERTIFIED,,NLOS_BOUND,4.392415635453247
Q3T007,巡航 S001→O01,2811.458060105104,2839.822979792964,DIRECT_CERTIFIED,,NLOS_BOUND,5.727024622990399
Q3T007,巡航 S001→O01,2839.822979792964,2868.187899480824,DIRECT_CERTIFIED,,NLOS_BOUND,7.303483193438865
Q3T007,巡航 S001→O01,2868.187899480824,2896.552819168684,DIRECT_CERTIFIED,,NLOS_BOUND,9.22852169667982
Q3T007,巡航 S001→O01,2896.552819168684,2924.917738856544,DIRECT_CERTIFIED,,NLOS_BOUND,11.698995989127113
Q3T007,巡航 S001→O01,2924.917738856544,2953.2826585444045,DIRECT_CERTIFIED,,NLOS_BOUND,15.14096436587117
Q3T007,巡航 S001→O01,2953.2826585444045,2981.6475782322646,DIRECT_CERTIFIED,,NLOS_BOUND,20.754013182852418
Q3T007,下降 S001→O01,2981.6475782322646,3010.718900253749,DIRECT_CERTIFIED,,NLOS_BOUND,29.982830377148545
Q3T007,下降 S001→O01,3010.718900253749,3039.790222275233,DIRECT_CERTIFIED,,NLOS_BOUND,37.51313930757455
Q3T008,爬升 O01→S006,2207.0081265825715,2230.8479105181186,DIRECT_CERTIFIED,,NLOS_BOUND,39.991989927358276
Q3T008,爬升 O01→S006,2230.8479105181186,2254.6876944536652,DIRECT_CERTIFIED,,NLOS_BOUND,32.01563631553782
Q3T008,爬升 O01→S006,2254.6876944536652,2278.5274783892123,DIRECT_CERTIFIED,,NLOS_BOUND,27.928853840040645
Q3T008,爬升 O01→S006,2278.5274783892123,2302.367262324759,DIRECT_CERTIFIED,,NLOS_BOUND,25.16080841557533
Q3T008,巡航 O01→S006,2302.367262324759,2328.8758732268916,DIRECT_CERTIFIED,,NLOS_BOUND,18.811197591678024
Q3T008,巡航 O01→S006,2328.8758732268916,2355.384484129024,DIRECT_CERTIFIED,,NLOS_BOUND,13.61984587211488
Q3T008,巡航 O01→S006,2355.384484129024,2381.8930950311565,DIRECT_CERTIFIED,,NLOS_BOUND,10.270604844769878
Q3T008,巡航 O01→S006,2381.8930950311565,2408.4017059332887,DIRECT_CERTIFIED,,NLOS_BOUND,7.833888087082954
Q3T008,巡航 O01→S006,2408.4017059332887,2434.9103168354213,DIRECT_CERTIFIED,,NLOS_BOUND,5.924711401932228
Q3T008,巡航 O01→S006,2434.9103168354213,2461.4189277375535,DIRECT_CERTIFIED,,NLOS_BOUND,4.3569311538717415
Q3T008,巡航 O01→S006,2461.4189277375535,2487.927538639686,DIRECT_CERTIFIED,,NLOS_BOUND,3.0275746869660196
Q3T008,巡航 O01→S006,2487.927538639686,2514.4361495418184,DIRECT_CERTIFIED,,NLOS_BOUND,1.8739621903483226
Q3T008,下降 O01→S006,2514.4361495418184,2540.0850692195527,DIRECT_CERTIFIED,,NLOS_BOUND,1.8739621903483226
Q3T008,投送 S006,2540.0850692195527,2792.0850692195527,DIRECT_CERTIFIED,,NLOS_BOUND,1.8824178354944365
Q3T008,爬升 S006→O01,2792.0850692195527,2812.6042049617404,DIRECT_CERTIFIED,,NLOS_BOUND,1.8739621903483226
Q3T008,巡航 S006→O01,2812.6042049617404,2839.112815863873,DIRECT_CERTIFIED,,NLOS_BOUND,1.8739621903483226
Q3T008,巡航 S006→O01,2839.112815863873,2865.6214267660052,DIRECT_CERTIFIED,,NLOS_BOUND,3.0275746869660196
Q3T008,巡航 S006→O01,2865.6214267660052,2892.130037668138,DIRECT_CERTIFIED,,NLOS_BOUND,4.3569311538717415
Q3T008,巡航 S006→O01,2892.130037668138,2918.63864857027,DIRECT_CERTIFIED,,NLOS_BOUND,5.924711401932228
Q3T008,巡航 S006→O01,2918.63864857027,2945.1472594724028,DIRECT_CERTIFIED,,NLOS_BOUND,7.833888087082954
Q3T008,巡航 S006→O01,2945.1472594724028,2971.655870374535,DIRECT_CERTIFIED,,NLOS_BOUND,10.270604844769878
Q3T008,巡航 S006→O01,2971.655870374535,2998.1644812766676,DIRECT_CERTIFIED,,NLOS_BOUND,13.61984587211488
Q3T008,巡航 S006→O01,2998.1644812766676,3024.6730921788,DIRECT_CERTIFIED,,NLOS_BOUND,18.811197591678024
Q3T008,下降 S006→O01,3024.6730921788,3054.4728220982333,DIRECT_CERTIFIED,,NLOS_BOUND,25.16080841557533
Q3T008,下降 S006→O01,3054.4728220982333,3084.272552017667,DIRECT_CERTIFIED,,NLOS_BOUND,27.928853840040645
Q3T008,下降 S006→O01,3084.272552017667,3114.072281937101,DIRECT_CERTIFIED,,NLOS_BOUND,32.01563631553782
Q3T008,下降 S006→O01,3114.072281937101,3143.8720118565343,DIRECT_CERTIFIED,,NLOS_BOUND,39.99198992735829
Q3T009,爬升 O01→S015,2348.9623510146885,2378.568968039428,DIRECT_CERTIFIED,,NLOS_BOUND,35.19150059626698
Q3T009,爬升 O01→S015,2378.568968039428,2408.1755850641675,DIRECT_CERTIFIED,,NLOS_BOUND,27.99246305339267
Q3T009,爬升 O01→S015,2408.1755850641675,2437.782202088907,DIRECT_CERTIFIED,,NLOS_BOUND,24.11086202847295
Q3T009,爬升 O01→S015,2437.782202088907,2467.3888191136466,DIRECT_CERTIFIED,,NLOS_BOUND,21.437637641774785
Q3T009,爬升 O01→S015,2467.3888191136466,2496.9954361383866,DIRECT_CERTIFIED,,NLOS_BOUND,19.396424967151802
Q3T009,巡航 O01→S015,2496.9954361383866,2526.500896670436,DIRECT_CERTIFIED,,NLOS_BOUND,17.099376845138437
Q3T009,巡航 O01→S015,2526.500896670436,2556.0063572024856,DIRECT_CERTIFIED,,NLOS_BOUND,13.611913657974497
Q3T009,巡航 O01→S015,2556.0063572024856,2585.511817734535,DIRECT_CERTIFIED,,NLOS_BOUND,10.778806747392267
Q3T009,巡航 O01→S015,2585.511817734535,2615.0172782665845,DIRECT_CERTIFIED,,NLOS_BOUND,8.54943414438685
Q3T009,巡航 O01→S015,2615.0172782665845,2644.522738798634,DIRECT_CERTIFIED,,NLOS_BOUND,6.741821120576645
Q3T009,巡航 O01→S015,2644.522738798634,2674.0281993306835,DIRECT_CERTIFIED,,NLOS_BOUND,5.230813469193805
Q3T009,巡航 O01→S015,2674.0281993306835,2703.5336598627327,DIRECT_CERTIFIED,,NLOS_BOUND,3.93625770187316
Q3T009,巡航 O01→S015,2703.5336598627327,2733.0391203947825,DIRECT_CERTIFIED,,NLOS_BOUND,2.805467716932114
Q3T009,巡航 O01→S015,2733.0391203947825,2762.5445809268317,DIRECT_CERTIFIED,,NLOS_BOUND,1.8024460039179502
Q3T009,巡航 O01→S015,2762.5445809268317,2792.0500414588814,DIRECT_CERTIFIED,,NLOS_BOUND,0.9016795074215338
Q3T009,巡航 O01→S015,2792.0500414588814,2821.5555019909307,DIRECT_CERTIFIED,,NLOS_BOUND,0.08449857594288801
Q3T009,巡航 O01→S015,2821.5555019909307,2851.0609625229804,RELAY_BACKUP_DIRECT_FIRST,Q3R001,NLOS_BOUND,1.230577029766323
Q3T009,巡航 O01→S015,2851.0609625229804,2880.5664230550296,RELAY_BACKUP_DIRECT_FIRST,Q3R001,NLOS_BOUND,0.7230373411088067
Q3T009,巡航 O01→S015,2880.5664230550296,2910.0718835870794,RELAY_BACKUP_DIRECT_FIRST,Q3R001,LOS_TRIANGLE,9.98366991078747
Q3T009,巡航 O01→S015,2910.0718835870794,2939.5773441191286,RELAY_BACKUP_DIRECT_FIRST,Q3R001,LOS_TRIANGLE,9.119883928659277
Q3T009,巡航 O01→S015,2939.5773441191286,2969.082804651178,RELAY_BACKUP_DIRECT_FIRST,Q3R001,LOS_TRIANGLE,8.212309622497742
Q3T009,巡航 O01→S015,2969.082804651178,2998.5882651832276,RELAY_BACKUP_DIRECT_FIRST,Q3R001,LOS_TRIANGLE,7.310235101129493
Q3T009,下降 O01→S015,2998.5882651832276,3018.0481162574465,RELAY_BACKUP_DIRECT_FIRST,Q3R001,LOS_TRIANGLE,7.3044898758406305
Q3T009,下降 O01→S015,3018.0481162574465,3037.507967331665,RELAY_BACKUP_DIRECT_FIRST,Q3R001,LOS_TRIANGLE,7.295945962515674
Q3T009,投送 S015,3037.507967331665,3247.507967331665,RELAY_BACKUP_DIRECT_FIRST,Q3R001,LOS_TRIANGLE,7.295945962515674
Q3T009,爬升 S015→O01,3247.507967331665,3263.724509893514,RELAY_BACKUP_DIRECT_FIRST,Q3R001,LOS_TRIANGLE,7.295945962515674
Q3T009,爬升 S015→O01,3263.724509893514,3279.9410524553628,RELAY_BACKUP_DIRECT_FIRST,Q3R001,LOS_TRIANGLE,7.3044898758406305
Q3T009,巡航 S015→O01,3279.9410524553628,3309.446512987412,RELAY_BACKUP_DIRECT_FIRST,Q3R001,LOS_TRIANGLE,7.310235101129493
Q3T009,巡航 S015→O01,3309.446512987412,3338.9519735194617,RELAY_BACKUP_DIRECT_FIRST,Q3R001,LOS_TRIANGLE,8.212309622497742
Q3T009,巡航 S015→O01,3338.9519735194617,3368.457434051511,RELAY_BACKUP_DIRECT_FIRST,Q3R001,LOS_TRIANGLE,9.119883928659277
Q3T009,巡航 S015→O01,3368.457434051511,3397.9628945835607,RELAY_BACKUP_DIRECT_FIRST,Q3R001,LOS_TRIANGLE,9.98366991078747
Q3T009,巡航 S015→O01,3397.9628945835607,3427.46835511561,RELAY_BACKUP_DIRECT_FIRST,Q3R001,NLOS_BOUND,0.7230373411088067
Q3T009,巡航 S015→O01,3427.46835511561,3456.9738156476596,RELAY_BACKUP_DIRECT_FIRST,Q3R001,NLOS_BOUND,1.230577029766323
Q3T009,巡航 S015→O01,3456.9738156476596,3486.479276179709,DIRECT_CERTIFIED,,NLOS_BOUND,0.08449857594288801
Q3T009,巡航 S015→O01,3486.479276179709,3515.9847367117586,DIRECT_CERTIFIED,,NLOS_BOUND,0.9016795074215338
Q3T009,巡航 S015→O01,3515.9847367117586,3545.490197243808,DIRECT_CERTIFIED,,NLOS_BOUND,1.8024460039179502
Q3T009,巡航 S015→O01,3545.490197243808,3574.9956577758576,DIRECT_CERTIFIED,,NLOS_BOUND,2.805467716932114
Q3T009,巡航 S015→O01,3574.9956577758576,3604.501118307907,DIRECT_CERTIFIED,,NLOS_BOUND,3.93625770187316
Q3T009,巡航 S015→O01,3604.501118307907,3634.0065788399565,DIRECT_CERTIFIED,,NLOS_BOUND,5.230813469193805
Q3T009,巡航 S015→O01,3634.0065788399565,3663.512039372006,DIRECT_CERTIFIED,,NLOS_BOUND,6.741821120576645
Q3T009,巡航 S015→O01,3663.512039372006,3693.0174999040555,DIRECT_CERTIFIED,,NLOS_BOUND,8.54943414438685
Q3T009,巡航 S015→O01,3693.0174999040555,3722.5229604361048,DIRECT_CERTIFIED,,NLOS_BOUND,10.778806747392267
Q3T009,巡航 S015→O01,3722.5229604361048,3752.028420968154,DIRECT_CERTIFIED,,NLOS_BOUND,13.611913657974497
Q3T009,巡航 S015→O01,3752.028420968154,3781.5338815002037,DIRECT_CERTIFIED,,NLOS_BOUND,17.099376845138437
Q3T009,下降 S015→O01,3781.5338815002037,3811.1404985249433,DIRECT_CERTIFIED,,NLOS_BOUND,19.396424967151802
Q3T009,下降 S015→O01,3811.1404985249433,3840.747115549683,DIRECT_CERTIFIED,,NLOS_BOUND,21.06236185174781
Q3T009,下降 S015→O01,3840.747115549683,3870.3537325744223,DIRECT_CERTIFIED,,NLOS_BOUND,23.125511355694883
Q3T009,下降 S015→O01,3870.3537325744223,3899.960349599162,DIRECT_CERTIFIED,,NLOS_BOUND,25.83661407556565
Q3T009,下降 S015→O01,3899.960349599162,3929.566966623902,DIRECT_CERTIFIED,,NLOS_BOUND,29.79933095562555
Q3T009,下降 S015→O01,3929.566966623902,3959.1735836486414,DIRECT_CERTIFIED,,NLOS_BOUND,37.295239508896316
Q3T010,爬升 O01→S005,3137.6811112424552,3159.7600988726635,DIRECT_CERTIFIED,,NLOS_BOUND,38.64598917791692
Q3T010,爬升 O01→S005,3159.7600988726635,3181.839086502872,DIRECT_CERTIFIED,,NLOS_BOUND,30.924738086029066
Q3T010,爬升 O01→S005,3181.839086502872,3203.91807413308,DIRECT_CERTIFIED,,NLOS_BOUND,26.902754877149746
Q3T010,巡航 O01→S005,3203.91807413308,3233.3737415283595,DIRECT_CERTIFIED,,NLOS_BOUND,19.990173496067
Q3T010,巡航 O01→S005,3233.3737415283595,3262.8294089236388,DIRECT_CERTIFIED,,NLOS_BOUND,14.689136801847567
Q3T010,巡航 O01→S005,3262.8294089236388,3292.285076318918,DIRECT_CERTIFIED,,NLOS_BOUND,11.314712197424456
Q3T010,巡航 O01→S005,3292.285076318918,3321.740743714198,DIRECT_CERTIFIED,,NLOS_BOUND,8.868732756629015
Q3T010,巡航 O01→S005,3321.740743714198,3351.196411109477,DIRECT_CERTIFIED,,NLOS_BOUND,6.955188165992141
Q3T010,巡航 O01→S005,3351.196411109477,3380.6520785047564,DIRECT_CERTIFIED,,NLOS_BOUND,5.38501535027693
Q3T010,巡航 O01→S005,3380.6520785047564,3410.1077459000358,DIRECT_CERTIFIED,,NLOS_BOUND,4.05421093540204
Q3T010,巡航 O01→S005,3410.1077459000358,3439.563413295315,DIRECT_CERTIFIED,,NLOS_BOUND,2.8996577317748944
Q3T010,巡航 O01→S005,3439.563413295315,3469.0190806905944,DIRECT_CERTIFIED,,NLOS_BOUND,1.8802348867837253
Q3T010,巡航 O01→S005,3469.0190806905944,3498.474748085874,DIRECT_CERTIFIED,,NLOS_BOUND,0.9676817394679347
Q3T010,巡航 O01→S005,3498.474748085874,3527.9304154811534,DIRECT_CERTIFIED,,NLOS_BOUND,0.141750273736875
Q3T010,巡航 O01→S005,3527.9304154811534,3557.3860828764327,RELAY_BACKUP_DIRECT_FIRST,Q3R001,NLOS_BOUND,4.740260745540397
Q3T010,巡航 O01→S005,3557.3860828764327,3586.841750271712,RELAY_BACKUP_DIRECT_FIRST,Q3R001,NLOS_BOUND,4.190902930178467
Q3T010,巡航 O01→S005,3586.841750271712,3616.2974176669914,RELAY_BACKUP_DIRECT_FIRST,Q3R001,NLOS_BOUND,3.0193618360258654
Q3T010,巡航 O01→S005,3616.2974176669914,3645.7530850622707,RELAY_BACKUP_DIRECT_FIRST,Q3R001,NLOS_BOUND,1.6718182469412142
Q3T010,下降 O01→S005,3645.7530850622707,3672.035262796646,RELAY_BACKUP_DIRECT_FIRST,Q3R001,NLOS_BOUND,1.5971036531496168
Q3T010,下降 O01→S005,3672.035262796646,3698.3174405310206,RELAY_BACKUP_DIRECT_FIRST,Q3R001,NLOS_BOUND,1.5101279932430316
Q3T010,投送 S005,3698.3174405310206,3908.3174405310206,RELAY_BACKUP_DIRECT_FIRST,Q3R001,NLOS_BOUND,1.5101279932430316
Q3T010,爬升 S005→O01,3908.3174405310206,3930.2192553096666,RELAY_BACKUP_DIRECT_FIRST,Q3R001,NLOS_BOUND,1.5101279932430316
Q3T010,爬升 S005→O01,3930.2192553096666,3952.121070088312,RELAY_BACKUP_DIRECT_FIRST,Q3R001,NLOS_BOUND,1.5971036531496168
Q3T010,巡航 S005→O01,3952.121070088312,3981.5767374835914,RELAY_BACKUP_DIRECT_FIRST,Q3R001,NLOS_BOUND,1.6718182469412142
Q3T010,巡航 S005→O01,3981.5767374835914,4011.0324048788707,RELAY_BACKUP_DIRECT_FIRST,Q3R001,NLOS_BOUND,3.0193618360258654
Q3T010,巡航 S005→O01,4011.0324048788707,4040.48807227415,RELAY_BACKUP_DIRECT_FIRST,Q3R001,NLOS_BOUND,4.190902930178467
Q3T010,巡航 S005→O01,4040.48807227415,4069.9437396694298,RELAY_BACKUP_DIRECT_FIRST,Q3R001,NLOS_BOUND,4.740260745540397
Q3T010,巡航 S005→O01,4069.9437396694298,4099.399407064709,DIRECT_CERTIFIED,,NLOS_BOUND,0.141750273736875
Q3T010,巡航 S005→O01,4099.399407064709,4128.855074459988,DIRECT_CERTIFIED,,NLOS_BOUND,0.9676817394679347
Q3T010,巡航 S005→O01,4128.855074459988,4158.310741855268,DIRECT_CERTIFIED,,NLOS_BOUND,1.8802348867837253
Q3T010,巡航 S005→O01,4158.310741855268,4187.766409250547,DIRECT_CERTIFIED,,NLOS_BOUND,2.8996577317748944
Q3T010,巡航 S005→O01,4187.766409250547,4217.222076645827,DIRECT_CERTIFIED,,NLOS_BOUND,4.05421093540204
Q3T010,巡航 S005→O01,4217.222076645827,4246.677744041106,DIRECT_CERTIFIED,,NLOS_BOUND,5.38501535027693
Q3T010,巡航 S005→O01,4246.677744041106,4276.133411436385,DIRECT_CERTIFIED,,NLOS_BOUND,6.955188165992141
Q3T010,巡航 S005→O01,4276.133411436385,4305.589078831665,DIRECT_CERTIFIED,,NLOS_BOUND,8.868732756629015
Q3T010,巡航 S005→O01,4305.589078831665,4335.044746226944,DIRECT_CERTIFIED,,NLOS_BOUND,11.314712197424456
Q3T010,巡航 S005→O01,4335.044746226944,4364.500413622223,DIRECT_CERTIFIED,,NLOS_BOUND,14.689136801847567
Q3T010,巡航 S005→O01,4364.500413622223,4393.956081017503,DIRECT_CERTIFIED,,NLOS_BOUND,19.990173496067
Q3T010,下降 S005→O01,4393.956081017503,4420.450866173753,DIRECT_CERTIFIED,,NLOS_BOUND,26.902754877149746
Q3T010,下降 S005→O01,4420.450866173753,4446.945651330003,DIRECT_CERTIFIED,,NLOS_BOUND,30.924738086029066
Q3T010,下降 S005→O01,4446.945651330003,4473.440436486253,DIRECT_CERTIFIED,,NLOS_BOUND,38.64598917791692
Q3T011,爬升 O01→S009,3509.840017751243,3537.428169810162,DIRECT_CERTIFIED,,NLOS_BOUND,35.991499761200515
Q3T011,爬升 O01→S009,3537.428169810162,3565.016321869082,DIRECT_CERTIFIED,,NLOS_BOUND,28.686789494765065
Q3T011,巡航 O01→S009,3565.016321869082,3594.8219489170747,DIRECT_CERTIFIED,,NLOS_BOUND,20.2106368357384
Q3T011,巡航 O01→S009,3594.8219489170747,3624.627575965068,DIRECT_CERTIFIED,,NLOS_BOUND,14.679206259246826
Q3T011,巡航 O01→S009,3624.627575965068,3654.433203013061,DIRECT_CERTIFIED,,NLOS_BOUND,11.254341045663821
Q3T011,巡航 O01→S009,3654.433203013061,3684.2388300610537,DIRECT_CERTIFIED,,NLOS_BOUND,8.790020268534462
Q3T011,巡航 O01→S009,3684.2388300610537,3714.044457109047,DIRECT_CERTIFIED,,NLOS_BOUND,6.867860277700743
Q3T011,巡航 O01→S009,3714.044457109047,3743.85008415704,DIRECT_CERTIFIED,,NLOS_BOUND,5.292973484848247
Q3T011,巡航 O01→S009,3743.85008415704,3773.6557112050327,DIRECT_CERTIFIED,,NLOS_BOUND,3.9593150170113063
Q3T011,巡航 O01→S009,3773.6557112050327,3803.461338253026,DIRECT_CERTIFIED,,NLOS_BOUND,2.802904699148769
Q3T011,巡航 O01→S009,3803.461338253026,3833.266965301019,DIRECT_CERTIFIED,,NLOS_BOUND,1.7822064669576605
Q3T011,巡航 O01→S009,3833.266965301019,3863.0725923490118,DIRECT_CERTIFIED,,NLOS_BOUND,0.8687399644611702
Q3T011,巡航 O01→S009,3863.0725923490118,3892.878219397005,DIRECT_CERTIFIED,,NLOS_BOUND,0.04213213946323435
Q3T011,巡航 O01→S009,3892.878219397005,3922.683846444998,RELAY_BACKUP_DIRECT_FIRST,Q3R001,LOS_TRIANGLE,6.139382067973216
Q3T011,巡航 O01→S009,3922.683846444998,3952.4894734929912,RELAY_BACKUP_DIRECT_FIRST,Q3R001,LOS_TRIANGLE,5.7320601016891715
Q3T011,巡航 O01→S009,3952.4894734929912,3982.295100540984,RELAY_BACKUP_DIRECT_FIRST,Q3R001,LOS_TRIANGLE,5.263606273971135
Q3T011,巡航 O01→S009,3982.295100540984,4012.100727588977,RELAY_BACKUP_DIRECT_FIRST,Q3R001,LOS_TRIANGLE,4.755419958850311
Q3T011,巡航 O01→S009,4012.100727588977,4041.90635463697,RELAY_BACKUP_DIRECT_FIRST,Q3R001,LOS_TRIANGLE,4.225103196690839
Q3T011,下降 O01→S009,4041.90635463697,4067.197919578376,RELAY_BACKUP_DIRECT_FIRST,Q3R001,LOS_TRIANGLE,4.210890650483506
Q3T011,投送 S009,4067.197919578376,4277.197919578376,RELAY_BACKUP_DIRECT_FIRST,Q3R003,LOS_TRIANGLE,0.8053734742057941
Q3T011,爬升 S009→O01,4277.197919578376,4298.274223696215,RELAY_BACKUP_DIRECT_FIRST,Q3R003,LOS_TRIANGLE,0.8053734742057941
Q3T011,巡航 S009→O01,4298.274223696215,4328.079850744208,RELAY_BACKUP_DIRECT_FIRST,Q3R003,LOS_TRIANGLE,0.8071748915145065
Q3T011,巡航 S009→O01,4328.079850744208,4357.885477792201,RELAY_BACKUP_DIRECT_FIRST,Q3R003,LOS_TRIANGLE,1.3686057163097871
Q3T011,巡航 S009→O01,4357.885477792201,4387.691104840194,RELAY_BACKUP_DIRECT_FIRST,Q3R003,LOS_TRIANGLE,1.9688406336272237
Q3T011,巡航 S009→O01,4387.691104840194,4417.496731888187,RELAY_BACKUP_DIRECT_FIRST,Q3R003,LOS_TRIANGLE,2.613643122831135
Q3T011,巡航 S009→O01,4417.496731888187,4447.30235893618,RELAY_BACKUP_DIRECT_FIRST,Q3R003,LOS_TRIANGLE,3.3101640635933336
Q3T011,巡航 S009→O01,4447.30235893618,4477.107985984173,DIRECT_CERTIFIED,,NLOS_BOUND,0.04213213946323435
Q3T011,巡航 S009→O01,4477.107985984173,4506.913613032166,DIRECT_CERTIFIED,,NLOS_BOUND,0.8687399644611702
Q3T011,巡航 S009→O01,4506.913613032166,4536.719240080159,DIRECT_CERTIFIED,,NLOS_BOUND,1.7822064669576605
Q3T011,巡航 S009→O01,4536.719240080159,4566.524867128152,DIRECT_CERTIFIED,,NLOS_BOUND,2.802904699148769
Q3T011,巡航 S009→O01,4566.524867128152,4596.330494176145,DIRECT_CERTIFIED,,NLOS_BOUND,3.9593150170113063
Q3T011,巡航 S009→O01,4596.330494176145,4626.136121224138,DIRECT_CERTIFIED,,NLOS_BOUND,5.292973484848247
Q3T011,巡航 S009→O01,4626.136121224138,4655.941748272131,DIRECT_CERTIFIED,,NLOS_BOUND,6.867860277700743
Q3T011,巡航 S009→O01,4655.941748272131,4685.747375320124,DIRECT_CERTIFIED,,NLOS_BOUND,8.790020268534462
Q3T011,巡航 S009→O01,4685.747375320124,4715.553002368117,DIRECT_CERTIFIED,,NLOS_BOUND,11.254341045663821
Q3T011,巡航 S009→O01,4715.553002368117,4745.3586294161105,DIRECT_CERTIFIED,,NLOS_BOUND,14.679206259246826
Q3T011,巡航 S009→O01,4745.3586294161105,4775.164256464103,DIRECT_CERTIFIED,,NLOS_BOUND,20.2106368357384
Q3T011,下降 S009→O01,4775.164256464103,4797.2347781112385,DIRECT_CERTIFIED,,NLOS_BOUND,28.686789494765065
Q3T011,下降 S009→O01,4797.2347781112385,4819.3052997583745,DIRECT_CERTIFIED,,NLOS_BOUND,32.826961286044195
Q3T011,下降 S009→O01,4819.3052997583745,4841.37582140551,DIRECT_CERTIFIED,,NLOS_BOUND,41.02077101907946
Q3T012,爬升 O01→S011,3647.2650679144144,3669.6199686305604,DIRECT_CERTIFIED,,NLOS_BOUND,40.84697113032536
Q3T012,爬升 O01→S011,3669.6199686305604,3691.9748693467063,DIRECT_CERTIFIED,,NLOS_BOUND,32.69133428513666
Q3T012,爬升 O01→S011,3691.9748693467063,3714.329770062852,DIRECT_CERTIFIED,,NLOS_BOUND,28.560414627442952
Q3T012,巡航 O01→S011,3714.329770062852,3741.1597864928667,DIRECT_CERTIFIED,,NLOS_BOUND,19.30292742251413
Q3T012,巡航 O01→S011,3741.1597864928667,3767.989802922882,DIRECT_CERTIFIED,,NLOS_BOUND,13.687068068829149
Q3T012,巡航 O01→S011,3767.989802922882,3794.819819352897,DIRECT_CERTIFIED,,NLOS_BOUND,10.244517633540553
Q3T012,巡航 O01→S011,3794.819819352897,3821.649835782912,DIRECT_CERTIFIED,,NLOS_BOUND,7.773834502434525
Q3T012,巡航 O01→S011,3821.649835782912,3848.4798522129267,DIRECT_CERTIFIED,,NLOS_BOUND,5.848698412912796
Q3T012,巡航 O01→S011,3848.4798522129267,3875.309868642942,DIRECT_CERTIFIED,,NLOS_BOUND,4.272186584852832
Q3T012,巡航 O01→S011,3875.309868642942,3902.139885072957,DIRECT_CERTIFIED,,NLOS_BOUND,2.9375453998771093
Q3T012,下降 O01→S011,3902.139885072957,3922.9553239157303,DIRECT_CERTIFIED,,NLOS_BOUND,2.9375453998771093
Q3T012,下降 O01→S011,3922.9553239157303,3943.7707627585037,DIRECT_CERTIFIED,,NLOS_BOUND,2.943312707158455
Q3T012,投送 S011,3943.7707627585037,4195.770762758504,DIRECT_CERTIFIED,,NLOS_BOUND,2.947191493323345
Q3T012,爬升 S011→O01,4195.770762758504,4212.423113832723,DIRECT_CERTIFIED,,NLOS_BOUND,2.943312707158455
Q3T012,爬升 S011→O01,4212.423113832723,4229.075464906941,DIRECT_CERTIFIED,,NLOS_BOUND,2.9375453998771093
Q3T012,巡航 S011→O01,4229.075464906941,4255.905481336957,DIRECT_CERTIFIED,,NLOS_BOUND,2.9375453998771093
Q3T012,巡航 S011→O01,4255.905481336957,4282.735497766971,DIRECT_CERTIFIED,,NLOS_BOUND,4.272186584852832
Q3T012,巡航 S011→O01,4282.735497766971,4309.565514196986,DIRECT_CERTIFIED,,NLOS_BOUND,5.848698412912796
Q3T012,巡航 S011→O01,4309.565514196986,4336.395530627002,DIRECT_CERTIFIED,,NLOS_BOUND,7.773834502434525
Q3T012,巡航 S011→O01,4336.395530627002,4363.225547057016,DIRECT_CERTIFIED,,NLOS_BOUND,10.244517633540553
Q3T012,巡航 S011→O01,4363.225547057016,4390.055563487032,DIRECT_CERTIFIED,,NLOS_BOUND,13.687068068829149
Q3T012,巡航 S011→O01,4390.055563487032,4416.885579917047,DIRECT_CERTIFIED,,NLOS_BOUND,19.30292742251413
Q3T012,下降 S011→O01,4416.885579917047,4444.829205812229,DIRECT_CERTIFIED,,NLOS_BOUND,28.560414627442952
Q3T012,下降 S011→O01,4444.829205812229,4472.772831707412,DIRECT_CERTIFIED,,NLOS_BOUND,32.69133428513666
Q3T012,下降 S011→O01,4472.772831707412,4500.716457602593,DIRECT_CERTIFIED,,NLOS_BOUND,40.84697113032536
Q3T013,爬升 O01→S004,5206.515746850587,5229.060677372234,DIRECT_CERTIFIED,,NLOS_BOUND,38.38728978136885
Q3T013,爬升 O01→S004,5229.060677372234,5251.605607893881,DIRECT_CERTIFIED,,NLOS_BOUND,30.71148071485743
Q3T013,爬升 O01→S004,5251.605607893881,5274.150538415528,DIRECT_CERTIFIED,,NLOS_BOUND,26.701293305217007
Q3T013,爬升 O01→S004,5274.150538415528,5296.695468937175,DIRECT_CERTIFIED,,NLOS_BOUND,23.968262608738186
Q3T013,巡航 O01→S004,5296.695468937175,5326.035099397409,DIRECT_CERTIFIED,,NLOS_BOUND,19.233688289424506
Q3T013,巡航 O01→S004,5326.035099397409,5355.374729857644,DIRECT_CERTIFIED,,NLOS_BOUND,14.474757494891193
Q3T013,巡航 O01→S004,5355.374729857644,5384.714360317877,DIRECT_CERTIFIED,,NLOS_BOUND,11.23288440096941
Q3T013,巡航 O01→S004,5384.714360317877,5414.053990778112,DIRECT_CERTIFIED,,NLOS_BOUND,8.836517907798722
Q3T013,巡航 O01→S004,5414.053990778112,5443.393621238346,DIRECT_CERTIFIED,,NLOS_BOUND,6.946548133230365
Q3T013,巡航 O01→S004,5443.393621238346,5472.733251698581,DIRECT_CERTIFIED,,NLOS_BOUND,5.389348739118404
Q3T013,巡航 O01→S004,5472.733251698581,5502.0728821588145,DIRECT_CERTIFIED,,NLOS_BOUND,4.0664247606841855
Q3T013,巡航 O01→S004,5502.0728821588145,5531.412512619048,DIRECT_CERTIFIED,,NLOS_BOUND,2.9170097851950487
Q3T013,巡航 O01→S004,5531.412512619048,5560.752143079283,DIRECT_CERTIFIED,,NLOS_BOUND,1.9011204560323307
Q3T013,巡航 O01→S004,5560.752143079283,5590.091773539517,DIRECT_CERTIFIED,,NLOS_BOUND,0.9911002052398601
Q3T013,巡航 O01→S004,5590.091773539517,5619.431403999752,DIRECT_CERTIFIED,,NLOS_BOUND,0.16704570019297194
Q3T013,巡航 O01→S004,5619.431403999752,5648.7710344599855,DIRECT_CERTIFIED,,LOS_TRIANGLE,9.41416631099986
Q3T013,巡航 O01→S004,5648.7710344599855,5678.110664920219,DIRECT_CERTIFIED,,LOS_TRIANGLE,8.721176041599605
Q3T013,巡航 O01→S004,5678.110664920219,5707.450295380454,DIRECT_CERTIFIED,,LOS_TRIANGLE,8.079269983963599
Q3T013,巡航 O01→S004,5707.450295380454,5736.789925840688,DIRECT_CERTIFIED,,LOS_TRIANGLE,7.4814482052174185
Q3T013,巡航 O01→S004,5736.789925840688,5766.129556300923,RELAY_BACKUP_DIRECT_FIRST,Q3R004,NLOS_BOUND,1.026903284396056
Q3T013,巡航 O01→S004,5766.129556300923,5795.469186761156,RELAY_BACKUP_DIRECT_FIRST,Q3R004,NLOS_BOUND,2.085750089244627
Q3T013,巡航 O01→S004,5795.469186761156,5824.80881722139,RELAY_BACKUP_DIRECT_FIRST,Q3R004,NLOS_BOUND,2.9168282051643786
Q3T013,巡航 O01→S004,5824.80881722139,5854.148447681625,RELAY_BACKUP_DIRECT_FIRST,Q3R004,NLOS_BOUND,3.146273237632542
Q3T013,巡航 O01→S004,5854.148447681625,5883.488078141859,RELAY_BACKUP_DIRECT_FIRST,Q3R004,NLOS_BOUND,2.47156105303975
Q3T013,巡航 O01→S004,5883.488078141859,5912.8277086020935,RELAY_BACKUP_DIRECT_FIRST,Q3R004,NLOS_BOUND,1.4841204284580982
Q3T013,巡航 O01→S004,5912.8277086020935,5942.167339062327,RELAY_BACKUP_DIRECT_FIRST,Q3R004,NLOS_BOUND,0.37111042131657257
Q3T013,下降 O01→S004,5942.167339062327,5964.825894563629,RELAY_BACKUP_DIRECT_FIRST,Q3R004,NLOS_BOUND,0.3494508657362161
Q3T013,下降 O01→S004,5964.825894563629,5987.4844500649315,RELAY_BACKUP_DIRECT_FIRST,Q3R004,NLOS_BOUND,0.3202606297120383
Q3T013,下降 O01→S004,5987.4844500649315,6010.143005566233,RELAY_BACKUP_DIRECT_FIRST,Q3R004,NLOS_BOUND,0.2836912160477567
Q3T013,投送 S004,6010.143005566233,6220.143005566233,RELAY_BACKUP_DIRECT_FIRST,Q3R004,NLOS_BOUND,0.2836912160477567
Q3T013,爬升 S004→O01,6220.143005566233,6248.466199942861,RELAY_BACKUP_DIRECT_FIRST,Q3R004,NLOS_BOUND,0.2836912160477567
Q3T013,爬升 S004→O01,6248.466199942861,6276.789394319489,RELAY_BACKUP_DIRECT_FIRST,Q3R004,NLOS_BOUND,0.33578846632656223
Q3T013,巡航 S004→O01,6276.789394319489,6306.129024779722,RELAY_BACKUP_DIRECT_FIRST,Q3R004,NLOS_BOUND,0.37111042131657257
Q3T013,巡航 S004→O01,6306.129024779722,6335.468655239957,RELAY_BACKUP_DIRECT_FIRST,Q3R004,NLOS_BOUND,1.4841204284580982
Q3T013,巡航 S004→O01,6335.468655239957,6364.808285700191,RELAY_BACKUP_DIRECT_FIRST,Q3R004,NLOS_BOUND,2.47156105303975
Q3T013,巡航 S004→O01,6364.808285700191,6394.147916160426,RELAY_BACKUP_DIRECT_FIRST,Q3R004,NLOS_BOUND,3.146273237632542
Q3T013,巡航 S004→O01,6394.147916160426,6423.4875466206595,RELAY_BACKUP_DIRECT_FIRST,Q3R004,NLOS_BOUND,2.9168282051643786
Q3T013,巡航 S004→O01,6423.4875466206595,6452.827177080893,RELAY_BACKUP_DIRECT_FIRST,Q3R004,NLOS_BOUND,2.085750089244627
Q3T013,巡航 S004→O01,6452.827177080893,6482.166807541128,RELAY_BACKUP_DIRECT_FIRST,Q3R004,NLOS_BOUND,1.026903284396056
Q3T013,巡航 S004→O01,6482.166807541128,6511.506438001362,DIRECT_CERTIFIED,,LOS_TRIANGLE,7.4814482052174185
Q3T013,巡航 S004→O01,6511.506438001362,6540.846068461597,DIRECT_CERTIFIED,,LOS_TRIANGLE,8.079269983963599
Q3T013,巡航 S004→O01,6540.846068461597,6570.18569892183,DIRECT_CERTIFIED,,LOS_TRIANGLE,8.721176041599605
Q3T013,巡航 S004→O01,6570.18569892183,6599.525329382065,DIRECT_CERTIFIED,,LOS_TRIANGLE,9.41416631099986
Q3T013,巡航 S004→O01,6599.525329382065,6628.864959842299,DIRECT_CERTIFIED,,NLOS_BOUND,0.16704570019297194
Q3T013,巡航 S004→O01,6628.864959842299,6658.204590302533,DIRECT_CERTIFIED,,NLOS_BOUND,0.9911002052398601
Q3T013,巡航 S004→O01,6658.204590302533,6687.5442207627675,DIRECT_CERTIFIED,,NLOS_BOUND,1.9011204560323307
Q3T013,巡航 S004→O01,6687.5442207627675,6716.883851223001,DIRECT_CERTIFIED,,NLOS_BOUND,2.9170097851950487
Q3T013,巡航 S004→O01,6716.883851223001,6746.223481683236,DIRECT_CERTIFIED,,NLOS_BOUND,4.0664247606841855
Q3T013,巡航 S004→O01,6746.223481683236,6775.56311214347,DIRECT_CERTIFIED,,NLOS_BOUND,5.389348739118404
Q3T013,巡航 S004→O01,6775.56311214347,6804.902742603705,DIRECT_CERTIFIED,,NLOS_BOUND,6.946548133230365
Q3T013,巡航 S004→O01,6804.902742603705,6834.242373063938,DIRECT_CERTIFIED,,NLOS_BOUND,8.836517907798722
Q3T013,巡航 S004→O01,6834.242373063938,6863.582003524172,DIRECT_CERTIFIED,,NLOS_BOUND,11.23288440096941
Q3T013,巡航 S004→O01,6863.582003524172,6892.921633984407,DIRECT_CERTIFIED,,NLOS_BOUND,14.474757494891193
Q3T013,巡航 S004→O01,6892.921633984407,6922.261264444641,DIRECT_CERTIFIED,,NLOS_BOUND,19.233688289424506
Q3T013,下降 S004→O01,6922.261264444641,6949.315181070618,DIRECT_CERTIFIED,,NLOS_BOUND,23.968262608738186
Q3T013,下降 S004→O01,6949.315181070618,6976.369097696594,DIRECT_CERTIFIED,,NLOS_BOUND,26.701293305217007
Q3T013,下降 S004→O01,6976.369097696594,7003.42301432257,DIRECT_CERTIFIED,,NLOS_BOUND,30.71148071485743
Q3T013,下降 S004→O01,7003.42301432257,7030.476930948547,DIRECT_CERTIFIED,,NLOS_BOUND,38.38728978136885
Q3T014,爬升 O01→S003,5571.798601021474,5600.73887690038,DIRECT_CERTIFIED,,NLOS_BOUND,35.44753815641704
Q3T014,爬升 O01→S003,5600.73887690038,5629.679152779286,DIRECT_CERTIFIED,,NLOS_BOUND,28.21559561711736
Q3T014,爬升 O01→S003,5629.679152779286,5658.619428658192,DIRECT_CERTIFIED,,NLOS_BOUND,24.324828623179002
Q3T014,爬升 O01→S003,5658.619428658192,5687.559704537099,DIRECT_CERTIFIED,,NLOS_BOUND,21.647297975721486
Q3T014,爬升 O01→S003,5687.559704537099,5716.499980416005,DIRECT_CERTIFIED,,NLOS_BOUND,19.603583756332725
Q3T014,巡航 O01→S003,5716.499980416005,5744.974786574298,DIRECT_CERTIFIED,,NLOS_BOUND,16.45637650719435
Q3T014,巡航 O01→S003,5744.974786574298,5773.449592732592,DIRECT_CERTIFIED,,NLOS_BOUND,12.396856904694928
Q3T014,巡航 O01→S003,5773.449592732592,5801.924398890885,DIRECT_CERTIFIED,,NLOS_BOUND,9.36017556819445
Q3T014,巡航 O01→S003,5801.924398890885,5830.399205049178,DIRECT_CERTIFIED,,NLOS_BOUND,7.04486984115708
Q3T014,巡航 O01→S003,5830.399205049178,5858.87401120747,DIRECT_CERTIFIED,,NLOS_BOUND,5.194286688302142
Q3T014,巡航 O01→S003,5858.87401120747,5887.348817365763,DIRECT_CERTIFIED,,NLOS_BOUND,3.6590076888493854
Q3T014,巡航 O01→S003,5887.348817365763,5915.8236235240565,DIRECT_CERTIFIED,,NLOS_BOUND,2.349485200263345
Q3T014,巡航 O01→S003,5915.8236235240565,5944.29842968235,DIRECT_CERTIFIED,,NLOS_BOUND,1.208843786665895
Q3T014,巡航 O01→S003,5944.29842968235,5972.773235840643,DIRECT_CERTIFIED,,NLOS_BOUND,0.1990043044164338
Q3T014,巡航 O01→S003,5972.773235840643,6001.248041998936,RELAY_BACKUP_DIRECT_FIRST,Q3R005,NLOS_BOUND,4.246034186603097
Q3T014,巡航 O01→S003,6001.248041998936,6029.722848157229,RELAY_BACKUP_DIRECT_FIRST,Q3R005,NLOS_BOUND,4.246034186603097
Q3T014,巡航 O01→S003,6029.722848157229,6058.197654315522,RELAY_BACKUP_DIRECT_FIRST,Q3R005,NLOS_BOUND,3.5988924272866
Q3T014,巡航 O01→S003,6058.197654315522,6086.672460473816,RELAY_BACKUP_DIRECT_FIRST,Q3R005,NLOS_BOUND,1.1528999156565902
Q3T014,巡航 O01→S003,6086.672460473816,6115.147266632108,RELAY_BACKUP_DIRECT_FIRST,Q3R005,LOS_TRIANGLE,4.246034186603097
Q3T014,巡航 O01→S003,6115.147266632108,6143.622072790401,RELAY_BACKUP_DIRECT_FIRST,Q3R005,LOS_TRIANGLE,4.246034186603097
Q3T014,巡航 O01→S003,6143.622072790401,6172.096878948694,RELAY_BACKUP_DIRECT_FIRST,Q3R005,LOS_TRIANGLE,4.246034186603097
Q3T014,巡航 O01→S003,6172.096878948694,6200.571685106987,RELAY_BACKUP_DIRECT_FIRST,Q3R005,LOS_TRIANGLE,4.246034186603097
Q3T014,下降 O01→S003,6200.571685106987,6230.345570198133,RELAY_BACKUP_DIRECT_FIRST,Q3R005,LOS_TRIANGLE,4.246034186603097
Q3T014,下降 O01→S003,6230.345570198133,6260.119455289279,RELAY_BACKUP_DIRECT_FIRST,Q3R005,LOS_TRIANGLE,4.246034186603097
Q3T014,下降 O01→S003,6260.119455289279,6289.893340380425,RELAY_BACKUP_DIRECT_FIRST,Q3R005,LOS_TRIANGLE,4.246034186603097
Q3T014,投送 S003,6289.893340380425,6499.893340380425,RELAY_BACKUP_DIRECT_FIRST,Q3R005,LOS_TRIANGLE,4.246034186603097
Q3T014,爬升 S003→O01,6499.893340380425,6524.704911289713,RELAY_BACKUP_DIRECT_FIRST,Q3R005,LOS_TRIANGLE,4.246034186603097
Q3T014,爬升 S003→O01,6524.704911289713,6549.516482199001,RELAY_BACKUP_DIRECT_FIRST,Q3R005,LOS_TRIANGLE,4.246034186603097
Q3T014,爬升 S003→O01,6549.516482199001,6574.328053108289,RELAY_BACKUP_DIRECT_FIRST,Q3R005,LOS_TRIANGLE,4.246034186603097
Q3T014,巡航 S003→O01,6574.328053108289,6602.802859266582,RELAY_BACKUP_DIRECT_FIRST,Q3R005,LOS_TRIANGLE,4.246034186603097
Q3T014,巡航 S003→O01,6602.802859266582,6631.2776654248755,RELAY_BACKUP_DIRECT_FIRST,Q3R005,LOS_TRIANGLE,4.246034186603097
Q3T014,巡航 S003→O01,6631.2776654248755,6659.752471583169,RELAY_BACKUP_DIRECT_FIRST,Q3R005,LOS_TRIANGLE,4.246034186603097
Q3T014,巡航 S003→O01,6659.752471583169,6688.227277741462,RELAY_BACKUP_DIRECT_FIRST,Q3R005,LOS_TRIANGLE,4.246034186603097
Q3T014,巡航 S003→O01,6688.227277741462,6716.702083899754,RELAY_BACKUP_DIRECT_FIRST,Q3R005,NLOS_BOUND,1.1528999156565902
Q3T014,巡航 S003→O01,6716.702083899754,6745.176890058047,RELAY_BACKUP_DIRECT_FIRST,Q3R005,NLOS_BOUND,3.5988924272866
Q3T014,巡航 S003→O01,6745.176890058047,6773.6516962163405,RELAY_BACKUP_DIRECT_FIRST,Q3R005,NLOS_BOUND,4.246034186603097
Q3T014,巡航 S003→O01,6773.6516962163405,6802.126502374634,RELAY_BACKUP_DIRECT_FIRST,Q3R005,NLOS_BOUND,4.246034186603097
Q3T014,巡航 S003→O01,6802.126502374634,6830.601308532927,DIRECT_CERTIFIED,,NLOS_BOUND,0.1990043044164338
Q3T014,巡航 S003→O01,6830.601308532927,6859.07611469122,DIRECT_CERTIFIED,,NLOS_BOUND,1.208843786665895
Q3T014,巡航 S003→O01,6859.07611469122,6887.550920849513,DIRECT_CERTIFIED,,NLOS_BOUND,2.349485200263345
Q3T014,巡航 S003→O01,6887.550920849513,6916.025727007806,DIRECT_CERTIFIED,,NLOS_BOUND,3.6590076888493854
Q3T014,巡航 S003→O01,6916.025727007806,6944.5005331661,DIRECT_CERTIFIED,,NLOS_BOUND,5.194286688302142
Q3T014,巡航 S003→O01,6944.5005331661,6972.975339324392,DIRECT_CERTIFIED,,NLOS_BOUND,7.04486984115708
Q3T014,巡航 S003→O01,6972.975339324392,7001.450145482685,DIRECT_CERTIFIED,,NLOS_BOUND,9.36017556819445
Q3T014,巡航 S003→O01,7001.450145482685,7029.924951640978,DIRECT_CERTIFIED,,NLOS_BOUND,12.396856904694928
Q3T014,巡航 S003→O01,7029.924951640978,7058.399757799271,DIRECT_CERTIFIED,,NLOS_BOUND,16.45637650719435
Q3T014,下降 S003→O01,7058.399757799271,7087.340033678178,DIRECT_CERTIFIED,,NLOS_BOUND,19.603583756332725
Q3T014,下降 S003→O01,7087.340033678178,7116.2803095570835,DIRECT_CERTIFIED,,NLOS_BOUND,21.27151705497056
Q3T014,下降 S003→O01,7116.2803095570835,7145.22058543599,DIRECT_CERTIFIED,,NLOS_BOUND,23.337734390683934
Q3T014,下降 S003→O01,7145.22058543599,7174.1608613148965,DIRECT_CERTIFIED,,NLOS_BOUND,26.054155177428697
Q3T014,下降 S003→O01,7174.1608613148965,7203.101137193803,DIRECT_CERTIFIED,,NLOS_BOUND,30.028350015985325
Q3T014,下降 S003→O01,7203.101137193803,7232.041413072709,DIRECT_CERTIFIED,,NLOS_BOUND,37.56732701194878
Q3T015,爬升 O01→S008,5608.503351828629,5635.7488331925615,DIRECT_CERTIFIED,,NLOS_BOUND,36.13494294006847
Q3T015,爬升 O01→S008,5635.7488331925615,5662.994314556494,DIRECT_CERTIFIED,,NLOS_BOUND,28.81037834641559
Q3T015,爬升 O01→S008,5662.994314556494,5690.239795920426,DIRECT_CERTIFIED,,NLOS_BOUND,24.894047506859252
Q3T015,巡航 O01→S008,5690.239795920426,5718.6940877973675,DIRECT_CERTIFIED,,NLOS_BOUND,18.27417786781639
Q3T015,巡航 O01→S008,5718.6940877973675,5747.148379674309,DIRECT_CERTIFIED,,NLOS_BOUND,13.028052260419756
Q3T015,巡航 O01→S008,5747.148379674309,5775.602671551249,DIRECT_CERTIFIED,,NLOS_BOUND,9.666139939337768
Q3T015,巡航 O01→S008,5775.602671551249,5804.05696342819,DIRECT_CERTIFIED,,NLOS_BOUND,7.224755436932895
Q3T015,巡航 O01→S008,5804.05696342819,5832.511255305131,DIRECT_CERTIFIED,,NLOS_BOUND,5.313377601553313
Q3T015,巡航 O01→S008,5832.511255305131,5860.965547182072,DIRECT_CERTIFIED,,NLOS_BOUND,3.7443926205907445
Q3T015,巡航 O01→S008,5860.965547182072,5889.419839059014,DIRECT_CERTIFIED,,NLOS_BOUND,2.41430815907259
Q3T015,巡航 O01→S008,5889.419839059014,5917.874130935955,DIRECT_CERTIFIED,,NLOS_BOUND,1.2602237428612142
Q3T015,巡航 O01→S008,5917.874130935955,5946.328422812895,DIRECT_CERTIFIED,,NLOS_BOUND,0.2411229866112592
Q3T015,巡航 O01→S008,5946.328422812895,5974.782714689836,DIRECT_CERTIFIED,,LOS_TRIANGLE,9.328800572589373
Q3T015,巡航 O01→S008,5974.782714689836,6003.237006566777,RELAY_BACKUP_DIRECT_FIRST,Q3R004,LOS_TRIANGLE,4.798165610326819
Q3T015,巡航 O01→S008,6003.237006566777,6031.691298443719,RELAY_BACKUP_DIRECT_FIRST,Q3R004,LOS_TRIANGLE,5.140585422407298
Q3T015,巡航 O01→S008,6031.691298443719,6060.14559032066,RELAY_BACKUP_DIRECT_FIRST,Q3R004,LOS_TRIANGLE,5.3714663177162265
Q3T015,巡航 O01→S008,6060.14559032066,6088.599882197601,RELAY_BACKUP_DIRECT_FIRST,Q3R004,LOS_TRIANGLE,5.43007040873637
Q3T015,巡航 O01→S008,6088.599882197601,6117.054174074541,RELAY_BACKUP_DIRECT_FIRST,Q3R004,LOS_TRIANGLE,5.252621996755451
Q3T015,巡航 O01→S008,6117.054174074541,6145.508465951482,RELAY_BACKUP_DIRECT_FIRST,Q3R004,LOS_TRIANGLE,4.954369721460779
Q3T015,巡航 O01→S008,6145.508465951482,6173.9627578284235,RELAY_BACKUP_DIRECT_FIRST,Q3R004,LOS_TRIANGLE,4.558575563685736
Q3T015,巡航 O01→S008,6173.9627578284235,6202.417049705365,RELAY_BACKUP_DIRECT_FIRST,Q3R004,LOS_TRIANGLE,4.091364095948023
Q3T015,巡航 O01→S008,6202.417049705365,6230.871341582306,RELAY_BACKUP_DIRECT_FIRST,Q3R004,LOS_TRIANGLE,3.5768809498658243
Q3T015,下降 O01→S008,6230.871341582306,6251.273208037384,RELAY_BACKUP_DIRECT_FIRST,Q3R004,LOS_TRIANGLE,3.5722152769430835
Q3T015,下降 O01→S008,6251.273208037384,6271.675074492462,RELAY_BACKUP_DIRECT_FIRST,Q3R004,LOS_TRIANGLE,3.5662479987389872
Q3T015,投送 S008,6271.675074492462,6481.675074492462,RELAY_BACKUP_DIRECT_FIRST,Q3R004,LOS_TRIANGLE,3.5662479987389872
Q3T015,爬升 S008→O01,6481.675074492462,6498.676629871694,RELAY_BACKUP_DIRECT_FIRST,Q3R004,LOS_TRIANGLE,3.5662479987389872
Q3T015,爬升 S008→O01,6498.676629871694,6515.678185250926,RELAY_BACKUP_DIRECT_FIRST,Q3R004,LOS_TRIANGLE,3.5722152769430835
Q3T015,巡航 S008→O01,6515.678185250926,6544.132477127867,RELAY_BACKUP_DIRECT_FIRST,Q3R004,LOS_TRIANGLE,3.5768809498658243
Q3T015,巡航 S008→O01,6544.132477127867,6572.586769004808,RELAY_BACKUP_DIRECT_FIRST,Q3R004,LOS_TRIANGLE,4.091364095948023
Q3T015,巡航 S008→O01,6572.586769004808,6601.041060881748,RELAY_BACKUP_DIRECT_FIRST,Q3R004,LOS_TRIANGLE,4.558575563685736
Q3T015,巡航 S008→O01,6601.041060881748,6629.4953527586895,RELAY_BACKUP_DIRECT_FIRST,Q3R004,LOS_TRIANGLE,4.954369721460779
Q3T015,巡航 S008→O01,6629.4953527586895,6657.949644635631,RELAY_BACKUP_DIRECT_FIRST,Q3R005,LOS_TRIANGLE,2.2091399914758085
Q3T015,巡航 S008→O01,6657.949644635631,6686.403936512572,RELAY_BACKUP_DIRECT_FIRST,Q3R005,LOS_TRIANGLE,2.8302502604508106
Q3T015,巡航 S008→O01,6686.403936512572,6714.858228389513,RELAY_BACKUP_DIRECT_FIRST,Q3R005,LOS_TRIANGLE,3.464946606733548
Q3T015,巡航 S008→O01,6714.858228389513,6743.312520266454,RELAY_BACKUP_DIRECT_FIRST,Q3R005,LOS_TRIANGLE,4.10375053560594
Q3T015,巡航 S008→O01,6743.312520266454,6771.766812143394,RELAY_BACKUP_DIRECT_FIRST,Q3R005,LOS_TRIANGLE,4.246034186603097
Q3T015,巡航 S008→O01,6771.766812143394,6800.221104020336,DIRECT_CERTIFIED,,LOS_TRIANGLE,9.328800572589373
Q3T015,巡航 S008→O01,6800.221104020336,6828.675395897277,DIRECT_CERTIFIED,,NLOS_BOUND,0.2411229866112592
Q3T015,巡航 S008→O01,6828.675395897277,6857.129687774218,DIRECT_CERTIFIED,,NLOS_BOUND,1.2602237428612142
Q3T015,巡航 S008→O01,6857.129687774218,6885.583979651159,DIRECT_CERTIFIED,,NLOS_BOUND,2.41430815907259
Q3T015,巡航 S008→O01,6885.583979651159,6914.038271528099,DIRECT_CERTIFIED,,NLOS_BOUND,3.7443926205907445
Q3T015,巡航 S008→O01,6914.038271528099,6942.4925634050405,DIRECT_CERTIFIED,,NLOS_BOUND,5.313377601553313
Q3T015,巡航 S008→O01,6942.4925634050405,6970.946855281982,DIRECT_CERTIFIED,,NLOS_BOUND,7.224755436932895
Q3T015,巡航 S008→O01,6970.946855281982,6999.401147158923,DIRECT_CERTIFIED,,NLOS_BOUND,9.666139939337768
Q3T015,巡航 S008→O01,6999.401147158923,7027.855439035864,DIRECT_CERTIFIED,,NLOS_BOUND,13.028052260419756
Q3T015,巡航 S008→O01,7027.855439035864,7056.309730912805,DIRECT_CERTIFIED,,NLOS_BOUND,18.27417786781639
Q3T015,下降 S008→O01,7056.309730912805,7080.830664140344,DIRECT_CERTIFIED,,NLOS_BOUND,24.894047506859252
Q3T015,下降 S008→O01,7080.830664140344,7105.351597367883,DIRECT_CERTIFIED,,NLOS_BOUND,27.65382517893667
Q3T015,下降 S008→O01,7105.351597367883,7129.872530595422,DIRECT_CERTIFIED,,NLOS_BOUND,31.722432934311726
Q3T015,下降 S008→O01,7129.872530595422,7154.393463822961,DIRECT_CERTIFIED,,NLOS_BOUND,39.62628347389497
Q3T016,爬升 O01→S006,6789.65577813808,6813.495562073626,DIRECT_CERTIFIED,,NLOS_BOUND,39.991989927358276
Q3T016,爬升 O01→S006,6813.495562073626,6837.335346009174,DIRECT_CERTIFIED,,NLOS_BOUND,32.01563631553782
Q3T016,爬升 O01→S006,6837.335346009174,6861.1751299447205,DIRECT_CERTIFIED,,NLOS_BOUND,27.928853840040645
Q3T016,爬升 O01→S006,6861.1751299447205,6885.014913880267,DIRECT_CERTIFIED,,NLOS_BOUND,25.16080841557533
Q3T016,巡航 O01→S006,6885.014913880267,6911.523524782399,DIRECT_CERTIFIED,,NLOS_BOUND,18.811197591678024
Q3T016,巡航 O01→S006,6911.523524782399,6938.0321356845325,DIRECT_CERTIFIED,,NLOS_BOUND,13.61984587211488
Q3T016,巡航 O01→S006,6938.0321356845325,6964.540746586665,DIRECT_CERTIFIED,,NLOS_BOUND,10.270604844769878
Q3T016,巡航 O01→S006,6964.540746586665,6991.049357488797,DIRECT_CERTIFIED,,NLOS_BOUND,7.833888087082954
Q3T016,巡航 O01→S006,6991.049357488797,7017.557968390929,DIRECT_CERTIFIED,,NLOS_BOUND,5.924711401932228
Q3T016,巡航 O01→S006,7017.557968390929,7044.066579293062,DIRECT_CERTIFIED,,NLOS_BOUND,4.3569311538717415
Q3T016,巡航 O01→S006,7044.066579293062,7070.575190195194,DIRECT_CERTIFIED,,NLOS_BOUND,3.0275746869660196
Q3T016,巡航 O01→S006,7070.575190195194,7097.083801097327,DIRECT_CERTIFIED,,NLOS_BOUND,1.8739621903483226
Q3T016,下降 O01→S006,7097.083801097327,7122.732720775061,DIRECT_CERTIFIED,,NLOS_BOUND,1.8739621903483226
Q3T016,投送 S006,7122.732720775061,7446.732720775061,DIRECT_CERTIFIED,,NLOS_BOUND,1.8824178354944365
Q3T016,爬升 S006→S007,7446.732720775061,7474.288853587562,DIRECT_CERTIFIED,,NLOS_BOUND,1.87054879392592
Q3T016,爬升 S006→S007,7474.288853587562,7501.844986400061,DIRECT_CERTIFIED,,NLOS_BOUND,1.854673577938513
Q3T016,爬升 S006→S007,7501.844986400061,7529.401119212562,DIRECT_CERTIFIED,,NLOS_BOUND,1.8348360709221652
Q3T016,爬升 S006→S007,7529.401119212562,7556.957252025061,DIRECT_CERTIFIED,,NLOS_BOUND,1.811090585318226
Q3T016,巡航 S006→S007,7556.957252025061,7584.918289379761,DIRECT_CERTIFIED,,NLOS_BOUND,1.4631942979812607
Q3T016,巡航 S006→S007,7584.918289379761,7612.87932673446,DIRECT_CERTIFIED,,NLOS_BOUND,1.0160271065276305
Q3T016,巡航 S006→S007,7612.87932673446,7640.840364089159,DIRECT_CERTIFIED,,NLOS_BOUND,0.4996675440432625
Q3T016,巡航 S006→S007,7640.840364089159,7668.801401443859,RELAY_BACKUP_DIRECT_FIRST,Q3R005,NLOS_BOUND,4.246034186603097
Q3T016,巡航 S006→S007,7668.801401443859,7696.762438798558,RELAY_BACKUP_DIRECT_FIRST,Q3R005,NLOS_BOUND,4.246034186603097
Q3T016,巡航 S006→S007,7696.762438798558,7724.723476153257,RELAY_BACKUP_DIRECT_FIRST,Q3R005,NLOS_BOUND,4.246034186603097
Q3T016,下降 S006→S007,7724.723476153257,7748.909608965757,RELAY_BACKUP_DIRECT_FIRST,Q3R005,NLOS_BOUND,4.246034186603097
Q3T016,下降 S006→S007,7748.909608965757,7773.095741778257,RELAY_BACKUP_DIRECT_FIRST,Q3R005,NLOS_BOUND,4.246034186603097
Q3T016,下降 S006→S007,7773.095741778257,7797.281874590757,RELAY_BACKUP_DIRECT_FIRST,Q3R005,NLOS_BOUND,4.246034186603097
Q3T016,下降 S006→S007,7797.281874590757,7821.468007403258,RELAY_BACKUP_DIRECT_FIRST,Q3R005,NLOS_BOUND,4.246034186603097
Q3T016,下降 S006→S007,7821.468007403258,7845.654140215757,RELAY_BACKUP_DIRECT_FIRST,Q3R005,NLOS_BOUND,4.246034186603097
Q3T016,投送 S007,7845.654140215757,8133.654140215757,RELAY_BACKUP_DIRECT_FIRST,Q3R005,NLOS_BOUND,4.246034186603097
Q3T016,爬升 S007→O01,8133.654140215757,8155.450563555601,RELAY_BACKUP_DIRECT_FIRST,Q3R005,NLOS_BOUND,4.246034186603097
Q3T016,爬升 S007→O01,8155.450563555601,8177.246986895445,RELAY_BACKUP_DIRECT_FIRST,Q3R005,NLOS_BOUND,4.246034186603097
Q3T016,爬升 S007→O01,8177.246986895445,8199.043410235288,RELAY_BACKUP_DIRECT_FIRST,Q3R005,NLOS_BOUND,4.246034186603097
Q3T016,巡航 S007→O01,8199.043410235288,8226.521155071576,RELAY_BACKUP_DIRECT_FIRST,Q3R005,NLOS_BOUND,4.246034186603097
Q3T016,巡航 S007→O01,8226.521155071576,8253.998899907863,RELAY_BACKUP_DIRECT_FIRST,Q3R005,NLOS_BOUND,4.246034186603097
Q3T016,巡航 S007→O01,8253.998899907863,8281.476644744153,DIRECT_CERTIFIED,,NLOS_BOUND,0.5173069868181415
Q3T016,巡航 S007→O01,8281.476644744153,8308.95438958044,DIRECT_CERTIFIED,,NLOS_BOUND,1.529354449838607
Q3T016,巡航 S007→O01,8308.95438958044,8336.432134416727,DIRECT_CERTIFIED,,NLOS_BOUND,2.673194434730874
Q3T016,巡航 S007→O01,8336.432134416727,8363.909879253015,DIRECT_CERTIFIED,,NLOS_BOUND,3.987594772034271
Q3T016,巡航 S007→O01,8363.909879253015,8391.387624089304,DIRECT_CERTIFIED,,NLOS_BOUND,5.53083169131051
Q3T016,巡航 S007→O01,8391.387624089304,8418.865368925592,DIRECT_CERTIFIED,,NLOS_BOUND,7.395649438362241
Q3T016,巡航 S007→O01,8418.865368925592,8446.343113761879,DIRECT_CERTIFIED,,NLOS_BOUND,9.739992214362971
Q3T016,巡航 S007→O01,8446.343113761879,8473.820858598167,DIRECT_CERTIFIED,,NLOS_BOUND,12.848629822918127
Q3T016,巡航 S007→O01,8473.820858598167,8501.298603434456,DIRECT_CERTIFIED,,NLOS_BOUND,17.13715320844649
Q3T016,下降 S007→O01,8501.298603434456,8528.746687366514,DIRECT_CERTIFIED,,NLOS_BOUND,20.717231343301734
Q3T016,下降 S007→O01,8528.746687366514,8556.194771298575,DIRECT_CERTIFIED,,NLOS_BOUND,22.136014487477013
Q3T016,下降 S007→O01,8556.194771298575,8583.642855230633,DIRECT_CERTIFIED,,NLOS_BOUND,23.832673396210197
Q3T016,下降 S007→O01,8583.642855230633,8611.090939162692,DIRECT_CERTIFIED,,NLOS_BOUND,25.9432314966309
Q3T016,下降 S007→O01,8611.090939162692,8638.539023094752,DIRECT_CERTIFIED,,NLOS_BOUND,28.737094664292783
Q3T016,下降 S007→O01,8638.539023094752,8665.987107026811,DIRECT_CERTIFIED,,NLOS_BOUND,32.88098978943421
Q3T016,下降 S007→O01,8665.987107026811,8693.43519095887,DIRECT_CERTIFIED,,NLOS_BOUND,41.090220418472825
Q3T017,爬升 O01→S010,7850.433273837694,7876.094651808072,DIRECT_CERTIFIED,,NLOS_BOUND,36.830696127414114
Q3T017,爬升 O01→S010,7876.094651808072,7901.756029778449,DIRECT_CERTIFIED,,NLOS_BOUND,29.405736324095628
Q3T017,爬升 O01→S010,7901.756029778449,7927.417407748827,DIRECT_CERTIFIED,,NLOS_BOUND,25.46208568033387
Q3T017,爬升 O01→S010,7927.417407748827,7953.0787857192045,DIRECT_CERTIFIED,,NLOS_BOUND,22.759839664518097
Q3T017,巡航 O01→S010,7953.0787857192045,7982.03902754721,DIRECT_CERTIFIED,,NLOS_BOUND,17.60602630393251
Q3T017,巡航 O01→S010,7982.03902754721,8010.9992693752165,DIRECT_CERTIFIED,,NLOS_BOUND,12.7144206928579
Q3T017,巡航 O01→S010,8010.9992693752165,8039.959511203222,DIRECT_CERTIFIED,,NLOS_BOUND,9.438174379600369
Q3T017,巡航 O01→S010,8039.959511203222,8068.919753031228,DIRECT_CERTIFIED,,NLOS_BOUND,7.028741566761255
Q3T017,巡航 O01→S010,8068.919753031228,8097.879994859233,DIRECT_CERTIFIED,,NLOS_BOUND,5.132524402990086
Q3T017,巡航 O01→S010,8097.879994859233,8126.84023668724,DIRECT_CERTIFIED,,NLOS_BOUND,3.5718763753532414
Q3T017,巡航 O01→S010,8126.84023668724,8155.800478515245,DIRECT_CERTIFIED,,NLOS_BOUND,2.2468539014919315
Q3T017,巡航 O01→S010,8155.800478515245,8184.760720343251,DIRECT_CERTIFIED,,NLOS_BOUND,1.096069152920279
Q3T017,巡航 O01→S010,8184.760720343251,8213.720962171257,DIRECT_CERTIFIED,,NLOS_BOUND,0.07923715255817854
Q3T017,巡航 O01→S010,8213.720962171257,8242.681203999262,RELAY_BACKUP_DIRECT_FIRST,Q3R006,NLOS_BOUND,3.4778861215568213
Q3T017,巡航 O01→S010,8242.681203999262,8271.641445827268,RELAY_BACKUP_DIRECT_FIRST,Q3R006,NLOS_BOUND,3.4778861215568213
Q3T017,下降 O01→S010,8271.641445827268,8288.448752956174,RELAY_BACKUP_DIRECT_FIRST,Q3R006,NLOS_BOUND,3.4778861215568213
Q3T017,下降 O01→S010,8288.448752956174,8305.256060085081,RELAY_BACKUP_DIRECT_FIRST,Q3R006,NLOS_BOUND,3.4778861215568213
Q3T017,投送 S010,8305.256060085081,8485.256060085081,RELAY_BACKUP_DIRECT_FIRST,Q3R006,NLOS_BOUND,3.4778861215568213
Q3T017,爬升 S010→S014,8485.256060085081,8505.918678764552,RELAY_BACKUP_DIRECT_FIRST,Q3R006,NLOS_BOUND,3.4778861215568213
Q3T017,爬升 S010→S014,8505.918678764552,8526.581297444021,RELAY_BACKUP_DIRECT_FIRST,Q3R006,NLOS_BOUND,3.4778861215568213
Q3T017,爬升 S010→S014,8526.581297444021,8547.243916123492,RELAY_BACKUP_DIRECT_FIRST,Q3R006,NLOS_BOUND,3.4778861215568213
Q3T017,巡航 S010→S014,8547.243916123492,8576.550095923656,RELAY_BACKUP_DIRECT_FIRST,Q3R006,NLOS_BOUND,3.4778861215568213
Q3T017,巡航 S010→S014,8576.550095923656,8605.856275723818,RELAY_BACKUP_DIRECT_FIRST,Q3R006,NLOS_BOUND,3.4778861215568213
Q3T017,巡航 S010→S014,8605.856275723818,8635.162455523981,RELAY_BACKUP_DIRECT_FIRST,Q3R006,NLOS_BOUND,3.4778861215568213
Q3T017,巡航 S010→S014,8635.162455523981,8664.468635324145,RELAY_BACKUP_DIRECT_FIRST,Q3R006,NLOS_BOUND,1.636693843971969
Q3T017,下降 S010→S014,8664.468635324145,8689.34377773951,RELAY_BACKUP_DIRECT_FIRST,Q3R006,NLOS_BOUND,1.6108442160562078
Q3T017,下降 S010→S014,8689.34377773951,8714.218920154874,RELAY_BACKUP_DIRECT_FIRST,Q3R006,NLOS_BOUND,1.5728576455013297
Q3T017,下降 S010→S014,8714.218920154874,8739.094062570239,RELAY_BACKUP_DIRECT_FIRST,Q3R006,NLOS_BOUND,1.5230508989591556
Q3T017,投送 S014,8739.094062570239,8919.094062570239,RELAY_BACKUP_DIRECT_FIRST,Q3R006,NLOS_BOUND,1.5230508989591556
Q3T017,爬升 S014→O01,8919.094062570239,8945.865994536385,RELAY_BACKUP_DIRECT_FIRST,Q3R006,NLOS_BOUND,1.5230508989591556
Q3T017,爬升 S014→O01,8945.865994536385,8972.63792650253,RELAY_BACKUP_DIRECT_FIRST,Q3R006,NLOS_BOUND,1.5851672984988596
Q3T017,爬升 S014→O01,8972.63792650253,8999.409858468676,RELAY_BACKUP_DIRECT_FIRST,Q3R006,NLOS_BOUND,1.6274063692226264
Q3T017,巡航 S014→O01,8999.409858468676,9027.158151260313,RELAY_BACKUP_DIRECT_FIRST,Q3R006,NLOS_BOUND,1.6491769412042885
Q3T017,巡航 S014→O01,9027.158151260313,9054.906444051952,RELAY_BACKUP_DIRECT_FIRST,Q3R006,NLOS_BOUND,3.4778861215568213
Q3T017,巡航 S014→O01,9054.906444051952,9082.65473684359,RELAY_BACKUP_DIRECT_FIRST,Q3R006,NLOS_BOUND,3.4778861215568213
Q3T017,巡航 S014→O01,9082.65473684359,9110.403029635228,RELAY_BACKUP_DIRECT_FIRST,Q3R006,NLOS_BOUND,3.4778861215568213
Q3T017,巡航 S014→O01,9110.403029635228,9138.151322426866,DIRECT_CERTIFIED,,NLOS_BOUND,0.4136805164562247
Q3T017,巡航 S014→O01,9138.151322426866,9165.899615218503,DIRECT_CERTIFIED,,NLOS_BOUND,1.4207773154793557
Q3T017,巡航 S014→O01,9165.899615218503,9193.647908010142,DIRECT_CERTIFIED,,NLOS_BOUND,2.557443815921715
Q3T017,巡航 S014→O01,9193.647908010142,9221.396200801779,DIRECT_CERTIFIED,,NLOS_BOUND,3.8609086221077575
Q3T017,巡航 S014→O01,9221.396200801779,9249.144493593416,DIRECT_CERTIFIED,,NLOS_BOUND,5.3863272814377865
Q3T017,巡航 S014→O01,9249.144493593416,9276.892786385055,DIRECT_CERTIFIED,,NLOS_BOUND,7.219360563219027
Q3T017,巡航 S014→O01,9276.892786385055,9304.641079176692,DIRECT_CERTIFIED,,NLOS_BOUND,9.49924412203859
Q3T017,巡航 S014→O01,9304.641079176692,9332.389371968331,DIRECT_CERTIFIED,,NLOS_BOUND,12.45033802548933
Q3T017,巡航 S014→O01,9332.389371968331,9360.137664759968,DIRECT_CERTIFIED,,NLOS_BOUND,16.256780554394055
Q3T017,下降 S014→O01,9360.137664759968,9386.666086913987,DIRECT_CERTIFIED,,NLOS_BOUND,18.993277511644692
Q3T017,下降 S014→O01,9386.666086913987,9413.194509068004,DIRECT_CERTIFIED,,NLOS_BOUND,20.397632110246832
Q3T017,下降 S014→O01,9413.194509068004,9439.722931222022,DIRECT_CERTIFIED,,NLOS_BOUND,22.07367909204099
Q3T017,下降 S014→O01,9439.722931222022,9466.25135337604,DIRECT_CERTIFIED,,NLOS_BOUND,24.15238292307758
Q3T017,下降 S014→O01,9466.25135337604,9492.779775530058,DIRECT_CERTIFIED,,NLOS_BOUND,26.890502074848
Q3T017,下降 S014→O01,9492.779775530058,9519.308197684075,DIRECT_CERTIFIED,,NLOS_BOUND,30.91175956574226
Q3T017,下降 S014→O01,9519.308197684075,9545.836619838094,DIRECT_CERTIFIED,,NLOS_BOUND,38.630206248668884
Q3T018,爬升 O01→S002,9173.43519095887,9197.602424845589,DIRECT_CERTIFIED,,NLOS_BOUND,39.81426056883936
Q3T018,爬升 O01→S002,9197.602424845589,9221.769658732306,DIRECT_CERTIFIED,,NLOS_BOUND,31.87344837916062
Q3T018,爬升 O01→S002,9221.769658732306,9245.936892619025,DIRECT_CERTIFIED,,NLOS_BOUND,27.795551548655098
Q3T018,巡航 O01→S002,9245.936892619025,9275.094847592904,DIRECT_CERTIFIED,,NLOS_BOUND,18.575025731457984
Q3T018,巡航 O01→S002,9275.094847592904,9304.252802566782,DIRECT_CERTIFIED,,NLOS_BOUND,12.962793528410856
Q3T018,巡航 O01→S002,9304.252802566782,9333.410757540662,DIRECT_CERTIFIED,,NLOS_BOUND,9.520994356632698
Q3T018,巡航 O01→S002,9333.410757540662,9362.56871251454,DIRECT_CERTIFIED,,NLOS_BOUND,7.050580780915567
Q3T018,巡航 O01→S002,9362.56871251454,9391.726667488418,DIRECT_CERTIFIED,,NLOS_BOUND,5.125570650723148
Q3T018,巡航 O01→S002,9391.726667488418,9420.884622462296,DIRECT_CERTIFIED,,NLOS_BOUND,3.5491275651847616
Q3T018,巡航 O01→S002,9420.884622462296,9450.042577436176,DIRECT_CERTIFIED,,NLOS_BOUND,2.2145279393281783
Q3T018,巡航 O01→S002,9450.042577436176,9479.200532410054,DIRECT_CERTIFIED,,NLOS_BOUND,1.057505657403425
Q3T018,巡航 O01→S002,9479.200532410054,9508.358487383932,DIRECT_CERTIFIED,,NLOS_BOUND,0.03638735573836982
Q3T018,巡航 O01→S002,9508.358487383932,9537.51644235781,RELAY_BACKUP_DIRECT_FIRST,Q3R006,LOS_TRIANGLE,3.4778861215568213
Q3T018,巡航 O01→S002,9537.51644235781,9566.674397331688,RELAY_BACKUP_DIRECT_FIRST,Q3R006,LOS_TRIANGLE,3.005508132709963
Q3T018,巡航 O01→S002,9566.674397331688,9595.832352305568,RELAY_BACKUP_DIRECT_FIRST,Q3R006,LOS_TRIANGLE,2.4877055316754593
Q3T018,巡航 O01→S002,9595.832352305568,9624.990307279446,RELAY_BACKUP_DIRECT_FIRST,Q3R006,LOS_TRIANGLE,1.9582621708534163
Q3T018,巡航 O01→S002,9624.990307279446,9654.148262253324,RELAY_BACKUP_DIRECT_FIRST,Q3R006,LOS_TRIANGLE,1.4272988222895435
Q3T018,巡航 O01→S002,9654.148262253324,9683.306217227202,RELAY_BACKUP_DIRECT_FIRST,Q3R006,LOS_TRIANGLE,0.9019045527627298
Q3T018,巡航 O01→S002,9683.306217227202,9712.464172201082,RELAY_BACKUP_DIRECT_FIRST,Q3R006,LOS_TRIANGLE,0.3868190672587559
Q3T018,巡航 O01→S002,9712.464172201082,9741.62212717496,RELAY_BACKUP_DIRECT_FIRST,Q3R007,LOS_TRIANGLE,0.16300324301053593
Q3T018,下降 O01→S002,9741.62212717496,9763.985690712558,RELAY_BACKUP_DIRECT_FIRST,Q3R007,LOS_TRIANGLE,0.16064526710479754
Q3T018,下降 O01→S002,9763.985690712558,9786.349254250155,RELAY_BACKUP_DIRECT_FIRST,Q3R007,LOS_TRIANGLE,0.15783023394395457
Q3T018,投送 S002,9786.349254250155,10182.349254250155,RELAY_BACKUP_DIRECT_FIRST,Q3R007,LOS_TRIANGLE,0.15783023394395457
Q3T018,爬升 S002→O01,10182.349254250155,10200.240105080233,RELAY_BACKUP_DIRECT_FIRST,Q3R007,LOS_TRIANGLE,0.15783023394395457
Q3T018,爬升 S002→O01,10200.240105080233,10218.130955910312,RELAY_BACKUP_DIRECT_FIRST,Q3R007,LOS_TRIANGLE,0.16064526710479754
Q3T018,巡航 S002→O01,10218.130955910312,10247.28891088419,RELAY_BACKUP_DIRECT_FIRST,Q3R007,LOS_TRIANGLE,0.16300324301053593
Q3T018,巡航 S002→O01,10247.28891088419,10276.446865858068,RELAY_BACKUP_DIRECT_FIRST,Q3R006,LOS_TRIANGLE,0.3868190672587559
Q3T018,巡航 S002→O01,10276.446865858068,10305.604820831948,RELAY_BACKUP_DIRECT_FIRST,Q3R006,LOS_TRIANGLE,0.9019045527627298
Q3T018,巡航 S002→O01,10305.604820831948,10334.762775805826,RELAY_BACKUP_DIRECT_FIRST,Q3R006,LOS_TRIANGLE,1.4272988222895435
Q3T018,巡航 S002→O01,10334.762775805826,10363.920730779704,RELAY_BACKUP_DIRECT_FIRST,Q3R006,LOS_TRIANGLE,1.9582621708534163
Q3T018,巡航 S002→O01,10363.920730779704,10393.078685753582,RELAY_BACKUP_DIRECT_FIRST,Q3R006,LOS_TRIANGLE,2.4877055316754593
Q3T018,巡航 S002→O01,10393.078685753582,10422.236640727462,RELAY_BACKUP_DIRECT_FIRST,Q3R006,LOS_TRIANGLE,3.005508132709963
Q3T018,巡航 S002→O01,10422.236640727462,10451.39459570134,RELAY_BACKUP_DIRECT_FIRST,Q3R006,LOS_TRIANGLE,3.4778861215568213
Q3T018,巡航 S002→O01,10451.39459570134,10480.552550675218,DIRECT_CERTIFIED,,NLOS_BOUND,0.03638735573836982
Q3T018,巡航 S002→O01,10480.552550675218,10509.710505649096,DIRECT_CERTIFIED,,NLOS_BOUND,1.057505657403425
Q3T018,巡航 S002→O01,10509.710505649096,10538.868460622976,DIRECT_CERTIFIED,,NLOS_BOUND,2.2145279393281783
Q3T018,巡航 S002→O01,10538.868460622976,10568.026415596854,DIRECT_CERTIFIED,,NLOS_BOUND,3.5491275651847616
Q3T018,巡航 S002→O01,10568.026415596854,10597.184370570732,DIRECT_CERTIFIED,,NLOS_BOUND,5.125570650723148
Q3T018,巡航 S002→O01,10597.184370570732,10626.34232554461,DIRECT_CERTIFIED,,NLOS_BOUND,7.050580780915567
Q3T018,巡航 S002→O01,10626.34232554461,10655.500280518489,DIRECT_CERTIFIED,,NLOS_BOUND,9.520994356632698
Q3T018,巡航 S002→O01,10655.500280518489,10684.658235492368,DIRECT_CERTIFIED,,NLOS_BOUND,12.962793528410856
Q3T018,巡航 S002→O01,10684.658235492368,10713.816190466247,DIRECT_CERTIFIED,,NLOS_BOUND,18.575025731457984
Q3T018,下降 S002→O01,10713.816190466247,10736.472972235046,DIRECT_CERTIFIED,,NLOS_BOUND,27.795551548655098
Q3T018,下降 S002→O01,10736.472972235046,10759.129754003845,DIRECT_CERTIFIED,,NLOS_BOUND,30.66105750651292
Q3T018,下降 S002→O01,10759.129754003845,10781.786535772642,DIRECT_CERTIFIED,,NLOS_BOUND,34.96634435258531
Q3T018,下降 S002→O01,10781.786535772642,10804.443317541442,DIRECT_CERTIFIED,,NLOS_BOUND,43.87870941331356
Q3T019,爬升 O01→S001,11344.443317541442,11373.514639562925,DIRECT_CERTIFIED,,NLOS_BOUND,37.51313930757455
Q3T019,爬升 O01→S001,11373.514639562925,11402.585961584411,DIRECT_CERTIFIED,,NLOS_BOUND,29.982830377148545
Q3T019,巡航 O01→S001,11402.585961584411,11431.761307549068,DIRECT_CERTIFIED,,NLOS_BOUND,18.781027678518456
Q3T019,巡航 O01→S001,11431.761307549068,11460.936653513723,DIRECT_CERTIFIED,,NLOS_BOUND,13.01471082236148
Q3T019,巡航 O01→S001,11460.936653513723,11490.11199947838,DIRECT_CERTIFIED,,NLOS_BOUND,9.541653756839182
Q3T019,巡航 O01→S001,11490.11199947838,11519.287345443036,DIRECT_CERTIFIED,,NLOS_BOUND,7.0600780713518105
Q3T019,巡航 O01→S001,11519.287345443036,11548.462691407693,DIRECT_CERTIFIED,,NLOS_BOUND,5.129861630718665
Q3T019,巡航 O01→S001,11548.462691407693,11577.638037372348,DIRECT_CERTIFIED,,NLOS_BOUND,3.550579759028082
Q3T019,巡航 O01→S001,11577.638037372348,11606.813383337005,DIRECT_CERTIFIED,,NLOS_BOUND,2.2142647886000475
Q3T019,下降 O01→S001,11606.813383337005,11629.07753586386,DIRECT_CERTIFIED,,NLOS_BOUND,2.2142647886000475
Q3T019,下降 O01→S001,11629.07753586386,11651.341688390716,DIRECT_CERTIFIED,,NLOS_BOUND,2.2185084281756673
Q3T019,投送 S001,11651.341688390716,12083.341688390716,DIRECT_CERTIFIED,,NLOS_BOUND,2.220920977951124
Q3T019,爬升 S001→S013,12083.341688390716,12109.256462967538,DIRECT_CERTIFIED,,NLOS_BOUND,2.2168044986517828
Q3T019,爬升 S001→S013,12109.256462967538,12135.171237544362,DIRECT_CERTIFIED,,NLOS_BOUND,2.2088167801411487
Q3T019,爬升 S001→S013,12135.171237544362,12161.086012121184,DIRECT_CERTIFIED,,NLOS_BOUND,2.1969791414965414
Q3T019,巡航 S001→S013,12161.086012121184,12188.650332757104,DIRECT_CERTIFIED,,NLOS_BOUND,1.7628458578186041
Q3T019,巡航 S001→S013,12188.650332757104,12216.214653393024,DIRECT_CERTIFIED,,NLOS_BOUND,1.2400595272031154
Q3T019,巡航 S001→S013,12216.214653393024,12243.778974028945,DIRECT_CERTIFIED,,NLOS_BOUND,0.6615512869880433
Q3T019,巡航 S001→S013,12243.778974028945,12271.343294664865,DIRECT_CERTIFIED,,NLOS_BOUND,0.05395873379713123
Q3T019,巡航 S001→S013,12271.343294664865,12298.907615300785,RELAY_BACKUP_DIRECT_FIRST,Q3R006,LOS_TRIANGLE,3.4778861215568213
Q3T019,巡航 S001→S013,12298.907615300785,12326.471935936705,RELAY_BACKUP_DIRECT_FIRST,Q3R006,LOS_TRIANGLE,3.4778861215568213
Q3T019,巡航 S001→S013,12326.471935936705,12354.036256572626,RELAY_BACKUP_DIRECT_FIRST,Q3R006,NLOS_BOUND,0.16225119426066215
Q3T019,下降 S001→S013,12354.036256572626,12367.366661235712,RELAY_BACKUP_DIRECT_FIRST,Q3R006,NLOS_BOUND,0.496825874211666
Q3T019,投送 S013,12367.366661235712,12583.366661235712,RELAY_BACKUP_DIRECT_FIRST,Q3R006,NLOS_BOUND,0.496825874211666
Q3T019,爬升 S013→O01,12583.366661235712,12602.3593907279,RELAY_BACKUP_DIRECT_FIRST,Q3R006,NLOS_BOUND,0.496825874211666
Q3T019,巡航 S013→O01,12602.3593907279,12631.745493757657,RELAY_BACKUP_DIRECT_FIRST,Q3R006,NLOS_BOUND,0.5275707021816203
Q3T019,巡航 S013→O01,12631.745493757657,12661.131596787412,RELAY_BACKUP_DIRECT_FIRST,Q3R006,NLOS_BOUND,1.4581316446618047
Q3T019,巡航 S013→O01,12661.131596787412,12690.51769981717,RELAY_BACKUP_DIRECT_FIRST,Q3R006,NLOS_BOUND,1.7410837614810362
Q3T019,巡航 S013→O01,12690.51769981717,12719.903802846926,DIRECT_CERTIFIED,,NLOS_BOUND,0.9767491009912845
Q3T019,巡航 S013→O01,12719.903802846926,12749.289905876683,DIRECT_CERTIFIED,,NLOS_BOUND,2.1298667297579073
Q3T019,巡航 S013→O01,12749.289905876683,12778.676008906441,DIRECT_CERTIFIED,,NLOS_BOUND,3.458467042510236
Q3T019,巡航 S013→O01,12778.676008906441,12808.062111936197,DIRECT_CERTIFIED,,NLOS_BOUND,5.025005005543434
Q3T019,巡航 S013→O01,12808.062111936197,12837.448214965954,DIRECT_CERTIFIED,,NLOS_BOUND,6.931924451775785
Q3T019,巡航 S013→O01,12837.448214965954,12866.834317995712,DIRECT_CERTIFIED,,NLOS_BOUND,9.36387670774134
Q3T019,巡航 S013→O01,12866.834317995712,12896.220421025468,DIRECT_CERTIFIED,,NLOS_BOUND,12.700258013708691
Q3T019,巡航 S013→O01,12896.220421025468,12925.606524055225,DIRECT_CERTIFIED,,NLOS_BOUND,17.836921813686573
Q3T019,下降 S013→O01,12925.606524055225,12952.754706428272,DIRECT_CERTIFIED,,NLOS_BOUND,23.935643142447674
Q3T019,下降 S013→O01,12952.754706428272,12979.902888801318,DIRECT_CERTIFIED,,NLOS_BOUND,26.048277452212474
Q3T019,下降 S013→O01,12979.902888801318,13007.051071174366,DIRECT_CERTIFIED,,NLOS_BOUND,28.845793500078116
Q3T019,下降 S013→O01,13007.051071174366,13034.199253547413,DIRECT_CERTIFIED,,NLOS_BOUND,32.997813520574155
Q3T019,下降 S013→O01,13034.199253547413,13061.34743592046,DIRECT_CERTIFIED,,NLOS_BOUND,41.24081337971131
Q3T020,爬升 O01→S009,11873.982507118077,11901.570659176996,DIRECT_CERTIFIED,,NLOS_BOUND,35.991499761200515
Q3T020,爬升 O01→S009,11901.570659176996,11929.158811235915,DIRECT_CERTIFIED,,NLOS_BOUND,28.686789494765065
Q3T020,巡航 O01→S009,11929.158811235915,11958.505890175476,DIRECT_CERTIFIED,,NLOS_BOUND,18.62195990319664
Q3T020,巡航 O01→S009,11958.505890175476,11987.85296911504,DIRECT_CERTIFIED,,NLOS_BOUND,12.934728379169357
Q3T020,巡航 O01→S009,11987.85296911504,12017.200048054601,DIRECT_CERTIFIED,,NLOS_BOUND,9.477548047417656
Q3T020,巡航 O01→S009,12017.200048054601,12046.547126994165,DIRECT_CERTIFIED,,NLOS_BOUND,7.001628275526514
Q3T020,巡航 O01→S009,12046.547126994165,12075.894205933726,DIRECT_CERTIFIED,,NLOS_BOUND,5.074047453860146
Q3T020,巡航 O01→S009,12075.894205933726,12105.24128487329,DIRECT_CERTIFIED,,NLOS_BOUND,3.4962020191436807
Q3T020,巡航 O01→S009,12105.24128487329,12134.58836381285,DIRECT_CERTIFIED,,NLOS_BOUND,2.1607547950136166
Q3T020,巡航 O01→S009,12134.58836381285,12163.935442752414,DIRECT_CERTIFIED,,NLOS_BOUND,1.0031815711237044
Q3T020,巡航 O01→S009,12163.935442752414,12193.282521691975,RELAY_BACKUP_DIRECT_FIRST,Q3R006,LOS_TRIANGLE,3.4778861215568213
Q3T020,巡航 O01→S009,12193.282521691975,12222.629600631539,RELAY_BACKUP_DIRECT_FIRST,Q3R006,LOS_TRIANGLE,3.4778861215568213
Q3T020,巡航 O01→S009,12222.629600631539,12251.9766795711,RELAY_BACKUP_DIRECT_FIRST,Q3R006,LOS_TRIANGLE,3.2630081814653806
Q3T020,巡航 O01→S009,12251.9766795711,12281.323758510664,RELAY_BACKUP_DIRECT_FIRST,Q3R006,LOS_TRIANGLE,2.7308127208243036
Q3T020,巡航 O01→S009,12281.323758510664,12310.670837450225,RELAY_BACKUP_DIRECT_FIRST,Q3R006,LOS_TRIANGLE,2.1853766200917306
Q3T020,下降 O01→S009,12310.670837450225,12335.962402391631,RELAY_BACKUP_DIRECT_FIRST,Q3R006,LOS_TRIANGLE,2.1767369815313344
Q3T020,投送 S009,12335.962402391631,12515.962402391631,RELAY_BACKUP_DIRECT_FIRST,Q3R006,LOS_TRIANGLE,2.1767369815313344
Q3T020,爬升 S009→S012,12515.962402391631,12537.782338508168,RELAY_BACKUP_DIRECT_FIRST,Q3R006,LOS_TRIANGLE,2.1767369815313344
Q3T020,爬升 S009→S012,12537.782338508168,12559.602274624704,RELAY_BACKUP_DIRECT_FIRST,Q3R006,LOS_TRIANGLE,2.185655082687944
Q3T020,巡航 S009→S012,12559.602274624704,12587.8677157571,RELAY_BACKUP_DIRECT_FIRST,Q3R006,LOS_TRIANGLE,2.1930227368151662
Q3T020,巡航 S009→S012,12587.8677157571,12616.133156889497,RELAY_BACKUP_DIRECT_FIRST,Q3R006,LOS_TRIANGLE,2.4596506400154396
Q3T020,巡航 S009→S012,12616.133156889497,12644.398598021891,RELAY_BACKUP_DIRECT_FIRST,Q3R006,LOS_TRIANGLE,2.6696186731627165
Q3T020,巡航 S009→S012,12644.398598021891,12672.664039154288,RELAY_BACKUP_DIRECT_FIRST,Q3R006,LOS_TRIANGLE,2.81362937163955
Q3T020,巡航 S009→S012,12672.664039154288,12700.929480286684,RELAY_BACKUP_DIRECT_FIRST,Q3R008,LOS_TRIANGLE,0.1944281837298405
Q3T020,巡航 S009→S012,12700.929480286684,12729.19492141908,RELAY_BACKUP_DIRECT_FIRST,Q3R006,LOS_TRIANGLE,2.797207715079196
Q3T020,巡航 S009→S012,12729.19492141908,12757.460362551477,RELAY_BACKUP_DIRECT_FIRST,Q3R006,LOS_TRIANGLE,2.6431724897074247
Q3T020,下降 S009→S012,12757.460362551477,12773.68428589132,RELAY_BACKUP_DIRECT_FIRST,Q3R006,LOS_TRIANGLE,2.638312273847731
Q3T020,下降 S009→S012,12773.68428589132,12789.908209231166,RELAY_BACKUP_DIRECT_FIRST,Q3R006,LOS_TRIANGLE,2.6327910817701508
Q3T020,投送 S012,12789.908209231166,12969.908209231166,RELAY_BACKUP_DIRECT_FIRST,Q3R006,LOS_TRIANGLE,2.6327910817701508
Q3T020,爬升 S012→O01,12969.908209231166,12992.15837504334,RELAY_BACKUP_DIRECT_FIRST,Q3R006,LOS_TRIANGLE,2.6327910817701508
Q3T020,爬升 S012→O01,12992.15837504334,13014.408540855515,RELAY_BACKUP_DIRECT_FIRST,Q3R006,LOS_TRIANGLE,2.641526411061207
Q3T020,巡航 S012→O01,13014.408540855515,13043.422068546839,RELAY_BACKUP_DIRECT_FIRST,Q3R006,LOS_TRIANGLE,2.6484676589435594
Q3T020,巡航 S012→O01,13043.422068546839,13072.435596238161,RELAY_BACKUP_DIRECT_FIRST,Q3R006,LOS_TRIANGLE,3.3675764462574875
Q3T020,巡航 S012→O01,13072.435596238161,13101.449123929486,RELAY_BACKUP_DIRECT_FIRST,Q3R006,LOS_TRIANGLE,3.4778861215568213
Q3T020,巡航 S012→O01,13101.449123929486,13130.462651620808,RELAY_BACKUP_DIRECT_FIRST,Q3R006,LOS_TRIANGLE,3.4778861215568213
Q3T020,巡航 S012→O01,13130.462651620808,13159.476179312132,RELAY_BACKUP_DIRECT_FIRST,Q3R006,LOS_TRIANGLE,3.4778861215568213
Q3T020,巡航 S012→O01,13159.476179312132,13188.489707003455,RELAY_BACKUP_DIRECT_FIRST,Q3R006,LOS_TRIANGLE,3.4778861215568213
Q3T020,巡航 S012→O01,13188.489707003455,13217.50323469478,RELAY_BACKUP_DIRECT_FIRST,Q3R006,LOS_TRIANGLE,3.4778861215568213
Q3T020,巡航 S012→O01,13217.50323469478,13246.516762386102,RELAY_BACKUP_DIRECT_FIRST,Q3R006,LOS_TRIANGLE,3.4778861215568213
Q3T020,巡航 S012→O01,13246.516762386102,13275.530290077426,DIRECT_CERTIFIED,,NLOS_BOUND,0.06639423777704678
Q3T020,巡航 S012→O01,13275.530290077426,13304.543817768748,DIRECT_CERTIFIED,,NLOS_BOUND,1.0841686145180631
Q3T020,巡航 S012→O01,13304.543817768748,13333.557345460073,DIRECT_CERTIFIED,,NLOS_BOUND,2.2363234370961322
Q3T020,巡航 S012→O01,13333.557345460073,13362.570873151395,DIRECT_CERTIFIED,,NLOS_BOUND,3.563446544880577
Q3T020,巡航 S012→O01,13362.570873151395,13391.58440084272,DIRECT_CERTIFIED,,NLOS_BOUND,5.127551136585083
Q3T020,巡航 S012→O01,13391.58440084272,13420.597928534042,DIRECT_CERTIFIED,,NLOS_BOUND,7.030044077959431
Q3T020,巡航 S012→O01,13420.597928534042,13449.611456225366,DIRECT_CERTIFIED,,NLOS_BOUND,9.452661308504759
Q3T020,巡航 S012→O01,13449.611456225366,13478.62498391669,DIRECT_CERTIFIED,,NLOS_BOUND,12.763975738561726
Q3T020,巡航 S012→O01,13478.62498391669,13507.638511608013,DIRECT_CERTIFIED,,NLOS_BOUND,17.79638853277335
Q3T020,下降 S012→O01,13507.638511608013,13536.198611095317,DIRECT_CERTIFIED,,NLOS_BOUND,23.461181216677716
Q3T020,下降 S012→O01,13536.198611095317,13564.758710582622,DIRECT_CERTIFIED,,NLOS_BOUND,26.180757281487445
Q3T020,下降 S012→O01,13564.758710582622,13593.318810069926,DIRECT_CERTIFIED,,NLOS_BOUND,30.161772645055834
Q3T020,下降 S012→O01,13593.318810069926,13621.878909557232,DIRECT_CERTIFIED,,NLOS_BOUND,37.726470756015175
Q3T021,爬升 O01→S001,13511.347435920457,13540.418757941941,DIRECT_CERTIFIED,,NLOS_BOUND,37.51313930757455
Q3T021,爬升 O01→S001,13540.418757941941,13569.490079963427,DIRECT_CERTIFIED,,NLOS_BOUND,29.982830377148545
Q3T021,巡航 O01→S001,13569.490079963427,13598.665425928084,DIRECT_CERTIFIED,,NLOS_BOUND,18.781027678518456
Q3T021,巡航 O01→S001,13598.665425928084,13627.84077189274,DIRECT_CERTIFIED,,NLOS_BOUND,13.01471082236148
Q3T021,巡航 O01→S001,13627.84077189274,13657.016117857396,DIRECT_CERTIFIED,,NLOS_BOUND,9.541653756839182
Q3T021,巡航 O01→S001,13657.016117857396,13686.191463822051,DIRECT_CERTIFIED,,NLOS_BOUND,7.0600780713518105
Q3T021,巡航 O01→S001,13686.191463822051,13715.366809786708,DIRECT_CERTIFIED,,NLOS_BOUND,5.129861630718665
Q3T021,巡航 O01→S001,13715.366809786708,13744.542155751364,DIRECT_CERTIFIED,,NLOS_BOUND,3.550579759028082
Q3T021,巡航 O01→S001,13744.542155751364,13773.71750171602,DIRECT_CERTIFIED,,NLOS_BOUND,2.2142647886000475
Q3T021,下降 O01→S001,13773.71750171602,13795.981654242876,DIRECT_CERTIFIED,,NLOS_BOUND,2.2142647886000475
Q3T021,下降 O01→S001,13795.981654242876,13818.245806769732,DIRECT_CERTIFIED,,NLOS_BOUND,2.2185084281756673
Q3T021,投送 S001,13818.245806769732,14178.245806769732,DIRECT_CERTIFIED,,NLOS_BOUND,2.220920977951124
Q3T021,爬升 S001→O01,14178.245806769732,14196.057128791215,DIRECT_CERTIFIED,,NLOS_BOUND,2.2185084281756673
Q3T021,爬升 S001→O01,14196.057128791215,14213.8684508127,DIRECT_CERTIFIED,,NLOS_BOUND,2.2142647886000475
Q3T021,巡航 S001→O01,14213.8684508127,14243.043796777358,DIRECT_CERTIFIED,,NLOS_BOUND,2.2142647886000475
Q3T021,巡航 S001→O01,14243.043796777358,14272.219142742013,DIRECT_CERTIFIED,,NLOS_BOUND,3.550579759028082
Q3T021,巡航 S001→O01,14272.219142742013,14301.39448870667,DIRECT_CERTIFIED,,NLOS_BOUND,5.129861630718665
Q3T021,巡航 S001→O01,14301.39448870667,14330.569834671325,DIRECT_CERTIFIED,,NLOS_BOUND,7.0600780713518105
Q3T021,巡航 S001→O01,14330.569834671325,14359.745180635982,DIRECT_CERTIFIED,,NLOS_BOUND,9.541653756839182
Q3T021,巡航 S001→O01,14359.745180635982,14388.920526600637,DIRECT_CERTIFIED,,NLOS_BOUND,13.01471082236148
Q3T021,巡航 S001→O01,14388.920526600637,14418.095872565294,DIRECT_CERTIFIED,,NLOS_BOUND,18.781027678518456
Q3T021,下降 S001→O01,14418.095872565294,14442.321974249864,DIRECT_CERTIFIED,,NLOS_BOUND,29.982830377148545
Q3T021,下降 S001→O01,14442.321974249864,14466.548075934435,DIRECT_CERTIFIED,,NLOS_BOUND,34.226750640926454
Q3T021,下降 S001→O01,14466.548075934435,14490.774177619005,DIRECT_CERTIFIED,,NLOS_BOUND,42.863457080491386
Q3T022,爬升 O01→S003,13780.400944004045,13809.34121988295,DIRECT_CERTIFIED,,NLOS_BOUND,37.56732701194878
Q3T022,爬升 O01→S003,13809.34121988295,13838.281495761858,DIRECT_CERTIFIED,,NLOS_BOUND,30.028350015985325
Q3T022,爬升 O01→S003,13838.281495761858,13867.221771640763,DIRECT_CERTIFIED,,NLOS_BOUND,26.054155177428697
Q3T022,爬升 O01→S003,13867.221771640763,13896.162047519669,DIRECT_CERTIFIED,,NLOS_BOUND,23.337734390683934
Q3T022,爬升 O01→S003,13896.162047519669,13925.102323398576,DIRECT_CERTIFIED,,NLOS_BOUND,21.27151705497056
Q3T022,爬升 O01→S003,13925.102323398576,13954.042599277482,DIRECT_CERTIFIED,,NLOS_BOUND,19.603583756332725
Q3T022,巡航 O01→S003,13954.042599277482,13982.517405435774,DIRECT_CERTIFIED,,NLOS_BOUND,16.45637650719435
Q3T022,巡航 O01→S003,13982.517405435774,14010.992211594068,DIRECT_CERTIFIED,,NLOS_BOUND,12.396856904694928
Q3T022,巡航 O01→S003,14010.992211594068,14039.46701775236,DIRECT_CERTIFIED,,NLOS_BOUND,9.36017556819445
Q3T022,巡航 O01→S003,14039.46701775236,14067.941823910654,DIRECT_CERTIFIED,,NLOS_BOUND,7.04486984115708
Q3T022,巡航 O01→S003,14067.941823910654,14096.416630068947,DIRECT_CERTIFIED,,NLOS_BOUND,5.194286688302142
Q3T022,巡航 O01→S003,14096.416630068947,14124.89143622724,DIRECT_CERTIFIED,,NLOS_BOUND,3.6590076888493854
Q3T022,巡航 O01→S003,14124.89143622724,14153.366242385533,DIRECT_CERTIFIED,,NLOS_BOUND,2.349485200263345
Q3T022,巡航 O01→S003,14153.366242385533,14181.841048543827,DIRECT_CERTIFIED,,NLOS_BOUND,1.208843786665895
Q3T022,巡航 O01→S003,14181.841048543827,14210.31585470212,DIRECT_CERTIFIED,,NLOS_BOUND,0.1990043044164338
Q3T022,巡航 O01→S003,14210.31585470212,14238.790660860412,RELAY_BACKUP_DIRECT_FIRST,Q3R009,NLOS_BOUND,4.246034186603097
Q3T022,巡航 O01→S003,14238.790660860412,14267.265467018706,RELAY_BACKUP_DIRECT_FIRST,Q3R009,NLOS_BOUND,4.246034186603097
Q3T022,巡航 O01→S003,14267.265467018706,14295.740273176998,RELAY_BACKUP_DIRECT_FIRST,Q3R009,NLOS_BOUND,3.5988924272866
Q3T022,巡航 O01→S003,14295.740273176998,14324.215079335292,RELAY_BACKUP_DIRECT_FIRST,Q3R009,NLOS_BOUND,1.1528999156565902
Q3T022,巡航 O01→S003,14324.215079335292,14352.689885493584,RELAY_BACKUP_DIRECT_FIRST,Q3R009,LOS_TRIANGLE,4.246034186603097
Q3T022,巡航 O01→S003,14352.689885493584,14381.164691651878,RELAY_BACKUP_DIRECT_FIRST,Q3R009,LOS_TRIANGLE,4.246034186603097
Q3T022,巡航 O01→S003,14381.164691651878,14409.63949781017,RELAY_BACKUP_DIRECT_FIRST,Q3R009,LOS_TRIANGLE,4.246034186603097
Q3T022,巡航 O01→S003,14409.63949781017,14438.114303968465,RELAY_BACKUP_DIRECT_FIRST,Q3R009,LOS_TRIANGLE,4.246034186603097
Q3T022,下降 O01→S003,14438.114303968465,14466.027321241414,RELAY_BACKUP_DIRECT_FIRST,Q3R009,LOS_TRIANGLE,4.246034186603097
Q3T022,下降 O01→S003,14466.027321241414,14493.940338514363,RELAY_BACKUP_DIRECT_FIRST,Q3R009,LOS_TRIANGLE,4.246034186603097
Q3T022,下降 O01→S003,14493.940338514363,14521.853355787312,RELAY_BACKUP_DIRECT_FIRST,Q3R009,LOS_TRIANGLE,4.246034186603097
Q3T022,下降 O01→S003,14521.853355787312,14549.766373060262,RELAY_BACKUP_DIRECT_FIRST,Q3R009,LOS_TRIANGLE,4.246034186603097
Q3T022,投送 S003,14549.766373060262,14945.766373060262,RELAY_BACKUP_DIRECT_FIRST,Q3R009,LOS_TRIANGLE,4.246034186603097
Q3T022,爬升 S003→O01,14945.766373060262,14975.540258151408,RELAY_BACKUP_DIRECT_FIRST,Q3R009,LOS_TRIANGLE,4.246034186603097
Q3T022,爬升 S003→O01,14975.540258151408,15005.314143242553,RELAY_BACKUP_DIRECT_FIRST,Q3R009,LOS_TRIANGLE,4.246034186603097
Q3T022,爬升 S003→O01,15005.314143242553,15035.0880283337,RELAY_BACKUP_DIRECT_FIRST,Q3R009,LOS_TRIANGLE,4.246034186603097
Q3T022,巡航 S003→O01,15035.0880283337,15063.562834491991,RELAY_BACKUP_DIRECT_FIRST,Q3R009,LOS_TRIANGLE,4.246034186603097
Q3T022,巡航 S003→O01,15063.562834491991,15092.037640650286,RELAY_BACKUP_DIRECT_FIRST,Q3R009,LOS_TRIANGLE,4.246034186603097
Q3T022,巡航 S003→O01,15092.037640650286,15120.512446808578,RELAY_BACKUP_DIRECT_FIRST,Q3R009,LOS_TRIANGLE,4.246034186603097
Q3T022,巡航 S003→O01,15120.512446808578,15148.987252966872,RELAY_BACKUP_DIRECT_FIRST,Q3R009,LOS_TRIANGLE,4.246034186603097
Q3T022,巡航 S003→O01,15148.987252966872,15177.462059125164,RELAY_BACKUP_DIRECT_FIRST,Q3R009,NLOS_BOUND,1.1528999156565902
Q3T022,巡航 S003→O01,15177.462059125164,15205.936865283458,RELAY_BACKUP_DIRECT_FIRST,Q3R009,NLOS_BOUND,3.5988924272866
Q3T022,巡航 S003→O01,15205.936865283458,15234.41167144175,RELAY_BACKUP_DIRECT_FIRST,Q3R009,NLOS_BOUND,4.246034186603097
Q3T022,巡航 S003→O01,15234.41167144175,15262.886477600045,RELAY_BACKUP_DIRECT_FIRST,Q3R009,NLOS_BOUND,4.246034186603097
Q3T022,巡航 S003→O01,15262.886477600045,15291.361283758337,DIRECT_CERTIFIED,,NLOS_BOUND,0.1990043044164338
Q3T022,巡航 S003→O01,15291.361283758337,15319.83608991663,DIRECT_CERTIFIED,,NLOS_BOUND,1.208843786665895
Q3T022,巡航 S003→O01,15319.83608991663,15348.310896074923,DIRECT_CERTIFIED,,NLOS_BOUND,2.349485200263345
Q3T022,巡航 S003→O01,15348.310896074923,15376.785702233215,DIRECT_CERTIFIED,,NLOS_BOUND,3.6590076888493854
Q3T022,巡航 S003→O01,15376.785702233215,15405.26050839151,DIRECT_CERTIFIED,,NLOS_BOUND,5.194286688302142
Q3T022,巡航 S003→O01,15405.26050839151,15433.735314549802,DIRECT_CERTIFIED,,NLOS_BOUND,7.04486984115708
Q3T022,巡航 S003→O01,15433.735314549802,15462.210120708096,DIRECT_CERTIFIED,,NLOS_BOUND,9.36017556819445
Q3T022,巡航 S003→O01,15462.210120708096,15490.684926866388,DIRECT_CERTIFIED,,NLOS_BOUND,12.396856904694928
Q3T022,巡航 S003→O01,15490.684926866388,15519.159733024682,DIRECT_CERTIFIED,,NLOS_BOUND,16.45637650719435
Q3T022,下降 S003→O01,15519.159733024682,15546.291241661156,DIRECT_CERTIFIED,,NLOS_BOUND,19.603583756332725
Q3T022,下降 S003→O01,15546.291241661156,15573.422750297632,DIRECT_CERTIFIED,,NLOS_BOUND,20.823559347214342
Q3T022,下降 S003→O01,15573.422750297632,15600.554258934106,DIRECT_CERTIFIED,,NLOS_BOUND,22.24333053746038
Q3T022,下降 S003→O01,15600.554258934106,15627.685767570581,DIRECT_CERTIFIED,,NLOS_BOUND,23.94140396707178
Q3T022,下降 S003→O01,15627.685767570581,15654.817276207055,DIRECT_CERTIFIED,,NLOS_BOUND,26.054155177428697
Q3T022,下降 S003→O01,15654.817276207055,15681.94878484353,DIRECT_CERTIFIED,,NLOS_BOUND,28.85187697171807
Q3T022,下降 S003→O01,15681.94878484353,15709.080293480005,DIRECT_CERTIFIED,,NLOS_BOUND,33.00435495025734
Q3T022,下降 S003→O01,15709.080293480005,15736.211802116479,DIRECT_CERTIFIED,,NLOS_BOUND,41.24926306189204
Q3T023,爬升 O01→S004,14910.774177619003,14937.82809424498,DIRECT_CERTIFIED,,NLOS_BOUND,38.38728978136885
Q3T023,爬升 O01→S004,14937.82809424498,14964.882010870957,DIRECT_CERTIFIED,,NLOS_BOUND,30.71148071485743
Q3T023,爬升 O01→S004,14964.882010870957,14991.935927496934,DIRECT_CERTIFIED,,NLOS_BOUND,26.701293305217007
Q3T023,爬升 O01→S004,14991.935927496934,15018.989844122909,DIRECT_CERTIFIED,,NLOS_BOUND,23.968262608738186
Q3T023,巡航 O01→S004,15018.989844122909,15047.677482795138,DIRECT_CERTIFIED,,NLOS_BOUND,18.00228462844045
Q3T023,巡航 O01→S004,15047.677482795138,15076.365121467366,DIRECT_CERTIFIED,,NLOS_BOUND,12.896154241970237
Q3T023,巡航 O01→S004,15076.365121467366,15105.052760139595,DIRECT_CERTIFIED,,NLOS_BOUND,9.567037513185952
Q3T023,巡航 O01→S004,15105.052760139595,15133.740398811824,DIRECT_CERTIFIED,,NLOS_BOUND,7.137783016419078
Q3T023,巡航 O01→S004,15133.740398811824,15162.428037484055,DIRECT_CERTIFIED,,NLOS_BOUND,5.232141359536939
Q3T023,巡航 O01→S004,15162.428037484055,15191.115676156283,DIRECT_CERTIFIED,,NLOS_BOUND,3.6663054378473703
Q3T023,巡航 O01→S004,15191.115676156283,15219.803314828512,DIRECT_CERTIFIED,,NLOS_BOUND,2.338131170551108
Q3T023,巡航 O01→S004,15219.803314828512,15248.490953500741,DIRECT_CERTIFIED,,NLOS_BOUND,1.1852911723214419
Q3T023,巡航 O01→S004,15248.490953500741,15277.17859217297,DIRECT_CERTIFIED,,NLOS_BOUND,0.16704570019297194
Q3T023,巡航 O01→S004,15277.17859217297,15305.866230845199,DIRECT_CERTIFIED,,LOS_TRIANGLE,9.255336124866005
Q3T023,巡航 O01→S004,15305.866230845199,15334.553869517427,DIRECT_CERTIFIED,,LOS_TRIANGLE,8.430029562417616
Q3T023,巡航 O01→S004,15334.553869517427,15363.241508189656,DIRECT_CERTIFIED,,LOS_TRIANGLE,7.6761966547468035
Q3T023,巡航 O01→S004,15363.241508189656,15391.929146861887,DIRECT_CERTIFIED,,LOS_TRIANGLE,6.9824635894343885
Q3T023,巡航 O01→S004,15391.929146861887,15420.616785534115,RELAY_BACKUP_DIRECT_FIRST,Q3R009,LOS_TRIANGLE,0.6798250277329316
Q3T023,巡航 O01→S004,15420.616785534115,15449.304424206344,RELAY_BACKUP_DIRECT_FIRST,Q3R009,LOS_TRIANGLE,0.17618320620420036
Q3T023,巡航 O01→S004,15449.304424206344,15477.992062878573,RELAY_BACKUP_DIRECT_FIRST,Q3R010,NLOS_BOUND,2.822861070041313
Q3T023,巡航 O01→S004,15477.992062878573,15506.679701550802,RELAY_BACKUP_DIRECT_FIRST,Q3R010,NLOS_BOUND,1.7199914411130237
Q3T023,巡航 O01→S004,15506.679701550802,15535.36734022303,RELAY_BACKUP_DIRECT_FIRST,Q3R010,NLOS_BOUND,0.37111042131657257
Q3T023,下降 O01→S004,15535.36734022303,15563.690534599658,RELAY_BACKUP_DIRECT_FIRST,Q3R010,NLOS_BOUND,0.3494508657362161
Q3T023,下降 O01→S004,15563.690534599658,15592.013728976286,RELAY_BACKUP_DIRECT_FIRST,Q3R010,NLOS_BOUND,0.3202606297120383
Q3T023,下降 O01→S004,15592.013728976286,15620.336923352914,RELAY_BACKUP_DIRECT_FIRST,Q3R010,NLOS_BOUND,0.2836912160477567
Q3T023,投送 S004,15620.336923352914,15944.336923352914,RELAY_BACKUP_DIRECT_FIRST,Q3R010,NLOS_BOUND,0.2836912160477567
Q3T023,爬升 S004→O01,15944.336923352914,15966.995478854216,RELAY_BACKUP_DIRECT_FIRST,Q3R010,NLOS_BOUND,0.2836912160477567
Q3T023,爬升 S004→O01,15966.995478854216,15989.654034355517,RELAY_BACKUP_DIRECT_FIRST,Q3R010,NLOS_BOUND,0.3202606297120383
Q3T023,爬升 S004→O01,15989.654034355517,16012.31258985682,RELAY_BACKUP_DIRECT_FIRST,Q3R010,NLOS_BOUND,0.3494508657362161
Q3T023,巡航 S004→O01,16012.31258985682,16041.000228529048,RELAY_BACKUP_DIRECT_FIRST,Q3R010,NLOS_BOUND,0.37111042131657257
Q3T023,巡航 S004→O01,16041.000228529048,16069.687867201277,RELAY_BACKUP_DIRECT_FIRST,Q3R010,NLOS_BOUND,1.7199914411130237
Q3T023,巡航 S004→O01,16069.687867201277,16098.375505873506,RELAY_BACKUP_DIRECT_FIRST,Q3R010,NLOS_BOUND,2.822861070041313
Q3T023,巡航 S004→O01,16098.375505873506,16127.063144545735,RELAY_BACKUP_DIRECT_FIRST,Q3R010,NLOS_BOUND,2.9860565484262622
Q3T023,巡航 S004→O01,16127.063144545735,16155.750783217965,RELAY_BACKUP_DIRECT_FIRST,Q3R010,NLOS_BOUND,1.9757834567849244
Q3T023,巡航 S004→O01,16155.750783217965,16184.438421890194,DIRECT_CERTIFIED,,LOS_TRIANGLE,6.9824635894343885
Q3T023,巡航 S004→O01,16184.438421890194,16213.126060562423,DIRECT_CERTIFIED,,LOS_TRIANGLE,7.6761966547468035
Q3T023,巡航 S004→O01,16213.126060562423,16241.813699234652,DIRECT_CERTIFIED,,LOS_TRIANGLE,8.430029562417616
Q3T023,巡航 S004→O01,16241.813699234652,16270.50133790688,DIRECT_CERTIFIED,,LOS_TRIANGLE,9.255336124866005
Q3T023,巡航 S004→O01,16270.50133790688,16299.18897657911,DIRECT_CERTIFIED,,NLOS_BOUND,0.16704570019297194
Q3T023,巡航 S004→O01,16299.18897657911,16327.876615251338,DIRECT_CERTIFIED,,NLOS_BOUND,1.1852911723214419
Q3T023,巡航 S004→O01,16327.876615251338,16356.564253923567,DIRECT_CERTIFIED,,NLOS_BOUND,2.338131170551108
Q3T023,巡航 S004→O01,16356.564253923567,16385.251892595796,DIRECT_CERTIFIED,,NLOS_BOUND,3.6663054378473703
Q3T023,巡航 S004→O01,16385.251892595796,16413.939531268024,DIRECT_CERTIFIED,,NLOS_BOUND,5.232141359536939
Q3T023,巡航 S004→O01,16413.939531268024,16442.627169940253,DIRECT_CERTIFIED,,NLOS_BOUND,7.137783016419078
Q3T023,巡航 S004→O01,16442.627169940253,16471.314808612482,DIRECT_CERTIFIED,,NLOS_BOUND,9.567037513185952
Q3T023,巡航 S004→O01,16471.314808612482,16500.00244728471,DIRECT_CERTIFIED,,NLOS_BOUND,12.896154241970237
Q3T023,巡航 S004→O01,16500.00244728471,16528.690085956943,DIRECT_CERTIFIED,,NLOS_BOUND,18.00228462844045
Q3T023,下降 S004→O01,16528.690085956943,16555.74400258292,DIRECT_CERTIFIED,,NLOS_BOUND,23.968262608738186
Q3T023,下降 S004→O01,16555.74400258292,16582.797919208897,DIRECT_CERTIFIED,,NLOS_BOUND,26.081559889107524
Q3T023,下降 S004→O01,16582.797919208897,16609.851835834874,DIRECT_CERTIFIED,,NLOS_BOUND,28.880242874316565
Q3T023,下降 S004→O01,16609.851835834874,16636.90575246085,DIRECT_CERTIFIED,,NLOS_BOUND,33.034860771067926
Q3T023,下降 S004→O01,16636.90575246085,16663.959669086827,DIRECT_CERTIFIED,,NLOS_BOUND,41.28869254344181
Q3T024,爬升 O01→S008,16156.211802116479,16180.732735344018,DIRECT_CERTIFIED,,NLOS_BOUND,39.62628347389497
Q3T024,爬升 O01→S008,16180.732735344018,16205.253668571557,DIRECT_CERTIFIED,,NLOS_BOUND,31.722432934311726
Q3T024,爬升 O01→S008,16205.253668571557,16229.774601799096,DIRECT_CERTIFIED,,NLOS_BOUND,27.65382517893667
Q3T024,爬升 O01→S008,16229.774601799096,16254.295535026635,DIRECT_CERTIFIED,,NLOS_BOUND,24.894047506859252
Q3T024,巡航 O01→S008,16254.295535026635,16282.749826903575,DIRECT_CERTIFIED,,NLOS_BOUND,18.27417786781639
Q3T024,巡航 O01→S008,16282.749826903575,16311.204118780517,DIRECT_CERTIFIED,,NLOS_BOUND,13.028052260419756
Q3T024,巡航 O01→S008,16311.204118780517,16339.658410657457,DIRECT_CERTIFIED,,NLOS_BOUND,9.666139939337768
Q3T024,巡航 O01→S008,16339.658410657457,16368.1127025344,DIRECT_CERTIFIED,,NLOS_BOUND,7.224755436932895
Q3T024,巡航 O01→S008,16368.1127025344,16396.56699441134,DIRECT_CERTIFIED,,NLOS_BOUND,5.313377601553313
Q3T024,巡航 O01→S008,16396.56699441134,16425.02128628828,DIRECT_CERTIFIED,,NLOS_BOUND,3.7443926205907445
Q3T024,巡航 O01→S008,16425.02128628828,16453.47557816522,DIRECT_CERTIFIED,,NLOS_BOUND,2.41430815907259
Q3T024,巡航 O01→S008,16453.47557816522,16481.929870042164,DIRECT_CERTIFIED,,NLOS_BOUND,1.2602237428612142
Q3T024,巡航 O01→S008,16481.929870042164,16510.384161919104,DIRECT_CERTIFIED,,NLOS_BOUND,0.2411229866112592
Q3T024,巡航 O01→S008,16510.384161919104,16538.838453796045,DIRECT_CERTIFIED,,LOS_TRIANGLE,9.328800572589373
Q3T024,巡航 O01→S008,16538.838453796045,16567.292745672985,RELAY_BACKUP_DIRECT_FIRST,Q3R010,LOS_TRIANGLE,4.798165610326819
Q3T024,巡航 O01→S008,16567.292745672985,16595.747037549925,RELAY_BACKUP_DIRECT_FIRST,Q3R010,LOS_TRIANGLE,5.140585422407298
Q3T024,巡航 O01→S008,16595.747037549925,16624.20132942687,RELAY_BACKUP_DIRECT_FIRST,Q3R010,LOS_TRIANGLE,5.3714663177162265
Q3T024,巡航 O01→S008,16624.20132942687,16652.65562130381,RELAY_BACKUP_DIRECT_FIRST,Q3R010,LOS_TRIANGLE,5.43007040873637
Q3T024,巡航 O01→S008,16652.65562130381,16681.10991318075,RELAY_BACKUP_DIRECT_FIRST,Q3R010,LOS_TRIANGLE,5.252621996755451
Q3T024,巡航 O01→S008,16681.10991318075,16709.56420505769,RELAY_BACKUP_DIRECT_FIRST,Q3R010,LOS_TRIANGLE,4.954369721460779
Q3T024,巡航 O01→S008,16709.56420505769,16738.01849693463,RELAY_BACKUP_DIRECT_FIRST,Q3R010,LOS_TRIANGLE,4.558575563685736
Q3T024,巡航 O01→S008,16738.01849693463,16766.472788811574,RELAY_BACKUP_DIRECT_FIRST,Q3R010,LOS_TRIANGLE,4.091364095948023
Q3T024,巡航 O01→S008,16766.472788811574,16794.927080688514,RELAY_BACKUP_DIRECT_FIRST,Q3R010,LOS_TRIANGLE,3.5768809498658243
Q3T024,下降 O01→S008,16794.927080688514,16820.429413757363,RELAY_BACKUP_DIRECT_FIRST,Q3R010,LOS_TRIANGLE,3.5722152769430835
Q3T024,下降 O01→S008,16820.429413757363,16845.93174682621,RELAY_BACKUP_DIRECT_FIRST,Q3R010,LOS_TRIANGLE,3.5662479987389872
Q3T024,投送 S008,16845.93174682621,17133.93174682621,RELAY_BACKUP_DIRECT_FIRST,Q3R010,LOS_TRIANGLE,3.5662479987389872
Q3T024,爬升 S008→S015,17133.93174682621,17163.2351420085,RELAY_BACKUP_DIRECT_FIRST,Q3R010,LOS_TRIANGLE,3.5662479987389872
Q3T024,爬升 S008→S015,17163.2351420085,17192.53853719079,RELAY_BACKUP_DIRECT_FIRST,Q3R011,LOS_TRIANGLE,0.7321615221652422
Q3T024,爬升 S008→S015,17192.53853719079,17221.841932373085,RELAY_BACKUP_DIRECT_FIRST,Q3R011,LOS_TRIANGLE,0.7370414992995507
Q3T024,爬升 S008→S015,17221.841932373085,17251.145327555376,RELAY_BACKUP_DIRECT_FIRST,Q3R011,LOS_TRIANGLE,0.7405206754260973
Q3T024,爬升 S008→S015,17251.145327555376,17280.448722737667,RELAY_BACKUP_DIRECT_FIRST,Q3R011,LOS_TRIANGLE,0.7425956782194874
Q3T024,爬升 S008→S015,17280.448722737667,17309.752117919958,DIRECT_CERTIFIED,,LOS_TRIANGLE,3.7449399262763734
Q3T024,巡航 S008→S015,17309.752117919958,17338.92664899668,DIRECT_CERTIFIED,,LOS_TRIANGLE,3.7449399262763734
Q3T024,巡航 S008→S015,17338.92664899668,17368.101180073405,DIRECT_CERTIFIED,,LOS_TRIANGLE,4.073409314154844
Q3T024,巡航 S008→S015,17368.101180073405,17397.275711150127,DIRECT_CERTIFIED,,LOS_TRIANGLE,4.399397332458776
Q3T024,巡航 S008→S015,17397.275711150127,17426.45024222685,RELAY_BACKUP_DIRECT_FIRST,Q3R011,LOS_TRIANGLE,2.457766974800421
Q3T024,巡航 S008→S015,17426.45024222685,17455.624773303574,RELAY_BACKUP_DIRECT_FIRST,Q3R011,LOS_TRIANGLE,3.0482141698641527
Q3T024,巡航 S008→S015,17455.624773303574,17484.799304380296,RELAY_BACKUP_DIRECT_FIRST,Q3R011,LOS_TRIANGLE,3.632967185502352
Q3T024,巡航 S008→S015,17484.799304380296,17513.973835457018,RELAY_BACKUP_DIRECT_FIRST,Q3R011,LOS_TRIANGLE,4.196236573591534
Q3T024,巡航 S008→S015,17513.973835457018,17543.148366533744,RELAY_BACKUP_DIRECT_FIRST,Q3R011,LOS_TRIANGLE,4.7164057787633595
Q3T024,巡航 S008→S015,17543.148366533744,17572.322897610466,RELAY_BACKUP_DIRECT_FIRST,Q3R011,LOS_TRIANGLE,5.166159965283441
Q3T024,下降 S008→S015,17572.322897610466,17601.816763577262,RELAY_BACKUP_DIRECT_FIRST,Q3R011,LOS_TRIANGLE,5.514609434401564
Q3T024,下降 S008→S015,17601.816763577262,17631.31062954406,RELAY_BACKUP_DIRECT_FIRST,Q3R011,LOS_TRIANGLE,5.5161010466821665
Q3T024,下降 S008→S015,17631.31062954406,17660.804495510856,RELAY_BACKUP_DIRECT_FIRST,Q3R011,LOS_TRIANGLE,5.512741877543647
Q3T024,下降 S008→S015,17660.804495510856,17690.298361477653,RELAY_BACKUP_DIRECT_FIRST,Q3R011,LOS_TRIANGLE,5.50665279259951
Q3T024,投送 S015,17690.298361477653,17906.298361477653,RELAY_BACKUP_DIRECT_FIRST,Q3R011,LOS_TRIANGLE,5.50665279259951
Q3T024,爬升 S015→O01,17906.298361477653,17925.75821255187,RELAY_BACKUP_DIRECT_FIRST,Q3R011,LOS_TRIANGLE,5.50665279259951
Q3T024,爬升 S015→O01,17925.75821255187,17945.21806362609,RELAY_BACKUP_DIRECT_FIRST,Q3R011,LOS_TRIANGLE,5.511871749670874
Q3T024,巡航 S015→O01,17945.21806362609,17973.88051100008,RELAY_BACKUP_DIRECT_FIRST,Q3R011,LOS_TRIANGLE,5.515234845565828
Q3T024,巡航 S015→O01,17973.88051100008,18002.54295837407,RELAY_BACKUP_DIRECT_FIRST,Q3R011,LOS_TRIANGLE,6.716855833885617
Q3T024,巡航 S015→O01,18002.54295837407,18031.205405748064,RELAY_BACKUP_DIRECT_FIRST,Q3R011,LOS_TRIANGLE,8.111061506860693
Q3T024,巡航 S015→O01,18031.205405748064,18059.867853122054,RELAY_BACKUP_DIRECT_FIRST,Q3R011,LOS_TRIANGLE,9.771169784160804
Q3T024,巡航 S015→O01,18059.867853122054,18088.530300496044,RELAY_BACKUP_DIRECT_FIRST,Q3R011,NLOS_BOUND,1.8219756282224182
Q3T024,巡航 S015→O01,18088.530300496044,18117.192747870035,DIRECT_CERTIFIED,,NLOS_BOUND,0.14041708754250237
Q3T024,巡航 S015→O01,18117.192747870035,18145.855195244025,DIRECT_CERTIFIED,,NLOS_BOUND,1.149797527788678
Q3T024,巡航 S015→O01,18145.855195244025,18174.517642618015,DIRECT_CERTIFIED,,NLOS_BOUND,2.2897744540939584
Q3T024,巡航 S015→O01,18174.517642618015,18203.18008999201,DIRECT_CERTIFIED,,NLOS_BOUND,3.598284731037907
Q3T024,巡航 S015→O01,18203.18008999201,18231.842537366,DIRECT_CERTIFIED,,NLOS_BOUND,5.1319153108713635
Q3T024,巡航 S015→O01,18231.842537366,18260.50498473999,DIRECT_CERTIFIED,,NLOS_BOUND,6.979558957303951
Q3T024,巡航 S015→O01,18260.50498473999,18289.16743211398,DIRECT_CERTIFIED,,NLOS_BOUND,9.288904306220019
Q3T024,巡航 S015→O01,18289.16743211398,18317.82987948797,DIRECT_CERTIFIED,,NLOS_BOUND,12.31102038976455
Q3T024,巡航 S015→O01,18317.82987948797,18346.49232686196,DIRECT_CERTIFIED,,NLOS_BOUND,16.326062983864873
Q3T024,下降 S015→O01,18346.49232686196,18374.248530322653,DIRECT_CERTIFIED,,NLOS_BOUND,19.396424967151802
Q3T024,下降 S015→O01,18374.248530322653,18402.004733783346,DIRECT_CERTIFIED,,NLOS_BOUND,20.61497846387553
Q3T024,下降 S015→O01,18402.004733783346,18429.760937244042,DIRECT_CERTIFIED,,NLOS_BOUND,22.03282287483397
Q3T024,下降 S015→O01,18429.760937244042,18457.517140704735,DIRECT_CERTIFIED,,NLOS_BOUND,23.728138223056945
Q3T024,下降 S015→O01,18457.517140704735,18485.273344165427,DIRECT_CERTIFIED,,NLOS_BOUND,25.83661407556565
Q3T024,下降 S015→O01,18485.273344165427,18513.02954762612,DIRECT_CERTIFIED,,NLOS_BOUND,28.626816157375572
Q3T024,下降 S015→O01,18513.02954762612,18540.785751086813,DIRECT_CERTIFIED,,NLOS_BOUND,32.76257917737007
Q3T024,下降 S015→O01,18540.785751086813,18568.54195454751,DIRECT_CERTIFIED,,NLOS_BOUND,40.9381729969804
Q3T025,爬升 O01→S011,17113.959669086824,17136.31456980297,DIRECT_CERTIFIED,,NLOS_BOUND,40.84697113032536
Q3T025,爬升 O01→S011,17136.31456980297,17158.669470519115,DIRECT_CERTIFIED,,NLOS_BOUND,32.69133428513666
Q3T025,爬升 O01→S011,17158.669470519115,17181.02437123526,DIRECT_CERTIFIED,,NLOS_BOUND,28.560414627442952
Q3T025,巡航 O01→S011,17181.02437123526,17207.854387665277,DIRECT_CERTIFIED,,NLOS_BOUND,19.30292742251413
Q3T025,巡航 O01→S011,17207.854387665277,17234.68440409529,DIRECT_CERTIFIED,,NLOS_BOUND,13.687068068829149
Q3T025,巡航 O01→S011,17234.68440409529,17261.514420525305,DIRECT_CERTIFIED,,NLOS_BOUND,10.244517633540553
Q3T025,巡航 O01→S011,17261.514420525305,17288.34443695532,DIRECT_CERTIFIED,,NLOS_BOUND,7.773834502434525
Q3T025,巡航 O01→S011,17288.34443695532,17315.174453385334,DIRECT_CERTIFIED,,NLOS_BOUND,5.848698412912796
Q3T025,巡航 O01→S011,17315.174453385334,17342.00446981535,DIRECT_CERTIFIED,,NLOS_BOUND,4.272186584852832
Q3T025,巡航 O01→S011,17342.00446981535,17368.834486245367,DIRECT_CERTIFIED,,NLOS_BOUND,2.9375453998771093
Q3T025,下降 O01→S011,17368.834486245367,17389.64992508814,DIRECT_CERTIFIED,,NLOS_BOUND,2.9375453998771093
Q3T025,下降 O01→S011,17389.64992508814,17410.465363930914,DIRECT_CERTIFIED,,NLOS_BOUND,2.943312707158455
Q3T025,投送 S011,17410.465363930914,17626.465363930914,DIRECT_CERTIFIED,,NLOS_BOUND,2.947191493323345
Q3T025,爬升 S011→S005,17626.465363930914,17653.55514786646,DIRECT_CERTIFIED,,NLOS_BOUND,2.9399183123262986
Q3T025,爬升 S011→S005,17653.55514786646,17680.64493180201,DIRECT_CERTIFIED,,NLOS_BOUND,2.927659895902508
Q3T025,巡航 S011→S005,17680.64493180201,17707.4331396127,DIRECT_CERTIFIED,,NLOS_BOUND,1.993900584802475
Q3T025,巡航 S011→S005,17707.4331396127,17734.221347423398,DIRECT_CERTIFIED,,NLOS_BOUND,1.108581232337059
Q3T025,巡航 S011→S005,17734.221347423398,17761.00955523409,DIRECT_CERTIFIED,,NLOS_BOUND,0.2769643120592775
Q3T025,巡航 S011→S005,17761.00955523409,17787.797763044786,RELAY_BACKUP_DIRECT_FIRST,Q3R011,LOS_TRIANGLE,8.817587772970441
Q3T025,巡航 S011→S005,17787.797763044786,17814.585970855478,RELAY_BACKUP_DIRECT_FIRST,Q3R011,LOS_TRIANGLE,7.431044634428872
Q3T025,巡航 S011→S005,17814.585970855478,17841.37417866617,RELAY_BACKUP_DIRECT_FIRST,Q3R011,LOS_TRIANGLE,6.229332652365088
Q3T025,巡航 S011→S005,17841.37417866617,17868.162386476866,RELAY_BACKUP_DIRECT_FIRST,Q3R011,LOS_TRIANGLE,5.170168291078653
Q3T025,下降 S011→S005,17868.162386476866,17893.587206423155,RELAY_BACKUP_DIRECT_FIRST,Q3R011,LOS_TRIANGLE,5.158610439000768
Q3T025,下降 S011→S005,17893.587206423155,17919.012026369444,RELAY_BACKUP_DIRECT_FIRST,Q3R011,LOS_TRIANGLE,5.1452150465106
Q3T025,下降 S011→S005,17919.012026369444,17944.436846315733,RELAY_BACKUP_DIRECT_FIRST,Q3R011,LOS_TRIANGLE,5.129999161578823
Q3T025,投送 S005,17944.436846315733,18268.436846315733,RELAY_BACKUP_DIRECT_FIRST,Q3R011,LOS_TRIANGLE,5.129999161578823
Q3T025,爬升 S005→O01,18268.436846315733,18294.719024050108,RELAY_BACKUP_DIRECT_FIRST,Q3R011,LOS_TRIANGLE,5.129999161578823
Q3T025,爬升 S005→O01,18294.719024050108,18321.001201784482,RELAY_BACKUP_DIRECT_FIRST,Q3R011,LOS_TRIANGLE,5.149317571252752
Q3T025,巡航 S005→O01,18321.001201784482,18350.45686917976,RELAY_BACKUP_DIRECT_FIRST,Q3R011,LOS_TRIANGLE,5.165587893499122
Q3T025,巡航 S005→O01,18350.45686917976,18379.91253657504,RELAY_BACKUP_DIRECT_FIRST,Q3R011,LOS_TRIANGLE,6.195719524525046
Q3T025,巡航 S005→O01,18379.91253657504,18409.36820397032,RELAY_BACKUP_DIRECT_FIRST,Q3R011,LOS_TRIANGLE,7.310182696124542
Q3T025,巡航 S005→O01,18409.36820397032,18438.8238713656,RELAY_BACKUP_DIRECT_FIRST,Q3R011,LOS_TRIANGLE,8.496858814313754
Q3T025,巡航 S005→O01,18438.8238713656,18468.27953876088,DIRECT_CERTIFIED,,NLOS_BOUND,0.9676817394679347
Q3T025,巡航 S005→O01,18468.27953876088,18497.735206156158,DIRECT_CERTIFIED,,NLOS_BOUND,2.124132216063771
Q3T025,巡航 S005→O01,18497.735206156158,18527.190873551437,DIRECT_CERTIFIED,,NLOS_BOUND,3.457852434913221
Q3T025,巡航 S005→O01,18527.190873551437,18556.646540946716,DIRECT_CERTIFIED,,NLOS_BOUND,5.032841311400134
Q3T025,巡航 S005→O01,18556.646540946716,18586.102208341996,DIRECT_CERTIFIED,,NLOS_BOUND,6.955188165992141
Q3T025,巡航 S005→O01,18586.102208341996,18615.557875737275,DIRECT_CERTIFIED,,NLOS_BOUND,9.419908021295072
Q3T025,巡航 S005→O01,18615.557875737275,18645.013543132554,DIRECT_CERTIFIED,,NLOS_BOUND,12.845879664547837
Q3T025,巡航 S005→O01,18645.013543132554,18674.469210527834,DIRECT_CERTIFIED,,NLOS_BOUND,18.38253445737098
Q3T025,下降 S005→O01,18674.469210527834,18699.308071611817,DIRECT_CERTIFIED,,NLOS_BOUND,26.902754877149746
Q3T025,下降 S005→O01,18699.308071611817,18724.146932695803,DIRECT_CERTIFIED,,NLOS_BOUND,29.731748063926148
Q3T025,下降 S005→O01,18724.146932695803,18748.985793779786,DIRECT_CERTIFIED,,NLOS_BOUND,33.95424061100921
Q3T025,下降 S005→O01,18748.985793779786,18773.824654863773,DIRECT_CERTIFIED,,NLOS_BOUND,42.497163869641895
